ST_CASE,VEH_NO,PER_NO,P1,P2,P3,P4,P5,P6,P7,P8,P9,P10
10666,2,1,0,0,0,0,0,0,0,0,0,0
10666,3,1,0,0,0,0,0,0,0,0,0,0
10667,1,1,0,4,0,17,0,19,0,22,13,0
10668,1,1,0,0,26,0,0,0,0,0,0,0
10668,2,1,0,21,0,0,0,0,0,0,0,0
10669,1,1,0,0,14,0,0,0,0,0,0,0
10670,0,1,0,39,10,8,30,0,17,0,0,0
10670,1,1,15,0,0,0,0,0,8,0,0,0
10671,1,1,17,0,11,0,0,28,0,18,0,9
10672,1,1,16,16,16,16,16,16,16,16,16,16
10672,2,1,0,0,0,0,0,0,0,0,0,0
10673,1,1,31,11,17,18,0,8,23,0,0,23
10673,2,1,0,0,0,0,0,0,0,0,0,0
10673,3,1,0,0,0,0,0,0,0,0,0,0
10674,1,1,0,0,0,0,0,0,0,0,0,0
10674,2,1,0,0,0,0,0,0,0,0,0,0
10675,0,1,13,13,13,13,13,13,13,13,13,13
10675,1,1,0,0,0,0,0,0,0,0,0,0
10676,1,1,0,0,0,22,0,0,0,19,0,0
10677,0,1,22,22,22,22,22,22,22,22,22,22
10677,1,1,0,0,0,0,0,0,0,0,29,0
10678,1,1,3,3,3,3,3,3,3,3,3,3
10679,1,1,22,12,27,24,0,32,11,18,12,17
10680,1,1,53,53,53,53,53,53,53,53,53,53
10681,1,1,0,0,0,0,0,0,0,0,0,0
10681,2,1,0,0,0,0,0,0,0,0,0,0
10682,1,1,0,0,0,0,0,0,0,0,0,0
10682,2,1,0,0,0,0,0,0,0,0,0,0
10683,1,1,9,9,9,9,9,9,9,9,9,9
10684,1,1,0,0,0,0,15,0,0,0,0,0
10685,1,1,0,0,0,0,0,0,0,0,0,0
10685,2,1,0,0,0,0,0,0,0,0,0,0
10686,0,1,0,0,0,0,0,0,0,0,0,0
10686,1,1,0,0,0,0,0,0,0,0,0,0
10687,1,1,13,13,13,13,13,13,13,13,13,13
10688,1,1,0,19,11,0,0,0,0,24,0,41
10689,1,1,24,24,24,24,24,24,24,24,24,24
10690,1,1,0,0,0,0,0,0,0,0,11,0
10690,2,1,9,0,0,0,0,0,0,0,0,0
10691,1,1,0,0,0,0,0,0,0,0,0,0
10691,2,1,0,0,0,0,0,0,0,0,0,0
10692,0,1,7,7,7,7,7,7,7,7,7,7
10692,1,1,0,0,0,0,0,0,0,0,0,0
10693,1,1,0,0,0,0,0,0,0,0,0,0
10693,2,1,0,0,0,0,0,0,0,0,0,0
10694,1,1,16,16,16,16,16,16,16,16,16,16
10695,0,1,0,0,0,0,0,0,0,0,0,0
10695,1,1,10,6,11,37,12,0,0,19,23,18
10696,1,1,0,0,0,0,0,0,0,0,0,0
10697,0,1,0,0,0,0,0,0,0,0,0,0
10697,1,1,0,0,10,0,0,0,0,0,15,0
10698,1,1,33,33,33,33,33,33,33,33,33,33
10698,2,1,0,0,0,0,0,0,28,0,0,0
10698,3,1,3,3,3,3,3,3,3,3,3,3
10699,1,1,16,16,16,16,16,16,16,16,16,16
10700,1,1,0,0,0,0,0,0,0,0,0,0
10701,1,1,0,0,0,0,0,0,0,0,0,0
10702,1,1,0,0,0,0,0,0,0,0,0,0
10702,2,1,0,0,0,0,0,0,0,0,0,0
10703,0,1,13,20,0,0,0,0,0,0,0,0
10703,1,1,0,0,0,0,0,0,0,0,0,0
10704,1,1,0,0,0,0,0,0,0,0,0,0
10704,2,1,0,0,21,0,0,20,0,0,0,0
10706,1,1,0,9,0,0,0,0,0,11,8,0
10707,1,1,0,0,0,0,0,0,0,0,0,0
10707,2,1,0,0,0,0,0,0,12,0,0,0
10708,1,1,6,6,6,6,6,6,6,6,6,6
10709,1,1,0,0,0,0,0,21,0,0,0,0
10710,1,1,0,0,0,0,0,0,0,0,0,0
10711,1,1,11,11,11,11,11,11,11,11,11,11
10712,1,1,0,0,0,0,0,0,0,16,8,0
10712,2,1,0,0,0,0,0,0,0,0,0,0
10713,1,1,0,0,0,0,0,0,0,0,0,0
10713,2,1,0,0,0,0,0,0,0,0,0,0
10714,1,1,0,0,0,0,0,0,0,0,0,0
10714,2,1,0,0,0,0,0,0,0,0,0,0
10715,0,1,20,20,20,20,20,20,20,20,20,20
10715,1,1,0,0,11,0,0,0,0,0,0,0
10716,1,1,24,24,14,13,21,28,23,10,19,29
10717,1,1,0,0,0,0,0,0,0,0,0,0
10717,2,1,0,0,0,0,4,0,9,13,0,0
10718,1,1,0,0,0,0,0,0,0,0,0,0
10718,2,1,0,0,0,0,0,0,0,0,0,0
10719,0,1,0,0,0,0,0,0,0,0,0,0
10719,1,1,3,0,0,0,0,18,0,0,0,0
10720,0,1,21,21,21,21,21,21,21,21,21,21
10720,1,1,0,0,26,8,12,0,0,13,0,21
10721,1,1,0,0,0,0,0,0,0,11,0,0
10721,2,1,0,0,0,0,0,0,0,0,0,0
10722,1,1,0,0,0,0,0,16,0,0,0,18
10723,1,1,0,0,0,0,0,0,0,0,0,0
10724,1,1,0,0,0,0,0,0,0,0,0,0
10725,1,1,0,0,0,0,0,0,0,0,0,0
10725,2,1,0,0,0,0,0,0,0,0,0,2
10726,1,1,0,0,0,30,0,0,20,16,27,0
10727,1,1,0,0,0,0,0,0,0,0,0,0
10727,2,1,0,0,0,0,0,0,0,0,0,0
10728,1,1,29,29,29,29,29,29,29,29,29,29
10729,1,1,0,0,0,0,0,0,0,0,0,20
10730,1,1,0,0,0,14,8,0,0,0,0,0
10731,0,1,23,23,23,23,23,23,23,23,23,23
10731,1,1,0,0,0,0,0,0,0,0,0,20
10732,1,1,0,0,0,0,0,0,0,0,0,0
10732,2,1,0,0,0,0,0,0,0,0,0,0
10733,1,1,15,21,18,14,18,33,33,0,0,11
10734,1,1,0,0,0,0,0,0,0,0,0,0
10735,1,1,0,0,0,0,0,0,0,0,0,0
10736,1,1,0,0,0,0,0,0,0,0,0,0
10736,2,1,0,0,0,0,0,0,0,0,0,0
10737,1,1,20,20,20,20,20,20,20,20,20,20
10738,0,1,8,12,12,38,0,21,24,36,13,30
10738,1,1,0,0,0,0,0,0,0,0,0,0
10739,1,1,0,0,0,0,0,0,0,0,0,0
10739,2,1,0,0,0,0,0,0,0,0,0,0
10740,1,1,15,0,0,19,2,10,6,8,2,0
10741,1,1,0,0,0,0,0,0,0,0,0,0
10742,1,1,0,25,20,0,38,5,0,17,16,12
10743,1,1,15,0,0,0,0,0,0,0,0,0
10744,1,1,0,0,0,0,0,0,0,0,0,0
10744,2,1,0,0,0,0,0,0,0,0,0,0
10745,1,1,0,0,0,0,0,0,0,0,0,0
10745,2,1,0,0,0,0,0,0,0,0,0,0
10746,0,1,3,3,3,3,3,3,3,3,3,3
10746,1,1,27,0,0,0,0,0,0,0,0,0
10747,1,1,30,30,30,30,30,30,30,30,30,30
10748,1,1,20,20,20,20,20,20,20,20,20,20
10749,1,1,28,0,0,0,0,0,0,0,0,0
10750,0,1,0,0,0,0,0,0,0,0,0,0
10750,0,2,22,0,0,23,0,0,0,26,26,0
10750,1,1,0,0,0,0,0,0,0,0,0,0
10751,0,1,18,18,18,18,18,18,18,18,18,18
10751,1,1,0,0,0,0,0,0,9,0,0,0
10752,0,1,15,15,15,15,15,15,15,15,15,15
10752,1,1,0,0,0,0,0,0,0,0,0,0
10753,1,1,0,0,24,0,9,20,0,0,13,0
10753,2,1,0,0,0,0,0,0,0,0,0,0
10754,1,1,0,5,10,0,0,0,0,0,30,0
10754,2,1,0,0,0,0,0,0,0,0,0,0
10755,1,1,29,29,29,29,29,29,29,29,29,29
10756,1,1,30,30,30,30,30,30,30,30,30,30
10757,1,1,28,28,28,28,28,28,28,28,28,28
10757,2,1,19,30,13,8,17,15,10,12,27,26
10758,1,1,0,0,0,0,0,0,0,0,0,0
10758,2,1,0,0,0,0,0,0,0,0,0,0
10759,1,1,0,0,0,0,0,0,0,0,0,0
10760,0,1,0,16,0,0,0,0,0,17,0,0
10760,1,1,0,0,0,0,0,0,0,0,0,0
10761,1,1,16,16,16,16,16,16,16,16,16,16
10762,1,1,0,0,0,0,0,17,0,0,0,0
10763,1,1,8,8,8,8,8,8,8,8,8,8
10763,2,1,0,0,0,0,23,0,0,0,0,15
10763,3,1,15,0,0,0,0,0,0,0,0,0
10764,1,1,0,0,0,0,0,0,0,0,0,8
10765,1,1,0,17,0,0,0,0,0,0,0,0
10766,1,1,0,0,0,0,0,0,0,0,0,0
10766,2,1,0,0,0,0,0,0,0,0,0,0
10767,0,1,0,0,0,0,0,0,0,0,0,0
10767,1,1,0,0,0,0,0,0,0,0,0,0
10768,1,1,18,18,18,18,18,18,18,18,18,18
10769,1,1,15,0,11,27,0,27,19,0,20,0
10770,1,1,5,5,5,5,5,5,5,5,5,5
10771,1,1,0,0,0,0,0,0,0,0,0,0
10772,1,1,0,0,0,0,0,0,0,0,0,0
10772,2,1,0,0,0,0,0,0,0,0,0,0
10772,3,1,0,0,0,0,0,0,0,0,0,0
10772,4,1,0,0,0,0,0,0,0,0,0,0
10773,1,1,0,0,0,0,0,0,0,0,0,0
10773,2,1,0,0,0,0,0,0,0,0,0,4
10774,1,1,0,0,0,0,0,0,0,0,0,0
10775,1,1,0,0,0,0,0,0,0,0,26,0
10775,2,1,0,0,0,0,0,0,0,0,0,0
10776,1,1,19,19,19,19,19,19,19,19,19,19
10777,0,1,26,26,26,26,26,26,26,26,26,26
10777,1,1,0,0,0,0,0,0,0,0,0,0
10778,1,1,14,14,14,14,14,14,14,14,14,14
10778,2,1,0,0,0,0,0,0,0,0,8,0
10779,1,1,0,0,0,0,0,0,0,0,0,0
10780,1,1,0,0,0,0,0,0,0,0,0,0
10780,2,1,0,0,0,0,0,0,0,0,0,0
10781,1,1,10,11,0,9,16,0,20,0,5,2
10782,0,1,0,0,0,0,0,0,0,0,0,0
10782,0,2,0,0,0,0,0,0,0,0,0,0
10782,0,3,0,7,0,23,26,0,26,14,6,0
10782,1,1,18,18,18,18,18,18,18,18,18,18
10783,1,1,0,0,0,0,0,0,0,0,0,0
10784,1,1,23,0,31,0,0,0,0,0,32,0
10785,1,1,0,0,0,0,0,9,0,0,48,0
10786,1,1,16,16,16,16,16,16,16,16,16,16
10787,1,1,0,0,0,0,0,0,0,0,0,0
10787,2,1,0,0,0,0,0,0,0,0,0,0
10788,1,1,0,0,0,12,0,0,0,0,7,0
10788,2,1,0,0,0,0,0,0,0,0,0,0
10789,1,1,0,0,0,0,0,17,0,0,12,0
10789,2,1,0,0,0,0,0,0,0,0,0,0
10790,0,1,0,0,0,0,0,0,0,0,0,0
10790,1,1,0,0,0,0,0,0,0,0,0,0
10791,1,1,3,3,3,3,3,3,3,3,3,3
10791,2,1,0,0,0,0,0,23,0,0,0,0
10792,1,1,19,5,34,23,25,13,34,12,24,10
10793,1,1,0,0,0,0,0,0,0,0,0,0
10793,2,1,7,0,0,0,0,0,0,0,24,0
10794,0,1,0,0,0,0,0,0,0,0,0,0
10794,1,1,0,0,0,0,0,0,0,0,0,0
10795,1,1,0,0,0,0,0,0,0,0,0,0
10796,1,1,7,0,21,25,21,10,10,12,30,0
10797,1,1,0,0,0,0,0,0,0,0,0,0
10798,1,1,0,0,0,22,0,0,0,0,0,0
10798,2,1,0,0,0,0,0,0,0,0,0,0
10799,1,1,0,0,10,0,0,18,9,16,0,8
10799,2,1,0,10,17,9,23,0,10,9,11,0
10800,1,1,0,0,0,0,0,0,0,0,0,0
10800,2,1,0,0,0,0,0,0,0,0,0,0
10801,1,1,0,0,0,0,0,0,0,0,0,0
10802,1,1,0,0,0,0,0,0,0,0,0,0
10803,1,1,0,0,0,0,0,0,0,0,0,0
10804,1,1,6,6,6,6,6,6,6,6,6,6
10805,1,1,0,0,0,0,0,0,0,9,0,0
10805,2,1,0,0,0,0,0,0,0,0,0,0
10806,1,1,18,18,18,18,18,18,18,18,18,18
10807,0,1,0,0,0,0,0,0,0,0,0,0
10807,1,1,0,0,0,0,0,0,0,0,0,0
10808,1,1,14,14,14,14,14,14,14,14,14,14
10809,1,1,0,0,0,0,0,0,0,0,0,0
10810,1,1,8,8,8,8,8,8,8,8,8,8
10811,0,1,0,0,0,0,0,0,0,0,0,0
10811,1,1,2,11,8,0,0,0,0,9,5,19
10812,0,1,0,0,0,0,0,0,0,0,0,0
10812,1,1,0,0,0,0,0,0,0,0,0,0
10813,1,1,0,0,0,16,8,0,0,0,0,0
10813,2,1,0,0,6,0,0,15,0,0,0,0
10814,1,1,0,0,0,0,0,0,0,0,0,0
10814,2,1,0,0,0,0,0,0,0,0,0,0
10814,3,1,0,0,0,0,0,0,0,0,0,0
10815,1,1,0,0,20,33,0,21,0,0,0,16
10816,0,1,30,30,30,30,30,30,30,30,30,30
10816,1,1,0,0,17,0,0,33,21,18,27,0
10817,0,1,0,17,0,16,14,0,9,0,23,16
10817,1,1,0,0,0,0,0,9,6,7,0,0
10818,1,1,0,8,16,0,16,0,0,0,0,0
10818,2,1,0,0,0,0,0,0,0,0,0,0
10819,0,1,0,8,0,0,0,0,15,0,0,31
10819,1,1,0,0,0,0,0,0,0,0,0,0
10820,1,1,0,0,0,0,0,0,0,0,0,0
10820,2,1,0,0,0,0,0,0,0,0,0,0
10821,1,1,0,0,0,13,9,0,0,0,30,20
10822,1,1,0,0,0,0,0,0,0,0,36,0
10822,2,1,15,0,0,0,0,0,0,0,0,0
10823,0,1,0,0,0,0,0,0,0,0,0,0
10823,1,1,0,9,0,0,0,0,0,0,0,0
10824,1,1,22,13,0,0,38,57,0,14,0,23
10825,1,1,0,0,0,0,0,20,15,0,0,0
10826,1,1,0,0,13,0,0,0,0,0,0,0
10827,0,1,7,0,0,48,0,0,0,15,0,0
10827,1,1,0,0,0,0,0,0,0,0,0,0
10828,0,1,12,12,12,12,12,12,12,12,12,12
10828,1,1,0,0,0,0,0,0,0,0,0,0
10830,0,1,0,0,0,0,0,0,0,0,0,0
10830,1,1,12,12,12,12,12,12,12,12,12,12
10831,1,1,0,0,0,0,0,0,0,0,0,0
10831,2,1,0,0,0,0,0,0,0,0,0,0
10832,0,1,0,0,0,0,0,0,0,0,0,0
10832,1,1,13,0,0,0,0,0,0,0,0,0
10833,1,1,0,0,0,0,0,0,0,0,0,0
10833,2,1,0,0,0,0,0,0,0,0,0,0
10834,0,1,0,22,0,0,0,0,17,0,0,0
10834,1,1,0,0,0,0,0,0,0,0,0,0
10835,1,1,0,0,0,0,0,0,0,0,0,0
10835,2,1,0,0,0,0,0,0,0,0,0,0
10836,1,1,0,0,0,0,0,0,0,0,0,0
10837,1,1,0,0,0,0,0,0,0,0,0,0
10837,2,1,0,37,0,0,0,0,0,0,0,0
10839,1,1,0,21,7,9,18,0,6,12,0,0
10840,1,1,0,0,0,0,0,0,0,0,0,0
10841,0,1,0,0,0,0,0,0,0,0,0,0
10841,0,2,0,0,0,0,0,0,0,0,0,0
10841,0,3,0,0,0,0,0,0,0,0,0,0
10841,1,1,0,0,0,0,0,0,0,0,0,0
10842,0,1,0,0,0,7,0,0,0,0,0,0
10842,1,1,0,0,0,15,0,0,0,7,0,0
10843,1,1,0,18,0,0,0,0,0,0,0,0
10843,2,1,0,0,0,0,0,0,0,0,0,0
10844,1,1,13,0,0,0,0,9,0,0,0,23
10845,1,1,14,10,0,32,15,25,0,18,0,10
10845,2,1,0,0,0,0,0,0,0,0,0,0
10846,1,1,23,22,10,27,17,14,24,26,8,11
10847,1,1,0,0,0,0,0,11,0,0,0,0
10847,2,1,0,0,0,0,0,0,0,0,0,0
10847,3,1,0,0,0,0,0,0,0,0,0,21
10848,1,1,0,0,0,0,0,0,0,0,0,0
10848,2,1,0,0,0,0,0,0,6,0,0,0
10849,0,1,0,0,0,0,0,0,0,0,0,0
10849,1,1,15,15,15,15,15,15,15,15,15,15
10850,0,1,0,0,0,0,0,0,0,0,0,0
10850,1,1,0,0,0,0,0,0,0,0,0,0
10852,1,1,0,0,0,0,0,0,0,0,0,0
10853,0,1,0,0,0,0,0,0,0,0,0,0
10853,2,1,0,19,0,0,0,0,0,14,0,0
10854,1,1,0,0,0,0,0,0,0,0,0,0
10854,2,1,0,0,0,0,0,0,0,0,0,0
10855,1,1,23,0,0,0,15,0,0,0,0,0
10856,1,1,34,0,34,18,28,0,25,33,11,24
10857,1,1,15,15,15,15,15,15,15,15,15,15
10857,2,1,0,0,0,0,0,0,0,0,0,0
10858,1,1,26,26,26,26,26,26,26,26,26,26
10859,1,1,0,0,0,0,0,0,0,0,0,0
10859,2,1,0,0,0,0,0,0,0,0,0,0
10859,3,1,0,0,0,0,0,0,0,0,0,0
10860,1,1,0,0,0,22,0,0,0,0,0,0
10861,1,1,28,0,0,0,0,0,35,0,0,0
10861,2,1,0,0,0,0,0,0,0,0,0,0
10862,0,1,0,0,0,0,0,0,0,0,0,0
10862,1,1,0,0,0,0,0,0,0,0,0,0
10863,1,1,37,0,0,0,0,0,0,0,0,0
10864,1,1,0,0,0,0,18,0,0,0,0,0
10864,2,1,0,0,0,0,0,0,0,0,0,0
10865,1,1,0,22,0,0,0,0,0,23,0,0
10865,2,1,0,0,0,0,0,0,0,0,0,0
10866,1,1,0,0,0,0,0,0,0,0,0,0
10867,1,1,0,0,0,0,0,0,0,0,0,0
10868,0,1,0,0,0,0,0,0,0,0,0,0
10868,1,1,0,0,0,0,0,0,0,0,0,0
10869,1,1,0,18,21,17,0,0,12,0,0,0
10870,1,1,0,0,0,12,0,0,9,18,0,0
10871,1,1,0,0,0,0,0,0,0,0,0,0
10872,1,1,0,0,0,0,0,0,0,2,0,7
10873,0,1,25,25,25,25,25,25,25,25,25,25
10873,1,1,0,0,0,0,0,0,0,0,0,0
10874,1,1,0,0,0,0,0,0,0,0,0,0
20001,0,1,39,20,0,4,0,13,12,30,0,35
20001,1,1,0,0,0,0,0,0,0,0,0,0
20002,1,1,0,0,0,0,0,0,0,0,0,0
20003,1,1,0,0,0,0,0,0,0,0,0,0
20003,2,1,0,0,0,0,0,0,0,0,0,0
20003,3,1,0,0,0,0,0,0,0,0,0,0
20004,0,1,0,32,0,0,27,13,0,21,5,13
20004,1,1,0,4,0,0,8,0,18,32,0,16
20005,1,1,0,0,0,0,0,0,0,0,0,0
20005,2,1,0,0,0,0,0,0,0,0,0,0
20006,1,1,0,0,0,0,0,0,0,0,0,0
20006,2,1,0,0,0,0,0,0,0,0,0,0
20007,1,1,24,24,24,24,24,24,24,24,24,24
20008,1,1,0,0,0,0,0,0,0,0,0,0
20008,2,1,0,0,0,0,0,0,0,0,0,0
20008,3,1,0,0,0,0,0,0,0,0,0,0
20009,0,1,0,0,0,0,0,0,0,0,0,0
20009,1,1,0,0,0,0,0,0,0,0,0,0
20010,1,1,0,0,0,13,0,0,13,0,0,0
20011,0,1,31,31,31,31,31,31,31,31,31,31
20011,1,1,0,0,0,0,0,0,0,0,0,0
20012,1,1,0,0,0,0,0,0,0,0,0,0
20012,2,1,0,0,0,0,0,0,0,0,0,0
20013,1,1,16,16,16,16,16,16,16,16,16,16
20013,2,1,0,0,0,0,0,0,0,0,0,0
20014,1,1,0,0,0,0,0,0,0,0,0,0
20014,2,1,0,0,0,0,0,0,0,0,0,0
20015,1,1,0,0,0,0,0,0,0,0,0,0
20016,0,1,21,21,21,21,21,21,21,21,21,21
20016,1,1,0,0,0,0,0,0,0,0,0,0
20017,1,1,0,0,0,0,0,0,0,0,0,0
20017,2,1,0,0,0,0,0,0,0,0,0,0
20018,0,1,14,37,7,19,15,26,11,17,7,34
20018,0,2,15,26,18,35,20,26,11,17,24,3
20018,1,1,0,0,0,0,0,0,0,0,0,0
20019,1,1,0,0,0,0,0,0,0,0,0,0
20020,1,1,0,0,0,0,0,0,0,0,0,0
20021,1,1,42,42,42,42,42,42,42,42,42,42
20022,1,1,0,0,0,0,0,0,0,0,0,0
20022,2,1,0,0,0,0,0,0,0,0,0,0
20022,3,1,9,0,0,0,0,0,0,0,0,0
20023,1,1,0,0,0,0,0,0,0,0,0,0
20023,2,1,0,0,0,0,0,0,0,0,0,0
20024,0,1,28,28,28,28,28,28,28,28,28,28
20024,1,1,6,6,6,6,6,6,6,6,6,6
20025,1,1,0,0,0,0,0,0,0,0,0,0
20026,1,1,0,0,0,0,0,0,0,0,0,0
20027,1,1,0,0,0,0,0,0,0,0,0,0
20028,1,1,21,21,21,21,21,21,21,21,21,21
20029,0,1,4,48,0,0,21,0,20,11,0,0
20029,1,1,10,0,0,0,44,0,0,0,14,0
20030,1,1,0,0,0,0,0,0,0,0,0,0
20031,1,1,0,0,0,0,0,0,0,0,0,0
20032,1,1,12,12,12,12,12,12,12,12,12,12
20033,1,1,8,8,8,8,8,8,8,8,8,8
20034,1,1,0,0,0,0,0,0,0,0,0,0
20034,2,1,0,0,0,0,0,0,0,0,0,0
20035,1,1,9,9,9,9,9,9,9,9,9,9
20036,0,1,0,0,0,0,0,0,0,0,0,0
20036,1,1,0,0,0,0,0,0,0,0,0,0
20037,1,1,27,27,27,27,27,27,27,27,27,27
20038,1,1,0,0,0,0,0,0,0,0,0,0
20038,2,1,0,0,0,0,0,0,0,0,0,0
20039,1,1,0,0,0,0,0,0,0,0,0,0
20040,1,1,0,0,0,0,0,0,0,0,0,0
20040,2,1,0,0,0,0,0,0,0,0,0,0
20041,1,1,21,21,21,21,21,21,21,21,21,21
20042,1,1,0,0,0,0,0,0,0,0,0,0
20042,2,1,0,0,0,0,0,0,0,0,0,0
20043,1,1,16,16,16,16,16,16,16,16,16,16
20043,2,1,0,0,0,0,0,0,0,0,0,0
20044,1,1,0,0,0,0,0,0,0,0,0,0
20045,1,1,15,15,15,15,15,15,15,15,15,15
20046,1,1,0,0,0,0,0,0,0,0,0,0
20046,2,1,0,0,0,0,0,0,0,0,0,0
20047,1,1,0,0,0,0,0,0,0,0,0,0
20048,1,1,17,17,17,17,17,17,17,17,17,17
20049,1,1,0,0,0,0,0,0,0,0,0,0
20050,1,1,0,0,0,0,0,0,0,0,0,0
20051,1,1,0,0,0,0,0,0,0,0,0,0
20051,2,1,0,0,0,0,0,0,0,0,0,0
20052,1,1,0,0,0,0,0,0,0,0,0,0
20052,2,1,0,0,0,0,0,0,0,0,0,0
20053,0,1,8,0,8,0,58,0,0,17,0,0
20053,1,1,0,0,0,0,0,0,0,0,0,0
20054,1,1,0,0,0,0,0,0,0,0,0,0
20054,2,1,0,0,0,0,0,0,0,0,0,0
20055,0,1,21,21,21,21,21,21,21,21,21,21
20055,1,1,0,0,0,0,0,0,0,0,0,0
20056,1,1,0,0,0,0,0,0,0,0,0,0
20056,2,1,0,0,0,0,0,0,0,0,0,0
20057,0,1,9,0,18,11,17,0,0,0,0,10
20057,1,1,23,0,11,37,1,3,15,0,12,18
20058,1,1,29,29,29,29,29,29,29,29,29,29
20059,1,1,15,15,15,15,15,15,15,15,15,15
20059,2,1,24,24,24,24,24,24,24,24,24,24
20060,0,1,0,0,0,0,0,0,0,0,0,0
20060,1,1,0,0,0,0,0,0,0,0,0,0
20061,0,1,0,0,0,0,0,0,0,8,0,0
20061,1,1,0,36,0,0,5,0,20,0,11,0
20062,1,1,15,15,15,15,15,15,15,15,15,15
20063,0,1,0,0,0,0,0,0,0,0,0,0
20063,1,1,20,0,0,0,0,0,0,0,0,0
20064,1,1,0,0,0,0,0,0,0,0,0,0
20064,2,1,0,0,0,0,0,0,0,0,0,0
20065,0,1,0,0,0,0,0,0,0,9,0,0
20065,1,1,0,0,0,0,0,0,0,0,0,0
20066,1,1,0,0,0,0,0,0,0,0,0,0
20066,2,1,0,0,0,0,0,0,0,0,0,0
20067,1,1,0,0,0,0,0,0,0,0,0,0
20067,2,1,0,0,0,0,0,0,0,0,0,0
20068,1,1,0,0,0,0,0,0,0,0,0,0
20068,2,1,19,19,19,19,19,19,19,19,19,19
20069,1,1,0,0,15,0,0,0,16,16,0,0
20070,1,1,0,0,0,0,0,0,0,0,0,0
20071,1,1,10,0,0,0,0,0,0,0,0,26
20072,1,1,31,31,31,31,31,31,31,31,31,31
20073,0,1,0,8,25,16,11,35,19,21,15,29
20073,1,1,0,0,0,0,0,16,0,0,0,0
20074,1,1,35,22,19,4,14,34,15,7,32,17
20075,1,1,12,12,12,12,12,12,12,12,12,12
40001,1,1,21,0,16,32,19,16,0,32,27,0
40001,2,1,0,0,0,0,0,0,0,0,0,0
40002,1,1,0,0,0,24,0,0,0,0,0,0
40003,1,1,23,0,0,0,0,0,16,0,0,0
40004,1,1,0,0,0,0,0,0,0,0,0,0
40005,1,1,0,0,0,0,0,0,0,0,0,0
40005,2,1,0,0,0,0,0,0,0,0,0,0
40006,1,1,0,0,0,0,12,0,0,0,0,0
40006,2,1,0,0,0,0,0,0,0,0,0,0
40007,0,1,0,0,0,0,0,0,0,0,0,0
40007,1,1,0,0,0,0,0,0,0,0,0,0
40008,1,1,0,0,0,0,0,0,0,0,0,0
40008,2,1,0,0,0,0,0,0,0,0,0,0
40008,3,1,0,0,0,0,0,0,0,0,0,0
40009,1,1,0,0,0,0,0,0,0,0,0,0
40010,1,1,0,0,0,0,0,0,0,0,0,0
40010,2,1,0,0,0,0,0,0,0,0,0,0
40010,3,1,0,24,0,0,0,0,0,0,0,0
40011,1,1,4,0,0,0,0,0,0,0,0,0
40011,2,1,0,0,0,0,0,0,0,0,0,0
40012,1,1,0,20,0,14,0,6,7,0,12,0
40012,2,1,0,0,0,0,0,0,0,0,0,0
40013,1,1,0,0,0,0,0,0,0,0,0,0
40013,2,1,0,0,0,0,0,0,0,0,0,0
40014,1,1,13,30,0,0,21,0,17,17,0,0
40014,2,1,0,0,0,0,0,0,0,0,0,0
40015,1,1,22,22,22,22,22,22,22,22,22,22
40015,2,1,0,0,0,0,0,0,0,0,0,0
40016,0,1,0,0,0,0,0,0,0,0,0,0
40016,1,1,0,0,0,0,0,17,0,0,0,0
40017,1,1,24,24,24,24,24,24,24,24,24,24
40018,0,1,0,0,0,0,0,8,0,0,0,23
40018,1,1,28,28,28,28,28,28,28,28,28,28
40018,2,1,0,0,0,0,0,0,0,0,0,0
40019,1,1,36,36,36,36,36,36,36,36,36,36
40019,2,1,0,0,0,0,0,0,0,0,0,0
40020,1,1,0,0,0,0,0,0,0,0,0,0
40020,2,1,0,0,0,0,0,0,0,0,0,0
40021,0,1,34,34,34,34,34,34,34,34,34,34
40021,1,1,17,17,11,12,5,18,37,30,27,33
40022,1,1,0,0,0,0,0,0,0,0,0,0
40023,0,1,0,0,0,0,0,0,0,0,0,0
40023,1,1,0,0,0,0,0,0,0,0,0,4
40024,0,1,0,0,0,0,0,0,0,0,0,0
40024,1,1,0,0,0,0,0,0,0,0,0,0
40025,1,1,18,18,18,18,18,18,18,18,18,18
40026,1,1,0,0,0,0,0,0,0,0,0,0
40026,2,1,0,0,0,0,0,0,0,0,0,0
40026,3,1,0,0,0,0,0,0,0,0,0,0
40027,1,1,0,0,0,0,0,0,0,0,0,0
40028,0,1,15,36,0,4,0,0,21,0,27,0
40028,1,1,0,0,0,0,0,0,0,0,0,0
40028,2,1,0,0,0,0,0,0,0,0,0,0
40029,1,1,0,0,0,0,0,0,0,0,0,0
40029,2,1,0,0,0,0,0,0,0,0,0,0
40030,1,1,0,0,0,0,0,0,0,0,0,0
40031,1,1,0,0,0,0,0,0,0,0,0,0
40032,0,1,0,0,0,0,0,0,0,0,0,0
40032,1,1,0,0,0,22,0,0,0,0,0,0
40033,1,1,13,10,27,0,15,14,12,35,16,15
40033,2,1,0,19,0,0,0,0,0,0,0,0
40034,0,1,17,17,17,17,17,17,17,17,17,17
40034,1,1,12,0,0,20,0,0,0,0,5,0
40035,1,1,10,10,10,10,10,10,10,10,10,10
40036,1,1,25,25,25,25,25,25,25,25,25,25
40037,1,1,18,0,14,0,15,0,5,0,25,19
40038,1,1,0,0,0,0,0,0,0,0,12,0
40039,1,1,0,12,0,0,0,0,13,0,0,4
40039,2,1,0,13,0,0,0,0,0,0,0,0
40040,1,1,0,0,0,0,0,0,0,0,0,0
40040,2,1,0,0,0,0,0,0,0,0,0,0
40040,3,1,0,0,0,0,0,0,0,0,0,0
40040,4,1,0,0,0,0,0,0,0,0,0,0
40041,1,1,23,0,0,0,0,0,0,0,27,9
40041,2,1,0,0,0,20,13,15,0,14,17,0
40042,1,1,48,0,0,0,0,0,0,0,0,0
40043,1,1,0,0,26,0,0,0,0,0,0,0
40044,0,1,0,0,0,0,0,0,0,0,0,0