ST_CASE,VEH_NO,PER_NO,P1,P2,P3,P4,P5,P6,P7,P8,P9,P10
40044,1,1,0,18,0,0,27,0,0,0,8,14
40045,1,1,28,28,28,28,28,28,28,28,28,28
40046,1,1,0,0,0,0,0,0,0,0,0,0
40046,2,1,0,0,0,0,0,0,0,0,0,0
40047,0,1,24,24,24,24,24,24,24,24,24,24
40047,1,1,0,0,0,0,0,0,0,0,0,0
40048,0,1,0,0,0,0,0,0,0,0,0,0
40048,1,1,20,0,6,0,0,0,0,0,0,0
40049,1,1,12,12,12,12,12,12,12,12,12,12
40050,0,1,0,0,0,0,0,0,0,0,0,0
40050,1,1,0,0,0,0,0,0,0,0,0,0
40051,1,1,11,11,11,11,11,11,11,11,11,11
40052,1,1,16,16,16,16,16,16,16,16,16,16
40053,1,2,15,9,0,0,0,18,24,20,0,0
40054,1,1,0,0,0,0,0,0,0,0,0,0
40054,2,1,0,0,0,0,0,0,0,0,0,0
40054,3,1,0,0,0,0,0,0,0,0,0,0
40055,0,1,17,17,17,17,17,17,17,17,17,17
40055,1,1,22,22,16,9,22,0,0,0,10,0
40056,1,1,14,29,27,18,8,5,7,3,21,22
40057,1,1,0,14,0,8,0,0,0,0,0,0
40058,0,1,0,0,0,0,0,0,0,0,0,0
40058,1,1,0,0,0,0,0,0,0,0,0,0
40058,2,1,0,0,0,0,0,0,0,0,0,0
40059,0,1,0,0,0,0,0,0,0,0,0,0
40059,1,1,0,20,0,0,0,0,0,20,10,8
40060,0,1,0,0,0,0,0,0,0,0,0,0
40060,1,1,0,18,20,10,0,0,0,0,0,0
40061,1,1,0,0,0,0,0,0,0,0,0,0
40061,2,1,0,0,0,0,0,0,0,0,0,0
40061,3,1,0,0,0,0,0,0,0,0,0,0
40062,0,1,0,0,0,0,0,0,0,0,0,0
40062,1,1,0,0,0,0,0,0,0,0,0,0
40062,2,1,0,13,0,0,20,0,0,0,0,0
40063,0,1,31,31,31,31,31,31,31,31,31,31
40063,1,1,21,31,3,10,11,26,23,14,19,0
40064,0,1,0,0,0,0,0,0,0,0,0,0
40064,1,1,0,0,0,0,0,0,0,0,0,0
40065,1,1,12,0,0,0,0,8,5,0,0,0
40066,1,1,0,0,0,0,0,0,0,0,0,0
40066,2,1,0,0,24,0,0,0,0,0,0,0
40067,0,1,33,33,33,33,33,33,33,33,33,33
40067,1,1,0,0,0,0,0,0,0,0,0,33
40067,2,1,0,15,0,0,0,0,0,0,0,0
40068,0,1,18,18,18,18,18,18,18,18,18,18
40068,1,1,0,0,0,0,0,0,0,0,0,0
40069,1,1,0,0,0,0,0,0,0,0,0,0
40069,2,1,0,0,0,0,0,0,0,0,0,0
40070,0,1,23,23,23,23,23,23,23,23,23,23
40070,1,1,17,23,0,0,0,0,21,0,0,0
40071,0,1,0,0,0,0,0,0,0,0,0,0
40071,1,1,24,24,24,24,24,24,24,24,24,24
40072,1,1,12,12,12,12,12,12,12,12,12,12
40072,2,1,0,11,0,0,0,0,0,0,0,0
40073,0,1,10,10,10,10,10,10,10,10,10,10
40073,1,1,13,13,13,13,13,13,13,13,13,13
40074,0,1,0,0,0,0,0,0,15,19,0,0
40074,1,1,0,0,0,0,0,0,0,0,0,0
40075,0,1,25,25,25,25,25,25,25,25,25,25
40075,1,1,9,9,9,9,9,9,9,9,9,9
40076,1,1,19,19,19,19,19,19,19,19,19,19
40077,0,1,36,36,36,36,36,36,36,36,36,36
40077,1,1,0,0,0,0,0,0,0,0,0,23
40078,1,1,3,0,0,0,20,0,22,0,9,0
40079,1,1,15,15,15,15,15,15,15,15,15,15
40080,1,1,0,0,0,0,0,0,0,0,0,0
40080,2,1,0,0,0,0,0,0,0,0,0,0
40081,1,1,0,0,0,0,0,0,0,0,0,0
40081,2,1,0,0,0,0,0,0,0,0,0,0
40082,1,1,0,0,0,22,0,0,0,0,0,9
40083,1,1,0,0,0,0,0,0,0,0,0,0
40083,2,1,0,0,0,0,0,0,0,0,0,0
40084,0,1,0,0,0,0,0,0,0,0,0,0
40084,1,1,6,0,0,10,14,0,0,16,5,0
40084,2,1,0,0,0,0,0,0,0,0,0,0
40085,1,1,9,10,0,0,0,0,0,0,0,34
40086,1,1,0,0,0,10,0,0,0,0,0,0
40087,1,1,0,0,0,0,0,0,0,0,0,0
40087,2,1,0,0,0,0,0,0,0,0,0,0
40088,0,1,0,0,0,0,0,0,0,0,0,0
40088,1,1,0,0,0,0,0,0,0,0,0,0
40089,0,1,0,0,0,0,0,0,0,0,0,0
40089,1,1,0,0,0,0,0,0,0,0,0,0
40090,1,1,0,0,0,0,0,0,0,0,0,0
40090,2,1,0,0,0,0,0,0,0,0,0,0
40091,1,1,0,0,0,0,0,0,0,0,0,0
40093,0,1,31,0,17,0,0,6,0,19,14,0
40093,1,1,0,0,0,0,0,0,0,0,0,0
40094,1,1,0,0,0,0,0,0,0,0,0,0
40095,1,1,0,0,0,0,0,0,0,0,0,0
40095,2,1,0,0,0,0,0,0,0,0,0,0
40096,1,1,0,0,0,0,0,0,0,0,0,0
40096,2,1,0,0,0,0,0,0,0,0,0,0
40097,0,1,0,0,0,0,0,0,0,0,0,0
40097,1,1,0,0,0,0,0,0,0,0,0,0
40098,1,1,0,0,0,0,0,0,0,0,0,0
40098,2,1,0,0,0,0,0,0,0,0,0,0
40099,0,1,17,36,18,13,33,15,30,25,21,22
40099,1,1,0,0,0,0,0,0,19,0,0,0
40100,1,1,0,0,0,0,0,0,0,0,0,0
40100,2,1,0,0,0,0,0,11,0,0,0,0
40101,1,1,0,0,0,0,0,0,0,0,0,0
40101,2,1,0,0,0,0,0,0,0,0,0,0
40102,1,1,0,0,24,0,0,0,0,0,9,0
40103,0,1,35,35,35,35,35,35,35,35,35,35
40103,1,1,0,12,17,0,0,0,0,0,0,0
40103,2,1,0,0,0,0,0,0,0,0,0,0
40104,1,1,0,0,0,0,0,0,0,0,0,0
40104,2,1,0,0,0,0,0,0,0,0,0,0
40105,0,1,0,0,0,0,0,0,0,0,0,0
40105,1,1,0,0,0,0,0,0,0,0,0,0
40106,1,1,0,0,0,0,0,0,0,0,13,0
40107,0,1,14,14,14,14,14,14,14,14,14,14
40107,1,1,0,7,0,0,21,0,0,0,0,0
40108,1,1,13,2,17,33,3,22,0,33,12,0
40109,1,1,0,0,0,0,0,0,0,0,0,0
40109,2,1,0,0,0,30,0,0,0,0,0,0
40110,1,1,0,0,0,0,0,0,0,0,0,0
40110,2,1,0,0,0,0,0,0,0,0,0,0
40111,0,1,0,0,0,0,0,0,0,0,0,0
40111,1,1,0,0,0,0,0,0,0,0,0,0
40112,1,1,0,0,0,0,0,0,0,0,0,0
40113,1,1,19,23,0,10,20,9,0,0,21,29
40113,2,1,0,0,0,0,0,0,0,0,0,9
40114,0,1,39,39,39,39,39,39,39,39,39,39
40114,1,1,0,0,0,0,0,0,0,0,0,0
40114,2,1,0,0,0,0,0,0,0,0,0,0
40115,1,1,18,0,0,0,0,0,0,0,0,16
40116,1,1,20,20,20,20,20,20,20,20,20,20
40116,2,1,0,0,0,0,0,0,0,0,0,0
40117,0,1,17,13,18,15,13,16,29,33,25,39
40117,1,1,0,0,0,0,0,0,0,0,0,0
40117,2,1,0,0,0,0,0,0,0,0,12,0
40117,3,1,0,8,0,0,0,0,0,0,0,0
40118,1,1,0,0,0,0,0,0,0,0,0,0
40118,2,1,0,0,0,0,0,0,0,0,0,0
40119,1,1,0,0,0,0,0,0,0,0,0,0
40120,1,1,0,0,0,0,0,0,0,0,0,0
40120,2,1,0,0,0,0,0,0,0,0,0,0
40120,3,1,0,0,0,0,0,0,0,0,0,0
40121,0,1,0,0,0,0,0,0,0,0,0,0
40121,1,1,6,0,11,15,10,25,0,6,12,13
40122,0,1,5,0,0,0,0,8,0,14,10,0
40122,1,1,15,0,0,8,0,0,0,0,9,15
40123,1,1,0,0,0,0,0,0,0,0,0,0
40123,2,1,0,0,0,0,0,0,0,0,0,0
40123,3,1,0,0,0,0,17,0,0,0,0,0
40124,0,1,28,28,28,28,28,28,28,28,28,28
40124,1,1,0,24,0,0,0,0,0,0,26,14
40125,0,1,0,0,0,0,0,0,0,0,0,0
40125,1,1,0,0,0,0,0,0,0,0,0,0
40126,0,1,0,0,0,0,0,0,0,0,0,0
40126,1,1,0,0,0,0,0,0,0,0,0,0
40127,1,1,20,20,20,20,20,20,20,20,20,20
40127,2,1,0,0,0,0,0,0,0,0,0,0
40128,0,1,0,0,0,0,20,0,0,43,0,16
40128,1,1,0,0,0,0,25,0,0,19,28,0
40129,1,1,0,0,0,0,0,0,0,0,0,0
40130,1,1,24,24,24,24,24,24,24,24,24,24
40131,0,1,0,0,0,0,0,0,0,0,0,0
40131,1,1,0,2,0,0,0,0,0,0,0,0
40132,1,1,0,0,0,0,0,0,0,0,0,0
40133,0,1,0,0,0,0,0,0,0,0,0,0
40133,1,1,0,0,0,0,0,0,0,0,0,0
40134,1,1,0,18,0,0,6,0,0,0,0,0
40134,2,1,0,0,0,0,0,0,0,0,0,0
40134,3,1,0,0,0,0,0,13,0,0,0,0
40135,1,1,0,0,0,0,0,0,0,0,0,0
40135,2,1,0,0,0,0,0,0,0,0,0,0
40136,1,1,0,0,0,0,0,0,0,0,0,0
40136,2,1,0,0,0,0,0,0,0,0,0,0
40137,0,1,0,0,0,0,0,0,0,0,0,0
40137,1,1,24,0,29,34,0,0,13,0,0,7
40138,0,1,14,0,0,26,0,26,0,19,0,35
40138,1,1,0,0,0,0,0,0,0,0,0,0
40139,0,1,0,0,0,0,0,25,0,0,0,0
40139,1,1,0,0,0,0,0,0,0,0,0,0
40140,1,1,0,0,0,0,0,0,0,0,0,0
40141,1,1,0,0,0,0,0,0,0,0,0,0
40141,2,1,0,0,0,0,0,0,0,0,0,0
40142,1,1,11,11,11,11,11,11,11,11,11,11
40143,1,1,5,0,0,0,0,13,0,19,0,0
40143,2,1,0,0,0,0,0,0,0,0,0,0
40145,1,1,0,0,0,0,0,0,0,0,0,0
40145,2,1,0,0,0,0,0,0,0,0,0,0
40146,1,1,0,0,0,0,15,0,26,0,0,0
40146,2,1,0,0,0,0,0,0,0,0,0,0
40147,1,1,23,0,0,0,0,0,0,0,0,0
40147,2,1,0,0,0,0,0,0,0,0,0,0
40148,0,1,0,0,0,0,0,0,0,0,0,0
40148,1,1,0,0,0,0,0,0,0,0,0,0
40149,0,1,35,15,31,12,28,25,23,34,0,19
40149,1,1,0,0,0,0,0,0,0,0,0,0
40150,1,1,0,0,0,0,0,0,0,0,0,0
40151,0,1,2,2,2,2,2,2,2,2,2,2
40151,1,1,0,0,0,0,0,0,0,0,0,0
40152,1,1,17,17,17,17,17,17,17,17,17,17
40153,1,1,0,0,0,0,0,0,0,0,0,0
40154,1,1,0,0,0,0,0,0,0,0,0,0
40155,1,1,0,0,0,0,0,0,0,0,0,0
40156,1,1,0,0,0,0,0,0,0,0,0,0
40156,2,1,0,0,0,0,0,0,0,0,0,0
40157,1,1,10,10,11,20,19,15,26,16,21,5
40157,2,1,0,0,0,0,0,0,0,0,0,0
40157,3,1,0,0,0,0,0,0,0,0,0,0
40158,1,1,3,3,3,3,3,3,3,3,3,3
40158,2,1,0,0,0,0,0,0,0,0,0,0
40159,1,1,0,0,0,0,0,0,0,0,34,0
40159,2,1,0,0,0,0,0,0,0,0,0,0
40159,3,1,0,0,0,0,0,27,0,0,0,0
40160,1,1,0,0,0,0,0,0,0,0,0,0
40160,2,1,0,0,0,0,0,0,0,0,0,0
40161,0,1,0,0,0,0,0,0,0,0,0,0
40161,1,1,3,18,28,13,4,4,0,27,0,0
40162,1,1,12,12,12,12,12,12,12,12,12,12
40163,0,1,0,0,0,0,0,0,0,0,0,0
40163,1,1,0,0,0,0,0,21,0,33,6,0
40164,1,1,0,0,0,0,0,0,23,0,0,0
40164,2,1,0,0,0,0,0,0,11,0,24,0
40164,3,1,0,0,0,0,0,0,0,0,0,0
40164,4,1,10,0,0,0,0,0,0,0,0,0
40164,5,1,0,0,0,0,0,0,0,0,0,0
40164,6,1,0,0,0,0,0,0,0,0,0,0
40164,7,1,14,0,0,0,0,0,0,0,0,0
40165,1,1,13,13,13,13,13,13,13,13,13,13
40166,1,1,0,0,0,0,0,0,0,0,0,0
40166,2,1,0,0,19,0,0,3,0,0,0,0
40166,3,1,0,0,0,0,0,0,0,0,0,0
40166,4,1,0,0,0,0,0,0,0,0,0,0
40167,0,1,26,26,26,26,26,26,26,26,26,26
40167,1,1,0,0,0,0,0,0,0,0,0,0
40168,0,1,23,0,12,0,0,0,9,0,0,0
40168,1,1,0,0,0,0,0,0,0,0,0,0
40169,1,1,0,0,0,0,0,0,0,0,0,0
40170,1,1,31,31,31,31,31,31,31,31,31,31
40171,1,1,9,29,9,15,16,9,18,13,6,11
40171,2,1,0,0,0,0,0,0,0,0,0,0
40172,1,1,0,0,0,0,0,0,0,0,0,0
40173,0,1,0,24,46,14,0,0,21,0,0,0
40173,1,1,0,0,0,0,0,8,0,0,0,0
40174,1,1,0,0,0,0,0,0,0,0,0,0
40174,2,1,0,0,0,0,0,0,0,0,0,0
40175,1,1,0,0,0,0,0,0,0,0,0,0
40176,1,1,0,0,0,0,0,0,0,0,0,0
40176,2,1,0,0,0,0,0,0,0,0,0,0
40177,1,1,0,0,0,0,0,0,0,0,0,0
40177,2,1,0,0,11,0,0,0,0,0,0,0
40178,0,1,0,0,0,0,0,0,0,0,0,0
40178,1,1,0,5,0,0,0,0,0,0,16,0
40179,1,1,0,0,14,22,0,0,0,0,0,0
40179,2,1,0,0,0,0,0,0,0,0,0,0
40180,1,1,0,0,0,0,0,0,0,0,0,0
40181,1,1,0,0,0,0,0,0,0,0,0,0
40182,1,1,13,13,13,13,13,13,13,13,13,13
40182,2,1,0,0,0,0,0,0,12,0,0,0
40182,3,1,6,0,0,0,11,0,0,0,0,0
40182,4,1,0,0,0,0,0,0,0,13,0,0
40183,1,1,4,16,0,0,0,0,0,16,0,0
40183,2,1,0,0,0,0,0,0,0,0,0,0
40183,3,1,0,0,0,0,0,14,0,0,23,0
40184,1,1,0,0,0,0,0,0,0,0,0,0
40185,0,1,0,0,0,0,0,0,0,0,0,0
40185,1,1,0,0,0,0,0,0,0,0,0,0
40186,1,1,18,18,18,18,18,18,18,18,18,18
40187,1,1,0,0,19,0,0,0,0,0,16,13
40187,2,1,0,0,0,0,0,0,0,0,0,0
40188,0,1,0,0,0,0,0,0,0,0,0,0
40188,1,1,0,0,0,0,15,23,0,16,11,0
40189,1,1,24,24,24,24,24,24,24,24,24,24
40189,2,1,0,0,0,0,0,0,0,0,0,10
40189,3,1,0,0,0,19,0,0,0,0,0,0
40190,0,1,0,0,0,0,0,0,0,0,0,0
40190,1,1,0,0,0,0,0,0,0,0,0,0
40192,0,1,22,22,22,22,22,22,22,22,22,22
40192,1,1,0,0,0,0,0,0,0,0,0,0
40192,2,1,0,0,0,0,0,0,0,0,0,0
40193,0,1,0,0,0,0,0,0,0,0,0,0
40193,1,1,0,14,0,0,0,21,27,24,0,0
40194,1,1,22,22,22,22,22,22,22,22,22,22
40194,2,1,0,0,0,0,0,0,0,0,0,0
40195,1,1,0,0,0,0,0,0,16,0,0,0
40195,2,1,0,0,0,0,0,0,0,0,0,0
40196,0,1,0,0,0,0,0,0,0,0,0,0
40196,1,1,0,0,0,0,0,0,0,0,0,0
40197,1,1,0,0,0,0,0,0,0,0,0,0
40197,2,1,0,0,23,0,0,0,0,4,0,0
40198,1,1,0,0,0,0,0,0,0,0,0,0
40199,1,1,0,0,0,0,0,0,0,0,0,0
40199,2,1,0,0,0,0,0,0,0,0,0,0
40199,3,1,0,0,0,0,0,0,0,0,0,0
40200,0,1,42,42,42,42,42,42,42,42,42,42
40200,1,1,0,0,0,0,0,0,0,0,0,0
40201,0,1,30,30,30,30,30,30,30,30,30,30
40201,1,1,0,0,0,26,0,0,0,0,0,0
40202,1,1,0,0,0,0,0,0,0,0,12,4
40203,1,1,17,0,0,11,0,0,0,0,0,0
40205,0,1,6,6,6,6,6,6,6,6,6,6
40205,1,1,0,0,0,0,0,0,0,0,0,0
40206,0,1,14,14,14,14,14,14,14,14,14,14
40206,1,1,0,0,0,0,0,0,0,0,0,0
40207,0,1,0,0,0,0,0,0,0,0,0,0
40207,1,1,0,0,0,0,22,4,0,0,0,0
40208,1,1,0,0,0,0,0,0,0,0,0,0
40209,1,1,0,0,0,0,0,0,0,0,0,0
40210,0,1,1,1,1,1,1,1,1,1,1,1
40210,1,1,0,0,0,0,0,0,0,0,0,0
40211,1,1,0,0,20,0,0,0,0,0,0,17
40211,2,1,0,0,0,0,0,0,0,0,0,0
40212,1,1,14,14,14,14,14,14,14,14,14,14
40213,0,1,31,31,31,31,31,31,31,31,31,31
40213,1,1,0,0,0,0,0,0,0,0,0,0
40214,1,1,0,0,0,0,0,0,0,0,0,0
40215,1,1,16,16,16,16,16,16,16,16,16,16
40216,1,1,22,22,22,22,22,22,22,22,22,22
40217,1,1,0,0,0,0,0,0,0,0,0,0
40218,0,1,0,33,0,0,23,0,0,13,0,9
40218,1,1,0,0,0,0,0,0,0,0,0,0
40219,1,1,0,0,0,0,0,0,0,0,0,0
40220,0,1,19,19,19,19,19,19,19,19,19,19
40220,1,1,6,6,6,6,6,6,6,6,6,6
40221,1,1,14,14,14,14,14,14,14,14,14,14
40221,2,1,0,0,0,0,0,0,0,0,0,0
40222,1,1,15,15,15,15,15,15,15,15,15,15
40223,1,1,18,18,18,18,18,18,18,18,18,18
40223,2,1,0,0,0,0,0,30,0,0,0,0
40224,1,1,0,0,0,0,0,0,0,0,0,0
40224,2,1,0,0,0,0,0,0,0,0,0,0
40225,0,1,0,0,0,0,0,0,0,0,0,0
40225,0,2,0,17,0,0,0,19,0,0,0,0
40225,1,1,15,0,0,0,0,0,0,0,0,0
40226,1,1,0,0,18,0,0,0,0,34,0,16
40227,1,1,26,0,0,0,0,0,0,0,14,26
40227,2,1,0,0,0,0,0,0,0,0,0,0
40227,3,1,0,0,0,0,0,0,0,0,0,0
40228,1,1,12,0,0,0,0,0,0,0,18,0
40229,1,1,0,0,0,16,0,0,0,0,13,0
40229,2,1,0,0,0,0,0,0,0,0,0,0
40230,1,1,0,0,0,0,0,0,0,0,0,0
40230,2,1,12,12,12,12,12,12,12,12,12,12
40231,1,1,4,4,4,4,4,4,4,4,4,4
40231,2,1,0,0,0,0,0,0,0,0,0,0
40232,1,1,0,0,0,0,0,0,0,0,0,0
40232,2,1,0,0,0,0,0,0,0,0,0,0
40233,1,1,0,0,0,0,0,0,0,0,0,0
40233,2,1,4,4,4,4,4,4,4,4,4,4
40235,1,1,0,0,0,0,0,0,0,0,0,0
40236,1,1,0,0,0,0,0,0,0,0,0,0
40237,0,1,0,0,0,22,0,0,0,0,0,0
40237,1,1,13,0,17,29,16,13,0,0,0,17
40238,1,1,0,0,0,0,0,0,8,0,0,0
40238,2,1,0,0,0,0,0,0,0,0,0,0
40239,1,1,0,0,0,0,12,0,0,0,0,0
40239,2,1,0,0,0,0,17,0,0,0,0,0
40240,1,1,0,0,0,0,0,0,0,0,0,0
40240,2,1,0,0,0,0,0,0,0,0,0,0
40241,0,1,0,10,10,23,2,0,15,14,25,12
40241,1,1,0,0,0,0,0,0,0,0,0,0
40242,1,1,0,0,0,0,0,0,0,0,0,0
40242,2,1,0,0,0,0,0,0,0,0,0,0
40243,1,1,0,0,0,0,0,0,0,0,0,0
40243,2,1,0,0,0,0,0,0,0,0,0,0
40244,1,1,20,20,20,20,20,20,20,20,20,20
40245,1,1,0,0,0,0,0,0,0,0,0,0
40245,2,1,0,9,0,0,0,6,0,0,0,0
40246,1,1,17,17,17,17,17,17,17,17,17,17
40246,2,1,0,0,0,0,0,0,0,0,0,0
40247,1,1,25,25,25,25,25,25,25,25,25,25
40247,2,1,0,0,0,0,0,0,0,0,0,0
40248,1,1,18,0,0,0,0,0,0,0,0,0
40248,2,1,0,0,0,0,0,0,0,0,0,0
40249,1,1,8,8,8,8,8,8,8,8,8,8
40250,0,1,0,0,0,0,0,0,0,0,0,0
40250,0,2,0,0,0,0,0,0,0,0,0,0
40250,0,3,0,0,0,0,0,0,0,0,0,6
40250,0,4,0,0,0,0,0,0,0,0,0,0
40250,0,5,0,0,0,0,0,0,0,0,0,0
40250,1,1,25,10,0,0,0,0,0,0,0,0
40250,2,1,0,0,0,0,0,0,0,0,0,0
40250,3,1,0,0,0,0,0,0,0,0,0,0
40250,4,1,0,0,0,0,0,0,0,0,0,0
40251,1,1,0,0,0,0,0,0,0,0,0,0
40251,2,1,0,0,0,0,0,0,0,0,0,0
40252,1,1,15,15,15,15,15,15,15,15,15,15
40252,2,1,0,0,0,0,0,0,0,0,0,0
40253,1,1,0,0,0,0,0,0,0,0,0,0
40254,1,1,0,0,0,0,0,0,0,0,0,0
40254,2,1,0,0,0,0,0,0,0,0,0,0
40254,3,1,12,0,0,0,0,0,0,0,0,0
40255,0,1,0,0,0,0,0,0,0,0,0,0
40255,0,2,0,0,0,0,0,0,0,0,0,0
40255,0,3,0,29,29,27,25,0,0,0,0,0
40255,0,4,0,0,0,0,30,0,0,19,0,0
40255,1,1,0,32,0,0,24,20,0,0,33,0
40256,1,1,0,0,0,0,0,0,0,0,0,0
40256,2,1,0,0,0,0,0,0,0,0,0,0
40257,1,1,5,0,0,0,0,0,0,0,0,0
40257,2,1,4,4,4,4,4,4,4,4,4,4
40258,1,1,0,0,0,0,0,0,0,0,0,0
40259,1,1,0,0,0,0,0,0,0,0,0,0
40259,2,1,0,0,0,0,0,0,0,0,0,0
40260,1,1,19,7,14,23,18,13,0,30,29,33
40261,1,1,0,0,0,0,0,0,0,0,0,0
40261,2,1,0,0,0,0,0,0,0,0,0,0
40262,1,1,0,0,0,0,0,0,0,0,0,0
40263,1,1,17,17,17,17,17,17,17,17,17,17
40263,2,1,0,0,0,0,0,0,0,0,0,0
40263,3,1,0,0,0,0,0,0,0,0,0,0
40264,0,1,0,0,0,0,32,0,0,0,17,0
40264,1,1,24,24,24,24,24,24,24,24,24,24
40265,0,1,0,0,0,0,0,0,0,0,0,0
40265,1,1,0,0,0,22,14,0,0,0,0,22
40266,1,1,16,16,16,16,16,16,16,16,16,16
40266,2,1,0,0,0,0,0,0,0,0,0,0
40268,0,1,26,26,26,26,26,26,26,26,26,26
40268,1,1,0,0,0,0,0,0,0,0,0,0
40269,1,1,0,0,0,0,0,0,0,0,0,0
40269,2,1,0,0,0,0,0,0,0,0,0,0
40270,0,1,10,10,10,10,10,10,10,10,10,10
40270,1,1,0,0,0,0,0,0,12,0,0,0
40271,1,1,0,0,0,0,19,0,0,0,0,0
40272,0,1,0,0,0,0,0,0,0,0,0,0
40272,1,1,0,0,6,0,11,0,0,0,0,17
40273,1,1,0,38,0,0,0,0,14,0,0,8
40273,2,1,0,0,0,0,0,0,0,0,0,0
40274,1,1,0,0,0,0,0,0,0,0,0,0
40274,2,1,0,0,0,0,0,0,0,0,0,0
40275,0,1,31,31,31,31,31,31,31,31,31,31
40275,1,1,5,5,5,5,5,5,5,5,5,5
40276,1,2,4,0,0,0,0,15,32,0,0,0
40277,1,1,32,32,32,32,32,32,32,32,32,32
40278,1,1,34,34,34,34,34,34,34,34,34,34
40279,1,1,0,0,0,0,0,0,0,0,0,0
40279,2,1,0,0,0,0,0,0,0,0,0,0
40280,1,1,18,18,18,18,18,18,18,18,18,18
40282,1,1,2,9,6,16,4,0,0,9,9,12
40282,2,1,0,0,0,0,0,0,0,0,0,0
40283,1,1,0,0,0,0,0,0,0,0,0,0
40283,2,1,0,28,0,0,0,0,0,18,0,0
40283,3,1,0,14,0,0,21,0,0,0,0,0
40283,4,1,0,0,0,0,0,0,0,0,18,17
40284,1,1,0,22,0,0,15,0,0,0,0,0
40284,2,1,0,0,0,0,0,0,0,0,0,0
40285,1,1,15,15,15,15,15,15,15,15,15,15
40286,1,1,8,33,19,13,20,1,4,18,36,0
40287,1,1,0,0,0,0,0,0,0,0,0,9
40288,0,1,0,0,0,0,0,0,0,0,0,0
40288,1,1,0,0,0,0,0,0,0,0,19,0
40289,1,1,1,1,1,1,1,1,1,1,1,1
40290,1,1,15,15,15,15,15,15,15,15,15,15
40291,1,1,0,0,0,0,0,0,0,0,0,0
40292,1,1,0,32,15,0,0,0,0,0,0,1
40292,2,1,0,0,0,0,0,0,0,0,0,0
40293,1,1,0,0,0,0,0,0,0,0,0,0
40294,1,1,0,0,0,0,0,0,0,0,0,0
40296,1,1,0,19,0,0,0,8,0,0,0,0
40296,2,1,0,0,0,0,0,0,0,0,0,0
40296,3,1,0,0,0,0,0,0,0,0,0,0
40297,1,1,17,17,17,17,17,17,17,17,17,17
40298,1,1,0,0,0,0,0,0,0,0,0,0
40299,1,2,0,0,0,0,0,0,0,0,0,0
40300,1,2,0,0,22,0,15,0,0,0,22,18
40301,1,1,0,0,0,0,0,0,0,0,0,0
40301,2,1,0,0,0,0,0,0,0,0,0,0
40302,1,1,20,20,20,20,20,20,20,20,20,20
40303,0,1,26,26,26,26,26,26,26,26,26,26
40303,1,1,0,0,23,0,0,0,0,0,0,0
40304,1,1,23,23,23,23,23,23,23,23,23,23
40305,1,1,27,27,27,27,27,27,27,27,27,27
40306,1,1,0,0,0,0,0,0,0,0,0,0
40306,2,1,0,0,0,0,0,0,0,0,0,0
40307,1,1,0,0,0,0,0,0,0,0,0,0
40307,2,1,0,0,0,0,0,0,0,0,0,0
40308,0,1,0,0,0,0,0,0,0,0,0,0
40308,1,1,0,0,0,0,0,0,0,0,0,0
40309,1,1,17,8,28,11,23,15,0,21,4,0
40310,1,1,0,0,0,0,14,17,0,0,0,0
40310,2,1,5,5,5,5,5,5,5,5,5,5
40311,1,1,0,0,0,0,0,0,0,0,0,0
40311,2,1,0,0,0,0,0,0,0,0,0,0
40312,1,1,0,0,0,0,0,0,0,0,0,0
40312,2,1,0,0,0,0,0,0,0,0,0,0
40313,0,1,0,0,0,0,0,0,0,0,0,0
40313,1,1,0,0,16,0,0,15,14,0,0,0
40314,1,1,0,0,0,0,0,0,0,0,0,0
40315,1,1,0,0,0,0,0,0,0,0,0,0
40315,2,1,0,0,0,0,0,0,0,0,0,0
40316,0,1,0,0,0,0,0,0,0,0,0,0
40316,1,1,0,0,21,0,0,0,0,0,0,0
40317,0,1,31,31,31,31,31,31,31,31,31,31
40317,1,1,3,0,0,0,0,0,5,0,0,22
40317,2,1,26,18,22,0,15,17,7,0,7,0
40319,1,1,0,14,0,0,0,25,0,17,9,11
40319,2,1,0,0,0,0,0,0,0,0,0,0
40320,0,1,0,0,0,0,0,0,0,0,0,0
40320,1,1,0,0,0,0,0,0,0,0,0,0
40321,1,1,7,0,0,0,0,14,0,23,8,0
40323,0,1,0,0,0,0,0,0,0,0,0,0
40323,1,1,0,21,0,0,0,0,0,0,0,0
40324,1,3,0,0,0,0,11,9,13,12,16,0
40325,1,1,0,0,0,0,0,0,0,0,0,0
40325,2,1,4,4,4,4,4,4,4,4,4,4
40325,3,1,0,0,0,23,0,0,0,0,0,0
40326,1,1,17,17,17,17,17,17,17,17,17,17
40327,1,1,0,0,0,0,0,0,0,0,0,0
40328,1,1,15,15,15,15,15,15,15,15,15,15
40330,0,1,36,36,36,36,36,36,36,36,36,36
40330,1,1,0,0,0,0,0,0,12,0,0,0
40331,1,1,0,0,0,0,0,0,0,0,0,0
40331,2,1,0,0,0,0,0,0,0,0,0,0
40332,1,1,0,0,0,0,0,0,0,0,0,0
40332,2,1,0,0,0,0,0,0,0,0,0,0
40332,3,1,0,0,0,0,0,0,0,0,0,0
40332,4,1,0,0,0,0,0,0,0,0,0,0
40333,1,1,0,0,0,0,0,0,0,0,0,0
40333,2,1,0,0,0,0,0,0,0,0,0,0
40334,1,1,6,6,6,6,6,6,6,6,6,6
40335,0,1,0,0,0,0,0,0,0,0,0,0
40335,1,1,0,21,0,0,15,0,0,0,0,0
40336,1,1,0,0,0,0,0,0,0,0,0,0
40337,1,1,0,0,0,0,0,0,0,0,0,0
40337,2,1,0,0,0,0,0,0,0,0,0,0
40338,1,1,13,18,27,13,15,3,31,12,8,28
40339,1,1,0,0,0,0,0,0,0,0,0,0
40341,1,1,25,25,25,25,25,25,25,25,25,25
40341,2,1,0,0,0,0,0,0,0,0,0,0
40341,3,1,0,23,0,11,0,0,29,15,0,0
40342,1,1,0,0,0,0,0,0,0,0,0,0
40343,1,1,0,0,0,0,0,0,0,0,0,0