ST_CASE,VEH_NO,PER_NO,P1,P2,P3,P4,P5,P6,P7,P8,P9,P10
40343,2,1,0,0,0,0,0,0,0,0,0,0
40344,1,1,0,0,0,0,0,0,0,0,0,0
40345,1,1,0,0,0,0,0,0,0,0,0,0
40346,1,1,0,0,0,0,0,0,0,0,0,0
40346,2,1,0,0,0,0,0,0,0,0,0,0
40346,3,1,0,0,0,0,0,0,0,0,0,0
40346,4,1,0,0,0,0,0,0,0,0,0,0
40347,1,1,0,0,0,0,0,0,0,0,0,0
40348,1,1,0,0,0,0,0,0,0,0,0,0
40348,2,1,0,0,0,0,0,0,0,0,0,0
40349,1,1,0,0,0,0,0,0,0,0,0,0
40349,2,1,0,0,0,0,0,0,0,0,0,0
40350,0,1,0,0,0,0,0,0,0,0,0,0
40350,1,1,0,0,0,0,0,0,0,0,0,0
40351,1,2,12,16,0,17,11,22,28,0,26,34
40352,1,1,16,16,16,16,16,16,16,16,16,16
40353,1,1,31,31,31,31,31,31,31,31,31,31
40353,2,1,0,0,18,0,0,0,0,0,0,0
40354,1,1,0,0,0,0,0,0,0,0,0,0
40354,2,1,0,0,0,0,0,0,0,0,0,0
40355,0,1,23,23,23,23,23,23,23,23,23,23
40355,1,1,22,0,0,0,25,15,11,0,0,5
40356,0,1,0,0,0,0,0,0,0,0,0,0
40356,1,1,0,0,0,0,0,0,0,0,0,0
40356,2,1,0,0,0,0,0,0,0,0,0,0
40357,1,1,0,0,0,0,0,0,0,0,0,0
40357,2,1,0,0,0,0,0,0,0,0,0,0
40358,1,1,20,20,20,20,20,20,20,20,20,20
40359,1,1,17,0,0,0,0,0,0,0,0,0
40359,2,1,0,0,0,0,0,0,0,0,0,0
40359,3,1,0,0,0,0,0,0,0,0,0,23
40360,0,1,0,0,0,0,0,0,0,0,0,0
40360,1,1,0,0,0,0,16,0,0,0,0,0
40360,2,1,0,27,0,0,17,0,0,0,0,0
40361,0,1,0,0,0,0,0,0,0,0,0,0
40361,1,1,9,7,0,0,10,17,0,15,0,17
40362,1,1,32,13,12,11,22,13,7,21,6,7
40363,1,1,0,0,0,0,0,0,0,15,0,0
40363,2,1,8,8,8,8,8,8,8,8,8,8
40364,1,1,0,0,0,0,0,0,0,0,0,0
40364,2,1,0,0,0,0,0,0,0,0,0,0
40365,1,1,0,0,0,0,0,0,0,0,21,0
40365,2,1,0,0,12,0,23,20,0,0,22,11
40366,0,1,0,0,0,0,0,0,0,0,0,0
40366,1,1,21,18,7,23,0,8,0,21,7,21
40367,1,1,0,0,0,0,0,0,0,0,0,0
40367,2,1,0,0,0,0,0,0,0,0,0,0
40368,0,1,32,32,32,32,32,32,32,32,32,32
40368,1,1,0,0,15,0,0,0,6,0,0,0
40369,0,1,0,0,0,0,0,0,0,0,0,0
40369,1,1,0,0,0,0,21,0,0,0,0,0
40370,1,1,17,17,17,17,17,17,17,17,17,17
40371,1,1,0,0,0,0,0,0,0,0,0,0
40371,2,1,0,0,0,0,0,0,0,0,0,0
40372,0,1,0,0,0,0,0,0,0,0,0,0
40372,1,1,0,0,0,0,0,0,0,0,0,0
40373,1,1,0,0,0,0,0,0,0,0,0,0
40375,1,1,21,21,21,21,21,21,21,21,21,21
40375,2,1,0,0,0,0,0,0,0,0,0,0
40376,1,1,0,0,0,27,0,0,0,0,12,23
40376,2,1,0,0,0,0,0,0,0,0,0,0
40377,0,1,0,0,0,0,0,0,0,0,0,17
40377,1,1,0,0,0,0,0,0,0,0,0,0
40378,1,1,0,0,0,0,0,0,0,0,0,0
40378,2,1,0,0,0,0,0,0,0,0,0,0
40379,1,1,0,0,0,0,0,0,0,0,0,0
40379,2,1,0,0,0,0,0,0,0,0,0,0
40380,1,1,0,0,0,0,0,0,0,0,0,0
40380,2,1,0,0,0,0,0,0,0,0,0,0
40381,1,1,0,0,0,8,0,0,0,0,0,0
40381,2,1,0,0,0,0,0,0,0,0,0,0
40382,1,1,16,16,16,16,16,16,16,16,16,16
40382,2,1,0,0,0,0,0,0,0,0,0,0
40383,1,1,19,19,19,19,19,19,19,19,19,19
40384,1,1,0,0,0,0,0,0,0,0,0,0
40385,1,1,6,6,6,6,6,6,6,6,6,6
40386,0,1,0,0,0,0,0,0,0,0,0,0
40386,1,1,0,0,0,0,0,0,0,0,0,0
40387,0,1,28,28,28,28,28,28,28,28,28,28
40387,1,1,26,28,0,23,0,0,19,9,0,0
40388,1,1,0,0,0,0,0,0,0,0,0,0
40389,0,1,0,0,0,0,0,0,0,0,0,0
40389,1,1,0,0,0,0,0,0,0,0,0,0
40390,1,1,2,2,2,2,2,2,2,2,2,2
40391,1,1,9,9,9,9,9,9,9,9,9,9
40392,1,1,22,11,10,34,17,13,31,14,11,5
40392,2,1,0,0,0,0,0,0,0,0,0,0
40392,3,1,15,15,4,15,9,0,11,7,47,25
40393,1,1,32,32,32,32,32,32,32,32,32,32
40394,1,1,0,0,0,0,0,0,0,0,0,0
40395,1,1,22,22,22,22,22,22,22,22,22,22
40396,0,1,0,0,0,16,0,0,0,0,0,16
40396,1,1,0,0,0,0,0,0,0,0,0,0
40397,1,1,0,0,0,0,0,0,0,0,0,0
40397,2,1,0,0,0,0,0,0,0,0,0,0
40398,1,1,0,0,0,0,0,0,0,0,0,0
40398,2,1,0,0,0,0,0,0,0,0,0,0
40399,1,1,0,0,0,0,0,0,0,0,0,0
40400,1,1,0,0,0,0,0,0,0,0,0,0
40401,1,1,0,0,0,0,0,0,0,0,0,0
40401,2,1,0,0,0,0,0,0,0,0,0,0
40402,1,1,0,0,0,0,0,0,0,0,0,0
40403,1,1,0,4,0,0,0,0,0,0,21,0
40403,2,1,0,0,0,0,0,0,23,0,0,0
40403,3,1,0,0,0,0,0,0,0,0,0,0
40404,0,1,0,21,38,0,0,24,0,20,14,0
40404,1,1,18,0,10,18,9,13,12,0,35,13
40405,1,1,0,0,0,0,0,0,0,0,0,0
40406,1,1,0,0,20,26,0,0,0,0,0,0
40407,0,1,0,2,31,0,0,0,0,0,17,0
40407,1,1,22,0,8,15,0,0,0,0,20,0
40408,0,1,19,19,19,19,19,19,19,19,19,19
40408,0,2,6,24,25,26,21,3,22,20,9,22
40408,1,1,0,0,0,0,0,0,0,0,0,0
40409,0,1,20,20,20,20,20,20,20,20,20,20
40409,1,1,0,0,0,0,0,0,0,0,0,17
40410,1,1,4,4,4,4,4,4,4,4,4,4
40411,0,1,0,17,0,0,12,27,0,28,10,0
40411,1,1,21,0,0,0,0,0,2,27,4,27
40412,1,1,16,16,16,16,16,16,16,16,16,16
40412,2,1,14,14,14,14,14,14,14,14,14,14
40413,0,1,0,0,0,0,0,0,0,5,0,11
40413,1,1,0,0,0,22,9,0,14,6,0,26
40414,0,1,0,0,0,0,0,0,0,0,0,0
40414,1,1,0,0,0,0,0,0,0,12,0,0
40415,0,1,33,33,33,33,33,33,33,33,33,33
40415,1,1,0,0,0,0,0,0,0,0,0,0
40416,1,1,22,22,22,22,22,22,22,22,22,22
40416,2,1,0,0,0,0,0,0,0,0,0,0
40416,3,1,0,0,0,11,0,0,0,23,0,0
40417,1,1,0,0,0,0,0,0,0,0,0,0
40418,1,1,0,0,0,0,0,0,0,0,0,0
40419,1,1,0,0,0,16,0,0,0,0,0,0
40419,2,1,21,0,0,0,0,0,0,0,0,0
40420,1,1,0,0,0,0,0,0,0,0,0,0
40421,1,1,0,0,0,0,0,0,0,0,0,0
40422,0,1,0,0,0,0,0,0,0,0,0,0
40422,1,1,0,0,0,0,0,0,0,0,0,0
40422,2,1,0,0,0,0,0,0,0,0,0,0
40423,1,1,0,0,0,0,0,0,0,0,0,0
40423,2,1,25,25,25,25,25,25,25,25,25,25
40424,1,1,0,0,0,0,0,0,0,0,0,0
40424,2,1,0,0,0,0,0,0,0,0,0,0
40425,0,1,0,0,0,0,0,0,0,0,0,0
40425,1,1,0,0,0,0,0,0,0,0,0,0
40426,0,1,29,29,29,29,29,29,29,29,29,29
40426,1,1,0,23,0,0,0,0,0,0,0,0
40427,1,1,12,33,12,7,9,19,14,5,14,15
40428,1,1,0,18,0,0,0,0,0,0,0,0
40429,1,1,0,0,0,0,0,0,0,0,0,0
40429,2,1,0,0,0,0,5,0,0,0,0,0
40429,3,1,0,0,0,0,0,0,0,0,0,0
40430,1,1,19,3,21,18,9,11,20,15,8,24
40430,2,1,0,0,0,0,0,0,0,0,0,0
40431,0,1,0,0,0,0,0,0,0,0,0,0
40431,1,1,0,0,14,0,0,0,0,0,0,0
40432,0,1,0,0,0,0,0,0,0,0,0,0
40432,1,1,0,0,0,0,0,0,0,0,0,0
40433,0,1,0,0,0,0,0,0,0,0,0,0
40433,1,1,0,0,0,0,0,0,0,0,0,0
40434,1,1,0,0,0,0,0,0,0,0,0,0
40434,2,1,0,0,0,0,23,0,0,0,0,0
40435,1,1,18,9,0,14,0,0,0,0,0,28
40435,2,1,0,0,6,8,0,0,0,0,0,12
40436,0,1,0,0,0,0,0,0,0,0,0,0
40436,1,1,17,0,0,0,0,0,0,0,0,0
40437,1,1,0,0,0,0,0,0,0,0,0,0
40437,2,1,0,0,0,0,0,0,0,0,0,0
40437,3,1,0,0,0,0,0,0,0,0,0,0
40437,4,1,0,25,0,0,0,0,0,0,0,0
40438,1,1,0,0,0,0,0,0,0,0,0,0
40439,1,1,20,20,20,20,20,20,20,20,20,20
40440,0,1,28,28,28,28,28,28,28,28,28,28
40440,1,1,18,13,6,19,0,0,0,7,0,5
40441,0,1,0,0,0,0,0,0,0,0,0,0
40441,1,1,0,0,0,0,0,0,0,0,0,0
40442,1,1,0,0,0,0,0,0,0,0,0,0
40442,2,1,0,0,0,0,0,0,0,0,0,0
40443,0,1,1,1,1,1,1,1,1,1,1,1
40443,1,1,0,0,0,0,0,0,0,0,0,0
40444,1,1,29,29,29,29,29,29,29,29,29,29
40445,1,1,19,19,19,19,19,19,19,19,19,19
40445,2,1,0,0,0,0,0,0,0,0,0,0
40446,1,1,0,0,0,0,0,0,0,0,0,0
40446,2,1,0,0,0,0,0,0,0,0,0,0
40447,1,1,15,15,15,15,15,15,15,15,15,15
40448,1,1,0,0,0,0,0,0,0,0,0,0
40449,1,1,0,0,0,0,0,13,0,6,0,0
40450,1,1,0,0,0,0,0,0,0,0,0,0
40450,2,1,0,0,0,0,0,0,0,0,0,0
40451,1,1,14,21,0,33,7,9,18,26,23,0
40452,1,1,13,27,42,20,12,10,19,0,3,25
40453,1,1,17,17,17,17,17,17,17,17,17,17
40453,2,1,0,0,0,0,0,0,0,0,0,0
40453,3,1,0,0,0,0,0,0,0,0,0,0
40453,4,1,0,0,0,0,0,0,0,0,0,0
40453,5,1,0,0,0,0,0,0,0,0,12,0
40454,0,1,2,2,2,2,2,2,2,2,2,2
40454,1,1,0,0,0,0,20,0,20,0,0,0
40455,1,1,0,0,0,0,0,0,0,0,0,0
40456,0,1,0,0,0,0,0,0,0,0,0,0
40456,1,1,0,0,0,0,0,0,0,13,0,0
40457,1,1,0,0,0,0,42,0,0,0,0,10
40457,2,1,0,23,0,0,0,0,0,0,7,0
40458,0,1,11,14,0,5,33,15,17,0,0,0
40458,1,1,0,0,13,0,0,0,0,0,0,13
40459,1,1,1,1,1,1,1,1,1,1,1,1
40459,2,1,0,0,0,0,0,0,0,0,0,0
40460,1,1,0,0,0,0,0,0,0,0,0,0
40460,2,1,0,0,0,0,0,0,0,0,0,0
40461,1,1,0,0,0,0,0,0,0,0,0,0
40461,2,1,12,0,0,0,0,0,0,0,0,0
40462,1,1,11,11,11,11,11,11,11,11,11,11
40462,2,1,0,0,0,0,0,0,0,0,0,0
40462,3,1,14,14,0,0,0,0,0,0,0,0
40463,1,1,0,0,0,0,0,0,0,0,0,0
40463,2,1,0,0,0,0,0,0,0,0,0,0
40463,3,1,0,0,0,0,0,0,0,0,0,0
40463,4,1,0,0,0,0,0,0,0,0,0,0
40464,1,1,0,0,0,0,0,0,0,0,0,0
40464,2,1,0,0,0,0,0,0,0,0,0,0
40465,1,1,20,20,20,20,20,20,20,20,20,20
40465,2,1,0,0,0,0,0,0,0,0,0,0
40466,1,1,0,0,0,0,0,0,0,0,0,0
40466,2,1,0,0,0,0,0,0,0,0,0,0
40467,1,1,7,7,7,7,7,7,7,7,7,7
40467,2,1,0,0,0,0,0,0,0,0,0,0
40468,0,1,0,0,0,0,0,0,0,0,0,0
40468,1,1,0,0,0,0,0,0,0,0,0,0
40469,0,1,0,0,0,0,0,0,0,0,0,0
40469,1,1,0,0,0,0,0,0,0,0,0,0
40470,1,1,3,3,3,3,3,3,3,3,3,3
40471,1,1,4,4,4,4,4,4,4,4,4,4
40472,1,1,0,0,0,0,0,0,18,0,0,0
40472,2,1,0,0,0,0,0,0,0,0,0,0
40473,1,1,0,0,0,0,0,0,0,0,0,0
40473,2,1,0,0,0,0,0,0,0,0,0,0
40474,1,1,0,0,0,0,0,0,0,0,0,0
40475,1,1,10,22,8,0,0,6,26,8,0,0
40476,1,1,0,0,0,0,0,0,0,0,0,0
40477,0,1,0,0,0,0,0,0,0,0,0,0
40477,1,1,0,0,0,15,0,0,0,0,0,22
40478,1,1,0,0,0,0,0,0,0,0,0,0
40478,2,1,0,0,0,0,0,0,0,0,0,0
40479,1,1,30,30,30,30,30,30,30,30,30,30
40480,1,1,0,0,0,0,0,0,0,0,0,0
40480,2,1,0,0,0,0,0,0,0,0,0,0
40480,3,1,0,0,0,0,0,0,0,0,0,0
40481,0,1,0,15,0,0,0,0,0,0,0,0
40481,0,2,0,0,0,0,0,0,0,0,0,0
40481,1,1,0,0,0,0,0,0,0,0,0,0
40482,1,1,0,0,0,0,0,0,0,0,0,0
40483,1,1,31,31,31,31,31,31,31,31,31,31
40483,2,1,0,0,0,0,0,0,10,0,6,2
40484,1,1,21,21,21,21,21,21,21,21,21,21
40485,1,1,23,23,23,23,23,23,23,23,23,23
40486,1,1,0,0,0,0,0,0,0,0,0,0
40487,0,1,25,25,25,25,25,25,25,25,25,25
40487,1,1,0,0,0,0,0,0,6,0,0,0
40488,1,1,0,0,0,0,0,0,0,0,0,0
40488,2,1,0,0,0,0,0,0,0,0,0,0
40489,1,1,0,0,0,0,0,0,0,0,0,0
40489,2,1,0,0,0,0,0,0,0,0,0,0
40490,0,1,14,14,14,14,14,14,14,14,14,14
40490,1,1,6,6,6,6,6,6,6,6,6,6
40491,1,1,0,0,0,0,0,0,0,0,0,0
40491,2,1,0,0,0,0,0,0,0,0,0,0
40491,3,1,0,0,0,0,0,0,0,0,0,0
40492,1,1,0,0,0,0,0,0,0,0,0,0
40493,1,1,0,0,0,0,0,0,0,0,0,0
40494,0,1,0,0,0,0,0,0,0,0,0,0
40494,1,1,13,0,0,0,0,0,0,10,0,0
40495,1,1,0,0,0,0,0,0,0,0,0,0
40495,2,1,0,0,0,0,0,18,0,0,15,0
40495,3,1,0,0,0,0,0,0,0,0,0,0
40495,4,1,4,0,0,0,0,0,0,0,0,0
40496,1,1,0,0,0,0,0,0,0,0,0,0
40496,2,1,0,0,0,0,6,0,0,0,0,0
40497,1,1,0,0,0,0,0,0,0,0,0,0
40497,2,1,0,0,0,0,0,0,0,0,0,0
40497,3,1,0,0,0,0,0,0,0,0,0,0
40497,4,1,0,0,0,0,0,0,0,0,0,0
40497,5,1,0,0,0,0,0,0,0,0,0,0
40497,6,1,0,0,0,0,0,0,0,0,0,0
40498,0,1,0,0,0,0,0,0,0,0,0,0
40498,1,1,0,0,0,0,0,0,0,0,0,17
40499,0,1,0,0,0,0,0,0,0,0,0,0
40499,1,1,0,0,0,0,0,0,0,0,0,19
40500,1,1,7,7,7,7,7,7,7,7,7,7
40500,2,1,0,11,0,0,0,0,0,0,0,0
40501,0,1,21,21,21,21,21,21,21,21,21,21
40501,1,1,0,0,0,0,0,0,0,0,0,0
40502,1,1,0,0,0,0,0,0,0,0,0,0
40502,2,1,0,0,0,0,0,0,0,0,0,0
40503,0,1,0,0,0,0,0,30,0,0,0,0
40503,1,1,18,13,7,18,5,9,14,14,2,21
40504,1,1,0,0,0,0,0,5,0,0,0,25
40504,2,1,0,0,0,0,0,0,0,0,0,0
40505,1,1,20,20,20,20,20,20,20,20,20,20
40506,1,1,22,22,22,22,22,22,22,22,22,22
40507,1,1,12,12,12,12,12,12,12,12,12,12
40507,2,1,17,17,17,17,17,17,17,17,17,17
40508,0,1,16,7,11,19,3,23,24,29,26,13
40508,1,1,0,0,0,0,0,0,0,0,11,0
40509,1,1,0,0,0,0,0,0,0,0,0,7
40509,2,1,0,0,0,0,38,0,0,0,0,0
40510,1,1,0,0,0,0,0,0,0,0,0,0
40510,2,1,0,0,0,0,0,0,0,0,0,0
40511,1,1,0,0,0,0,0,0,0,0,0,0
40512,1,1,10,10,10,10,10,10,10,10,10,10
40513,1,1,0,0,0,0,0,0,0,0,0,0
40514,1,1,30,30,30,30,30,30,30,30,30,30
40514,2,1,19,19,19,19,19,19,19,19,19,19
40515,1,1,0,0,0,0,0,0,0,0,0,0
40516,1,1,0,0,0,0,0,0,0,0,0,0
40516,2,1,0,0,0,0,0,0,0,0,0,0
40517,1,1,0,0,0,0,0,0,0,0,0,0
40517,2,1,7,7,7,7,7,7,7,7,7,7
40518,1,1,0,0,0,0,0,0,37,0,0,0
40518,2,1,0,0,0,0,0,0,0,0,0,0
40519,1,1,1,1,1,1,1,1,1,1,1,1
40520,1,1,0,0,0,0,0,0,0,0,0,0
40520,2,1,0,0,0,0,11,0,0,0,0,0
40521,1,1,0,0,0,0,0,0,0,0,0,0
40521,2,1,0,0,0,0,0,0,0,0,0,0
40522,1,1,0,0,0,0,0,0,0,0,0,0
40523,1,1,0,0,0,0,0,0,0,0,0,0
40524,1,1,0,18,0,0,0,0,0,0,0,0
40525,1,1,17,17,17,17,17,17,17,17,17,17
40525,2,1,0,0,0,0,0,0,0,0,0,0
40526,1,1,0,0,0,15,0,0,0,0,0,15
40527,1,1,0,0,0,0,0,0,0,0,0,0
40528,1,1,0,0,0,0,0,0,0,0,0,0
40529,1,1,0,0,0,0,0,0,0,0,0,0
40529,2,1,0,0,0,16,0,0,0,0,0,0
40529,3,1,0,0,10,17,0,0,17,0,0,0
40529,4,1,0,0,22,0,0,0,0,0,0,0
40529,5,1,8,33,0,0,0,43,0,0,0,0
40530,1,1,0,0,0,0,0,0,0,0,0,0
40530,2,1,0,0,0,0,0,0,0,0,0,0
40531,1,1,8,8,8,8,8,8,8,8,8,8
40531,2,1,8,8,8,8,8,8,8,8,8,8
40532,1,1,0,0,0,0,0,0,0,0,0,0
40533,1,1,0,0,0,0,0,0,0,0,0,0
40533,2,1,0,0,0,0,0,0,0,0,0,0
40534,1,1,0,14,11,0,0,19,0,13,20,17
40535,1,1,18,18,18,18,18,18,18,18,18,18
40535,2,1,0,0,0,0,0,0,0,0,0,0
40536,1,1,14,36,17,12,31,5,34,11,28,13
40537,1,1,30,16,15,0,19,8,0,16,20,11
40537,2,1,0,0,0,0,0,0,0,0,0,0
40538,0,1,0,0,0,0,0,0,0,0,0,0
40538,1,1,0,0,0,0,0,0,0,0,0,0
40539,0,1,9,9,9,9,9,9,9,9,9,9
40539,1,1,0,0,0,0,0,0,0,0,0,0
40540,0,1,0,27,0,34,25,23,0,13,0,37
40540,1,1,0,0,0,0,0,0,0,0,19,0
40541,1,1,0,0,0,0,0,0,0,0,0,0
40541,2,1,13,0,0,0,0,0,0,0,0,31
40542,1,1,0,0,0,0,0,0,0,0,0,0
40543,1,1,0,0,0,0,0,0,0,0,0,0
40544,1,1,0,0,0,0,0,0,0,0,0,0
40545,1,1,0,0,0,0,0,0,0,0,0,0
40546,1,1,13,13,13,13,13,13,13,13,13,13
40547,1,1,0,0,0,0,0,0,0,0,0,30
40547,2,1,0,0,0,0,0,0,0,0,0,0
40548,1,1,9,0,0,0,0,0,0,0,0,0
40548,2,1,0,0,0,0,0,0,0,0,0,0
40549,1,1,0,0,0,11,0,0,0,0,0,0
40549,2,1,0,0,0,0,0,0,0,0,0,0
40550,1,1,24,24,24,24,24,24,24,24,24,24
40551,1,1,18,18,18,18,18,18,18,18,18,18
40552,1,2,14,14,0,0,0,0,0,0,15,16
40553,1,1,0,0,15,0,0,0,19,0,0,23
40554,1,1,12,0,8,0,0,0,27,0,0,22
40555,0,1,7,7,7,7,7,7,7,7,7,7
40555,1,1,0,22,0,0,0,13,7,0,26,0
40556,1,1,0,0,0,16,0,0,0,0,0,0
40556,2,1,15,7,0,0,14,0,0,0,0,11
40557,1,1,0,0,0,0,0,0,0,0,0,0
40558,1,1,0,0,0,0,0,0,0,0,0,0
40558,2,1,0,0,0,0,0,0,0,0,0,0
40559,0,1,0,0,0,0,0,0,0,0,0,0
40559,1,1,0,0,19,15,0,0,0,0,0,0
40560,1,1,0,0,0,0,0,0,0,0,0,0
40561,1,1,0,0,0,0,0,0,0,0,0,0
40562,0,1,0,0,0,0,0,0,0,0,0,0
40562,1,1,15,12,6,17,34,24,30,16,0,26
40563,0,1,0,0,0,0,0,0,0,0,0,0
40563,1,1,29,0,22,0,0,0,6,0,0,0
40564,0,1,0,24,0,0,32,0,0,0,0,0
40564,1,1,0,0,0,0,0,0,0,0,0,0
40565,0,1,0,0,0,0,0,0,0,0,0,0
40565,1,1,19,19,19,19,19,19,19,19,19,19
40566,1,1,14,14,14,14,14,14,14,14,14,14
40566,2,1,0,0,0,0,0,13,0,0,0,0
40567,1,1,15,12,20,13,18,18,29,23,11,6
40568,0,1,39,23,10,0,0,0,20,0,37,0
40568,1,1,4,3,14,23,16,21,41,14,0,0
40569,1,1,0,0,0,0,0,0,0,0,0,0
40570,1,1,35,35,35,35,35,35,35,35,35,35
40570,2,1,0,0,0,0,0,0,0,0,0,0
40571,1,1,35,35,35,35,35,35,35,35,35,35
40572,1,1,15,15,15,15,15,15,15,15,15,15
40572,2,1,0,0,0,0,0,0,0,0,0,0
40573,1,1,16,16,16,16,16,16,16,16,16,16
40573,2,1,0,0,0,0,0,0,0,0,0,0
40574,1,1,0,0,0,0,0,0,0,0,0,0
40574,2,1,0,0,0,0,0,0,0,0,0,0
40575,1,1,22,22,22,22,22,22,22,22,22,22
40575,2,1,0,0,0,0,0,0,0,0,0,0
40576,1,1,18,18,18,18,18,18,18,18,18,18
40577,1,1,0,0,0,0,0,0,0,0,0,0
40578,1,1,0,0,0,0,35,0,0,0,0,0
40578,2,1,0,0,0,0,0,0,0,0,12,0
40579,0,1,25,25,25,25,25,25,25,25,25,25
40579,1,1,0,0,0,0,0,0,0,0,0,0
40580,1,1,0,0,0,0,0,0,0,0,0,0
40581,0,1,0,0,0,0,0,0,0,0,0,0
40581,1,1,0,21,13,0,0,0,9,0,0,0
40582,1,1,40,40,40,40,40,40,40,40,40,40
40583,1,1,0,0,0,0,0,0,0,0,0,0
40583,2,1,0,0,0,0,0,0,0,0,0,0
40584,1,1,0,0,0,0,0,0,0,0,0,11
40584,2,1,0,0,0,0,0,0,0,0,0,0
40585,1,1,0,0,0,0,0,0,0,0,0,0
40585,2,1,3,0,0,2,0,0,0,0,0,0
40587,1,1,0,0,0,0,0,0,0,0,0,0
40588,1,1,13,13,13,13,13,13,13,13,13,13
40589,0,1,0,0,0,0,0,0,0,0,0,0
40589,1,1,0,0,0,0,0,0,0,0,0,0
40590,1,1,0,0,0,0,0,0,0,0,0,0
40591,1,1,0,0,0,0,0,0,0,0,0,0
40591,2,1,0,0,0,0,0,0,0,0,0,0
40591,3,1,0,0,0,3,0,0,0,0,0,0
40591,4,1,0,0,0,0,15,0,0,0,0,0
40591,5,1,7,0,0,0,0,0,0,0,0,0
40592,1,1,0,0,0,0,0,0,0,0,0,0
40593,1,1,0,0,0,0,0,0,0,0,0,0
40594,0,1,22,22,22,22,22,22,22,22,22,22
40594,1,1,18,18,18,18,18,18,18,18,18,18
40595,1,1,19,19,19,19,19,19,19,19,19,19
40596,1,1,0,0,15,0,0,0,22,0,0,0
40596,2,1,0,0,0,0,0,0,0,0,0,0
40597,0,1,0,0,0,0,0,0,0,0,0,0
40597,1,1,0,0,0,0,0,0,0,0,0,0
40597,2,1,0,0,0,0,0,0,0,0,0,0
40597,3,1,0,0,0,0,0,0,0,0,0,20
40597,4,1,0,14,0,0,0,0,0,0,9,0
40598,1,1,0,0,0,0,0,0,0,0,0,0
40599,1,1,0,0,21,0,0,0,0,0,0,0
40600,1,2,0,0,0,9,0,0,0,0,0,0
40601,1,1,0,0,0,0,0,0,0,0,0,0
40601,2,1,0,0,0,0,0,0,0,0,0,0
40602,1,1,0,0,0,0,0,25,0,0,0,0
40602,2,1,0,0,0,0,10,0,0,0,0,0
40603,1,1,0,0,0,0,0,0,0,0,0,0
40604,1,1,2,2,2,2,2,2,2,2,2,2
40605,1,1,0,0,0,0,0,0,0,0,0,0
40605,2,1,0,0,0,0,0,0,0,0,0,0
40606,1,1,0,41,0,0,0,0,0,0,0,0
40606,2,1,0,0,0,0,0,0,0,0,0,0
40607,0,1,0,0,0,0,0,0,0,0,0,0
40607,1,1,0,0,0,0,0,0,0,0,0,0
40608,1,1,3,3,3,3,3,3,3,3,3,3
40608,2,1,0,0,0,0,0,0,0,0,0,0
40609,0,1,0,0,14,0,21,6,10,0,0,0
40609,1,1,0,0,0,0,0,0,0,0,0,0
40610,1,1,22,22,22,22,22,22,22,22,22,22
40610,2,1,2,2,2,2,2,2,2,2,2,2
40611,1,1,0,0,0,0,0,0,0,0,0,0
40611,2,1,0,0,0,0,0,0,0,0,0,0
40612,0,1,0,0,0,0,0,0,0,0,0,0
40612,1,1,0,0,0,0,13,0,0,38,0,0
40613,1,1,14,14,14,14,14,14,14,14,14,14
40613,2,1,0,0,0,0,0,0,0,0,0,0
40614,1,1,0,0,0,0,0,0,0,23,0,0
40614,2,1,17,17,17,17,17,17,17,17,17,17
40615,0,1,13,25,0,3,0,16,0,0,9,0
40615,1,1,0,0,0,0,0,0,0,0,0,0
40616,1,1,31,31,31,31,31,31,31,31,31,31
40616,2,1,0,0,0,0,0,0,0,0,0,0
40617,0,1,0,0,0,0,22,10,0,0,0,0
40617,1,1,0,0,0,0,0,0,0,0,0,0
40618,1,1,2,2,2,2,2,2,2,2,2,2
40619,0,1,0,0,0,0,0,0,0,0,0,0
40619,1,1,11,32,0,0,0,7,0,0,23,16
40620,1,1,0,0,0,0,0,0,0,0,0,0
40620,2,1,0,0,0,0,15,0,0,0,0,5
40621,0,1,0,16,27,0,0,0,0,0,0,0
40621,1,1,0,0,0,0,0,4,0,0,0,0
40622,1,1,0,0,0,0,0,0,0,0,0,0
40622,2,1,0,0,8,0,0,0,0,0,0,0
40623,0,1,0,0,0,0,0,0,0,0,0,0
40623,1,1,5,18,0,6,15,0,0,0,18,21
40624,1,1,0,0,0,0,0,0,0,0,0,0
40625,1,1,0,0,0,0,0,0,0,0,0,0
40626,1,1,0,0,0,0,0,0,0,0,0,1
40626,2,1,0,0,0,0,0,0,0,0,0,0
40627,0,1,0,0,0,0,0,0,0,0,0,0
40627,1,1,14,0,13,29,12,2,0,0,14,16
40628,1,1,4,4,4,4,4,4,4,4,4,4
40628,2,1,0,0,0,0,0,0,0,10,18,0
40629,1,1,0,0,0,0,0,0,0,0,0,0
40629,2,1,0,0,0,3,0,10,30,0,0,0
40630,1,1,30,30,30,30,30,30,30,30,30,30
40631,1,1,25,25,25,25,25,25,25,25,25,25
40632,1,1,0,0,0,0,0,0,0,0,0,0
40632,2,1,0,0,0,0,0,0,0,0,0,0
40633,1,1,0,0,0,0,0,0,0,0,0,0
40633,2,1,9,0,0,0,0,0,0,0,0,0
40634,1,1,0,0,0,0,0,0,0,0,0,0
40634,2,1,0,0,0,0,0,0,0,0,0,0
40634,3,1,0,0,0,0,0,0,0,0,0,0
40635,1,1,0,0,0,0,0,0,0,0,0,0
40636,1,1,0,0,0,10,0,0,0,0,0,10
40636,2,1,0,0,0,0,0,0,0,0,0,0
40637,1,1,15,15,15,15,15,15,15,15,15,15
40638,1,1,20,20,20,20,20,20,20,20,20,20
40638,2,1,0,0,0,0,0,0,0,0,0,0
40639,1,1,0,0,0,0,0,0,0,0,0,0
40639,2,1,0,0,0,0,0,0,0,0,0,0
40640,1,1,9,9,9,9,9,9,9,9,9,9
40642,0,1,0,0,0,0,0,0,0,0,0,0
40642,1,1,0,0,0,0,0,0,0,0,0,0
40643,1,1,0,0,0,0,0,0,0,0,0,0
40643,2,1,0,0,0,0,0,0,0,15,0,0
40644,1,1,0,0,0,0,0,0,0,0,0,0
40645,0,1,0,0,0,0,0,0,0,0,0,0
40645,0,2,0,0,0,0,0,0,0,0,0,0