ST_CASE,VEH_NO,PER_NO,P1,P2,P3,P4,P5,P6,P7,P8,P9,P10
40645,1,1,13,0,0,0,0,0,0,0,0,0
40646,0,1,0,0,0,0,0,0,0,0,0,0
40646,1,1,0,0,0,0,0,0,0,0,0,0
40647,1,1,21,21,21,21,21,21,21,21,21,21
40648,1,1,0,0,0,0,0,0,0,0,0,0
40648,2,1,0,0,0,0,0,0,0,0,0,0
40649,1,1,14,5,15,41,15,30,11,8,12,0
40650,0,1,25,25,25,25,25,25,25,25,25,25
40650,1,1,8,18,18,17,27,25,0,10,20,0
40651,1,1,0,0,0,0,0,0,0,0,0,0
40652,1,1,18,18,18,18,18,18,18,18,18,18
40652,2,1,0,0,0,25,0,11,0,0,0,0
40655,0,1,0,0,0,0,0,0,0,0,0,0
40655,1,1,0,16,7,9,0,0,11,0,0,0
40656,1,1,0,0,7,5,5,21,10,7,2,8
40656,2,1,0,0,0,0,0,0,0,0,0,9
40657,1,1,0,10,0,0,0,0,0,30,0,0
40657,2,1,0,25,0,0,0,0,0,0,0,0
40658,0,1,11,11,11,11,11,11,11,11,11,11
40658,1,1,0,0,0,0,0,0,0,0,0,0
40659,0,1,16,16,16,16,16,16,16,16,16,16
40659,1,1,0,4,0,5,0,0,0,0,0,13
40660,1,1,0,0,0,0,0,0,0,0,0,0
40661,1,1,20,20,20,20,20,20,20,20,20,20
40662,0,1,0,0,0,0,0,0,0,0,0,0
40662,1,1,23,23,23,23,23,23,23,23,23,23
40662,2,1,0,17,18,0,19,0,17,0,0,0
40662,3,1,0,0,4,0,0,0,0,0,0,12
40663,0,1,0,0,0,13,0,30,0,0,0,35
40663,1,1,0,0,0,0,0,0,0,0,0,0
40664,1,1,20,12,6,9,13,8,10,20,18,13
40664,2,1,18,0,0,0,0,0,0,0,0,10
40665,1,2,12,11,6,13,4,18,17,0,17,31
40666,0,1,0,0,0,0,0,0,0,0,0,0
40666,1,1,0,0,0,0,0,0,0,0,0,0
40667,1,1,0,0,0,0,0,0,0,0,0,0
40667,2,1,0,0,0,0,0,0,0,0,0,0
40668,1,1,0,0,0,0,0,0,0,0,0,0
40668,2,1,0,0,0,0,0,0,0,0,0,0
40669,1,1,0,0,15,0,0,10,30,21,0,0
40670,1,1,0,0,0,0,0,0,0,0,0,0
40670,2,1,7,7,7,7,7,7,7,7,7,7
40670,3,1,0,0,0,0,0,0,0,0,0,0
40671,1,1,0,0,0,0,0,0,0,0,0,0
40671,2,1,0,0,0,0,0,0,0,0,0,0
40672,1,1,0,0,0,0,23,10,0,5,0,0
40672,2,1,26,22,6,0,0,25,10,0,4,0
40673,1,1,0,0,0,0,0,15,0,0,0,0
40673,2,1,0,0,0,0,12,0,0,0,0,0
40674,1,1,19,19,19,19,19,19,19,19,19,19
40674,2,1,0,0,0,0,0,0,0,0,0,0
40674,3,1,0,0,0,0,0,0,0,8,0,0
40674,4,1,0,0,0,0,0,8,0,0,0,0
40675,0,1,15,15,15,15,15,15,15,15,15,15
40675,1,1,0,5,0,25,0,27,0,12,0,26
40676,0,1,0,0,0,0,0,0,0,0,0,0
40676,1,1,0,0,0,0,0,0,0,0,0,0
40677,1,1,0,0,0,0,0,0,0,0,0,0
40677,2,1,0,0,0,0,0,0,0,0,0,0
40678,1,1,19,6,20,30,0,27,22,0,0,15
40679,1,1,0,0,0,0,0,0,0,0,0,0
40679,2,1,0,0,0,0,0,0,9,0,0,0
40680,0,1,3,3,3,3,3,3,3,3,3,3
40680,1,1,7,0,0,0,0,7,26,0,0,0
40681,1,1,19,19,19,19,19,19,19,19,19,19
40682,1,1,4,4,4,4,4,4,4,4,4,4
40683,1,1,0,0,0,0,0,0,0,0,0,0
40684,0,1,22,21,35,18,15,23,12,20,23,5
40684,1,1,0,0,0,0,0,0,0,0,0,0
40684,2,1,0,9,0,0,0,0,0,0,0,0
40685,1,1,0,0,0,0,0,20,0,0,0,0
40685,2,1,12,0,8,0,17,15,0,0,41,0
40686,0,1,0,0,0,0,0,0,0,0,0,0
40686,1,1,0,0,0,0,0,0,0,0,0,0
40687,1,1,0,0,0,0,0,0,0,0,0,0
40687,2,1,0,0,0,0,1,0,0,0,0,0
40688,1,1,24,15,0,0,0,0,0,0,0,0
40689,1,1,15,15,15,15,15,15,15,15,15,15
40690,0,1,0,0,0,0,0,0,0,0,0,0
40690,1,1,0,0,0,0,0,0,0,0,0,0
40691,1,1,8,8,8,8,8,8,8,8,8,8
40691,2,1,0,0,0,0,0,0,0,0,0,0
40692,1,1,0,0,6,0,0,0,0,0,0,0
40693,1,1,0,0,0,0,0,0,0,0,0,0
40694,1,1,0,0,0,0,0,0,0,0,0,0
40694,2,1,0,0,0,0,0,0,0,0,0,0
40695,1,1,0,0,0,0,0,0,0,0,0,0
40695,2,1,0,0,0,0,0,0,0,0,0,0
40695,3,1,0,0,0,0,0,0,0,0,0,0
40696,0,1,34,34,34,34,34,34,34,34,34,34
40696,1,1,0,0,0,2,0,5,0,0,0,0
40697,1,1,17,17,17,17,17,17,17,17,17,17
40698,1,1,0,0,0,0,0,0,0,0,0,0
40699,1,1,0,0,0,0,0,0,0,0,0,0
40699,2,1,7,7,7,7,7,7,7,7,7,7
40700,1,1,23,15,22,28,25,21,10,9,15,7
40700,2,1,3,3,3,3,3,3,3,3,3,3
40700,3,1,0,0,16,0,0,0,0,12,0,0
40700,4,1,0,0,0,0,0,0,0,0,0,0
40700,5,1,9,0,0,0,0,0,0,0,0,15
40701,0,1,0,0,0,0,0,0,0,0,0,0
40701,1,1,0,22,0,0,0,0,9,15,5,0
40702,1,1,34,34,34,34,34,34,34,34,34,34
40702,2,1,0,0,0,0,0,0,0,0,0,0
40703,0,1,0,0,0,28,0,41,0,0,11,0
40703,1,1,0,0,0,0,0,0,0,0,0,0
40704,1,1,0,0,0,0,0,0,0,0,0,0
40704,2,1,0,0,0,0,0,0,0,0,0,0
40705,1,1,0,0,0,0,0,0,0,0,0,0
40706,1,1,0,0,0,0,0,0,0,0,0,0
40706,2,1,0,0,0,0,0,0,0,0,0,0
40707,1,1,0,0,0,0,0,0,0,0,0,24
40708,0,1,35,35,35,35,35,35,35,35,35,35
40708,1,1,0,0,0,0,0,0,0,0,0,0
40709,1,1,0,0,0,0,0,0,0,0,0,0
40710,1,1,0,0,0,0,0,0,0,0,0,0
40710,2,1,0,0,0,0,0,0,0,0,0,0
40711,1,1,8,8,8,8,8,8,8,8,8,8
40712,1,1,0,3,0,0,0,0,28,0,0,8
40713,1,1,0,6,0,0,0,0,0,0,0,0
40714,1,1,0,0,0,0,0,0,0,0,0,0
40715,1,1,0,0,0,0,0,0,0,0,0,0
40715,3,1,0,0,0,0,0,0,0,0,0,0
40715,4,1,0,0,0,0,0,0,0,0,6,0
40715,5,1,0,0,0,0,0,0,0,0,0,0
40715,6,1,16,13,20,0,0,0,0,0,0,0
40715,7,1,0,0,0,0,0,0,0,0,0,0
40715,8,1,0,0,0,0,0,0,0,0,0,0
40715,9,1,0,0,0,0,0,0,0,0,0,0
40715,10,1,0,0,0,0,0,0,0,0,0,0
40715,11,1,0,0,0,0,0,20,0,0,0,0
40716,1,1,0,0,0,0,0,0,0,0,0,0
40716,2,1,37,0,0,0,0,0,0,0,0,0
40716,3,1,0,0,0,0,0,0,0,0,0,0
40717,1,1,13,13,13,13,13,13,13,13,13,13
40718,0,1,14,14,14,14,14,14,14,14,14,14
40718,1,1,0,0,0,0,0,0,0,0,0,0
40719,0,1,0,0,0,0,0,0,0,0,0,0
40719,0,2,0,0,0,0,0,0,0,0,0,0
40719,1,1,0,0,0,0,0,0,0,0,0,0
40720,1,1,21,21,21,21,21,21,21,21,21,21
40721,1,1,3,3,3,3,3,3,3,3,3,3
40721,2,1,0,23,0,0,0,0,0,0,0,0
40722,1,1,0,0,0,0,0,0,0,0,0,0
40722,2,1,0,0,0,0,0,0,0,0,0,0
40723,1,1,0,0,0,0,0,0,0,0,0,0
40724,1,1,0,0,0,0,0,0,0,0,0,0
40725,1,1,0,0,0,0,0,0,0,0,0,0
40725,2,1,0,0,0,0,0,0,0,0,0,22
40727,1,1,39,39,39,39,39,39,39,39,39,39
40728,1,1,0,0,0,0,0,0,0,0,0,0
40729,0,1,23,10,13,14,7,29,20,28,13,13
40729,1,1,0,0,0,0,0,0,0,0,0,0
40729,2,1,0,0,0,0,0,0,0,0,0,0
40730,1,1,0,13,0,0,0,0,0,0,0,0
40730,2,1,0,0,0,0,0,0,0,0,0,0
40731,0,1,0,0,0,0,0,0,0,0,0,0
40731,1,1,0,0,0,0,0,0,0,0,0,0
40732,0,1,13,22,17,0,0,0,24,29,20,38
40732,1,1,0,0,0,0,0,0,0,0,0,0
40733,0,1,0,19,0,0,0,0,0,0,0,0
40733,0,2,0,0,0,3,0,0,0,0,0,0
40733,1,1,0,0,0,0,0,0,0,0,0,6
40734,0,1,0,0,0,0,0,0,0,0,0,0
40734,1,1,10,10,10,10,10,10,10,10,10,10
40735,0,1,28,28,28,28,28,28,28,28,28,28
40735,1,1,0,0,0,0,0,0,0,0,0,0
40736,1,1,12,9,15,19,5,8,6,10,21,10
40737,2,1,0,0,0,0,0,0,0,0,0,0
40738,1,2,0,22,0,13,13,18,12,16,18,14
40739,1,1,13,0,12,0,15,22,0,24,0,19
40739,2,1,0,0,0,6,6,0,0,10,7,0
40740,1,1,0,0,0,0,0,0,0,0,17,0
40741,1,1,0,0,0,0,0,0,0,0,0,0
40741,2,1,0,0,0,0,0,0,0,0,0,0
40742,0,1,29,29,29,29,29,29,29,29,29,29
40742,1,1,0,0,0,0,0,0,0,0,0,0
40743,0,1,16,0,0,6,18,0,8,0,0,45
40743,1,1,0,0,0,0,0,0,0,0,24,0
40744,1,1,0,0,0,0,0,0,0,0,0,20
40744,2,1,0,0,0,0,0,0,0,0,0,0
40745,0,1,0,0,0,0,0,0,0,0,0,0
40745,1,1,18,55,0,11,10,16,0,0,0,21
40746,1,1,0,0,0,0,0,0,0,0,0,0
40747,1,2,21,30,3,0,15,0,21,5,14,21
40748,0,1,15,0,0,0,0,0,0,19,0,0
40748,1,1,0,0,0,0,0,0,0,0,0,0
40749,0,1,29,29,29,29,29,29,29,29,29,29
40749,1,1,0,0,0,0,0,0,0,0,0,0
40750,1,1,0,0,0,0,0,0,0,0,0,0
40750,2,1,0,0,0,0,0,0,0,0,0,0
40752,1,1,2,2,2,2,2,2,2,2,2,2
40752,2,1,0,0,0,0,0,0,0,0,0,0
40753,0,1,0,0,0,0,0,0,0,0,0,0
40753,1,1,0,0,11,0,0,0,0,0,0,0
40754,0,1,0,0,22,0,16,21,17,0,0,0
40754,1,1,22,22,22,22,22,22,22,22,22,22
40756,0,1,29,29,29,29,29,29,29,29,29,29
40756,1,1,0,0,0,0,0,0,0,0,0,0
40757,0,1,16,16,16,16,16,16,16,16,16,16
40757,1,1,0,0,0,0,16,0,0,0,0,0
40758,0,1,0,0,0,0,0,0,0,0,0,0
40758,0,2,0,0,0,0,0,14,0,0,41,0
40758,1,1,0,28,0,0,0,0,0,9,0,0
40759,1,1,0,0,0,0,0,0,0,0,0,0
40759,2,1,0,0,0,0,0,0,0,0,0,0
40760,0,1,0,25,0,12,7,26,21,0,18,0
40760,1,1,21,0,0,0,0,0,0,0,0,0
40761,0,1,0,0,0,0,0,0,0,0,0,0
40761,1,1,0,0,0,0,0,0,0,0,0,0
40762,0,1,0,0,0,0,0,0,0,0,0,0
40762,1,1,18,14,27,25,16,0,9,0,17,4
40763,0,1,29,0,23,23,0,11,0,18,0,26
40763,1,1,6,6,6,6,6,6,6,6,6,6
40764,0,1,0,0,0,0,0,0,0,0,10,0
40764,1,1,0,0,0,0,0,0,0,0,0,0
40765,1,1,0,0,0,0,0,0,0,0,0,0
40765,2,1,0,0,0,0,0,0,0,0,0,0
40765,3,1,0,0,0,0,0,0,0,0,0,0
40766,1,1,0,0,0,0,0,0,0,0,0,0
40766,2,1,0,0,0,0,0,0,0,0,0,0
40767,1,1,17,17,17,17,17,17,17,17,17,17
40767,2,1,0,0,0,0,0,0,0,0,0,0
40768,0,1,0,0,0,0,0,0,0,0,0,0
40768,1,1,27,27,27,27,27,27,27,27,27,27
40769,1,1,0,0,0,8,10,7,14,27,0,11
40770,1,1,0,0,0,0,0,0,0,0,0,0
40770,2,1,0,0,0,0,0,0,9,0,0,0
40770,3,1,0,0,0,0,0,0,0,0,0,0
40771,1,1,0,0,0,0,0,0,0,0,0,0
40771,2,1,0,0,0,0,0,0,0,0,0,0
40772,1,1,0,0,0,0,0,0,0,0,0,0
40773,1,1,0,0,0,0,0,0,0,0,0,0
40773,2,1,0,0,0,0,0,0,0,0,0,0
40774,0,1,18,18,18,18,18,18,18,18,18,18
40774,1,1,7,7,7,7,7,7,7,7,7,7
40774,2,1,0,0,0,0,0,0,18,0,0,0
40775,0,1,0,0,0,0,0,0,0,0,0,0
40775,1,1,0,0,0,0,0,0,0,0,0,0
40776,0,1,10,25,0,11,21,17,8,18,26,0
40776,0,2,4,4,4,4,4,4,4,4,4,4
40776,1,1,0,0,0,0,0,0,0,0,0,0
40777,1,1,23,0,18,0,10,0,35,3,9,14
40777,2,1,0,0,0,0,0,0,0,0,0,0
40778,0,1,0,0,0,0,0,0,0,0,0,0
40778,1,1,0,0,0,0,15,0,0,0,0,0
40779,1,1,0,0,0,0,0,0,0,0,0,0
40779,2,1,0,0,0,0,0,0,0,0,0,0
40780,1,1,0,0,0,0,0,0,0,0,0,0
40780,2,1,0,0,0,0,0,0,0,0,0,0
40781,0,1,0,0,32,12,0,21,0,0,0,0
40781,1,1,0,0,8,0,19,0,0,0,0,0
40782,1,1,14,14,14,14,14,14,14,14,14,14
40783,1,1,24,24,24,24,24,24,24,24,24,24
40783,2,1,0,15,9,14,12,0,5,0,0,0
40784,1,1,0,0,0,0,0,0,0,0,0,0
40785,0,1,25,25,25,25,25,25,25,25,25,25
40785,1,1,0,0,0,0,0,0,0,0,0,0
40786,1,1,0,0,0,0,0,0,0,0,0,0
40787,1,1,0,11,20,0,13,22,0,20,0,0
40788,1,1,0,0,0,0,0,0,0,0,0,0
40788,2,1,18,0,0,0,0,0,0,0,0,0
40789,1,1,0,0,0,0,0,0,0,0,0,0
40789,2,1,0,0,0,0,0,0,0,0,0,0
40790,1,1,0,0,0,0,0,0,0,0,0,0
40790,2,1,0,0,0,0,0,11,0,0,0,0
40790,3,1,0,0,0,0,0,0,0,0,0,0
40790,4,1,0,0,0,0,0,30,0,0,0,0
40791,1,1,0,0,0,0,0,0,0,0,0,0
40791,2,1,0,0,0,0,0,0,0,0,0,0
40792,1,1,0,0,0,0,0,0,0,0,0,0
40792,2,1,0,0,0,0,0,0,0,0,0,0
40793,0,1,0,0,0,0,0,0,0,0,0,0
40793,1,1,0,0,0,0,0,0,0,0,0,0
40794,1,1,0,0,0,0,0,0,0,0,0,0
40794,2,1,0,0,0,0,0,0,0,0,0,0
40795,1,1,0,0,0,0,0,0,0,0,0,0
40795,2,1,0,0,0,0,0,0,0,0,0,0
40795,3,1,0,0,0,0,0,0,0,0,0,0
40795,4,1,0,0,0,0,8,0,0,0,0,0
40795,5,1,0,0,0,0,0,0,0,0,0,0
40796,0,1,0,0,0,0,0,0,0,0,0,0
40796,1,1,0,0,0,0,0,0,0,0,0,0
40797,1,1,23,23,23,23,23,23,23,23,23,23
40798,1,1,0,0,0,0,0,0,0,0,0,0
40799,0,1,20,20,20,20,20,20,20,20,20,20
40799,1,1,0,0,0,0,0,0,0,0,0,0
40801,1,1,0,0,0,0,0,0,0,0,0,0
40801,2,1,0,0,0,0,0,0,0,0,0,0
40802,1,1,0,11,0,0,0,0,0,0,0,19
40803,1,1,0,0,0,6,0,0,0,0,0,0
40804,1,1,0,0,0,0,12,0,0,0,0,0
40805,1,1,3,3,3,3,3,3,3,3,3,3
40805,2,1,0,0,0,0,0,0,0,0,0,0
40805,3,1,0,0,0,0,0,0,0,0,0,0
40806,1,1,0,0,0,0,0,0,0,0,0,0
40807,1,1,9,9,9,9,9,9,9,9,9,9
40808,1,1,2,0,0,0,0,0,0,0,0,0
40808,2,1,0,0,0,0,0,0,0,0,0,0
40809,1,1,0,0,0,0,0,0,0,0,0,0
40809,2,1,0,0,0,0,0,0,0,0,0,0
40810,1,1,28,19,18,0,0,0,0,25,13,11
40811,1,1,10,10,10,10,10,10,10,10,10,10
40811,2,1,0,0,0,0,0,0,0,0,0,0
40812,1,1,26,26,26,26,26,26,26,26,26,26
40813,1,1,23,23,23,23,23,23,23,23,23,23
40813,2,1,0,0,0,0,0,0,0,0,0,0
40814,0,1,20,20,20,20,20,20,20,20,20,20
40814,1,1,0,9,32,0,25,4,31,8,23,0
40815,1,1,17,17,17,17,17,17,17,17,17,17
40816,1,1,0,0,0,0,0,0,0,0,0,0
40817,1,1,0,0,22,0,0,0,0,0,0,0
40818,1,1,17,17,17,17,17,17,17,17,17,17
40818,2,1,6,0,0,0,0,0,0,0,0,26
40819,1,1,2,2,2,2,2,2,2,2,2,2
40819,2,1,0,0,23,0,0,0,0,0,0,21
40820,1,1,0,0,0,0,0,0,0,0,0,0
40820,2,1,0,0,0,0,0,0,0,0,0,0
40821,1,1,0,13,0,0,0,0,18,0,0,0
40821,2,1,0,0,0,0,0,0,0,0,0,0
40822,1,1,0,0,0,0,0,0,0,0,0,0
40822,2,1,0,0,0,0,0,0,0,0,0,0
40823,1,1,0,0,0,0,0,0,0,0,0,0
40823,2,1,0,0,0,0,0,0,0,0,0,0
40824,1,1,0,0,19,0,0,0,0,0,0,0
40825,1,1,23,23,23,23,23,23,23,23,23,23
40826,1,1,0,0,0,0,0,0,0,0,0,0
40826,2,1,0,0,0,0,0,0,0,0,0,0
40827,1,1,12,12,12,12,12,12,12,12,12,12
40827,2,1,0,0,0,0,0,0,0,0,0,0
40828,1,1,0,0,0,0,0,0,0,0,0,0
40828,2,1,5,5,5,5,5,5,5,5,5,5
40828,3,1,0,0,0,0,0,0,0,0,0,0
40828,4,1,0,0,0,0,0,0,5,0,0,0
40828,5,1,0,0,0,0,0,0,12,0,0,0
40828,6,1,0,0,0,23,16,0,0,0,0,5
40829,1,1,0,0,0,0,0,0,0,0,0,0
40829,2,1,0,12,0,0,0,0,0,0,0,0
40830,1,1,0,0,0,0,0,0,0,0,0,0
40830,2,1,0,0,0,0,0,0,0,0,0,0
40831,1,1,0,0,0,0,0,0,0,0,0,0
40831,7,1,0,0,0,0,0,0,0,0,0,0
40832,1,1,0,0,0,0,0,0,0,0,0,0
40832,2,1,0,0,0,0,0,0,0,0,0,0
40832,3,1,0,0,0,0,0,0,0,0,0,0
40833,0,1,26,26,26,26,26,26,26,26,26,26
40833,1,1,0,0,0,0,0,0,0,19,0,10
40834,1,1,0,0,0,0,0,0,0,0,0,0
40834,2,1,0,0,0,0,0,0,0,0,0,0
40835,0,1,0,0,0,0,0,0,0,0,0,13
40835,1,1,0,0,0,0,0,0,0,0,0,0
40836,1,1,0,0,0,0,0,0,0,26,0,0
40836,2,1,0,0,0,0,0,0,0,0,0,0
40837,1,1,0,0,0,0,0,0,0,0,0,0
40837,2,1,0,0,0,0,0,0,0,0,0,0
40838,1,1,0,0,0,0,0,0,0,0,0,0
40839,0,1,0,0,0,0,0,0,0,0,21,0
40839,1,1,2,0,0,0,0,0,0,0,0,28
40840,1,1,0,0,0,0,0,4,0,0,0,0
40840,2,1,0,0,0,0,0,0,0,0,0,0
40840,3,1,0,0,0,0,0,0,0,0,0,0
40841,1,1,0,0,14,0,0,0,0,0,0,0
40842,1,1,19,19,19,19,19,19,19,19,19,19
40843,1,1,0,0,0,0,0,0,0,0,0,0
40844,0,1,0,0,0,0,0,0,0,0,20,0
40844,1,1,0,0,0,0,0,0,0,0,0,0
40845,1,1,0,0,8,0,0,0,0,0,0,0
40845,2,1,0,0,0,0,0,0,0,0,0,0
40846,0,1,7,0,0,0,0,22,0,0,0,0
40846,0,2,0,0,0,0,0,0,0,0,0,0
40846,1,1,0,0,0,0,0,0,0,0,0,0
40847,0,1,13,0,0,0,0,0,0,0,0,0
40847,1,1,11,0,17,20,15,19,0,27,5,0
40848,0,1,0,18,0,0,0,0,0,0,0,0
40848,1,1,0,0,0,0,0,0,0,0,0,0
40850,1,1,0,0,0,0,0,0,0,0,0,0
40850,2,1,0,0,0,0,0,0,0,9,0,0
40851,0,1,0,0,0,28,0,0,0,8,25,18
40851,1,1,3,3,3,3,3,3,3,3,3,3
40852,0,1,0,0,0,0,0,0,0,0,0,0
40852,1,1,8,8,8,8,8,8,8,8,8,8
40853,1,1,0,0,0,0,0,0,0,0,0,0
40853,2,1,0,0,0,0,0,0,0,0,0,0
40854,0,1,0,0,0,0,0,0,0,0,0,0
40854,0,2,0,0,0,0,0,0,0,0,0,0
40854,1,1,0,0,0,0,0,0,20,0,0,0
40855,0,1,11,11,11,11,11,11,11,11,11,11
40855,1,1,0,0,0,0,0,0,0,0,0,0
40856,1,1,13,17,16,20,31,12,33,31,20,15
40857,1,1,0,0,0,0,0,0,0,0,0,0
40857,2,1,0,0,0,0,0,0,0,0,0,0
40858,1,1,7,0,5,19,10,20,9,0,16,0
40858,2,1,0,0,0,0,0,0,0,0,0,0
40859,1,1,11,11,11,11,11,11,11,11,11,11
40860,0,1,5,17,0,0,0,0,0,17,12,0
40860,0,2,0,0,0,0,0,0,0,0,0,0
40860,0,3,19,0,0,6,0,0,0,0,0,0
40860,1,1,0,5,25,10,10,0,0,0,0,0
40861,1,1,0,0,0,0,0,0,0,0,0,0
40861,2,1,0,0,0,0,0,0,0,8,0,0
40862,0,1,0,0,0,0,0,0,0,0,0,0
40862,1,1,0,0,0,0,0,0,0,0,0,0
40863,1,1,0,0,0,6,0,0,0,10,0,0
40863,2,1,0,0,0,0,0,0,0,0,13,0
40863,3,1,0,0,0,0,0,0,0,0,0,0
40864,0,1,0,0,15,0,19,14,0,0,0,0
40864,1,1,0,0,0,0,0,0,0,0,0,0
40865,1,1,0,0,0,0,0,0,0,0,0,0
40866,0,1,26,26,26,26,26,26,26,26,26,26
40866,1,1,0,16,0,0,0,0,0,0,0,0
40867,1,1,25,25,25,25,25,25,25,25,25,25
40868,0,1,0,0,0,0,0,0,0,0,0,0
40868,1,1,23,8,0,30,0,29,18,0,8,22
40869,1,1,5,5,5,5,5,5,5,5,5,5
40870,1,1,20,18,34,10,0,31,19,10,16,17
40871,1,1,18,18,18,18,18,18,18,18,18,18
40872,2,1,0,0,0,0,0,0,0,0,0,0
40873,0,1,0,0,0,0,0,0,0,0,0,0
40873,1,1,0,0,0,0,23,0,25,13,0,16
40874,1,1,24,24,24,24,24,24,24,24,24,24
40875,1,1,0,0,0,0,0,0,0,0,0,0
40875,2,1,0,0,0,0,0,0,0,0,0,0
40875,3,1,0,12,0,0,0,0,0,0,0,0
40876,0,1,38,38,38,38,38,38,38,38,38,38
40876,1,1,0,0,0,0,0,0,0,0,0,0
40877,1,1,0,0,0,0,0,0,0,0,0,0
40878,1,1,0,0,0,0,0,0,0,0,0,0
40878,2,1,0,0,0,0,0,0,0,0,0,0
40879,1,1,0,0,0,0,0,0,0,0,0,0
40879,2,1,0,0,0,0,0,0,0,0,0,0
40880,1,1,0,0,0,0,0,0,0,0,0,0
40881,1,2,14,13,0,15,11,23,15,29,0,12
40882,0,1,0,10,7,0,0,28,15,6,0,0
40882,1,1,14,5,28,0,0,0,26,0,0,18
40883,1,1,0,0,0,0,0,0,11,0,16,0
40883,2,1,0,0,0,0,0,0,0,0,0,0
40884,1,1,0,27,0,7,0,15,22,0,0,0
40885,1,1,0,0,0,0,0,0,0,0,0,0
40885,2,1,0,0,0,0,0,0,0,6,0,0
40886,1,1,14,0,0,16,0,9,25,0,11,0
40886,2,1,0,0,0,0,20,12,13,23,0,0
40887,1,2,12,16,11,0,22,0,9,22,12,8
40888,1,1,0,0,8,27,0,0,0,0,0,11
40889,1,1,14,18,0,14,0,20,0,28,27,8
40890,1,1,0,0,0,0,0,15,0,0,5,0
40891,1,2,0,16,0,17,17,19,5,0,0,28
40893,0,1,37,0,13,25,0,19,31,31,12,0
40893,1,1,0,0,10,0,0,0,30,0,0,0
40894,1,4,0,17,0,4,0,0,0,0,0,0
40895,1,1,0,0,21,0,0,0,0,0,0,0
40895,2,1,0,0,18,0,0,0,0,0,0,0
40895,3,1,0,0,0,0,0,0,0,0,0,0
40897,0,1,10,10,10,10,10,10,10,10,10,10
40897,1,1,3,8,18,28,17,0,0,17,22,0
40899,1,2,11,6,10,33,17,0,0,19,13,21
40900,1,1,0,0,0,0,0,0,0,0,0,0
40900,2,1,13,0,0,0,0,0,0,0,0,8
40901,1,1,0,0,13,8,0,14,0,37,14,0
40902,0,1,0,0,0,0,0,0,0,0,0,0
40902,1,1,0,0,0,0,0,0,0,0,0,0
40903,1,1,0,0,0,0,0,0,0,0,0,0
40903,2,1,0,0,0,0,0,13,0,0,0,0
40904,0,1,0,0,9,16,0,12,14,0,0,0
40904,1,1,0,0,0,0,0,0,0,0,0,0
40905,0,1,0,0,0,0,0,0,0,0,0,0
40905,1,1,0,0,0,0,0,0,0,0,0,0
40906,1,1,0,0,0,0,0,0,0,0,0,0
40906,2,1,0,0,0,13,0,0,0,15,0,0
40907,0,1,0,0,0,0,0,0,0,0,0,0
40907,1,1,0,0,0,0,0,0,0,0,0,0
40908,1,1,11,0,0,0,0,0,0,0,0,4
40909,1,1,0,0,0,0,0,0,0,0,0,0
40909,2,1,0,0,28,0,0,0,0,0,0,0
40910,1,2,22,22,22,22,22,22,22,22,22,22
40911,0,1,0,0,0,43,0,0,0,0,0,0
40911,1,1,0,0,0,0,0,0,0,0,0,0
40912,1,1,0,0,0,0,0,0,0,0,0,0
40912,2,1,0,0,0,0,0,0,0,0,0,0
40913,1,1,0,0,0,0,0,0,0,0,0,0
40913,2,1,0,0,0,0,0,0,0,0,0,0
40914,0,1,0,0,0,0,0,0,0,0,0,0
40914,1,1,0,0,29,0,16,0,0,0,0,0
40915,1,1,0,21,9,0,0,0,0,0,0,6
40915,2,1,0,0,0,0,0,0,0,0,0,0
40915,3,1,0,0,0,0,0,0,0,0,0,0
40916,1,1,0,0,0,0,0,25,2,0,0,12
40916,2,1,0,0,0,0,0,0,0,0,0,0
40916,3,1,20,0,0,10,0,0,16,6,0,0
40917,2,1,0,0,0,0,0,0,0,0,0,0
40918,1,1,0,0,0,0,0,0,0,0,0,0
40918,2,1,0,0,0,0,0,9,0,12,0,0
40919,1,2,0,8,30,30,16,15,0,0,7,22
40920,1,1,6,6,6,6,6,6,6,6,6,6
40921,1,1,0,0,0,0,0,0,0,0,0,0
40922,0,1,21,21,21,21,21,21,21,21,21,21
40922,1,1,0,0,0,0,0,0,0,0,0,0
40923,1,1,16,30,21,0,0,17,21,33,7,34
40923,2,1,0,0,0,0,0,0,0,0,0,0
40924,1,1,24,15,0,0,0,8,13,0,0,19
40925,1,1,0,18,12,37,2,21,25,0,0,9
40926,1,1,0,0,0,0,0,19,18,16,24,0
40927,1,1,0,0,0,0,0,0,0,0,0,0
40928,0,1,0,0,0,0,0,0,0,0,0,0
40928,1,1,0,0,0,0,0,0,0,0,0,0
40929,1,1,0,0,28,0,0,0,9,0,0,0
40930,1,1,0,0,0,0,0,0,0,0,0,0
40931,0,1,0,0,0,0,0,8,0,0,0,0
40931,1,1,0,0,0,0,0,0,0,0,11,0
40932,0,1,0,0,0,0,0,0,0,0,0,0
40932,1,1,0,6,0,0,0,11,6,20,0,0
40933,1,1,0,0,0,0,0,0,12,0,0,0
40933,2,1,0,0,0,0,0,0,0,0,0,0
40934,0,1,0,0,0,0,0,0,0,0,0,0
40934,1,1,0,0,0,0,0,0,0,0,0,0
40935,1,1,23,23,23,23,23,23,23,23,23,23
40936,1,1,0,0,0,0,0,0,0,0,0,0
40936,2,1,0,0,0,0,0,24,0,0,0,0
40936,3,1,0,9,0,0,0,0,0,0,0,0
40937,0,1,0,0,0,0,0,0,0,0,0,0
40937,1,1,8,21,19,22,0,0,0,0,9,15
40938,0,1,8,0,18,0,0,25,0,28,38,10
40938,1,1,0,0,0,0,0,0,0,0,0,0
40939,1,1,0,0,0,0,0,0,0,0,0,0
40939,2,1,0,0,0,0,0,0,0,0,0,0
40940,0,1,31,31,31,31,31,31,31,31,31,31
40940,1,1,0,0,0,0,0,0,0,0,0,0
40941,1,1,16,16,16,16,16,16,16,16,16,16
40942,0,1,0,0,0,0,0,0,0,0,0,0
40942,0,2,0,0,0,0,0,0,0,0,0,0