ST_CASE,VEH_NO,PER_NO,P1,P2,P3,P4,P5,P6,P7,P8,P9,P10
40942,1,1,0,0,0,19,0,0,0,0,0,0
40943,0,1,0,0,0,0,0,0,0,0,0,0
40943,1,1,10,10,10,10,10,10,10,10,10,10
40944,1,1,21,21,21,21,21,21,21,21,21,21
50001,1,1,0,0,0,0,0,0,0,0,0,0
50002,1,1,0,0,0,0,0,0,0,0,0,0
50002,2,1,0,0,0,0,0,0,0,0,0,0
50003,1,1,31,31,31,31,31,31,31,31,31,31
50003,2,1,0,0,0,0,0,0,0,0,0,0
50004,1,1,0,11,0,54,14,14,0,10,0,11
50004,2,1,0,0,0,0,0,0,0,0,0,0
50005,0,1,0,0,0,0,0,7,22,15,6,0
50005,1,1,0,0,0,0,0,0,0,0,0,0
50006,1,1,0,0,0,0,0,0,0,0,0,0
50006,2,1,0,0,0,0,0,0,0,0,0,0
50007,2,1,0,0,0,0,0,0,0,0,0,0
50008,1,1,0,0,0,0,0,0,0,0,0,0
50009,1,1,21,21,21,21,21,21,21,21,21,21
50010,1,1,14,18,14,8,3,11,21,15,12,11
50011,1,1,0,0,0,0,0,0,0,0,0,0
50012,1,1,0,0,0,0,0,0,0,0,0,0
50012,2,1,0,0,0,0,0,0,0,0,0,0
50012,3,1,0,0,0,0,0,0,0,0,0,0
50013,1,1,0,0,10,0,12,8,0,0,7,0
50013,2,1,0,0,0,0,0,0,0,0,0,0
50014,1,1,0,0,0,0,0,0,0,0,0,0
50014,2,1,0,0,0,0,0,0,0,0,0,0
50015,0,1,28,28,28,28,28,28,28,28,28,28
50015,1,1,0,0,0,0,0,0,0,0,0,0
50016,1,1,0,0,0,0,0,0,0,0,0,0
50017,1,1,0,0,0,0,0,0,0,0,0,0
50017,2,1,0,0,0,0,0,0,0,0,0,0
50018,1,1,0,0,0,0,0,0,0,0,0,0
50018,2,1,0,0,0,0,0,0,0,0,0,0
50018,3,1,0,0,0,0,0,0,0,0,0,0
50020,1,1,0,0,0,0,0,0,0,0,0,10
50021,2,1,0,0,0,0,0,0,0,0,0,0
50022,1,1,0,0,0,0,0,0,0,0,0,0
50022,2,1,0,0,0,0,0,0,0,0,0,0
50023,1,1,19,19,19,19,19,19,19,19,19,19
50024,1,1,0,0,0,0,0,0,0,0,0,0
50024,2,1,0,0,0,0,0,0,0,0,0,0
50025,1,1,0,0,0,0,0,0,0,0,0,0
50025,2,1,0,0,0,0,0,0,0,0,0,0
50026,1,1,0,0,0,0,0,0,0,0,0,0
50026,2,1,7,0,0,0,0,0,0,0,0,0
50027,1,1,0,0,0,0,0,0,0,0,0,0
50027,2,1,17,17,17,17,17,17,17,17,17,17
50028,1,1,17,17,17,17,17,17,17,17,17,17
50029,1,1,0,0,0,17,0,18,0,0,0,0
50029,2,1,0,0,0,14,0,0,0,0,0,0
50030,1,1,0,0,0,0,0,0,0,0,0,0
50031,1,1,0,0,0,27,0,0,0,0,0,0
50032,1,1,0,0,0,0,0,0,0,0,0,0
50033,1,1,23,23,23,23,23,23,23,23,23,23
50034,1,1,11,11,11,11,11,11,11,11,11,11
50035,1,1,0,0,0,0,13,0,18,11,0,0
50035,2,1,0,0,12,21,0,28,0,0,0,0
50036,1,1,0,0,0,0,0,0,0,0,0,0
50037,1,1,0,0,0,0,0,0,0,0,0,0
50038,1,1,11,11,11,11,11,11,11,11,11,11
50039,1,1,10,10,10,10,10,10,10,10,10,10
50039,2,1,0,0,0,0,0,0,0,0,0,0
50040,1,1,0,0,0,0,0,0,0,0,0,0
50040,2,1,0,0,0,0,0,0,0,0,0,0
50041,1,1,24,24,24,24,24,24,24,24,24,24
50042,1,1,0,0,0,0,0,0,0,0,0,0
50042,2,1,0,0,0,0,0,0,0,0,0,0
50043,1,1,0,0,0,0,0,0,0,0,0,0
50044,1,1,0,0,0,0,0,0,0,0,0,0
50045,1,1,18,18,18,18,18,18,18,18,18,18
50045,2,1,0,0,0,0,0,0,0,0,0,0
50046,1,1,0,0,0,0,0,0,0,0,0,0
50047,1,1,0,0,0,0,0,0,0,0,0,0
50047,2,1,0,0,0,0,0,0,0,0,0,0
50047,3,1,0,0,0,0,0,0,0,0,0,0
50047,4,1,0,0,0,0,0,0,0,0,0,0
50047,5,1,0,0,0,0,0,0,0,0,0,0
50048,1,1,0,0,11,0,0,0,0,0,0,0
50048,2,1,0,0,0,0,0,0,0,0,0,0
50049,1,1,21,21,21,21,21,21,21,21,21,21
50050,1,1,0,0,0,0,0,0,0,0,0,0
50051,1,1,0,0,0,0,13,0,0,0,0,21
50052,1,1,0,0,0,0,0,0,0,0,0,0
50052,2,1,0,0,0,0,0,0,0,0,0,0
50053,1,1,0,0,0,0,0,0,0,0,0,0
50054,1,1,0,0,0,0,0,0,0,0,0,0
50055,1,1,0,0,0,0,0,0,0,0,0,0
50055,2,1,0,0,0,0,0,0,0,0,0,0
50056,1,1,30,30,30,30,30,30,30,30,30,30
50057,1,1,0,0,0,0,0,0,0,0,0,0
50058,1,1,0,0,0,0,0,0,0,0,0,0
50058,2,1,0,0,0,0,0,0,0,0,0,0
50059,1,1,0,0,0,0,0,0,0,0,0,0
50060,1,1,0,0,0,0,0,0,0,0,0,0
50060,2,1,0,0,0,0,0,0,0,0,0,0
50061,1,1,0,0,0,0,0,0,0,0,0,0
50062,1,1,0,0,0,0,0,0,0,0,0,0
50063,1,1,0,0,0,0,0,0,0,0,0,0
50063,2,1,0,0,0,0,0,0,0,0,0,0
50064,1,1,16,16,16,16,16,16,16,16,16,16
50065,1,1,0,0,0,0,0,0,0,0,0,0
50065,2,1,0,0,0,0,0,0,0,0,0,0
50065,3,1,0,0,0,0,0,0,0,0,0,0
50066,1,1,19,19,19,19,19,19,19,19,19,19
50066,2,1,0,0,0,0,0,0,0,0,0,0
50067,1,1,0,0,0,0,0,0,0,0,0,0
50068,1,1,13,13,13,13,13,13,13,13,13,13
50069,1,1,35,35,35,35,35,35,35,35,35,35
50070,1,1,0,0,0,0,0,0,0,0,0,0
50070,2,1,0,0,0,0,0,0,0,0,0,0
50071,1,1,0,0,0,0,0,0,0,0,0,0
50071,2,1,0,0,0,0,0,0,0,0,0,0
50071,3,1,0,0,0,0,0,0,0,0,0,0
50072,1,1,0,0,0,0,0,0,0,0,0,0
50073,0,1,16,16,16,16,16,16,16,16,16,16
50073,1,1,0,0,0,0,0,0,0,0,0,0
50074,1,1,0,0,0,0,0,0,0,0,0,0
50074,2,1,0,0,0,23,0,0,0,0,0,0
50075,1,1,0,0,0,0,0,0,0,0,0,0
50076,1,1,0,0,14,0,23,0,0,15,0,0
50077,1,1,0,0,0,0,0,0,0,0,0,0
50078,1,1,0,0,0,0,0,0,0,0,0,0
50080,1,1,0,4,0,0,0,0,0,0,0,0
50081,1,1,16,16,16,16,16,16,16,16,16,16
50081,2,1,0,0,0,0,0,0,0,0,0,0
50082,0,1,0,0,0,0,0,0,0,0,0,0
50082,1,1,14,14,14,14,14,14,14,14,14,14
50083,1,1,6,14,25,28,8,8,30,9,33,16
50083,2,1,0,0,0,0,0,0,0,0,0,0
50083,3,1,0,0,0,0,0,0,0,0,0,0
50085,1,1,22,22,22,22,22,22,22,22,22,22
50086,1,1,0,0,0,0,0,0,0,0,0,0
50086,2,1,0,0,0,0,0,0,0,0,0,0
50087,1,1,21,21,21,21,21,21,21,21,21,21
50088,1,1,0,0,0,0,0,0,0,0,0,0
50089,1,1,0,0,0,0,0,0,0,0,0,0
50089,2,1,0,0,0,0,0,0,0,0,0,0
50090,1,1,16,16,16,16,16,16,16,16,16,16
50091,1,1,0,0,0,0,0,0,0,0,0,0
50093,1,1,0,0,0,0,0,0,0,0,0,0
50093,2,1,0,0,0,0,0,0,0,0,0,0
50094,1,1,0,0,0,0,0,0,0,0,0,0
50095,1,1,1,1,1,1,1,1,1,1,1,1
50095,2,1,0,0,0,0,0,0,0,0,0,0
50096,1,1,7,7,7,7,7,7,7,7,7,7
50097,1,1,0,0,0,0,0,0,0,0,0,0
50098,1,1,28,28,28,28,28,28,28,28,28,28
50099,1,1,11,11,11,11,11,11,11,11,11,11
50099,2,1,0,0,0,0,0,0,43,0,0,0
50099,3,1,0,0,0,15,0,0,0,0,0,0
50099,4,1,0,0,0,0,6,0,0,0,0,0
50100,1,1,0,0,0,0,0,0,0,0,0,0
50100,2,1,0,0,0,5,0,0,0,0,0,0
50101,1,1,0,0,0,0,0,0,0,0,0,0
50102,1,1,0,0,42,7,22,0,8,0,12,0
50103,1,1,0,0,0,0,0,0,0,0,0,0
50104,1,1,4,0,0,0,0,19,0,0,0,0
50104,2,1,0,0,0,0,0,0,0,0,0,0
50105,1,1,0,0,0,0,0,0,0,0,0,0
50105,2,1,0,0,0,0,0,0,0,0,0,0
50105,3,1,0,0,0,0,0,0,0,0,0,0
50106,1,1,0,0,18,0,0,0,0,0,0,0
50107,1,1,0,0,0,0,0,0,0,0,0,0
50107,2,1,17,17,17,17,17,17,17,17,17,17
50108,1,1,0,0,0,0,0,0,0,0,0,0
50109,1,1,0,0,0,0,0,0,0,0,0,0
50110,0,1,0,0,0,0,0,0,0,0,0,0
50110,1,1,0,0,0,0,0,0,0,0,0,0
50111,1,1,0,0,0,0,0,0,0,0,0,0
50111,2,1,0,0,0,0,0,0,0,0,0,0
50112,1,1,36,36,36,36,36,36,36,36,36,36
50113,1,1,11,11,11,11,11,11,11,11,11,11
50114,1,1,0,21,0,0,0,0,0,0,0,0
50114,2,1,0,0,0,0,0,0,0,0,0,0
50115,1,1,0,0,0,0,0,23,0,0,0,0
50116,1,1,0,0,0,0,0,0,0,0,0,0
50116,2,1,0,0,0,0,0,0,0,0,0,0
50117,1,1,0,0,0,0,0,0,0,0,0,0
50118,1,1,0,0,0,0,0,0,0,26,0,0
50120,1,1,0,0,0,0,0,0,0,0,0,0
50120,2,1,0,0,0,0,0,0,0,0,0,0
50123,0,1,2,24,25,13,13,19,2,16,16,42
50123,1,1,24,26,22,9,17,0,12,0,0,21
50124,1,1,0,0,0,0,0,0,0,0,0,0
50125,1,1,0,0,0,0,0,0,0,0,0,0
50125,2,1,0,0,0,0,0,0,0,0,0,0
50126,1,1,0,0,0,0,0,0,0,0,0,0
50126,2,1,0,0,22,0,0,0,20,0,0,0
50127,1,1,0,0,0,0,0,0,0,0,0,0
50128,1,1,0,0,0,0,0,0,0,0,0,0
50129,1,1,0,0,0,0,0,0,0,0,0,0
50130,0,1,15,15,15,15,15,15,15,15,15,15
50130,1,1,0,0,0,0,0,0,0,0,0,0
50131,1,1,0,0,0,0,0,0,0,0,0,0
50131,2,1,0,0,0,0,0,0,0,0,0,0
50132,0,1,5,5,5,5,5,5,5,5,5,5
50132,1,1,0,0,0,0,0,0,0,16,0,19
50133,1,1,18,18,18,18,18,18,18,18,18,18
50134,1,1,0,0,0,0,0,0,0,0,0,0
50134,2,1,0,0,0,0,0,0,0,0,0,0
50135,1,1,5,0,0,0,0,0,0,0,0,0
50136,0,1,0,0,0,0,0,0,0,0,0,0
50136,1,1,0,0,0,8,0,6,0,0,10,0
50137,1,1,0,0,0,0,0,0,0,0,0,0
50137,2,1,0,0,0,0,0,0,0,0,0,0
50138,1,1,0,0,0,0,0,5,0,45,0,0
50139,1,1,0,0,0,0,0,0,0,0,0,0
50139,2,1,0,0,0,0,0,0,0,0,0,0
50140,0,1,0,0,0,0,0,20,0,0,0,0
50140,1,1,0,0,0,12,22,0,0,0,0,0
50141,1,1,0,0,0,0,0,0,0,0,0,0
50141,2,1,19,0,0,0,10,12,19,37,24,18
50142,1,1,23,9,19,12,29,0,0,18,0,6
50142,2,1,0,0,0,0,0,0,0,0,0,0
50143,1,1,0,0,0,0,0,0,0,0,0,0
50144,0,1,0,28,0,29,0,0,0,16,0,0
50144,1,1,0,0,0,0,0,0,0,0,0,0
50145,1,1,16,16,16,16,16,16,16,16,16,16
50146,1,1,0,0,0,0,0,0,0,0,0,0
50146,2,1,0,0,0,0,0,0,0,0,0,0
50147,1,1,0,0,0,0,0,0,0,0,0,0
50147,2,1,0,0,0,0,0,0,0,0,0,0
50148,0,1,0,0,22,0,0,0,0,15,0,0
50148,1,1,15,0,0,0,0,12,17,10,27,14
50149,1,1,0,0,0,0,0,0,0,0,0,0
50149,2,1,0,0,0,0,0,0,0,0,0,0
50150,1,1,28,15,21,8,14,15,0,9,12,21
50151,1,1,0,0,0,0,0,0,0,0,0,0
50151,2,1,0,0,0,0,0,0,0,0,0,0
50152,0,1,0,0,0,0,0,0,0,0,0,0
50152,1,1,0,0,0,0,0,0,0,0,0,0
50153,1,1,0,0,0,16,9,0,0,0,0,0
50154,1,1,0,0,0,0,0,0,0,0,0,0
50155,0,1,40,0,0,0,0,31,24,0,0,29
50155,1,1,0,0,0,0,0,0,0,0,0,0
50156,1,1,0,0,0,0,0,0,0,0,0,0
50156,2,1,0,0,0,0,0,0,0,0,0,0
50157,1,1,0,12,0,0,0,11,0,0,0,0
50157,2,1,0,0,0,0,0,0,0,0,0,0
50158,1,1,0,0,0,0,0,0,0,0,0,0
50158,2,1,0,0,0,0,0,0,0,0,0,0
50158,3,1,0,0,0,0,0,0,0,0,0,0
50158,4,1,0,0,0,0,0,0,0,0,0,0
50159,1,1,0,0,0,0,0,0,0,0,0,0
50159,2,1,0,0,0,0,0,0,0,0,0,0
50160,0,1,42,0,0,0,12,0,18,10,19,0
50160,1,1,0,0,0,0,0,0,0,0,0,0
50160,2,1,0,0,0,0,0,0,0,0,18,0
50161,1,1,8,8,8,8,8,8,8,8,8,8
50162,1,1,0,0,0,0,0,0,0,0,0,0
50162,2,1,0,0,0,0,0,0,0,0,0,0
50163,1,1,0,0,24,0,0,14,5,8,0,16
50164,1,1,0,0,0,0,0,0,0,0,0,0
50164,2,1,0,0,0,0,0,0,0,0,0,0
50165,1,1,0,0,0,0,0,0,0,0,0,0
50166,1,1,35,35,35,35,35,35,35,35,35,35
50167,1,1,17,17,17,17,17,17,17,17,17,17
50167,2,1,0,0,0,0,0,0,0,0,0,0
50168,1,1,0,0,9,18,0,0,0,0,0,12
50168,2,1,22,0,0,0,0,0,0,0,0,0
50169,1,1,15,8,7,16,10,14,12,12,5,11
50169,2,1,0,0,0,0,0,0,0,0,0,0
50170,1,1,0,0,0,0,0,0,0,0,0,0
50170,2,1,0,0,0,0,0,0,0,0,0,0
50171,1,1,16,16,16,16,16,16,16,16,16,16
50171,2,1,0,0,0,0,0,0,0,0,0,0
50171,3,1,0,0,0,0,0,0,0,0,0,0
50171,4,1,0,0,0,0,0,0,0,0,0,0
50172,1,1,0,0,0,0,0,0,0,0,0,0
50172,2,1,0,0,0,0,0,0,0,0,0,0
50173,1,1,0,0,0,0,0,0,0,0,0,0
50173,2,1,0,0,0,0,0,0,0,0,0,0
50173,3,1,0,0,0,0,0,0,0,0,0,0
50174,0,1,23,0,0,20,0,0,0,0,14,0
50174,1,1,0,0,0,0,0,0,0,0,0,0
50175,1,1,0,0,0,0,0,0,0,0,0,0
50175,2,1,0,0,0,0,0,0,0,0,0,0
50176,1,1,10,0,9,0,0,19,0,0,23,17
50177,0,1,0,0,0,0,0,31,0,0,0,0
50177,1,1,0,0,0,0,0,0,0,0,0,0
50178,1,1,13,13,13,13,13,13,13,13,13,13
50179,1,1,17,17,17,17,17,17,17,17,17,17
50180,1,1,4,4,4,4,4,4,4,4,4,4
50181,1,1,12,12,12,12,12,12,12,12,12,12
50182,1,1,0,0,0,0,0,0,0,0,0,0
50183,1,1,16,16,16,16,16,16,16,16,16,16
50183,2,1,0,0,0,0,0,0,0,0,0,0
50184,0,1,27,27,27,27,27,27,27,27,27,27
50184,1,1,0,0,0,0,0,0,0,0,0,0
50184,2,1,0,0,0,0,0,0,0,0,0,0
50185,1,1,12,12,12,12,12,12,12,12,12,12
50186,1,1,0,0,0,0,0,0,0,0,0,0
50186,2,1,0,0,0,0,0,0,0,0,0,0
50187,1,1,0,0,0,0,0,0,0,0,0,0
50187,2,1,0,0,0,0,0,0,0,0,0,0
50188,1,1,15,0,0,0,18,0,0,0,0,0
50189,1,1,0,8,0,0,0,27,0,0,0,0
50189,2,1,9,9,9,9,9,9,9,9,9,9
50190,1,1,17,17,17,17,17,17,17,17,17,17
50191,1,1,0,0,0,0,0,0,0,0,0,0
50191,2,1,0,0,0,0,0,0,0,0,0,0
50191,3,1,0,0,0,0,0,0,0,0,0,0
50192,1,1,0,0,0,0,0,0,0,0,0,0
50192,2,1,0,0,0,0,0,0,0,0,0,0
50193,1,1,0,0,0,0,0,0,0,0,0,0
50193,2,1,0,0,0,0,0,0,0,0,0,0
50194,0,1,20,20,20,20,20,20,20,20,20,20
50194,1,1,35,35,35,35,35,35,35,35,35,35
50195,1,1,0,0,0,0,0,0,0,0,0,0
50196,1,1,34,34,34,34,34,34,34,34,34,34
50196,2,1,0,0,0,0,0,0,0,0,0,0
50197,0,1,0,0,0,0,0,0,0,0,0,0
50197,1,1,0,0,0,0,0,0,0,0,0,0
50198,1,1,17,17,17,17,17,17,17,17,17,17
50201,1,1,18,18,18,18,18,18,18,18,18,18
50202,0,1,16,16,16,16,16,16,16,16,16,16
50202,1,1,0,0,0,0,0,0,0,0,0,0
50203,1,1,0,0,0,0,0,0,0,0,0,0
50203,2,1,0,0,0,0,0,0,0,0,0,0
50204,1,1,0,0,0,0,0,0,0,0,0,0
50205,1,1,27,27,27,27,27,27,27,27,27,27
50206,1,1,0,0,0,0,0,0,0,0,0,0
50207,1,1,26,26,26,26,26,26,26,26,26,26
50208,1,1,16,0,6,0,20,0,0,0,0,0
50209,1,1,21,36,17,10,22,14,24,28,18,24
50210,1,1,0,0,0,0,0,0,0,0,0,0
50210,2,1,0,0,0,0,0,0,0,0,0,0
50210,3,1,12,12,12,12,12,12,12,12,12,12
50211,1,1,0,0,0,0,0,0,0,0,0,0
50212,1,1,0,0,0,0,0,0,0,0,0,0
50212,2,1,0,0,0,0,0,0,0,0,0,0
50213,1,1,17,17,17,17,17,17,17,17,17,17
50213,2,1,0,0,0,0,0,0,0,0,0,0
50214,1,1,0,0,0,0,0,0,0,0,0,0
50215,0,1,0,0,0,0,15,0,0,0,0,0
50215,1,1,0,22,11,17,9,23,14,0,0,4
50216,1,1,0,0,0,0,0,0,0,0,0,0
50216,2,1,0,0,0,0,0,0,0,0,0,0
50217,1,1,8,0,25,0,0,0,0,0,0,0
50218,1,1,0,0,0,0,0,0,0,0,0,0
50219,1,1,0,0,0,0,0,0,0,0,0,0
50220,1,1,0,8,14,0,12,14,25,0,2,0
50220,2,1,24,24,24,24,24,24,24,24,24,24
50220,3,1,0,0,0,31,0,17,9,31,0,0
50221,1,1,0,0,0,0,0,0,0,3,0,0
50221,2,1,0,0,0,0,0,0,0,0,0,0
50222,1,1,0,0,0,0,0,0,0,0,0,0
50223,1,1,0,0,0,0,0,0,0,0,0,0
50223,2,1,0,0,0,0,0,0,0,0,0,0
50224,1,1,0,0,0,0,0,0,0,0,0,0
50225,1,1,0,0,0,0,0,0,0,0,32,0
50225,2,1,0,0,0,0,0,0,0,0,0,0
50225,3,1,0,0,0,0,0,0,0,0,0,0
50226,1,1,16,14,9,0,16,17,12,12,43,25
50227,1,1,0,0,0,0,0,13,0,0,0,0
50228,1,1,0,0,0,0,0,0,0,0,0,0
50229,1,1,0,0,0,0,0,0,0,0,0,0
50230,1,1,0,0,0,0,0,0,0,0,0,0
50230,2,1,0,0,0,0,0,0,0,0,0,0
50231,1,1,0,0,0,0,0,0,0,0,0,0
50232,1,1,0,0,0,0,0,0,0,0,0,0
50233,1,1,0,0,0,0,0,0,0,0,0,0
50233,2,1,0,0,0,0,0,0,0,0,0,0
50234,1,1,0,0,0,0,0,0,0,0,0,0
50234,2,1,0,0,0,0,20,0,0,0,7,0
50235,0,1,0,0,25,0,0,13,9,0,14,0
50235,1,1,0,0,0,0,0,0,0,0,0,0
50236,1,1,14,14,14,14,14,14,14,14,14,14
50237,1,1,0,0,20,27,0,10,0,0,0,35
50238,1,1,0,0,0,0,0,0,0,0,0,0
50239,1,1,16,16,16,16,16,16,16,16,16,16
50240,0,1,0,0,0,0,0,0,0,0,0,0
50240,2,1,13,0,5,11,0,0,7,0,32,47
50241,1,1,0,0,0,0,0,0,0,0,0,0
50241,2,1,0,0,0,0,0,0,0,0,0,0
50242,2,1,0,0,0,0,0,0,0,0,0,0
50242,3,1,0,0,0,9,0,0,0,0,0,0
50243,1,1,0,0,0,0,0,0,0,0,0,0
50243,2,1,0,0,0,0,0,0,0,0,0,0
50244,1,1,0,0,0,0,0,0,0,0,0,0
50245,1,1,12,12,12,12,12,12,12,12,12,12
50246,1,1,0,0,0,0,0,0,0,0,0,0
50246,2,1,0,0,0,0,0,0,0,0,0,0
50247,1,1,0,0,0,0,0,0,0,0,0,0
50247,2,1,0,22,27,4,21,0,9,0,11,8
50247,3,1,0,0,0,0,0,0,0,0,0,0
50248,1,1,0,0,0,0,0,0,0,0,0,0
50248,2,1,20,20,20,20,20,20,20,20,20,20
50248,3,1,0,0,0,0,0,0,0,0,0,0
50248,4,1,0,0,0,0,0,0,0,0,0,0
50249,1,1,0,0,0,0,0,0,0,0,0,0
50249,2,1,0,0,0,0,0,0,0,0,0,0
50250,1,1,0,0,0,0,0,0,0,0,0,0
50251,1,1,0,0,0,0,0,0,0,0,0,0
50251,2,1,0,0,0,0,0,0,0,0,0,0
50252,1,1,0,0,0,0,0,0,0,0,0,0
50252,2,1,0,0,0,0,0,0,0,0,0,0
50253,1,1,0,0,0,0,0,0,0,0,0,0
50253,2,1,0,0,0,0,0,0,0,0,0,0
50254,1,1,0,0,0,0,0,0,0,0,0,0
50255,1,1,14,0,0,0,0,0,0,30,18,0
50256,0,1,16,36,15,42,0,52,33,15,8,7
50256,1,1,0,7,0,0,0,0,0,0,0,0
50257,1,1,17,17,17,17,17,17,17,17,17,17
50258,1,1,19,19,19,19,19,19,19,19,19,19
50259,1,1,6,6,6,6,6,6,6,6,6,6
50260,0,1,0,0,0,0,0,0,0,0,0,0
50260,1,1,0,10,0,0,0,0,0,0,0,0
50261,1,1,0,0,0,0,0,0,0,0,0,0
50261,2,1,0,0,0,0,0,0,0,0,0,0
50261,3,1,0,0,0,0,0,0,0,0,0,0
50261,4,1,0,0,30,8,0,0,0,0,0,0
50262,1,1,6,0,0,0,0,0,23,15,11,23
50262,2,1,0,0,0,0,0,0,0,0,0,29
50263,1,1,26,26,26,26,26,26,26,26,26,26
50264,1,1,0,0,0,0,0,0,0,0,0,0
50264,2,1,0,0,0,0,0,0,0,0,0,0
50265,0,1,19,19,19,19,19,19,19,19,19,19
50265,0,2,7,14,0,30,0,17,23,25,31,30
50265,1,1,0,0,0,0,0,0,0,0,0,0
50266,1,1,0,0,0,0,0,0,0,0,0,0
50267,1,1,0,0,0,0,0,0,0,0,0,0
50268,1,1,0,0,0,0,0,0,0,0,0,0
50268,2,1,0,0,0,0,0,0,0,0,0,0
50269,1,1,0,0,0,0,0,0,0,0,0,0
50270,0,1,10,10,10,10,10,10,10,10,10,10
50270,1,1,0,0,0,0,0,0,0,0,0,0
50271,1,1,27,27,27,27,27,27,27,27,27,27
50272,0,1,18,18,18,18,18,18,18,18,18,18
50272,1,1,0,0,0,0,0,0,0,0,0,0
50274,1,1,0,0,0,0,0,0,0,0,0,0
50274,2,1,0,0,0,0,0,0,0,0,0,0
50275,1,1,0,0,0,0,0,0,0,0,0,0
50276,1,1,12,15,0,19,0,0,0,20,26,0
50277,1,1,0,0,0,0,0,0,0,0,0,0
50278,0,1,11,11,11,11,11,11,11,11,11,11
50278,1,1,0,0,15,0,7,0,0,2,0,0
50279,1,1,0,4,14,0,11,0,4,0,0,0
50280,0,1,0,0,0,0,0,0,0,0,0,0
50280,1,1,0,0,0,0,0,0,0,0,0,0
50281,1,1,0,0,0,0,0,0,0,0,0,0
50282,1,1,0,0,0,0,0,0,0,0,0,0
50283,1,1,0,0,0,0,0,0,0,0,0,0
50283,2,1,0,0,0,0,0,0,0,0,0,0
50283,3,1,0,0,0,0,0,0,0,0,0,0
50284,1,1,0,0,0,0,0,0,0,0,0,0
50284,2,1,0,0,0,0,0,0,0,0,0,0
50284,3,1,0,0,0,0,0,16,0,0,0,0
50285,1,1,0,0,0,0,0,0,0,0,0,0
50285,2,1,0,10,38,0,33,15,26,11,14,6
50286,1,1,0,0,0,0,0,0,0,0,0,0
50286,2,1,7,0,13,13,9,8,12,12,26,14
50287,1,1,11,11,11,11,11,11,11,11,11,11
50288,0,1,0,0,0,0,0,0,0,0,0,0
50288,0,2,0,38,0,0,25,0,0,0,0,19
50288,1,1,0,0,0,0,0,0,0,0,0,0
50289,1,1,0,5,0,0,0,0,0,0,0,0
50289,2,1,0,0,0,0,0,0,0,0,0,0
50290,1,1,0,0,0,0,0,0,0,0,0,0
50290,2,1,0,0,0,0,0,0,0,0,0,0
50291,1,1,18,18,18,18,18,18,18,18,18,18
50292,1,1,21,21,21,21,21,21,21,21,21,21
50293,1,1,0,0,0,0,13,0,0,0,0,0
50294,1,1,6,8,11,0,17,0,0,0,0,20
50295,1,1,0,0,0,0,0,0,0,0,0,0
50296,1,1,23,23,23,23,23,23,23,23,23,23
50297,1,1,0,0,0,0,0,0,0,0,0,0
50297,2,1,0,0,0,0,0,0,0,0,0,0
50297,3,1,20,0,0,0,0,0,0,0,0,0
50298,1,1,0,0,0,0,0,0,0,0,0,0
50299,1,1,0,0,0,0,0,0,0,0,0,0
50299,2,1,0,0,0,7,0,0,0,0,0,0
50300,1,1,24,22,25,14,13,13,11,28,33,11
50301,1,1,14,14,14,14,14,14,14,14,14,14
50302,1,1,0,0,0,0,0,0,0,0,0,0
50303,1,1,0,0,0,0,0,0,0,0,0,0
50303,2,1,0,0,0,0,0,0,0,0,0,0
50304,1,1,10,10,10,10,10,10,10,10,10,10
50304,2,1,0,0,0,0,0,0,19,19,0,0
50305,1,1,0,0,0,0,0,0,0,0,0,0
50306,1,1,3,11,25,26,15,17,17,10,10,16
50307,1,1,0,0,0,0,0,0,0,0,0,0
50307,2,1,0,0,0,0,0,0,0,0,0,0
50308,1,1,0,0,0,0,0,0,0,0,0,0
50308,2,1,0,0,0,0,0,0,0,0,0,0
50309,1,1,0,0,0,0,0,0,0,0,0,0
50309,2,1,0,0,0,0,0,0,0,0,0,0
50310,1,1,20,5,20,7,25,0,18,23,37,22
50311,1,1,0,0,0,0,0,0,0,0,0,0
50312,1,1,17,17,17,17,17,17,17,17,17,17
50313,0,1,0,0,0,0,0,0,0,0,0,18
50313,1,1,0,0,0,0,0,0,0,0,0,0
50314,1,1,0,0,0,0,0,22,0,0,0,0
50314,2,1,0,0,0,0,0,0,0,0,0,0
50315,1,1,0,0,0,0,0,0,0,0,0,0
50315,2,1,0,0,0,0,0,0,0,0,0,0
50316,0,1,6,6,6,6,6,6,6,6,6,6
50316,1,1,12,0,0,0,0,0,0,0,0,0
50317,1,1,13,13,13,13,13,13,13,13,13,13
50318,1,1,0,0,0,0,0,0,0,0,0,0
50318,2,1,0,0,0,0,0,0,0,0,0,0
50319,0,1,10,15,23,0,0,17,28,36,42,34
50319,1,1,0,20,0,0,0,0,0,0,0,0
50321,1,1,0,0,0,0,0,0,0,0,0,0
50321,2,1,19,19,19,19,19,19,19,19,19,19
50322,1,1,19,19,19,19,19,19,19,19,19,19
50323,1,1,0,0,0,0,0,0,0,0,0,0
50325,1,1,0,0,0,0,0,0,0,0,0,0
50326,1,1,7,7,7,7,7,7,7,7,7,7
50327,1,1,10,18,0,0,0,0,0,0,0,14
50327,2,1,15,0,0,18,0,0,0,0,0,16
50328,1,1,16,16,16,16,16,16,16,16,16,16
50329,1,1,0,0,0,0,0,0,0,0,0,0
50329,2,1,23,20,6,9,0,11,10,12,2,13
50330,1,1,0,0,0,0,0,0,0,0,0,0
50330,2,1,0,0,15,0,0,0,0,12,0,0
50330,3,1,0,0,0,0,0,0,0,0,0,0
50331,1,1,0,0,0,0,0,0,0,27,0,0
50331,2,1,0,0,0,0,0,0,0,0,0,0
50331,3,1,0,0,0,0,0,0,0,0,0,0
50332,1,1,0,0,0,0,0,0,0,0,0,0
50333,1,1,0,0,0,0,0,0,0,0,0,0
50333,2,1,0,0,0,0,0,0,0,0,0,0
50333,3,1,0,0,0,0,0,0,0,0,0,0
50333,4,1,0,0,0,0,0,0,0,0,0,0
50334,1,1,0,0,0,0,0,0,0,0,0,0
50335,1,1,20,20,20,20,20,20,20,20,20,20