ST_CASE,VEH_NO,PER_NO,P1,P2,P3,P4,P5,P6,P7,P8,P9,P10
50336,1,1,0,0,0,0,0,0,0,0,0,0
50337,1,1,0,0,0,0,0,0,0,0,0,0
50338,1,1,10,11,0,0,14,12,0,17,24,13
50339,1,1,5,5,5,5,5,5,5,5,5,5
50339,2,1,0,0,0,0,24,0,0,0,0,0
50340,1,1,0,0,0,0,0,0,0,0,0,0
50340,2,1,0,0,0,0,0,0,0,0,0,0
50341,1,1,0,0,0,0,0,0,0,0,0,0
50342,1,1,0,0,0,0,0,0,0,0,0,0
50342,2,1,16,13,20,7,2,9,0,17,16,12
50343,1,1,13,13,13,13,13,13,13,13,13,13
50344,1,1,0,0,0,0,0,0,0,0,0,0
50345,1,1,0,0,0,0,0,0,16,19,0,0
50345,2,1,0,0,0,0,0,0,0,0,0,0
50346,1,1,3,3,3,3,3,3,3,3,3,3
50346,2,1,13,13,13,13,13,13,13,13,13,13
50346,3,1,7,7,7,7,7,7,7,7,7,7
50347,1,1,0,0,0,0,0,0,0,0,0,0
50348,1,1,25,25,25,25,25,25,25,25,25,25
50349,1,1,0,0,0,0,0,0,0,0,0,0
50349,2,1,0,0,0,0,0,0,0,0,0,0
50350,0,1,0,0,0,0,0,0,0,0,0,0
50350,1,1,0,0,0,0,0,0,0,0,0,0
50351,1,1,0,0,0,0,0,0,0,0,0,0
50351,2,1,7,0,5,0,6,5,3,5,5,9
50352,1,1,0,0,0,0,0,0,0,0,0,0
50352,2,1,0,0,0,0,0,0,0,0,0,0
50353,1,1,0,6,18,0,0,0,0,0,0,0
50353,2,1,0,0,0,0,0,0,0,0,0,0
50354,1,1,0,0,0,0,0,0,0,0,0,0
50355,1,1,0,0,0,0,0,0,0,0,0,0
50356,1,1,0,0,0,12,29,0,0,0,0,0
50357,1,1,0,0,0,0,0,0,0,0,0,0
50358,1,1,30,14,29,21,42,19,37,22,18,0
50359,1,1,27,27,27,27,27,27,27,27,27,27
50360,1,1,4,4,4,4,4,4,4,4,4,4
50361,1,1,0,0,0,0,0,0,0,0,0,0
50361,2,1,0,0,0,0,0,0,0,0,0,0
50362,1,1,19,19,19,19,19,19,19,19,19,19
50363,1,1,0,0,0,0,0,0,7,0,0,0
50363,2,1,14,12,11,39,30,20,18,42,17,10
50364,1,1,0,0,0,0,0,0,0,0,0,0
50365,1,1,0,0,0,0,0,0,0,0,0,0
50365,2,1,0,0,0,0,0,0,0,0,0,0
50366,1,1,0,0,0,0,0,0,0,0,0,0
50367,0,1,18,35,33,0,15,0,34,0,15,16
50367,1,1,0,0,0,0,0,0,0,0,0,0
50368,1,1,14,14,14,14,14,14,14,14,14,14
50369,0,1,24,24,24,24,24,24,24,24,24,24
50369,1,1,0,0,0,0,0,0,0,0,0,0
50369,2,1,0,0,0,0,0,0,0,0,0,0
50370,1,1,14,14,14,14,14,14,14,14,14,14
50370,2,1,0,0,0,0,0,0,0,0,0,0
50371,1,1,0,0,0,0,0,0,0,0,0,0
50371,2,1,0,0,0,0,0,0,0,0,0,0
50372,1,1,0,0,0,0,0,0,0,0,0,0
50373,1,1,31,31,31,31,31,31,31,31,31,31
50373,2,1,0,0,0,0,0,0,0,0,0,0
50374,1,1,0,0,0,0,0,0,0,0,0,0
50374,2,1,26,26,26,26,26,26,26,26,26,26
50375,1,1,0,0,0,0,0,0,0,0,0,0
50376,1,1,0,0,0,0,0,0,0,0,0,0
50377,1,1,25,25,25,25,25,25,25,25,25,25
50378,1,1,0,0,0,0,0,0,0,0,0,0
50379,1,1,0,0,0,0,0,0,0,0,0,0
50380,1,1,34,0,20,14,0,38,0,13,0,33
50381,1,1,0,0,0,0,0,0,0,0,0,0
50381,2,1,0,0,0,0,0,0,0,0,0,0
50382,1,1,20,20,20,20,20,20,20,20,20,20
50382,2,1,0,0,0,0,0,0,0,0,0,0
50382,3,1,0,0,0,0,0,0,0,0,0,0
50383,1,1,0,0,0,0,0,0,0,0,0,0
50384,1,1,0,26,0,0,0,0,0,0,28,0
50385,1,1,0,0,0,0,0,0,0,0,0,0
50385,2,1,0,0,0,0,0,0,0,0,0,0
50386,1,1,0,0,0,0,0,0,0,0,0,0
50387,1,1,0,0,0,0,0,0,0,0,0,0
50387,2,1,0,0,0,0,0,0,0,0,0,0
50388,1,1,22,5,27,15,21,28,14,19,16,8
50389,0,1,0,0,0,0,0,0,0,0,0,0
50389,1,1,0,0,0,0,0,0,0,0,0,0
50390,1,1,0,0,0,0,0,0,0,0,0,0
50390,2,1,0,0,0,0,0,0,0,0,0,0
50391,1,1,0,0,0,28,20,0,0,0,0,0
50392,1,1,0,0,0,0,0,0,0,0,0,0
50392,2,1,0,0,0,0,0,0,0,0,0,0
50392,3,1,0,0,0,0,0,0,0,0,0,0
50393,1,1,0,0,0,0,0,0,0,0,0,0
50394,1,1,21,21,21,21,21,21,21,21,21,21
50394,2,1,0,0,0,0,0,0,0,0,0,0
50395,1,1,0,0,0,0,0,0,0,0,0,0
50395,2,1,0,0,0,0,0,0,0,0,0,0
50396,1,1,27,27,27,27,27,27,27,27,27,27
50397,1,1,0,0,0,0,0,0,0,0,0,0
50398,1,1,0,0,0,0,0,0,0,0,0,0
50399,1,1,0,0,0,0,0,0,0,0,0,0
50400,1,1,0,0,0,0,0,0,0,0,0,0
50400,2,1,0,0,0,0,0,0,0,0,0,0
50401,1,1,12,0,0,0,0,0,0,0,0,20
50402,0,1,0,13,0,0,0,0,0,0,0,0
50402,1,1,37,0,13,7,5,0,25,17,16,13
50403,1,1,0,0,0,0,0,0,0,0,0,0
50404,1,1,0,0,0,0,0,0,0,0,0,0
50405,1,1,0,0,0,0,0,0,0,0,0,0
50405,2,1,0,0,0,0,9,0,0,0,0,2
50406,1,1,0,0,0,40,0,22,32,0,0,27
50407,1,1,0,0,0,0,0,0,0,0,0,0
50408,0,1,0,0,0,0,0,0,0,0,0,0
50408,1,1,0,0,0,0,0,0,0,0,0,0
50409,1,1,0,0,0,0,0,0,0,0,0,0
50410,1,1,0,0,0,0,0,0,0,0,0,0
50411,0,1,19,19,19,19,19,19,19,19,19,19
50411,1,1,0,0,0,0,0,0,0,0,14,0
50412,0,1,0,0,0,0,0,0,0,0,0,0
50412,1,1,0,0,0,0,0,0,0,0,0,0
50413,1,1,0,0,0,0,0,0,0,0,0,0
50413,2,1,0,0,0,0,0,0,0,0,0,0
50414,1,1,0,0,0,0,0,0,0,0,0,0
50414,2,1,0,0,0,0,0,0,0,0,0,0
50415,1,1,0,0,0,0,0,0,0,0,0,0
50415,2,1,17,17,17,17,17,17,17,17,17,17
50416,1,1,0,0,0,0,0,0,0,0,0,0
50416,2,1,0,0,0,0,0,0,0,0,0,0
50417,1,1,30,30,30,30,30,30,30,30,30,30
50417,2,1,6,6,6,6,6,6,6,6,6,6
50418,1,1,0,0,0,0,0,0,0,10,19,0
50419,1,1,0,0,0,0,0,0,0,0,0,0
50419,2,1,6,6,6,6,6,6,6,6,6,6
50420,1,1,0,0,0,0,0,0,0,0,0,0
50421,1,1,1,1,1,1,1,1,1,1,1,1
50421,2,1,0,0,0,0,0,0,0,0,0,0
50422,1,1,0,0,0,0,0,0,0,0,0,0
50422,2,1,0,0,0,0,0,0,0,0,0,0
50423,1,1,0,0,0,0,13,0,0,23,0,9
50424,1,1,14,14,14,14,14,14,14,14,14,14
50425,0,1,0,0,23,23,25,24,12,3,37,10
50425,1,1,0,0,0,0,0,0,0,0,0,0
50426,1,1,0,0,0,0,0,0,0,0,0,0
50427,1,1,0,0,0,0,0,0,0,0,0,0
50427,2,1,0,0,0,0,0,0,0,0,0,0
50427,3,1,0,0,0,0,0,0,0,0,0,0
50428,1,1,0,0,0,0,0,0,0,0,0,0
50429,1,1,0,0,0,0,0,0,0,0,0,0
50429,2,1,0,0,0,0,0,0,0,0,0,0
50429,3,1,0,0,0,0,0,0,0,0,0,0
50430,1,1,0,0,0,0,0,0,0,0,0,0
50430,2,1,0,0,0,0,0,0,10,0,0,0
50431,1,1,0,20,0,0,0,0,15,0,0,0
50432,1,1,0,0,0,0,0,0,0,0,0,0
50432,2,1,0,0,0,0,0,0,0,0,0,0
50433,1,1,0,0,0,0,0,0,0,0,0,0
50434,1,1,14,14,14,14,14,14,14,14,14,14
50435,1,1,24,24,24,24,24,24,24,24,24,24
50436,1,1,0,0,0,0,0,0,0,0,0,0
50436,2,1,0,0,0,0,0,0,0,0,0,0
50437,1,1,0,0,0,0,0,0,0,0,0,0
50438,1,1,0,0,0,0,0,0,0,0,0,0
50438,2,1,0,0,0,0,0,0,0,0,0,0
50439,1,1,0,0,0,0,0,0,0,0,0,0
50439,2,1,0,0,0,0,0,0,0,0,0,0
50440,1,1,19,19,19,19,19,19,19,19,19,19
50440,2,1,0,0,0,0,0,0,0,0,0,0
50441,1,1,27,27,27,27,27,27,27,27,27,27
50441,2,1,0,0,0,0,0,0,0,0,0,0
50442,1,1,0,0,0,0,0,0,0,0,0,0
50443,1,1,0,0,0,0,0,0,0,0,0,0
50443,2,1,0,0,0,0,0,0,0,0,0,0
50444,1,1,6,6,6,6,6,6,6,6,6,6
50444,2,1,2,2,2,2,2,2,2,2,2,2
50445,1,1,12,12,12,12,12,12,12,12,12,12
50446,1,1,16,16,16,16,16,16,16,16,16,16
50446,2,1,0,0,0,0,0,0,0,0,0,0
50446,3,1,0,0,0,0,0,0,0,0,0,0
50447,1,1,10,10,10,10,10,10,10,10,10,10
50448,1,1,0,0,0,0,0,0,0,0,0,0
50448,2,1,0,0,0,0,0,0,0,0,0,0
50449,1,1,0,0,0,0,0,0,0,0,5,0
50449,2,1,0,0,0,0,0,0,0,0,0,0
50450,1,1,0,0,0,0,0,0,0,40,0,0
50451,1,1,0,0,0,0,0,0,0,0,0,0
50452,1,1,23,15,24,13,27,17,19,16,17,4
50453,0,1,33,33,33,33,33,33,33,33,33,33
50453,1,1,5,26,10,16,4,0,6,13,31,13
50453,2,1,0,0,0,0,0,0,0,0,0,8
50454,1,1,0,0,0,0,0,13,0,0,0,9
50454,2,1,0,0,0,0,0,0,0,0,0,0
50455,1,1,0,0,0,0,0,0,0,0,0,0
50456,0,1,0,0,0,0,0,0,0,0,0,0
50456,1,1,0,0,0,0,0,0,0,0,0,0
50456,2,1,0,0,0,0,0,0,7,0,0,0
50456,3,1,0,0,0,0,0,0,0,0,10,29
50457,1,1,0,0,0,0,0,0,0,0,0,0
50457,2,1,0,0,0,0,4,0,0,0,0,0
50458,1,1,0,0,0,0,0,0,0,0,0,0
50459,1,1,0,0,0,0,0,0,0,0,0,0
50460,1,1,0,0,0,0,0,0,0,0,0,0
50460,2,1,0,0,0,0,0,0,0,0,0,0
50461,1,1,0,0,0,0,0,0,0,0,0,10
50462,1,1,0,0,0,0,0,0,0,0,0,0
50462,2,1,11,11,11,11,11,11,11,11,11,11
50463,1,1,21,21,21,21,21,21,21,21,21,21
50464,1,1,0,0,0,0,0,0,0,18,0,0
50464,2,1,0,0,0,0,0,0,0,0,0,0
50465,1,1,9,9,9,9,9,9,9,9,9,9
50467,1,1,0,0,0,0,0,0,0,0,0,0
50467,2,1,0,0,0,0,0,0,0,0,0,0
50468,1,1,0,0,0,0,0,0,0,0,0,0
50468,2,1,0,0,0,0,0,0,0,0,0,0
50469,1,1,33,0,0,0,19,0,13,13,27,27
50470,1,1,0,0,0,0,0,0,0,0,0,0
50470,2,1,19,19,19,19,19,19,19,19,19,19
80001,1,1,0,0,0,0,0,0,0,0,0,0
80001,2,1,0,0,0,7,0,0,0,0,0,0
80001,3,1,0,0,0,0,0,0,0,0,0,0
80002,1,1,0,0,0,0,0,0,0,0,0,0
80002,2,1,0,0,0,0,0,0,0,0,0,0
80003,1,1,0,0,0,0,0,0,0,0,0,0
80003,2,1,0,0,0,0,0,0,0,0,0,0
80004,1,1,5,5,5,5,5,5,5,5,5,5
80004,2,1,0,0,0,0,0,0,0,0,0,0
80005,0,1,0,0,0,0,0,0,0,0,0,0
80005,1,1,0,0,0,0,10,0,0,0,0,0
80006,1,1,0,0,0,0,0,0,0,0,0,0
80006,2,1,0,0,0,0,0,0,0,0,0,0
80006,3,1,0,0,0,0,0,0,0,0,0,0
80007,1,1,0,0,0,0,0,0,0,0,0,0
80007,2,1,0,0,0,0,0,0,0,0,0,0
80008,1,1,0,0,0,0,0,0,0,0,0,0
80008,2,1,0,0,0,0,0,0,0,0,0,0
80008,3,1,0,0,0,0,0,0,0,0,0,0
80008,4,1,0,0,0,0,0,7,0,0,0,0
80009,1,1,1,1,1,1,1,1,1,1,1,1
80010,1,1,0,0,0,0,0,0,0,0,0,0
80010,2,1,0,0,0,0,36,0,0,0,0,0
80011,1,1,15,15,15,15,15,15,15,15,15,15
80012,1,1,0,0,0,0,0,0,0,0,0,0
80012,2,1,0,0,0,0,0,0,0,0,0,0
80013,1,1,24,24,24,24,24,24,24,24,24,24
80013,2,1,0,0,0,0,0,0,0,0,0,0
80014,1,1,20,15,6,22,3,10,17,9,26,17
80014,2,1,0,0,0,0,0,0,0,0,0,0
80015,1,1,12,12,12,12,12,12,12,12,12,12
80016,1,1,0,0,0,0,0,0,0,0,0,0
80016,2,1,0,0,0,0,0,0,0,0,0,0
80017,1,1,16,16,16,16,16,16,16,16,16,16
80018,0,1,0,0,0,0,0,0,0,0,0,0
80018,1,1,0,12,20,0,0,0,0,14,0,11
80019,1,1,26,26,26,26,26,26,26,26,26,26
80019,2,1,0,0,0,0,0,0,0,0,0,0
80019,3,1,0,0,0,0,7,0,0,0,8,0
80020,1,1,0,0,0,0,0,0,0,0,0,0
80020,2,1,0,0,0,0,0,0,0,0,0,0
80020,3,1,0,27,0,0,0,28,0,0,0,0
80021,0,1,0,0,0,0,0,0,0,0,0,0
80021,1,1,0,0,0,0,0,0,0,0,0,0
80022,1,1,0,0,0,0,0,0,0,0,0,0
80023,0,1,0,0,0,0,0,0,0,0,0,0
80023,0,2,0,0,0,0,0,0,0,0,0,0
80023,1,1,0,0,0,0,0,0,0,0,0,0
80024,1,1,15,15,15,15,15,15,15,15,15,15
80026,0,1,18,0,23,0,14,0,0,0,0,0
80026,1,1,0,0,0,0,0,0,0,0,0,0
80027,1,1,3,3,3,3,3,3,3,3,3,3
80028,0,1,0,0,0,0,0,0,0,0,0,0
80028,1,1,0,0,0,0,0,0,0,0,0,11
80029,1,1,12,12,12,12,12,12,12,12,12,12
80029,2,1,0,0,0,0,0,0,0,0,0,0
80030,0,1,0,0,0,0,0,0,0,0,0,0
80030,1,1,0,0,0,0,0,0,0,0,0,0
80031,1,1,20,20,20,20,20,20,20,20,20,20
80032,1,1,0,0,0,0,0,0,0,0,0,0
80033,0,1,40,40,40,40,40,40,40,40,40,40
80033,1,1,0,0,0,0,0,0,0,0,0,0
80034,1,1,0,0,0,0,0,0,0,0,0,0
80034,2,1,0,0,0,0,0,0,0,0,0,0
80035,1,1,1,1,1,1,1,1,1,1,1,1
80036,1,1,0,0,0,0,0,0,0,0,0,0
80036,2,1,0,0,0,5,0,0,3,0,0,0
80037,1,1,0,0,0,0,0,0,0,0,0,0
80037,2,1,0,0,0,0,0,12,0,0,0,0
80037,3,1,0,0,0,0,0,0,0,0,0,0
80038,1,1,0,0,0,0,0,0,0,0,0,0
80038,2,1,0,26,0,0,0,0,0,0,0,0
80039,1,1,0,0,0,0,0,0,0,0,0,0
80040,1,1,0,0,0,0,0,9,0,0,0,0
80040,2,1,0,0,0,0,0,9,0,0,0,0
80041,1,1,0,0,0,13,0,0,0,0,0,0
80041,2,1,0,0,0,0,0,0,0,0,0,0
80042,1,1,0,0,0,0,0,0,0,0,0,0
80042,2,1,0,0,0,0,0,0,0,0,0,0
80043,0,1,0,0,0,0,0,0,0,0,0,0
80043,1,1,0,0,0,0,0,0,0,0,0,0
80044,1,1,0,0,0,0,0,0,0,0,0,0
80045,1,1,0,0,0,0,0,0,0,0,0,0
80046,0,1,0,0,0,0,0,0,0,0,0,0
80046,1,1,0,0,0,0,0,0,0,0,0,0
80047,1,1,10,10,10,10,10,10,10,10,10,10
80047,2,1,0,0,0,0,0,0,0,0,0,0
80048,1,1,18,18,18,18,18,18,18,18,18,18
80049,0,1,0,0,0,0,0,0,0,0,0,0
80049,1,1,0,0,0,0,0,0,0,0,0,0
80050,1,1,0,0,0,0,0,0,0,0,0,0
80050,2,1,0,0,0,0,0,0,0,0,0,0
80051,1,1,0,0,0,0,0,0,0,0,0,0
80052,0,1,35,35,35,35,35,35,35,35,35,35
80052,1,1,0,0,0,0,0,0,0,0,0,6
80053,1,1,0,0,0,0,0,0,0,0,0,0
80053,2,1,0,0,0,0,0,0,0,0,0,0
80054,1,1,0,0,0,0,0,0,0,0,0,40
80054,2,1,0,0,0,0,0,0,0,0,0,0
80055,1,1,12,12,12,12,12,12,12,12,12,12
80056,1,1,0,0,0,0,0,0,0,0,0,0
80056,2,1,17,0,0,0,0,0,23,0,21,0
80057,1,1,0,0,0,0,0,0,0,0,0,0
80057,2,1,0,0,0,0,0,0,0,0,0,0
80058,1,1,0,0,0,0,0,0,0,0,0,0
80058,2,1,0,0,0,0,0,0,0,0,0,0
80059,1,1,0,0,0,0,0,0,0,0,0,0
80059,2,1,8,19,41,11,18,10,12,14,0,11
80060,0,1,0,0,0,0,0,18,0,0,0,0
80060,1,1,0,0,0,0,0,0,0,0,0,0
80061,1,1,26,26,26,26,26,26,26,26,26,26
80062,1,1,9,0,0,0,0,0,0,0,0,0
80062,2,1,0,0,0,0,0,0,0,0,0,0
80063,1,1,0,0,0,0,0,0,0,0,0,0
80063,2,1,0,0,0,0,0,0,0,0,0,0
80064,1,1,0,0,0,0,0,0,0,0,0,0
80065,1,1,0,0,0,0,0,0,0,0,0,0
80066,0,1,32,32,32,32,32,32,32,32,32,32
80066,1,1,0,0,0,0,0,0,0,0,0,0
80067,1,1,0,0,0,0,0,0,0,0,0,0
80068,1,1,0,0,0,0,0,0,0,0,0,0
80069,0,1,0,0,0,0,0,0,0,0,0,0
80069,1,1,0,0,0,0,0,0,0,0,0,0
80070,0,1,0,0,0,0,0,0,0,0,0,0
80070,1,1,0,0,0,0,0,0,0,0,0,0
80071,1,1,0,0,0,0,0,0,0,0,0,0
80071,2,1,0,0,0,0,0,0,0,0,0,0
80072,1,1,0,0,0,0,0,0,0,0,0,0
80072,2,1,0,0,0,0,0,0,0,0,0,0
80073,1,1,0,0,0,0,0,0,0,0,0,0
80073,2,1,0,0,0,0,0,0,0,0,0,0
80074,1,1,0,0,0,0,0,0,0,0,0,0
80074,2,1,0,0,0,0,0,0,0,0,0,0
80075,1,1,0,0,0,0,0,0,0,0,0,0
80076,1,1,0,0,0,0,0,0,0,0,0,0
80076,2,1,0,0,0,0,0,0,0,0,0,0
80077,1,1,0,0,0,0,0,0,0,0,0,0
80077,2,1,0,0,0,0,0,0,0,0,0,0
80078,1,1,0,0,0,0,0,0,0,0,0,0
80078,2,1,0,0,0,0,0,0,0,0,0,0
80079,1,1,0,0,0,0,33,0,0,3,0,0
80080,1,1,0,0,0,0,0,0,0,0,0,0
80080,2,1,0,0,0,0,0,0,0,0,0,24
80081,1,1,13,25,7,21,31,8,29,3,29,11
80082,1,1,15,15,15,15,15,15,15,15,15,15
80083,1,1,0,0,0,0,0,0,0,0,0,0
80083,2,1,0,0,0,0,0,0,0,0,0,0
80084,1,1,0,0,0,0,0,0,0,0,0,0
80085,1,1,0,0,0,0,0,0,0,0,0,0
80085,2,1,6,6,6,6,6,6,6,6,6,6
80086,1,1,0,0,0,0,0,0,0,0,0,0
80086,2,1,0,0,0,0,0,0,0,0,0,0
80087,1,1,15,15,15,15,15,15,15,15,15,15
80087,2,1,0,0,0,0,0,0,0,0,0,0
80088,1,1,0,0,0,0,0,0,0,0,0,0
80088,2,1,0,0,0,41,0,0,0,0,0,14
80089,1,1,0,0,0,0,0,0,0,0,0,0
80089,2,1,0,0,0,0,0,0,0,0,0,0
80090,1,1,0,0,14,0,0,0,0,0,0,0
80090,2,1,26,26,26,26,26,26,26,26,26,26
80091,0,1,0,0,0,0,0,0,0,0,0,0
80091,0,2,0,0,0,0,0,0,0,0,0,0
80091,1,1,0,0,0,0,0,0,0,0,0,0
80092,1,1,8,8,8,8,8,8,8,8,8,8
80093,1,1,0,0,0,0,0,0,0,0,0,0
80093,2,1,0,0,0,0,0,0,0,0,0,0
80093,3,1,0,0,0,0,0,0,0,0,0,0
80094,1,1,0,0,0,0,0,0,0,0,0,0
80095,1,1,7,7,7,7,7,7,7,7,7,7
80096,1,1,12,12,12,12,12,12,12,12,12,12
80097,1,1,0,0,0,0,0,0,0,0,0,0
80098,1,1,0,0,0,0,0,0,0,0,0,0
80098,2,1,0,0,0,0,0,0,0,0,0,17
80099,1,1,0,17,0,0,0,0,0,0,0,0
80099,2,1,0,0,0,0,0,0,0,0,0,0
80100,1,1,0,0,0,0,0,0,0,0,0,0
80100,2,1,0,0,0,0,0,0,0,0,0,0
80101,1,1,0,0,0,0,0,0,0,0,0,0
80101,2,1,0,0,0,0,0,0,0,0,0,0
80101,3,1,0,0,0,0,0,0,0,0,0,0
80101,4,1,0,0,17,0,0,0,0,0,0,0
80102,1,1,0,0,0,0,21,0,0,0,0,0
80103,0,1,0,0,0,0,0,0,0,0,0,0
80103,1,1,0,0,0,0,0,0,0,0,0,0
80104,1,1,0,0,0,0,0,0,0,0,0,0
80105,1,1,17,17,17,17,17,17,17,17,17,17
80106,1,1,8,8,8,8,8,8,8,8,8,8
80106,2,1,13,0,0,0,0,0,0,0,0,0
80107,1,1,24,0,0,10,0,0,6,0,0,0
80108,1,1,0,0,0,0,0,0,0,0,0,0
80108,2,1,0,0,0,0,0,0,0,0,0,0
80109,0,1,22,22,22,22,22,22,22,22,22,22
80109,1,1,0,0,0,0,0,0,0,0,0,0
80110,1,1,0,0,0,0,0,0,0,0,0,0
80111,1,1,0,0,0,0,0,0,0,0,0,0
80111,2,1,0,0,0,0,0,0,0,0,0,0
80112,1,1,12,12,12,12,12,12,12,12,12,12
80113,0,1,0,0,0,0,0,0,0,0,0,0
80113,1,1,0,0,0,0,0,0,10,0,0,0
80115,1,1,0,0,0,0,0,0,0,0,0,0
80115,2,1,0,0,0,0,0,0,0,0,0,0
80116,1,1,0,0,0,0,0,0,0,0,0,0
80116,2,1,0,0,0,0,0,0,0,0,0,0
80117,1,1,29,29,29,29,29,29,29,29,29,29
80118,1,1,0,0,0,0,0,0,0,0,0,0
80118,2,1,0,0,0,0,0,0,4,0,0,0
80118,3,1,0,29,0,0,0,0,0,0,0,0
80118,4,1,0,0,0,0,0,0,0,0,0,0
80119,1,1,20,20,20,20,20,20,20,20,20,20
80120,1,1,0,0,0,0,0,0,0,0,0,0
80120,2,1,0,0,0,0,0,0,0,0,0,0
80120,3,1,0,0,0,0,0,0,0,0,0,0
80121,1,1,22,22,22,22,22,22,22,22,22,22
80121,2,1,0,0,0,0,0,0,0,0,0,0
80122,1,1,0,0,0,0,0,0,0,0,0,0
80122,2,1,0,0,0,0,0,0,0,0,0,0
80123,1,1,0,0,0,0,0,0,0,0,0,0
80123,2,1,0,0,0,0,0,0,0,0,0,0
80124,1,1,14,14,14,14,14,14,14,14,14,14
80125,1,1,15,11,20,0,0,0,41,10,0,3
80126,0,1,0,0,0,0,0,0,0,0,0,0
80126,1,1,0,0,0,0,0,13,0,0,0,0
80127,1,1,6,6,6,6,6,6,6,6,6,6
80127,2,1,0,0,0,25,12,23,0,0,0,0
80128,0,1,5,5,5,5,5,5,5,5,5,5
80128,1,1,4,4,4,4,4,4,4,4,4,4
80129,1,1,13,13,13,13,13,13,13,13,13,13
80130,0,1,14,14,14,14,14,14,14,14,14,14
80130,1,1,17,15,0,0,0,0,0,0,0,0
80131,1,1,0,0,0,0,0,23,0,0,0,0
80132,1,1,0,0,0,0,0,0,0,0,0,0
80133,1,1,0,0,0,0,0,0,0,0,0,0
80133,2,1,0,13,0,0,0,0,0,0,0,0
80134,1,1,15,15,15,15,15,15,15,15,15,15
80135,1,1,0,0,0,0,0,0,0,19,0,0
80135,2,1,0,0,0,0,0,0,0,0,0,0
80136,1,1,0,0,0,0,0,0,0,0,0,0
80137,1,1,0,0,0,0,0,0,0,0,0,0
80138,0,1,0,0,0,0,0,0,0,0,0,0
80138,1,1,0,0,0,0,12,0,0,0,0,0
80139,1,1,14,14,14,14,14,14,14,14,14,14
80140,1,1,30,30,30,30,30,30,30,30,30,30
80141,1,1,0,0,0,0,0,0,0,0,0,0
80142,0,1,0,0,0,0,0,0,0,0,0,0
80142,1,1,0,0,0,0,0,11,0,0,0,9
80143,0,1,31,31,31,31,31,31,31,31,31,31
80143,1,1,0,0,0,0,0,0,0,0,0,0
80144,1,1,0,0,0,0,0,0,0,0,0,0
80144,2,1,0,0,0,0,0,0,0,0,0,0
80145,1,1,15,0,0,0,14,0,0,0,0,0
80145,2,1,10,0,0,0,0,0,0,0,0,0
80146,1,1,0,0,0,0,15,0,0,0,0,0
80146,2,1,8,8,8,8,8,8,8,8,8,8
80147,1,1,0,0,0,0,0,0,0,0,0,0
80147,2,1,0,0,0,0,0,0,0,0,0,4
80147,3,1,0,0,0,0,0,0,0,0,0,0
80148,1,1,32,32,32,32,32,32,32,32,32,32
80148,2,1,0,0,0,0,0,0,0,0,0,0
80149,1,1,0,0,9,0,0,0,0,0,0,0
80149,2,1,0,0,0,0,0,0,0,0,0,0
80150,0,1,0,0,0,0,0,0,0,0,0,0
80150,1,1,0,0,0,0,0,0,0,0,0,0
80151,1,1,0,0,0,0,0,0,0,0,0,0
80151,2,1,0,0,0,0,0,0,0,0,0,0
80152,0,1,0,0,0,0,0,0,0,0,0,0
80152,1,1,0,0,0,0,0,0,0,0,0,0
80153,0,1,0,0,0,0,0,0,0,0,0,0
80153,1,1,0,0,0,0,15,0,0,0,0,0
80154,1,1,6,6,6,6,6,6,6,6,6,6
80154,2,1,0,0,0,0,0,0,0,0,0,0
80155,1,1,0,0,0,0,0,0,0,0,0,0
80156,1,1,24,24,24,24,24,24,24,24,24,24
80157,1,1,0,12,0,0,0,0,0,0,0,0
80158,1,1,0,0,0,0,0,0,0,0,0,0
80159,1,1,20,20,20,20,20,20,20,20,20,20
80160,1,1,1,1,1,1,1,1,1,1,1,1
80161,0,1,0,0,0,0,0,0,0,0,0,0
80161,1,1,0,0,0,0,0,0,0,0,0,0
80162,1,1,36,36,36,36,36,36,36,36,36,36
80162,2,1,0,0,0,0,0,0,0,0,0,0
80163,1,1,0,0,0,0,0,0,0,0,0,0
80163,2,1,0,0,0,0,0,0,0,0,0,5
80164,1,1,50,50,50,50,50,50,50,50,50,50
80165,1,1,20,20,20,20,20,20,20,20,20,20
80166,1,1,0,0,0,0,0,0,0,0,0,0
80166,2,1,0,0,0,0,0,0,0,0,0,0
80166,3,1,0,0,0,0,0,0,0,0,0,0
80167,1,1,0,0,0,0,0,0,0,0,0,0
80168,1,1,0,0,0,0,0,0,0,0,0,0
80169,1,1,0,0,0,0,0,0,0,0,0,0
80169,2,1,0,19,0,0,0,11,7,0,0,0
80169,3,1,20,0,0,0,18,0,11,0,0,34
80170,1,1,0,0,0,0,0,0,0,0,3,0
80170,2,1,6,0,0,0,0,0,0,0,11,0
80171,1,1,20,20,20,20,20,20,20,20,20,20
80172,1,1,0,0,0,0,0,0,0,0,0,0
80173,1,1,9,9,9,9,9,9,9,9,9,9
80174,1,1,0,0,0,0,0,0,0,0,0,0
80175,1,1,0,0,0,0,0,0,0,0,0,0
80176,1,1,0,0,0,0,0,0,0,0,0,0
80176,2,1,0,0,0,0,0,0,0,0,0,0
80176,3,1,0,0,0,0,0,0,0,0,0,0
80177,1,1,0,0,0,0,0,0,0,0,0,0
80178,1,1,0,0,0,0,0,0,0,0,0,0
80179,1,1,0,0,0,0,0,0,0,0,0,0
80180,1,1,20,20,20,20,20,20,20,20,20,20
80180,2,1,0,0,0,0,0,0,0,0,0,0
80181,1,1,0,0,0,0,0,0,0,0,0,0
80181,2,1,0,0,0,0,0,0,0,0,0,0
80181,3,1,0,0,0,0,0,0,0,0,0,0
80182,1,1,0,0,0,0,0,0,0,0,0,0
80182,2,1,0,0,0,0,0,0,0,0,0,0
80183,1,1,23,23,23,23,23,23,23,23,23,23
80183,2,1,0,0,0,0,0,0,0,0,0,0
80184,1,1,0,0,0,0,0,0,0,0,0,0
80184,2,1,0,0,0,0,0,0,0,0,0,0
80185,1,1,0,0,0,0,0,0,0,0,0,0
80185,2,1,0,0,0,0,0,0,0,0,0,0
80186,0,1,23,23,23,23,23,23,23,23,23,23
80186,1,1,0,0,0,0,0,0,0,0,0,0
80187,1,1,0,0,0,0,0,0,0,0,0,0
80188,0,1,0,0,0,0,0,0,0,0,0,0
80188,1,1,0,0,0,0,0,0,0,0,0,0