ST_CASE,VEH_NO,PER_NO,P1,P2,P3,P4,P5,P6,P7,P8,P9,P10
80490,1,1,0,0,0,0,7,0,0,0,0,0
80491,1,1,0,0,0,0,0,0,0,0,0,0
80491,2,1,22,0,0,0,0,14,0,0,0,0
80492,1,1,0,0,0,0,9,0,0,20,0,0
80492,2,1,0,0,0,0,0,11,0,0,0,0
80493,1,1,12,12,12,12,12,12,12,12,12,12
80493,2,1,3,3,3,3,3,3,3,3,3,3
80494,1,1,0,0,0,0,0,0,0,0,0,0
80494,2,1,0,0,0,0,0,31,0,0,0,0
80495,1,1,0,0,0,0,0,0,0,0,0,0
80495,2,1,0,0,0,0,0,0,0,0,0,0
80496,1,1,19,19,19,19,19,19,19,19,19,19
80497,1,1,0,0,0,0,0,0,0,0,0,0
80498,1,1,0,0,0,0,0,0,0,0,0,0
80498,2,1,29,0,0,0,0,0,0,0,0,0
80499,1,1,0,0,0,0,0,0,0,0,0,0
80500,1,1,14,14,14,14,14,14,14,14,14,14
80501,1,1,0,0,0,0,0,0,0,0,0,0
80502,1,1,0,0,0,0,0,0,0,0,0,0
80502,2,1,0,0,0,0,0,0,0,0,0,0
80503,0,1,0,0,0,0,0,0,0,0,0,0
80503,1,1,0,0,0,0,0,0,0,0,0,0
80504,1,1,0,0,0,0,0,0,0,0,0,0
80505,0,1,15,15,15,15,15,15,15,15,15,15
80505,1,1,0,0,0,0,0,0,0,0,0,0
80506,1,1,0,0,0,0,0,0,0,0,0,0
80507,1,1,0,0,0,15,0,0,0,0,0,0
80507,2,1,0,0,0,0,0,0,0,0,0,0
80508,1,1,15,15,15,15,15,15,15,15,15,15
80509,1,1,20,20,20,20,20,20,20,20,20,20
80510,1,1,17,17,17,17,17,17,17,17,17,17
80511,1,1,0,0,0,0,0,0,16,0,0,0
80512,1,1,0,0,0,0,0,0,0,0,0,0
80512,2,1,0,0,0,0,0,0,0,0,0,0
80513,0,1,0,0,0,0,0,0,0,0,0,0
80513,1,1,0,0,0,0,0,0,0,0,6,0
80514,1,1,0,0,0,0,0,0,0,0,0,0
80514,2,1,0,0,0,0,0,0,0,0,0,0
80514,3,1,0,0,0,0,0,0,0,0,0,0
80514,4,1,0,0,0,0,0,0,0,0,0,0
80514,5,1,0,0,0,0,0,0,0,0,0,0
80514,6,1,0,0,0,0,0,0,0,0,0,0
80515,0,1,0,0,0,0,0,0,0,0,0,0
80515,1,1,29,29,29,29,29,29,29,29,29,29
80516,1,1,24,24,24,24,24,24,24,24,24,24
80517,0,1,0,0,0,0,0,0,0,0,0,0
80517,1,1,0,0,0,0,0,0,0,0,0,0
80518,1,1,25,25,25,25,25,25,25,25,25,25
80519,1,1,21,21,21,21,21,21,21,21,21,21
80519,2,1,0,0,0,0,0,0,0,0,0,0
80520,0,1,0,0,0,0,0,0,0,0,0,0
80520,1,1,0,0,0,0,11,0,0,0,0,0
80521,1,1,9,9,9,9,9,9,9,9,9,9
80522,1,1,0,0,0,0,0,0,0,0,0,0
80523,1,1,0,0,0,0,0,0,0,0,0,0
80524,0,1,18,18,18,18,18,18,18,18,18,18
80524,1,1,8,0,13,0,9,0,0,0,6,0
80524,2,1,0,0,0,0,7,0,0,0,0,0
80525,0,1,31,31,31,31,31,31,31,31,31,31
80525,1,1,0,0,0,0,0,0,0,0,0,0
80526,0,1,23,23,23,23,23,23,23,23,23,23
80526,1,1,0,0,0,25,0,0,0,0,5,0
80527,0,1,0,0,0,0,0,0,0,0,0,0
80527,1,1,0,0,0,0,0,0,0,0,0,0
80528,1,1,0,0,0,0,0,0,0,0,0,0
80528,2,1,0,0,0,0,0,0,0,0,0,0
80529,1,1,0,0,0,0,0,0,0,0,0,0
80529,2,1,0,0,0,0,0,0,0,0,0,0
80530,1,1,0,0,0,0,0,0,0,0,0,0
80530,2,1,0,0,0,0,0,0,0,0,0,0
80530,3,1,0,0,0,0,0,0,0,0,0,0
80530,4,1,0,0,0,0,0,0,0,0,0,0
80530,5,1,0,0,0,0,0,0,0,0,0,0
80531,0,1,0,0,0,0,0,0,0,0,0,0
80531,2,1,0,0,0,0,0,0,0,0,0,0
80532,1,1,0,0,0,0,0,0,0,0,0,0
80533,1,1,12,12,12,12,12,12,12,12,12,12
80534,1,1,0,0,0,0,0,0,0,0,0,0
80534,2,1,0,0,0,0,0,0,0,0,27,0
80535,0,1,0,0,0,0,0,0,0,0,0,0
80535,1,1,0,0,0,0,0,0,0,0,0,0
80536,0,1,20,20,20,20,20,20,20,20,20,20
80536,1,1,8,22,0,0,13,13,0,0,8,10
80537,0,1,0,0,0,0,0,0,0,0,0,0
80537,1,1,0,0,0,0,0,0,0,0,0,0
80538,2,1,0,0,0,0,0,0,0,0,0,0
80539,1,1,0,0,23,19,0,0,0,0,0,10
80540,1,1,29,29,29,29,29,29,29,29,29,29
80541,1,1,0,0,0,0,0,0,0,0,0,0
80541,2,1,0,0,0,0,0,0,9,0,0,0
80542,1,1,21,21,21,21,21,21,21,21,21,21
80542,2,1,0,21,0,0,0,0,0,0,0,0
80542,3,1,0,0,0,0,0,0,0,0,0,0
80543,1,1,36,36,36,36,36,36,36,36,36,36
80544,1,1,0,0,0,0,0,0,0,0,0,0
80545,1,1,0,0,0,0,0,0,0,0,0,0
80546,1,1,19,19,19,19,19,19,19,19,19,19
80546,2,1,0,0,0,0,0,0,0,0,0,0
80547,1,1,0,0,0,0,0,0,0,17,0,0
80548,1,1,0,0,0,0,0,0,0,0,0,0
80548,2,1,0,0,0,0,0,0,0,0,7,0
80549,1,1,0,11,0,12,27,17,10,0,19,25
80549,2,1,0,0,0,0,0,0,0,0,0,0
80549,3,1,0,0,0,0,0,0,0,0,0,0
80550,1,1,0,0,0,0,0,0,0,0,0,0
80550,2,1,0,0,0,0,0,0,0,0,0,0
80551,1,1,0,0,0,0,0,0,0,0,0,0
80551,2,1,0,10,0,0,0,0,0,0,0,0
80552,1,1,0,0,20,0,0,7,13,14,0,0
80553,1,1,0,0,0,0,0,0,0,0,3,0
80553,2,1,0,0,0,0,0,0,0,0,0,0
80554,1,1,0,0,0,0,0,0,0,0,0,0
80554,2,1,0,0,0,0,0,0,0,0,0,0
80555,1,1,20,20,20,20,20,20,20,20,20,20
80556,1,1,28,28,28,28,28,28,28,28,28,28
80557,1,1,21,21,21,21,21,21,21,21,21,21
80558,1,1,7,7,7,7,7,7,7,7,7,7
80559,1,1,25,25,25,25,25,25,25,25,25,25
80560,1,1,0,0,0,0,0,0,0,0,0,0
80560,2,1,0,0,0,0,0,0,0,0,0,0
80561,1,1,19,19,19,19,19,19,19,19,19,19
80561,2,1,0,0,0,0,0,0,0,0,0,0
80562,0,1,0,0,0,0,0,0,0,0,0,0
80562,1,1,0,0,0,0,0,18,0,0,0,0
80563,0,1,0,0,0,0,0,0,0,0,0,0
80563,1,1,0,0,0,0,0,0,0,0,0,0
80564,1,1,0,0,0,0,0,0,0,0,0,0
80564,2,1,0,0,15,0,0,0,0,0,0,0
80565,1,1,9,9,9,9,9,9,9,9,9,9
80565,2,1,0,0,0,0,0,0,0,0,0,0
80566,1,1,21,21,21,21,21,21,21,21,21,21
80566,2,1,0,0,0,0,0,0,0,0,0,0
80567,0,1,0,0,0,0,0,0,0,0,0,0
80567,1,1,0,0,0,0,0,0,0,0,0,0
80568,1,1,0,0,0,0,0,0,22,12,0,0
80569,0,1,23,23,23,23,23,23,23,23,23,23
80569,1,1,0,0,0,0,0,0,0,0,0,0
80570,0,1,0,0,0,0,0,0,0,0,0,0
80570,1,1,0,8,18,25,14,24,0,13,23,8
80571,1,1,0,0,0,0,0,0,0,0,0,0
80572,1,1,0,0,0,0,0,0,0,0,12,0
80572,2,1,0,0,0,0,0,0,0,0,15,0
80572,3,1,0,0,0,0,0,0,0,0,0,0
80573,1,1,0,0,0,0,0,0,0,0,0,0
80573,2,1,0,0,0,0,0,0,0,0,0,0
80574,1,1,0,0,0,0,0,0,0,0,0,0
80574,2,1,0,0,0,0,0,0,0,0,0,0
80574,3,1,0,0,0,0,0,0,0,0,0,0
80575,1,1,0,0,0,0,0,0,0,0,0,0
80576,1,1,0,0,0,0,0,0,0,0,0,0
80576,2,1,0,0,0,0,0,0,0,0,0,0
80576,3,1,0,0,0,0,0,7,0,0,0,0
80577,1,1,25,25,25,25,25,25,25,25,25,25
80577,2,1,0,0,0,0,0,0,0,0,0,0
80577,3,1,0,0,0,0,0,0,0,0,0,0
80578,1,1,0,0,0,0,0,0,0,0,0,0
80578,2,1,0,0,0,0,9,0,0,0,0,0
80579,1,1,0,0,0,0,0,0,0,0,0,0
80579,2,1,0,0,0,0,0,0,0,0,0,14
80579,3,1,0,0,0,0,0,0,0,0,0,0
80580,0,1,16,16,16,16,16,16,16,16,16,16
80580,1,1,0,0,0,0,0,0,0,0,0,0
80581,1,1,7,0,0,0,0,0,0,0,0,22
80582,1,1,0,0,0,0,0,0,0,0,0,0
80583,1,1,0,0,0,0,0,0,0,0,0,0
80584,1,1,0,0,0,0,0,0,0,0,0,0
80585,1,1,0,0,0,0,0,0,0,0,0,0
80586,1,1,18,18,18,18,18,18,18,18,18,18
80587,1,1,6,0,0,0,0,0,0,0,0,0
80587,2,1,0,0,0,0,0,0,0,0,0,0
80587,3,1,0,0,0,0,0,0,0,0,0,0
80588,0,1,0,0,0,0,0,0,0,0,0,0
80588,1,1,0,0,0,0,0,0,0,0,0,0
80588,2,1,0,0,0,0,0,0,0,0,0,0
80589,1,1,0,0,0,0,0,0,0,0,0,0
80589,2,1,0,0,0,0,0,0,0,0,0,0
80590,1,1,27,27,27,27,27,27,27,27,27,27
80591,1,1,0,0,0,0,0,0,0,0,0,0
80591,2,1,0,0,0,0,0,0,0,0,0,0
80592,0,1,9,9,9,9,9,9,9,9,9,9
80592,1,1,0,0,0,0,0,0,0,0,0,21
80593,1,1,0,0,0,0,0,0,0,0,0,0
80594,1,1,30,30,30,30,30,30,30,30,30,30
80595,0,1,3,32,0,4,23,10,22,6,28,24
80595,1,1,0,0,0,14,0,0,0,0,0,0
80596,1,1,0,0,13,0,0,0,0,0,0,0
80596,2,1,0,0,0,0,0,0,0,0,0,0
80597,1,1,18,18,18,18,18,18,18,18,18,18
80598,1,1,0,0,0,0,0,0,0,0,0,0
80598,2,1,0,0,0,0,0,0,0,0,0,0
80599,1,1,10,10,10,10,10,10,10,10,10,10
80599,2,1,18,0,13,20,0,0,10,0,0,0
80600,1,1,14,14,14,14,14,14,14,14,14,14
80600,2,1,0,0,0,0,0,0,0,0,0,0
80601,1,1,0,0,0,0,0,0,0,0,0,0
80602,1,1,0,0,0,0,0,0,0,0,0,0
80603,1,1,0,0,0,0,0,0,0,0,0,0
80603,2,1,0,0,0,0,0,0,0,0,0,0
80604,1,1,0,0,0,0,0,0,0,0,0,0
80604,2,1,0,0,0,0,0,0,0,0,0,0
90001,1,1,21,21,21,21,21,21,21,21,21,21
90002,0,1,0,0,0,0,0,0,0,0,0,0
90002,1,1,0,0,0,6,0,0,0,9,0,0
90003,0,1,0,0,0,0,0,0,0,0,0,0
90004,1,1,0,0,0,0,0,0,0,0,0,0
90004,2,1,23,23,23,23,23,23,23,23,23,23
90005,0,1,0,0,0,0,33,0,17,0,0,9
90005,0,2,39,4,35,11,0,0,0,0,0,6
90005,4,1,22,0,0,25,17,25,0,0,0,0
90006,1,1,0,0,0,0,0,0,0,0,0,0
90007,1,1,9,9,9,9,9,9,9,9,9,9
90007,2,1,2,2,2,2,2,2,2,2,2,2
90008,1,1,18,18,18,18,18,18,18,18,18,18
90009,0,1,0,0,0,0,0,0,0,0,0,0
90009,1,1,0,0,0,0,0,0,0,0,0,0
90010,1,1,0,0,0,0,0,0,0,0,0,0
90011,1,1,0,0,0,0,0,0,0,0,0,0
90012,0,1,0,0,0,0,0,0,0,0,0,0
90012,1,1,0,0,0,0,21,0,0,0,0,0
90013,1,1,0,0,0,0,0,0,0,0,0,0
90014,1,1,0,0,0,0,0,0,0,0,0,0
90014,2,1,0,11,0,16,0,0,0,18,0,13
90015,1,1,19,19,19,19,19,19,19,19,19,19
90016,0,1,0,0,0,0,0,0,0,0,0,0
90016,1,1,0,0,0,0,0,0,0,0,0,0
90017,1,1,0,0,0,0,0,0,0,0,0,0
90018,1,1,17,17,17,17,17,17,17,17,17,17
90019,1,1,0,0,6,0,0,16,7,0,0,0
90020,1,1,0,0,0,0,0,0,0,0,0,0
90020,2,1,0,16,0,0,0,37,11,0,27,22
90021,1,1,2,2,2,2,2,2,2,2,2,2
90021,2,1,19,19,19,19,19,19,19,19,19,19
90022,1,1,0,0,0,0,0,0,0,0,0,0
90022,2,1,30,30,30,30,30,30,30,30,30,30
90023,1,1,0,0,0,0,0,0,0,0,0,0
90023,2,1,0,0,0,0,0,0,0,9,0,0
90024,1,1,28,28,28,28,28,28,28,28,28,28
90026,0,1,0,0,0,0,0,0,0,0,0,0
90026,1,1,0,35,0,0,2,0,0,0,0,0
90027,1,1,0,0,0,0,0,0,0,0,0,0
90027,2,1,0,0,0,13,0,0,0,0,0,0
90028,1,1,0,17,0,11,20,11,0,12,0,5
90028,2,1,0,0,0,0,0,0,0,0,0,0
90029,1,1,0,0,0,0,0,0,0,0,0,0
90030,1,1,0,0,10,0,14,6,0,0,24,0
90030,2,1,7,7,7,7,7,7,7,7,7,7
90030,3,1,28,21,0,21,9,18,0,17,10,0
90032,0,1,21,34,8,15,15,26,11,27,22,14
90032,1,1,0,0,0,0,0,0,0,0,0,0
90033,0,1,0,0,0,0,0,0,0,0,0,0
90033,1,1,26,26,26,26,26,26,26,26,26,26
90034,1,1,0,0,0,0,0,0,0,0,0,0
90034,2,1,0,0,0,0,0,0,0,0,0,0
90035,1,1,0,0,0,0,26,0,26,0,0,0
90036,1,1,0,0,0,0,0,0,0,0,0,0
90037,1,1,0,0,0,0,7,0,0,0,0,0
90037,2,1,27,27,27,27,27,27,27,27,27,27
90038,1,1,0,5,0,0,24,0,0,0,0,0
90038,2,1,1,1,1,1,1,1,1,1,1,1
90039,1,1,0,0,0,0,0,0,0,0,0,0
90039,2,1,0,2,0,0,0,0,0,0,0,0
90040,1,1,0,5,0,16,20,0,4,12,0,19
90040,2,1,0,0,4,0,0,0,0,6,0,20
90041,1,1,0,0,0,0,0,0,0,0,0,0
90042,1,1,0,0,0,0,0,0,0,0,0,0
90042,2,1,0,0,0,0,0,0,0,0,0,0
90043,1,1,19,19,19,19,19,19,19,19,19,19
90044,1,1,0,0,0,0,0,0,0,0,0,0
90046,1,1,19,19,19,19,19,19,19,19,19,19
90047,1,1,30,30,30,30,30,30,30,30,30,30
90048,1,1,21,21,21,21,21,21,21,21,21,21
90049,1,1,17,17,17,17,17,17,17,17,17,17
90049,2,1,0,0,0,0,0,0,0,0,0,0
90050,1,1,9,9,9,9,9,9,9,9,9,9
90051,1,1,0,0,0,0,0,12,0,0,0,0
90051,2,1,0,0,0,0,0,0,0,0,0,0
90052,1,1,0,0,0,0,0,0,0,0,0,0
90053,0,1,7,0,0,0,0,0,5,0,0,0
90053,1,1,0,0,0,0,0,0,0,0,0,0
90054,1,1,22,22,22,22,22,22,22,22,22,22
90055,0,1,0,0,0,0,0,0,0,0,0,0
90055,1,1,0,0,0,13,0,0,0,0,0,0
90056,1,1,11,11,11,11,11,11,11,11,11,11
90057,1,1,0,0,0,0,0,0,0,0,0,0
90057,2,1,0,0,0,0,0,0,0,0,0,0
90058,0,1,0,0,0,0,0,0,0,0,0,0
90058,1,1,0,0,0,38,0,0,0,0,13,0
90059,1,1,0,0,0,0,0,0,0,0,0,0
90059,2,1,0,16,0,0,45,0,0,0,0,0
90060,1,1,0,14,0,21,22,0,0,0,0,0
90061,0,1,0,0,0,0,0,0,0,0,0,0
90061,1,1,0,33,0,0,0,0,0,0,0,0
90062,1,1,0,0,19,0,25,0,0,0,0,0
90062,2,1,16,16,16,16,16,16,16,16,16,16
90063,1,1,0,0,0,0,0,0,0,0,0,0
90063,2,1,0,0,0,0,0,0,0,0,0,0
90063,3,1,0,0,0,0,0,0,12,0,19,0
90064,0,1,23,23,23,23,23,23,23,23,23,23
90064,1,1,0,0,19,0,0,0,0,0,0,0
90065,1,1,0,0,0,0,0,0,0,0,0,0
90065,2,1,24,24,24,24,24,24,24,24,24,24
90066,1,1,0,0,0,0,0,0,0,0,0,0
90067,1,1,0,0,0,0,0,0,6,24,0,18
90067,2,1,11,0,8,0,22,9,7,16,30,0
90068,1,1,0,0,0,12,0,0,0,0,0,0
90068,2,1,13,13,13,13,13,13,13,13,13,13
90069,1,1,15,15,15,15,15,15,15,15,15,15
90069,2,1,0,0,0,0,0,0,0,0,0,0
90070,1,1,0,0,0,0,0,24,0,0,0,0
90070,2,1,0,0,0,0,0,0,0,22,0,0
90071,1,1,9,9,9,9,9,9,9,9,9,9
90072,0,1,0,0,0,0,0,0,0,0,0,0
90073,1,1,0,0,0,0,0,0,0,0,0,0
90073,2,1,0,0,0,0,0,0,0,0,0,17
90074,1,1,24,24,24,24,24,24,24,24,24,24
90075,1,1,5,0,0,0,0,0,0,0,0,0
90075,2,1,7,7,7,7,7,7,7,7,7,7
90076,1,1,0,0,0,0,0,0,0,0,0,0
90076,2,1,0,0,0,0,0,0,0,0,0,0
90077,1,1,0,0,0,0,0,0,0,0,0,0
90078,1,1,17,17,17,17,17,17,17,17,17,17
90079,1,1,0,0,0,0,10,0,0,0,0,8
90080,1,1,24,24,24,24,24,24,24,24,24,24
90081,1,1,0,0,0,0,0,0,0,0,0,0
90081,2,1,0,0,0,0,0,0,0,28,0,0
90082,1,1,9,0,20,0,0,0,0,0,5,0
90083,0,1,0,0,0,0,0,0,0,0,0,0
90083,1,1,36,9,16,15,31,12,17,23,19,23
90084,1,1,20,14,15,14,26,23,18,3,10,10
90084,2,1,15,0,10,0,9,25,0,0,0,10
90085,0,1,0,0,0,0,0,0,0,0,0,0
90085,1,1,0,0,0,9,16,0,0,16,15,0
90086,1,1,0,0,0,0,0,0,0,0,0,0
90087,1,1,2,2,2,2,2,2,2,2,2,2
90087,2,1,33,0,9,0,0,0,0,0,0,0
90088,1,1,0,0,0,0,0,0,0,0,0,0
90088,2,1,0,0,0,0,0,0,0,0,0,0
90089,1,1,0,0,0,0,0,0,0,0,0,0
90089,2,1,0,0,0,3,0,0,0,0,0,26
90090,1,1,0,0,0,0,0,0,0,0,0,9
90090,2,1,18,18,18,18,18,18,18,18,18,18
90091,1,1,16,16,16,16,16,16,16,16,16,16
90092,1,1,12,12,12,12,12,12,12,12,12,12
90093,1,1,3,3,3,3,3,3,3,3,3,3
90094,1,1,21,21,21,21,21,21,21,21,21,21
90095,1,1,0,0,0,0,20,0,0,0,0,0
90095,2,1,10,0,17,4,16,0,0,0,0,0
90095,3,1,12,0,0,0,0,0,0,0,0,12
90095,4,1,9,9,9,9,9,9,9,9,9,9
90096,0,1,0,0,0,0,0,0,0,0,0,0
90096,2,1,0,0,0,0,0,0,0,0,0,0
90097,1,1,0,0,0,0,0,0,0,0,0,13
90097,2,1,0,0,0,0,11,0,0,0,0,0
90098,1,1,0,0,0,0,0,0,0,0,0,0
90098,2,1,0,0,0,0,0,0,0,0,0,0
90099,1,1,0,0,0,0,0,0,0,0,0,0
90100,0,1,0,0,0,0,0,0,0,0,0,0
90100,1,1,0,0,15,0,0,0,0,0,0,0
90101,1,1,2,2,2,2,2,2,2,2,2,2
90101,2,1,0,0,0,0,11,0,13,0,22,0
90102,1,1,20,20,20,20,20,20,20,20,20,20
90102,2,1,0,10,20,8,0,0,0,8,10,14
90103,1,1,26,26,26,26,26,26,26,26,26,26
90103,2,1,0,0,0,0,0,0,0,0,0,0
90104,1,1,0,0,0,0,0,0,0,0,0,0
90105,1,1,9,0,0,0,0,9,23,22,0,20
90105,2,1,0,10,14,0,0,25,0,0,0,0
90106,0,1,0,0,0,0,0,0,0,0,0,0
90106,0,2,0,0,13,0,12,0,12,26,13,29
90106,1,1,0,27,0,0,0,16,39,5,24,0
90107,1,1,22,22,22,22,22,22,22,22,22,22
90107,2,1,0,0,9,0,0,0,0,0,0,0
90108,1,1,20,20,20,20,20,20,20,20,20,20
90109,1,1,0,0,0,0,0,0,0,0,0,0
90109,2,1,0,23,0,0,0,0,0,0,0,19
90109,3,1,0,0,0,0,0,0,0,0,0,0
90110,1,1,21,21,21,21,21,21,21,21,21,21
90111,2,1,26,26,26,26,26,26,26,26,26,26
90112,1,1,3,0,0,0,0,0,13,0,0,7
90112,2,1,0,0,0,0,0,0,0,0,0,0
90113,1,1,18,18,18,18,18,18,18,18,18,18
90114,1,1,0,0,0,0,0,0,0,0,0,0
90115,0,1,3,3,3,3,3,3,3,3,3,3
90115,2,1,0,0,0,0,0,7,0,0,18,0
90116,1,1,0,0,0,0,0,0,0,0,0,0
90116,2,1,17,0,17,0,0,0,0,0,0,0
90117,1,1,0,17,0,12,0,0,0,3,21,15
90117,2,1,0,0,0,0,0,0,0,0,0,0
90118,1,1,0,0,0,0,0,0,0,0,0,0
90119,0,1,0,0,0,4,0,0,10,0,0,20
90119,1,1,0,0,0,0,0,0,34,0,0,0
90120,1,1,0,0,0,0,0,0,0,0,0,0
90121,1,1,18,18,18,18,18,18,18,18,18,18
90122,1,1,25,25,25,25,25,25,25,25,25,25
90123,1,1,0,0,17,0,0,0,0,0,0,0
90123,2,1,0,17,18,0,0,0,17,0,0,10
90124,0,1,0,0,0,0,0,0,0,0,0,0
90124,1,1,0,0,0,0,0,0,0,0,15,0
90125,1,1,17,17,17,17,17,17,17,17,17,17
90126,1,1,3,3,3,3,3,3,3,3,3,3
90126,2,1,0,0,0,0,0,0,0,0,0,0
90128,1,1,0,0,0,0,0,0,0,0,0,0
90128,2,1,0,0,0,0,17,0,0,0,11,0
90129,1,1,0,0,27,0,0,0,0,0,0,0
90129,2,1,0,0,0,0,0,0,0,0,0,0
90130,1,1,0,0,0,0,0,0,0,0,0,0
90131,1,1,0,0,0,0,0,0,0,0,0,0
90131,2,1,0,0,0,0,0,0,0,0,0,0
90132,1,1,1,1,1,1,1,1,1,1,1,1
90133,1,1,28,28,28,28,28,28,28,28,28,28
90134,0,1,0,0,0,0,0,0,0,0,0,0
90134,1,1,0,0,0,0,0,0,0,0,0,0
90135,1,1,0,0,30,0,0,0,19,0,0,31
90135,2,1,17,17,17,17,17,17,17,17,17,17
90136,1,1,0,0,0,0,0,0,0,0,0,0
90136,2,1,10,0,0,0,0,0,0,0,0,0
90137,1,1,0,0,0,0,0,0,0,0,0,0
90137,2,1,30,30,30,30,30,30,30,30,30,30
90138,1,1,0,0,0,0,0,3,0,0,32,0
90138,2,1,0,0,0,0,0,0,0,0,0,0
90139,1,1,0,0,16,0,0,0,0,0,0,0
90139,2,1,0,0,0,0,0,0,7,0,0,0
90140,0,1,0,0,0,0,0,0,0,0,0,0
90140,1,1,0,0,0,0,0,0,0,21,0,0
90141,1,1,33,33,33,33,33,33,33,33,33,33
90142,1,1,0,0,0,0,0,0,0,0,0,0
90143,1,1,20,20,20,20,20,20,20,20,20,20
90144,1,1,0,0,0,0,0,0,0,0,0,0
90145,1,1,0,0,0,0,6,0,0,0,0,0
90145,2,1,0,0,0,0,0,0,0,0,0,0
90146,1,1,20,39,0,8,12,0,0,0,27,0
90147,1,1,13,13,13,13,13,13,13,13,13,13
90149,1,1,0,17,0,0,0,0,0,0,0,0
90150,1,1,21,21,21,21,21,21,21,21,21,21
90151,0,1,0,0,0,0,0,0,0,0,0,0
90151,1,1,0,0,0,0,0,0,0,0,0,0
90152,3,1,0,0,0,0,0,0,0,0,0,0
90153,1,1,0,0,0,0,0,0,0,0,0,0
90153,2,1,23,13,25,11,13,16,12,34,16,16
90154,1,1,0,3,17,0,25,0,0,0,7,0
90154,2,1,0,7,2,20,0,22,17,0,24,32
90155,0,1,0,0,0,0,0,0,0,0,0,0
90155,0,2,0,0,0,0,0,0,0,0,0,0
90155,1,1,0,24,0,0,0,0,0,0,0,0
90156,0,1,0,0,0,0,0,0,0,0,0,0
90156,1,1,10,10,10,10,10,10,10,10,10,10
90157,1,1,0,0,15,0,21,0,0,0,22,22
90157,2,1,12,0,0,0,0,0,0,0,0,0
90158,1,1,17,8,18,0,0,36,0,12,19,20
90159,1,1,0,14,12,0,24,0,15,13,44,0
90159,2,1,10,0,0,24,0,40,11,0,0,0
90160,0,1,0,0,0,0,0,0,0,14,0,0
90160,0,2,0,0,0,0,0,0,0,0,0,0
90160,1,1,0,0,0,39,0,0,0,0,0,0
90160,2,1,0,0,0,0,0,0,0,0,0,0
90161,1,1,0,0,14,16,9,18,9,13,25,0
90162,1,1,29,12,15,26,18,13,27,4,22,19
90163,1,1,11,0,0,0,0,0,0,0,0,0
90164,1,1,18,0,0,0,0,3,0,0,0,0
90164,2,1,0,0,0,2,0,0,0,0,0,0
90165,1,1,13,9,0,9,23,0,0,31,15,30
90166,1,1,21,15,0,0,6,0,0,0,0,0
90167,1,1,36,23,20,18,0,0,11,29,0,0
90168,1,1,0,0,0,0,0,0,0,0,0,0
90168,2,1,0,0,0,0,0,0,0,0,0,0
90169,0,1,5,5,5,5,5,5,5,5,5,5
90169,1,1,0,0,0,0,0,0,0,0,0,0
90170,1,1,23,7,0,13,0,39,0,20,16,0
90171,1,1,0,0,0,0,0,0,0,0,0,0
90172,1,1,0,0,0,16,11,37,0,16,0,0
90173,0,1,8,33,0,7,0,27,0,27,23,0
90173,1,1,36,8,0,0,0,16,0,16,24,14
90174,0,1,0,0,0,0,0,0,0,0,0,0
90174,1,1,0,0,31,0,0,0,15,0,0,0
90175,1,1,0,0,0,0,13,0,0,0,0,20
90175,2,1,0,0,0,0,0,0,0,0,0,0
90176,1,1,0,0,0,0,0,7,15,0,37,0
90176,2,1,24,0,8,0,0,0,0,0,0,23
90176,3,1,12,0,0,0,0,0,0,0,0,0
90177,1,1,8,0,0,17,0,0,0,17,0,0
90177,2,1,0,10,8,0,0,11,14,0,11,12
90177,3,1,0,0,15,0,0,0,0,0,0,0
90178,0,1,0,0,0,0,0,0,0,0,0,0
90178,1,1,0,0,0,0,0,0,0,0,0,0
90179,1,1,0,0,0,0,0,0,0,0,0,8
90179,2,1,0,0,0,0,0,0,9,0,0,0
90180,0,1,0,0,0,0,0,0,0,0,0,0
90180,1,1,0,0,0,0,0,0,0,0,0,0
90181,0,1,0,0,0,0,0,0,0,0,0,0
90181,1,1,0,0,14,0,23,0,0,9,0,0
90182,1,1,0,0,0,0,0,0,0,0,0,0
90182,2,1,0,0,0,0,0,0,0,0,0,0
90183,0,1,0,0,0,0,0,0,0,0,0,0
90183,1,1,0,0,0,0,0,0,0,0,0,0
90184,1,1,4,8,0,0,0,0,0,0,0,0
90184,2,1,0,0,0,0,0,0,0,0,0,0
90185,1,1,12,10,23,11,16,0,19,22,21,21
90187,1,1,17,0,0,0,8,20,4,14,0,28
90188,1,1,0,0,0,0,0,0,0,0,0,0
90188,2,1,1,1,1,1,1,1,1,1,1,1
90189,1,1,0,18,8,0,0,0,20,3,2,32
90190,1,1,23,23,23,23,23,23,23,23,23,23
90191,1,1,0,0,0,0,0,33,0,0,0,0
90191,2,1,0,0,8,20,0,0,0,0,0,0
90192,1,1,0,0,0,19,0,17,11,0,0,35
90193,1,1,0,33,0,24,0,0,0,0,11,0
90193,2,1,0,0,0,0,23,0,0,31,0,0
90193,3,1,23,23,23,23,23,23,23,23,23,23
90194,1,1,0,0,0,23,26,16,22,17,18,0
90195,0,1,0,0,0,0,0,0,0,0,0,0
90195,1,1,0,0,0,0,0,0,12,24,0,0
90197,0,1,0,0,0,0,0,0,0,0,0,0
90197,1,1,0,0,0,0,0,0,0,0,0,0
90198,1,1,0,0,0,0,0,0,0,0,0,0
90198,2,1,12,12,12,12,12,12,12,12,12,12
90199,1,1,0,14,0,10,0,0,18,17,0,0
90199,2,1,0,38,17,0,0,13,0,0,0,0
90200,1,1,0,0,0,0,0,0,0,0,0,0
90201,1,1,12,17,10,22,11,15,17,17,24,23
90202,0,1,0,0,0,0,0,0,0,0,0,0
90202,1,1,0,0,0,0,0,0,0,0,0,0
90203,1,1,4,5,0,26,11,18,0,0,0,0
90204,1,1,0,0,0,0,0,0,0,0,0,0