ST_CASE,VEH_NO,PER_NO,P1,P2,P3,P4,P5,P6,P7,P8,P9,P10
120664,1,1,11,0,0,0,13,0,0,13,0,0
120665,1,1,0,0,0,0,0,0,30,0,0,17
120666,0,1,0,0,0,25,12,0,0,0,0,0
120666,1,1,0,0,0,0,0,0,0,0,0,0
120667,1,1,0,0,0,0,0,0,0,0,0,0
120667,2,1,0,0,0,0,0,0,0,0,0,0
120669,1,1,0,0,2,0,0,0,16,0,0,0
120669,2,1,0,0,10,0,0,24,0,0,0,0
120670,1,1,0,0,0,0,0,0,0,0,0,0
120670,2,1,0,0,0,0,0,0,0,0,0,0
120671,1,1,0,0,0,0,0,0,0,0,0,0
120671,2,1,0,0,0,0,0,0,0,0,0,17
120671,3,1,0,0,0,0,0,0,0,0,0,0
120672,1,1,0,0,0,0,0,0,0,0,0,0
120672,2,1,0,0,0,0,0,0,0,0,0,0
120673,1,1,8,8,8,8,8,8,8,8,8,8
120674,1,1,0,0,0,0,0,0,0,0,0,0
120674,2,1,0,0,0,0,0,0,0,0,0,0
120674,3,1,0,0,0,0,0,0,0,0,0,0
120675,0,1,0,0,0,0,0,0,0,0,0,0
120675,1,1,0,0,0,5,0,0,0,0,0,0
120676,0,1,0,0,0,0,0,0,0,0,0,0
120676,1,1,0,0,0,0,0,0,0,0,0,0
120677,0,1,0,0,0,0,0,0,0,0,0,0
120677,1,1,0,0,0,0,0,16,0,0,0,0
120678,0,1,0,0,0,0,0,0,0,0,0,0
120678,0,2,0,0,0,0,0,0,14,0,0,0
120678,1,1,0,0,0,0,0,0,0,13,0,0
120678,2,1,21,0,0,0,0,0,0,0,0,0
120679,1,1,0,0,0,0,0,0,0,0,0,22
120679,2,1,0,0,0,0,0,0,0,0,0,0
120680,1,1,0,0,0,0,0,0,0,0,0,0
120680,2,1,0,0,0,0,0,0,0,0,0,0
120681,1,1,32,32,32,32,32,32,32,32,32,32
120682,1,1,0,0,0,0,0,0,0,0,0,0
120683,1,1,24,24,24,24,24,24,24,24,24,24
120684,1,1,0,0,0,0,0,0,0,0,0,0
120684,2,1,0,0,0,0,0,0,0,0,0,0
120685,1,1,0,0,0,0,0,0,0,0,0,0
120685,2,1,0,0,0,0,0,0,0,0,0,0
120686,1,1,2,2,2,2,2,2,2,2,2,2
120687,1,1,0,0,0,0,0,0,0,0,0,0
120688,1,1,0,0,0,0,0,0,0,0,10,0
120689,1,1,0,0,0,0,0,0,0,0,0,0
120689,2,1,0,0,0,0,0,0,0,0,0,0
120690,1,1,0,0,0,0,0,0,0,0,0,0
120691,1,1,2,2,2,2,2,2,2,2,2,2
120692,1,1,0,0,0,0,11,0,0,0,0,0
120692,2,1,0,0,0,0,0,0,0,0,0,0
120692,3,1,0,0,0,0,0,0,0,0,0,0
120693,1,1,0,0,0,0,0,0,0,0,0,0
120693,2,1,0,0,0,0,0,0,0,0,0,0
120694,0,1,12,12,12,12,12,12,12,12,12,12
120694,1,1,0,0,0,0,0,0,0,0,0,0
120695,1,1,25,0,0,12,0,0,15,0,15,0
120696,1,1,0,0,0,0,0,0,0,0,0,0
120696,2,1,0,0,0,0,0,0,0,0,0,0
120696,3,1,0,0,0,6,0,0,0,0,0,0
120696,4,1,0,0,0,0,0,0,0,0,0,0
120696,5,1,0,0,0,0,0,0,0,0,0,0
120696,6,1,0,0,0,0,0,7,0,0,0,6
120696,7,1,0,0,0,0,0,0,0,0,0,0
120697,0,1,0,0,0,0,0,0,0,0,0,0
120697,1,1,16,0,22,0,0,0,0,0,0,0
120698,0,1,31,0,24,0,18,17,0,27,34,20
120698,1,1,0,0,0,0,0,0,0,0,0,0
120699,0,1,14,14,14,14,14,14,14,14,14,14
120699,1,1,0,0,14,0,0,5,0,0,0,0
120700,1,1,0,0,0,0,21,0,0,0,0,0
120701,0,1,0,0,23,21,4,0,10,35,0,0
120701,1,1,27,0,15,0,0,0,6,6,0,0
120702,1,1,0,0,0,0,0,32,0,0,0,0
120703,1,1,24,24,24,24,24,24,24,24,24,24
120704,1,1,0,0,0,0,0,0,0,0,0,0
120704,2,1,0,0,0,0,0,0,0,0,0,0
120705,1,1,10,10,10,10,10,10,10,10,10,10
120705,2,1,0,0,0,0,0,0,0,0,0,0
120706,1,1,0,0,21,21,0,0,0,0,0,0
120707,1,1,0,0,0,0,0,0,0,0,0,0
120707,2,1,0,0,0,0,0,0,3,12,0,0
120708,1,1,21,16,29,12,30,16,35,24,35,18
120709,0,1,0,8,0,12,0,17,0,0,0,0
120709,1,1,0,0,0,0,0,0,0,0,0,0
120710,0,1,0,0,0,0,0,0,0,0,0,0
120710,1,1,0,0,0,0,0,0,0,0,0,0
120711,1,1,18,18,18,18,18,18,18,18,18,18
120712,1,1,0,0,0,0,0,0,0,0,0,0
120713,1,1,0,0,0,0,0,0,0,0,0,0
120713,2,1,10,0,0,0,0,20,0,0,0,0
120713,3,1,0,0,0,0,0,0,0,0,0,0
120714,0,1,0,0,0,0,0,0,0,0,0,0
120714,1,1,0,0,0,0,0,0,0,0,0,0
120715,1,1,20,20,20,20,20,20,20,20,20,20
120715,2,1,0,0,22,0,0,0,0,0,35,0
120716,1,1,0,0,0,0,0,0,0,0,0,0
120716,2,1,10,18,15,16,9,0,21,18,24,22
120717,0,1,0,0,0,0,0,0,0,0,0,0
120717,1,1,0,0,0,0,0,5,0,0,0,0
120718,1,1,0,0,0,0,0,0,0,0,0,0
120719,1,1,9,0,0,0,0,13,0,0,0,0
120720,1,1,0,0,0,0,0,0,0,0,0,0
120721,0,1,0,0,0,0,0,0,0,0,0,0
120721,1,1,0,0,0,0,0,0,0,0,0,0
120722,1,1,19,19,19,19,19,19,19,19,19,19
120723,1,1,0,0,0,0,0,0,5,0,0,0
120723,2,1,0,0,0,0,0,0,0,0,0,0
120723,3,1,0,0,0,0,0,0,0,0,0,0
120724,0,1,0,0,0,0,0,0,0,0,0,0
120724,1,1,0,0,0,0,0,0,0,0,0,0
120725,0,1,32,32,32,32,32,32,32,32,32,32
120725,1,1,0,0,0,0,0,0,0,0,0,0
120726,1,1,3,3,3,3,3,3,3,3,3,3
120726,2,1,0,8,0,0,0,9,0,0,0,0
120727,0,1,0,0,0,0,0,0,0,0,0,0
120727,1,1,0,0,0,0,0,0,0,0,0,0
120728,1,1,0,0,0,0,0,0,0,0,22,0
120728,2,1,0,0,0,0,0,0,0,0,0,0
120729,1,1,19,30,24,14,29,27,6,18,34,0
120729,2,1,0,0,0,0,0,0,0,0,0,0
120731,0,1,0,0,0,0,13,0,0,0,0,0
120731,0,2,0,0,0,0,0,0,0,0,32,0
120731,1,1,32,0,0,17,0,0,0,0,0,0
120732,0,1,0,0,0,0,14,16,0,0,0,0
120732,1,1,0,0,0,0,0,0,0,0,0,0
120733,1,1,0,0,0,0,0,0,0,0,0,0
120733,2,1,0,0,0,0,0,0,0,0,0,0
120734,1,1,0,0,0,0,0,0,0,0,0,0
120736,1,1,15,6,0,9,25,9,6,39,19,14
120736,2,1,0,0,0,0,0,0,0,0,0,0
120737,1,1,0,0,0,0,0,0,0,0,0,0
120738,0,1,7,7,7,7,7,7,7,7,7,7
120738,1,1,0,0,0,0,0,0,0,0,0,0
120739,1,1,0,0,0,14,0,0,0,0,0,0
120739,2,1,0,0,0,0,0,0,0,0,0,0
120740,1,1,0,0,0,0,0,0,0,0,0,0
120740,2,1,0,0,0,0,0,0,0,0,0,0
120740,3,1,0,0,0,0,0,0,0,0,0,0
120741,1,1,0,0,0,0,0,0,0,0,0,0
120741,2,1,0,0,0,0,0,0,0,0,0,0
120742,1,1,0,0,0,10,0,18,10,0,7,0
120743,0,1,25,20,22,0,0,0,0,16,0,18
120743,1,1,0,0,0,0,0,0,0,0,0,0
120744,0,1,0,16,0,0,29,0,0,0,19,0
120744,1,1,0,0,0,22,0,0,0,0,0,0
120745,1,1,0,0,0,0,0,0,0,0,0,0
120745,2,1,0,0,0,0,0,0,0,0,0,0
120746,1,1,0,0,0,17,0,0,0,0,0,0
120747,1,1,0,33,0,0,0,21,0,19,0,0
120747,2,1,14,0,0,0,0,0,0,0,0,12
120748,1,1,0,0,0,0,0,0,0,0,0,0
120748,2,1,0,0,0,35,0,0,20,0,0,0
120748,3,1,0,0,0,15,0,0,0,0,8,0
120748,4,1,0,0,0,0,0,0,0,0,0,0
120749,1,1,29,3,0,4,0,19,22,11,13,0
120749,2,1,0,0,0,0,0,0,0,0,0,0
120750,0,1,31,0,17,9,15,0,35,0,17,8
120750,1,1,7,0,0,0,0,0,0,0,0,7
120751,1,1,19,19,19,19,19,19,19,19,19,19
120752,1,1,22,22,22,22,22,22,22,22,22,22
120753,1,1,0,0,0,25,0,0,0,0,0,0
120754,0,1,7,0,16,17,14,36,4,20,17,13
120754,1,1,0,0,0,0,0,0,0,0,0,0
120755,1,1,0,0,0,0,0,0,0,0,0,0
120755,2,1,0,0,0,0,0,0,0,0,0,0
120756,1,1,0,0,0,0,0,0,0,18,0,0
120756,2,1,0,0,0,0,0,0,0,0,0,0
120757,1,1,0,0,0,0,0,0,0,0,0,0
120757,2,1,0,0,0,0,0,0,0,0,0,0
120758,1,1,0,0,0,0,0,0,0,0,0,0
120758,2,1,0,0,0,0,0,0,0,0,0,0
120759,0,1,15,11,13,6,9,9,14,11,14,21
120759,1,1,0,18,0,0,0,0,0,0,0,0
120760,1,1,0,0,0,0,0,0,0,0,0,0
120761,1,1,20,20,20,20,20,20,20,20,20,20
120761,2,1,0,0,18,0,8,0,0,0,0,0
120762,1,1,24,24,24,24,24,24,24,24,24,24
120762,2,1,0,0,0,0,0,0,0,0,0,0
120762,3,1,0,0,0,0,0,0,0,0,0,0
120763,1,1,19,4,15,21,17,21,10,12,20,11
120764,0,1,0,0,0,0,0,0,0,0,0,0
120764,1,1,0,0,0,0,0,0,0,0,0,0
120765,1,1,0,0,0,0,3,0,0,0,0,0
120765,2,1,0,0,0,0,0,0,0,0,0,0
120766,1,1,0,5,0,0,0,0,0,0,0,0
120767,1,1,0,0,0,0,0,0,0,0,0,0
120767,2,1,0,0,0,0,0,0,0,0,0,0
120768,0,1,0,0,0,0,0,0,0,0,0,0
120768,1,1,0,0,0,0,0,8,0,0,0,0
120769,1,1,0,0,0,0,0,0,0,0,0,0
120769,2,1,0,0,18,0,0,0,0,19,0,0
120770,1,1,0,0,0,0,24,0,0,0,17,0
120770,2,1,0,0,0,0,0,0,0,0,0,0
120770,3,1,0,0,0,0,0,0,0,0,0,0
120772,1,1,5,0,0,0,0,12,0,0,0,0
120772,2,1,0,4,0,0,0,0,0,0,0,0
120773,1,1,0,4,0,0,0,0,26,4,14,10
120774,0,1,0,0,0,0,0,0,0,0,0,0
120774,1,1,0,0,0,0,0,0,0,0,0,0
120775,0,1,0,0,0,0,0,0,0,0,5,0
120775,1,1,0,0,0,0,0,0,0,0,0,0
120776,0,1,0,0,0,0,0,0,0,0,0,0
120776,1,1,0,0,0,0,0,0,0,0,0,0
120777,1,1,26,16,0,11,20,14,23,13,12,17
120777,2,1,0,14,0,13,0,12,15,16,0,0
120778,0,1,0,0,0,6,0,0,15,0,0,24
120778,1,1,29,29,29,29,29,29,29,29,29,29
120779,1,1,0,0,0,0,0,0,0,0,0,0
120779,2,1,0,0,0,0,0,0,0,0,0,0
120781,0,1,0,0,0,0,0,0,0,0,0,0
120781,1,1,0,0,0,0,0,0,0,0,0,0
120782,1,1,0,0,11,0,15,0,14,0,14,34
120783,0,1,18,43,25,40,43,11,0,0,12,0
120783,1,1,0,0,0,0,0,0,0,0,0,0
120784,0,1,0,0,0,0,0,0,0,0,0,0
120784,1,1,0,0,0,0,0,0,0,0,0,0
120785,1,1,0,11,0,0,23,0,0,0,0,19
120786,1,1,0,0,15,0,0,0,0,0,0,10
120786,2,1,0,0,10,17,27,0,0,0,0,0
120787,1,1,12,12,12,12,12,12,12,12,12,12
120788,0,1,0,0,0,0,0,0,0,0,0,0
120788,0,2,0,0,0,0,0,0,0,0,9,0
120788,1,1,0,0,17,0,0,0,0,0,0,0
120788,2,1,15,0,0,0,0,0,0,0,0,0
120789,1,1,17,17,17,17,17,17,17,17,17,17
120790,0,1,0,0,0,0,0,0,0,0,0,0
120790,1,1,0,0,0,0,0,0,0,0,0,0
120791,1,1,24,14,0,0,11,16,35,19,0,15
120793,1,1,0,0,0,0,0,0,0,0,0,0
120794,1,1,0,0,0,0,0,0,0,0,0,0
120795,1,1,0,0,0,0,0,0,20,0,0,21
120796,0,1,0,0,0,0,0,0,0,0,0,0
120796,0,2,0,0,0,0,0,0,0,0,27,0
120796,1,1,0,0,0,0,0,0,0,0,0,0
120796,2,1,0,0,0,0,0,0,0,0,0,0
120797,1,1,0,0,0,0,0,0,0,15,0,0
120798,1,1,0,0,0,0,0,0,0,0,0,0
120798,2,1,0,0,0,12,0,0,0,0,0,6
120799,1,1,15,15,15,15,15,15,15,15,15,15
120800,1,1,0,0,0,0,0,0,0,3,0,0
120800,2,1,0,24,0,0,0,0,0,0,0,0
120800,3,1,0,0,0,0,0,0,0,0,0,0
120801,1,1,10,14,0,0,14,0,0,18,0,0
120802,1,1,22,22,22,22,22,22,22,22,22,22
120803,1,1,0,0,29,0,0,0,23,0,43,0
120804,1,1,21,21,21,21,21,21,21,21,21,21
120805,1,1,0,0,0,0,0,0,0,4,0,0
120805,2,1,0,0,0,0,0,0,0,0,0,0
120806,1,1,15,15,15,15,15,15,15,15,15,15
120806,2,1,0,0,0,0,0,0,0,0,0,0
120806,3,1,0,0,0,0,23,0,0,0,0,0
120807,1,1,0,12,0,0,0,0,0,0,0,0
120808,1,1,0,24,0,0,15,0,19,0,0,0
120809,1,1,0,0,0,0,0,0,0,0,0,0
120810,0,1,0,0,0,0,0,0,0,5,0,0
120810,1,1,0,0,0,0,0,0,0,0,9,0
120811,1,1,0,5,14,32,27,27,6,11,15,35
120812,1,1,0,0,0,0,0,0,0,0,0,0
120812,2,1,0,0,0,0,0,0,0,0,0,0
120813,1,1,0,0,0,0,0,0,23,0,0,0
120813,2,1,0,0,0,0,0,0,7,0,0,0
120814,1,1,0,0,0,23,0,0,0,0,0,0
120814,2,1,0,0,0,0,0,0,0,0,0,0
120815,1,1,0,7,0,0,0,0,0,0,0,11
120815,2,1,0,0,0,0,0,0,0,0,0,0
120816,1,1,0,0,0,0,0,0,0,0,0,0
120816,2,1,9,0,0,0,0,0,0,0,0,0
120817,1,1,0,0,0,0,0,0,0,0,0,0
120817,2,1,0,0,0,0,0,0,0,0,0,0
120819,0,1,0,7,0,0,0,13,33,0,12,0
120819,1,1,0,0,25,0,0,0,0,0,0,0
120820,0,1,0,0,0,22,0,0,0,0,0,0
120820,1,1,0,0,0,0,0,0,0,0,0,0
120821,1,1,0,0,0,0,0,0,0,0,0,0
120821,2,1,0,0,0,0,0,0,0,0,0,0
120822,1,1,0,0,24,0,0,0,13,0,0,0
120822,2,1,36,36,36,36,36,36,36,36,36,36
120823,0,1,0,0,0,0,0,0,57,0,0,0
120823,1,1,0,0,0,0,0,0,0,0,0,0
120824,1,1,21,21,21,21,21,21,21,21,21,21
120825,1,1,5,5,5,5,5,5,5,5,5,5
120826,1,1,0,0,0,0,0,0,0,0,0,0
120826,2,1,6,6,6,6,6,6,6,6,6,6
120827,1,1,19,19,19,19,19,19,19,19,19,19
120827,2,1,0,0,0,0,0,0,0,22,0,0
120829,1,1,0,0,18,0,5,0,0,0,0,8
120829,2,1,0,0,0,0,0,0,0,0,0,0
120830,1,1,0,0,0,0,0,0,0,0,0,0
120830,2,1,0,0,0,0,0,0,0,0,0,0
120832,0,1,0,0,0,14,24,0,0,7,0,22
120832,1,1,0,0,0,0,0,0,0,18,20,0
120833,1,1,0,0,0,0,0,0,0,0,0,0
120833,2,1,0,0,0,0,11,8,0,18,0,12
120834,1,1,0,0,0,0,0,0,0,0,0,0
120835,0,1,0,0,0,0,0,0,0,0,0,0
120835,1,1,13,0,4,23,0,0,0,22,21,20
120836,0,1,0,0,0,0,0,0,0,0,0,0
120836,1,1,0,0,0,0,0,0,0,0,0,0
120837,0,1,0,0,0,17,13,0,14,0,13,10
120837,1,1,0,27,0,0,27,0,0,0,0,0
120838,1,1,0,0,0,0,0,0,0,0,0,0
120839,1,1,11,5,0,0,0,0,0,0,0,11
120839,2,1,0,0,0,0,0,0,0,0,0,0
120840,1,1,0,0,0,0,0,0,0,0,0,0
120840,2,1,0,0,15,0,0,5,0,0,0,0
120841,1,1,0,0,0,0,0,0,0,0,0,0
120841,2,1,0,0,9,0,0,0,0,0,0,0
120842,1,1,0,0,0,0,0,0,0,0,0,0
120843,1,1,0,0,0,0,0,0,0,0,0,0
120843,2,1,0,0,0,0,0,0,0,0,0,0
120844,1,1,0,0,0,0,0,34,0,0,0,34
120844,2,1,0,0,0,0,0,0,0,0,0,0
120844,3,1,0,0,0,0,0,0,0,0,0,0
120845,1,1,0,0,0,0,15,0,0,15,14,0
120845,2,1,0,0,0,0,0,0,0,0,0,0
120846,1,1,0,0,0,0,0,0,17,0,0,0
120846,2,1,11,11,11,11,11,11,11,11,11,11
120847,1,1,0,0,0,0,0,0,0,25,0,0
120848,0,1,22,22,22,22,22,22,22,22,22,22
120848,1,1,0,0,0,0,0,0,0,0,25,0
120849,1,1,0,0,12,0,0,0,0,0,0,11
120849,2,1,0,0,0,0,0,0,0,0,0,0
120850,1,1,0,0,0,0,0,0,0,0,0,0
120851,1,1,0,0,0,0,0,0,0,0,0,0
120851,2,1,0,0,0,0,0,0,0,0,0,0
120852,1,1,0,0,0,0,13,4,0,16,5,21
120853,1,1,23,23,23,23,23,23,23,23,23,23
120854,1,1,0,0,0,0,0,0,0,0,0,0
120855,1,1,36,36,36,36,36,36,36,36,36,36
120856,1,1,0,0,0,0,0,0,0,0,0,0
120856,2,1,0,0,0,0,0,0,0,0,0,0
120857,0,1,0,0,0,0,0,0,0,27,0,0
120857,1,1,11,21,27,11,3,12,15,38,29,15
120858,1,1,0,0,0,0,0,0,0,0,0,0
120858,2,1,2,2,2,2,2,2,2,2,2,2
120858,3,1,0,0,0,0,0,0,0,0,0,0
120859,1,1,0,0,0,0,0,0,0,0,0,0
120859,2,1,0,0,0,0,0,0,0,0,0,2
120859,3,1,0,0,0,0,0,0,0,0,0,0
120859,4,1,0,0,0,0,0,0,0,0,0,0
120860,1,1,0,0,9,5,4,0,15,0,0,28
120860,2,1,0,0,0,0,13,1,0,0,0,0
120861,1,1,22,22,22,22,22,22,22,22,22,22
120861,2,1,0,0,0,0,0,0,0,0,0,0
120862,1,1,0,0,0,0,0,0,0,0,0,0
120863,0,1,0,0,0,0,0,18,10,0,0,0
120863,1,1,0,0,0,0,0,0,0,32,0,0
120864,0,1,0,0,0,0,10,0,0,0,0,0
120864,1,1,0,0,0,0,0,0,0,0,0,0
120866,1,1,26,26,26,26,26,26,26,26,26,26
120867,1,1,0,0,0,0,0,0,0,0,0,0
120867,2,1,0,0,0,0,0,0,0,0,0,0
120868,1,1,15,15,15,15,15,15,15,15,15,15
120869,1,1,0,0,0,0,0,0,0,0,0,0
120869,2,1,0,0,0,0,0,0,0,0,0,0
120870,1,1,0,0,0,0,0,16,0,0,0,0
120871,1,1,0,0,0,0,0,0,0,0,0,0
120871,2,1,0,0,0,0,0,0,0,0,0,0
120872,1,1,0,0,0,0,0,0,0,0,0,0
120873,1,1,43,26,25,0,16,7,0,25,0,0
120875,1,1,0,0,0,0,0,0,0,0,0,0
120875,2,1,0,0,0,8,8,13,0,14,0,0
120876,1,1,0,22,0,0,0,33,14,0,26,17
120878,1,1,0,0,13,0,0,0,0,0,0,0
120878,2,1,0,0,0,0,0,0,0,0,0,0
120879,0,1,29,29,29,29,29,29,29,29,29,29
120879,1,1,0,0,0,0,0,0,0,0,0,0
120880,1,1,0,0,0,0,0,0,0,0,0,0
120880,2,1,0,0,0,0,0,0,0,0,0,0
120881,1,1,22,22,22,22,22,22,22,22,22,22
120882,1,1,0,0,0,0,0,0,0,0,0,0
120883,0,1,0,0,0,0,0,0,0,0,0,0
120883,1,1,0,0,0,0,0,0,0,0,0,0
120884,0,1,0,0,0,0,0,0,0,0,0,0
120884,1,1,0,0,0,19,0,0,0,0,0,0
120885,1,1,0,0,0,0,0,0,0,0,0,0
120885,2,1,0,0,0,0,0,0,0,0,0,0
120886,1,1,3,30,16,18,6,5,7,2,23,23
120887,1,1,0,0,0,0,0,0,0,0,0,0
120887,2,1,0,0,0,0,0,0,0,0,0,0
120888,0,1,40,23,25,0,0,0,31,0,34,21
120888,1,1,27,0,15,0,13,13,0,10,0,0
120889,0,1,16,16,16,16,16,16,16,16,16,16
120889,1,1,0,0,0,0,0,21,0,0,0,0
120890,1,1,0,0,0,0,0,0,0,0,22,0
120891,1,1,0,0,0,17,0,0,0,0,9,0
120891,2,1,8,0,0,0,0,11,11,0,24,0
120892,1,1,11,11,11,11,11,11,11,11,11,11
120893,1,1,0,0,0,0,0,0,0,0,0,0
120894,1,1,0,0,0,0,0,12,0,0,0,0
120894,2,1,4,4,4,4,4,4,4,4,4,4
120896,1,1,0,0,0,0,0,0,0,0,0,0
120896,2,1,0,0,0,0,0,0,0,0,0,0
120897,1,1,0,0,0,0,0,0,0,0,35,23
120897,2,1,0,0,0,0,0,0,0,0,0,0
120898,1,1,29,29,29,29,29,29,29,29,29,29
120899,1,1,28,28,28,28,28,28,28,28,28,28
120900,1,1,15,30,0,18,14,0,0,0,0,15
120901,1,1,5,5,5,5,5,5,5,5,5,5
120901,2,1,7,12,27,22,10,10,30,22,8,11
120902,1,1,0,0,0,0,0,0,0,0,0,0
120902,2,1,0,0,0,0,0,0,0,0,0,5
120903,1,1,0,0,0,0,0,0,0,0,0,11
120904,0,1,24,19,0,0,25,0,0,0,0,0
120904,1,1,0,0,23,9,5,22,6,0,0,13
120905,1,1,0,23,0,0,0,0,12,3,0,5
120905,2,1,10,0,0,0,0,0,6,0,0,0
120906,1,1,0,17,0,21,0,0,0,0,0,16
120907,1,1,0,0,0,0,0,0,0,0,0,0
120907,2,1,0,0,0,0,0,0,0,0,0,0
120908,1,1,11,10,9,27,26,18,10,18,13,25
120908,2,1,0,0,0,0,0,8,4,10,0,0
120908,3,1,0,0,0,0,0,0,0,0,0,0
120908,4,1,0,0,0,0,0,0,0,0,0,0
120908,5,1,0,0,0,0,0,0,0,0,0,0
120908,6,1,0,0,0,0,0,14,0,0,0,0
120908,7,1,0,0,0,0,0,0,12,0,0,0
120909,1,1,0,0,0,0,0,0,0,0,0,0
120910,1,1,0,0,0,0,0,0,0,0,0,0
120910,2,1,0,0,0,0,0,0,0,0,0,0
120911,1,1,0,0,0,0,0,0,0,0,0,0
120912,0,1,0,0,0,0,0,0,0,0,0,0
120912,1,1,0,0,0,0,0,0,0,0,0,0
120913,0,1,31,21,11,12,0,0,0,0,22,27
120913,1,1,0,0,0,0,0,0,0,0,0,0
120914,1,1,0,0,0,0,0,0,0,0,0,0
120914,2,1,0,0,0,0,0,0,0,0,0,0
120914,3,1,0,0,0,0,0,0,0,0,0,0
120914,4,1,0,0,0,0,0,0,0,0,0,0
120915,1,1,16,16,16,16,16,16,16,16,16,16
120915,2,1,0,0,0,0,0,0,0,0,0,0
120916,1,1,0,0,0,0,0,0,0,0,0,0
120917,0,1,0,0,0,0,0,0,0,0,0,0
120917,1,1,0,0,0,0,0,0,0,0,0,0
120918,1,1,0,0,0,0,34,0,0,0,0,0
120919,1,1,0,0,0,0,0,0,0,0,0,0
120919,2,1,0,0,0,0,0,0,0,0,0,0
120920,0,1,15,0,0,0,0,0,0,0,0,0
120920,1,1,0,0,0,0,0,0,0,0,0,0
120921,1,1,10,10,10,10,10,10,10,10,10,10
120922,1,1,20,20,20,20,20,20,20,20,20,20
120922,2,1,0,0,0,0,0,0,0,0,0,0
120923,1,1,0,0,0,0,0,0,0,0,0,0
120924,1,1,24,24,24,24,24,24,24,24,24,24
120924,2,1,16,0,0,0,0,0,12,0,0,0
120925,0,1,15,0,26,0,0,0,0,0,0,0
120925,1,1,0,0,0,0,0,0,0,0,0,15
120926,1,1,15,15,15,15,15,15,15,15,15,15
120926,2,1,0,0,0,0,0,0,0,0,0,0
120926,3,1,0,0,0,0,0,0,0,0,0,0
120926,4,1,0,0,0,0,0,0,0,0,0,0
120927,1,1,21,21,21,21,21,21,21,21,21,21
120928,1,1,0,0,0,0,0,0,0,0,0,0
120928,2,1,0,0,0,0,0,0,0,0,0,0
120929,1,1,2,2,2,2,2,2,2,2,2,2
120930,1,1,0,2,15,15,0,0,2,16,39,12
120930,2,1,0,0,0,0,0,0,0,0,0,0
120931,0,1,0,0,0,0,0,0,0,0,0,0
120931,0,2,0,0,0,0,0,0,0,0,0,0
120931,0,3,0,0,0,0,0,0,0,0,0,0
120931,0,4,0,0,0,0,0,0,0,0,0,0
120931,0,5,0,0,0,0,0,0,0,0,0,0
120931,1,1,0,0,0,0,0,0,0,0,0,0
120932,1,1,0,0,0,0,17,0,0,0,24,15
120933,0,1,2,2,2,2,2,2,2,2,2,2
120933,1,1,0,6,0,0,0,0,0,0,0,0
120934,0,1,21,21,21,21,21,21,21,21,21,21
120934,1,1,13,13,13,13,13,13,13,13,13,13
120935,1,1,0,0,0,0,0,0,0,0,0,0
120935,2,1,0,0,0,0,0,0,0,0,0,0
120936,1,1,0,0,0,0,0,0,0,0,0,0
120936,2,1,0,0,0,0,0,0,0,0,0,0
120937,1,1,0,0,0,0,0,0,0,0,0,0
120938,1,1,0,0,0,0,0,0,0,0,0,0
120938,2,1,0,0,0,0,0,0,0,0,0,0
120939,1,1,20,20,20,20,20,20,20,20,20,20
120940,1,1,0,0,0,0,0,0,0,0,0,0
120940,2,1,0,0,0,0,0,0,0,0,0,0
120941,0,1,0,0,0,0,0,0,0,0,0,0
120941,1,1,0,0,0,0,0,0,0,0,0,0
120942,1,1,10,10,10,10,10,10,10,10,10,10
120943,1,1,36,0,0,0,0,0,0,0,0,0
120943,2,1,0,0,0,0,0,0,12,0,0,12
120944,0,1,0,0,0,0,0,0,0,0,0,0
120944,1,1,0,0,0,0,0,0,0,0,0,0
120945,1,1,0,0,0,0,0,19,33,0,0,0
120946,0,1,0,0,0,0,0,0,0,0,0,0
120946,1,1,0,0,0,0,0,0,0,0,0,0
120947,0,1,0,28,10,11,17,0,0,0,0,9
120948,1,1,0,0,0,0,0,0,0,0,0,0
120948,2,1,0,0,0,17,0,0,0,0,0,0
120949,1,1,0,0,0,0,0,0,0,0,0,0
120949,2,1,0,0,0,0,0,0,0,0,0,0
120950,1,1,0,0,0,0,0,0,0,0,0,0
120951,1,1,0,0,0,0,0,0,0,0,0,0
120952,1,1,0,0,0,0,0,0,0,0,0,0
120953,1,1,0,0,0,0,0,0,0,0,0,0
120954,1,1,12,12,12,12,12,12,12,12,12,12
120954,2,1,0,0,0,0,0,0,0,0,0,0
120955,1,1,0,0,0,0,0,0,0,0,0,0
120955,2,1,0,0,0,0,0,0,0,0,0,0
120956,1,1,14,22,9,16,19,15,20,21,15,16
120956,2,1,0,0,0,0,0,0,0,0,0,0
120958,0,1,0,0,0,0,0,0,0,0,0,0
120958,1,1,0,0,0,0,0,0,0,0,0,0
120959,0,1,0,0,0,0,0,0,0,0,0,0
120959,1,1,15,0,0,0,0,0,0,0,0,0
120962,1,1,0,0,15,0,0,0,0,0,0,0
120965,1,1,0,0,0,12,0,0,0,0,0,4
120966,1,1,0,0,0,0,0,0,0,0,0,0
120966,2,1,0,0,5,6,0,5,14,25,0,8
120967,0,1,0,0,0,0,0,31,27,0,0,0
120967,1,1,0,0,0,0,0,0,0,0,10,0
120968,1,1,0,0,0,0,0,0,0,0,0,0
120969,1,1,16,16,16,16,16,16,16,16,16,16
120969,2,1,0,0,0,0,0,0,0,0,0,0
120970,0,1,0,33,21,2,17,15,26,14,9,0
120970,1,1,0,0,0,0,0,0,0,0,0,0