ST_CASE,VEH_NO,PER_NO,P1,P2,P3,P4,P5,P6,P7,P8,P9,P10
120971,1,1,0,0,0,0,0,0,0,0,0,0
120971,2,1,0,0,0,0,0,0,0,0,0,0
120971,3,1,0,0,0,0,0,0,0,0,0,0
120972,1,1,13,13,13,13,13,13,13,13,13,13
120972,2,1,15,0,0,0,0,0,0,0,0,0
120973,1,1,0,0,0,0,0,0,0,0,0,0
120973,2,1,0,0,0,0,0,0,0,0,0,0
120974,1,1,0,0,0,0,0,0,0,0,0,0
120974,2,1,0,0,0,0,0,0,0,0,0,34
120974,3,1,0,0,0,0,0,0,0,0,0,0
120975,1,1,31,0,0,0,0,0,2,0,0,27
120976,1,1,19,19,19,19,19,19,19,19,19,19
120977,1,1,0,0,0,0,0,0,0,0,0,0
120977,2,1,0,0,0,0,0,0,0,0,0,21
120978,1,1,0,0,0,8,0,0,0,0,0,0
120978,2,1,0,0,0,0,0,0,0,0,0,0
120979,1,1,0,0,0,0,0,0,16,0,22,0
120979,2,1,0,0,0,0,0,0,0,0,0,0
120981,0,1,0,0,0,0,0,0,0,0,0,0
120981,1,1,0,0,0,0,0,0,0,0,0,0
120982,1,1,0,0,0,0,0,0,0,0,0,0
120982,2,1,0,0,0,0,0,0,0,0,0,0
120982,3,1,0,0,0,0,0,0,0,0,0,0
120983,0,1,0,0,0,0,0,0,0,0,0,0
120983,1,1,0,0,0,0,0,0,0,0,0,0
120984,0,1,0,0,0,0,0,0,0,0,0,0
120984,1,1,0,0,0,0,0,0,0,0,0,0
120985,0,1,0,0,0,0,0,0,0,0,0,0
120985,1,1,0,0,0,0,0,0,0,0,0,0
120986,1,1,0,0,0,0,0,0,0,0,0,0
120986,2,1,0,0,0,0,0,0,0,0,0,0
120987,1,1,17,17,17,17,17,17,17,17,17,17
120988,1,1,0,0,0,0,0,0,0,0,0,0
120990,1,1,0,30,0,6,0,0,0,0,0,0
120990,2,1,0,0,0,0,0,0,17,0,0,0
120990,3,1,0,0,18,0,0,0,0,0,0,0
120991,0,1,15,26,0,5,0,22,25,11,38,0
120991,1,1,0,0,0,0,0,0,0,0,0,0
120992,1,1,0,0,0,0,0,0,0,0,0,0
120993,1,1,29,29,29,29,29,29,29,29,29,29
120993,2,1,0,0,0,0,0,0,0,0,0,0
120994,1,1,16,0,0,13,29,5,8,0,35,0
120994,2,1,0,0,0,0,0,0,28,0,0,0
120995,1,1,0,0,0,0,0,0,0,0,0,0
120995,2,1,0,0,0,0,0,0,0,0,0,7
120996,1,1,0,0,0,0,0,0,0,0,0,0
120996,2,1,0,0,0,0,0,0,0,0,0,0
120996,3,1,0,0,0,0,0,0,0,0,0,0
120997,1,1,0,14,0,0,0,0,0,13,0,0
120998,1,1,16,0,18,13,15,0,0,0,22,11
120998,2,1,0,0,0,0,0,0,0,0,0,0
120999,1,1,25,0,0,0,0,0,0,0,13,0
121000,1,1,0,0,0,0,0,0,0,0,0,0
121000,2,1,0,0,0,0,0,0,0,0,0,0
121001,1,1,0,0,0,0,0,0,0,0,0,0
121002,1,1,0,0,9,0,0,0,0,0,0,0
121003,1,1,0,0,0,0,0,0,0,0,0,0
121003,2,1,0,15,0,0,0,0,0,0,0,23
121003,3,1,0,0,0,0,0,0,0,0,0,0
121004,0,1,0,0,10,0,36,0,12,0,0,34
121004,1,1,0,0,0,0,0,0,0,0,0,0
121005,0,1,0,0,0,0,0,0,0,0,0,0
121005,1,1,0,0,0,0,0,0,0,0,0,0
121006,0,1,24,24,24,24,24,24,24,24,24,24
121006,1,1,0,0,0,0,0,0,0,0,0,0
121006,2,1,0,0,0,0,0,0,0,0,0,0
121007,0,1,0,0,0,0,0,0,0,0,0,0
121007,1,1,0,0,0,0,0,0,0,0,0,0
121008,1,1,0,7,9,22,0,12,6,0,12,0
121008,2,1,0,0,0,0,0,0,0,0,0,0
121009,1,1,0,0,0,0,0,0,0,0,0,0
121009,2,1,0,0,0,0,0,9,0,0,0,0
121009,3,1,0,0,0,0,0,0,0,23,0,0
121010,0,1,0,0,0,0,0,0,0,0,0,0
121010,1,1,0,0,0,0,0,0,18,0,0,0
121011,0,1,0,0,0,0,0,0,0,0,0,0
121011,1,1,0,8,0,0,0,0,0,0,0,0
121012,1,1,0,0,0,0,0,0,0,0,0,0
121012,2,1,0,0,0,0,0,0,0,0,0,0
121013,1,1,0,0,0,0,0,0,0,0,0,0
121013,2,1,0,0,0,0,0,0,0,0,0,0
121014,0,1,0,0,20,0,16,20,0,0,8,0
121014,1,1,0,0,0,0,0,0,0,0,0,0
121015,1,1,1,1,1,1,1,1,1,1,1,1
121015,2,1,0,0,0,0,0,0,0,0,0,0
121016,1,1,23,25,0,0,21,0,24,23,25,0
121016,2,1,11,0,0,0,0,0,0,0,0,18
121016,3,1,0,0,0,0,0,0,0,0,0,0
121017,1,1,28,29,17,6,16,10,7,28,0,8
121017,2,1,0,24,0,0,0,0,0,0,0,0
121018,0,1,0,0,0,0,11,28,0,0,20,0
121018,1,1,24,19,7,9,10,16,20,10,24,17
121019,0,1,0,0,0,0,0,0,0,0,0,0
121019,1,1,0,0,33,0,0,0,0,0,0,0
121020,1,1,0,20,0,0,0,0,0,0,0,0
121020,2,1,0,0,0,0,0,0,0,0,0,0
121021,1,1,0,0,0,0,0,0,6,19,12,0
121021,2,1,0,0,0,0,0,0,0,13,0,0
121022,0,1,0,0,0,0,0,0,0,0,0,0
121022,1,1,0,0,17,0,0,0,0,0,0,0
121023,1,1,0,0,0,0,0,0,0,0,0,0
121023,2,1,0,0,0,0,0,0,0,0,0,0
121024,0,1,35,35,35,35,35,35,35,35,35,35
121024,0,2,0,0,24,0,18,0,30,22,12,27
121024,1,1,15,15,15,15,15,15,15,15,15,15
121025,1,1,0,0,0,0,0,0,0,0,0,0
121025,2,1,0,0,0,0,0,0,0,0,0,0
121025,3,1,0,0,0,0,0,0,0,0,0,0
121026,0,1,19,0,0,19,23,0,0,0,0,6
121026,1,1,10,0,0,0,0,24,0,0,0,0
121026,2,1,0,0,9,0,0,0,0,0,0,0
121027,1,1,0,0,0,0,0,0,0,0,0,0
121027,2,1,0,0,0,0,0,0,0,0,0,0
121028,0,1,11,6,0,0,16,0,24,0,0,0
121028,1,1,0,0,0,0,7,0,0,0,0,0
121029,1,1,0,0,0,0,0,0,0,0,0,0
121030,1,1,10,10,10,10,10,10,10,10,10,10
121030,2,1,0,0,0,0,0,0,0,0,0,0
121030,3,1,0,0,0,15,0,0,11,23,0,0
121031,1,1,0,0,0,0,0,0,0,0,0,0
121031,2,1,0,0,0,0,0,0,0,0,0,0
121032,1,1,0,0,0,0,0,0,0,0,0,0
121032,2,1,0,0,0,0,0,0,0,0,0,0
121032,3,1,0,0,0,0,0,0,0,0,0,0
121032,4,1,0,0,0,0,0,12,0,0,0,0
121033,1,1,0,0,0,4,26,0,17,0,0,0
121033,2,1,23,0,34,0,7,0,0,35,13,33
121034,1,1,0,0,0,0,0,0,0,0,0,0
121034,2,1,0,8,0,0,0,0,0,12,10,0
121035,1,1,14,14,14,14,14,14,14,14,14,14
121036,1,1,0,0,7,0,0,0,0,0,0,0
121036,2,1,0,0,0,0,0,0,0,0,0,0
121037,1,1,0,0,0,0,0,0,0,0,0,0
121037,2,1,0,0,0,0,0,0,0,0,0,0
121038,0,1,24,24,24,24,24,24,24,24,24,24
121038,1,1,0,0,0,0,0,0,0,0,0,0
121039,1,1,0,0,0,8,0,26,10,0,0,18
121040,1,1,0,0,0,0,0,0,0,0,0,0
121040,2,1,0,0,0,0,0,0,0,0,0,0
121041,1,1,0,0,0,0,0,0,0,0,0,0
121041,2,1,0,5,0,0,0,0,0,0,0,0
121042,1,1,0,13,0,0,0,0,0,0,0,0
121043,1,1,0,0,0,0,0,0,0,0,0,0
121044,1,1,0,0,0,0,0,0,0,0,0,0
121044,2,1,0,0,0,0,0,0,0,0,0,0
121045,1,1,0,0,0,0,0,0,0,0,0,0
121046,1,1,0,0,0,0,0,0,0,0,0,0
121047,0,1,13,13,13,13,13,13,13,13,13,13
121047,0,2,17,17,17,17,17,17,17,17,17,17
121047,1,1,0,0,0,0,0,31,0,0,0,0
121048,1,1,0,15,0,0,0,0,0,0,0,0
121048,2,1,0,0,0,0,0,0,0,0,0,0
121049,1,1,0,0,0,0,0,0,0,0,0,0
121049,2,1,0,0,0,31,0,0,16,0,0,0
121050,1,1,0,0,0,0,0,0,0,0,0,0
121051,0,1,30,30,30,30,30,30,30,30,30,30
121051,1,1,0,0,9,25,0,0,17,0,0,13
121052,1,1,0,0,0,0,0,0,0,0,0,0
121052,2,1,0,0,0,0,0,0,0,0,0,0
121053,1,1,0,0,0,0,17,0,0,0,0,0
121053,2,1,0,0,0,0,0,0,0,0,0,0
121053,3,1,0,0,19,0,0,0,0,13,0,0
121054,1,1,0,0,0,0,0,0,0,0,0,0
121055,1,1,0,20,0,9,0,0,0,0,0,0
121056,1,1,0,0,0,0,0,0,0,0,0,0
121056,2,1,0,0,0,0,0,0,0,0,0,0
121057,0,1,0,44,0,31,7,0,0,0,9,0
121057,1,1,0,0,0,0,0,0,0,0,0,0
121058,0,1,0,0,0,0,0,0,0,0,0,0
121059,1,1,0,0,0,20,0,0,0,0,0,0
121059,2,1,0,0,0,0,0,0,0,0,0,0
121060,1,1,0,21,0,0,0,0,0,0,0,0
121060,2,1,4,0,0,0,0,12,4,6,0,0
121060,3,1,0,0,0,0,0,0,0,0,0,0
121060,4,1,0,0,0,0,0,0,0,0,7,0
121061,1,1,0,0,0,0,0,0,0,0,0,0
121062,1,1,0,0,18,0,0,0,0,0,0,0
121063,1,1,14,5,23,34,13,14,21,8,7,13
121064,1,1,0,0,6,0,0,0,0,0,0,0
121064,2,1,0,0,0,0,4,0,0,0,0,0
121065,1,1,23,23,23,23,23,23,23,23,23,23
121066,1,1,22,22,22,22,22,22,22,22,22,22
121067,1,1,3,3,3,3,3,3,3,3,3,3
121067,2,1,0,0,0,0,0,0,0,0,0,0
121068,1,1,12,12,12,12,12,12,12,12,12,12
121069,1,1,0,0,0,0,0,0,0,10,0,0
121069,2,1,12,12,12,12,12,12,12,12,12,12
121070,0,1,0,0,0,0,0,0,0,0,0,0
121070,1,1,14,0,0,0,0,0,0,19,0,0
121071,1,1,0,0,0,0,31,18,14,0,20,0
121071,2,1,0,0,0,0,0,0,11,0,0,13
121071,3,1,0,0,5,0,0,33,21,0,0,0
121072,1,1,0,0,0,0,0,0,0,0,0,0
121073,0,1,11,11,11,11,11,11,11,11,11,11
121073,1,1,0,0,0,0,0,0,0,0,0,27
121074,1,1,21,21,21,21,21,21,21,21,21,21
121075,1,1,14,17,19,15,0,10,0,20,15,14
121076,1,1,0,20,17,0,0,0,0,0,0,0
121076,2,1,0,20,7,0,0,8,0,0,11,0
121077,0,1,0,0,0,0,0,0,0,0,0,0
121077,1,1,0,0,0,0,0,0,0,0,0,0
121079,1,1,17,17,17,17,17,17,17,17,17,17
121079,2,1,0,0,0,0,0,18,0,0,0,0
121080,1,1,26,22,17,24,13,18,8,14,27,14
121081,1,1,22,22,22,22,22,22,22,22,22,22
121083,1,1,5,5,5,5,5,5,5,5,5,5
121083,2,1,0,0,0,0,0,0,0,0,0,0
121084,1,1,0,0,0,0,0,0,0,0,0,0
121084,2,1,0,0,0,0,0,0,0,0,0,11
121085,1,1,0,0,0,0,0,0,0,0,0,0
121085,2,1,0,0,0,0,0,0,0,0,0,0
121086,1,1,0,0,0,0,0,0,0,0,0,0
121087,1,1,16,16,16,16,16,16,16,16,16,16
121088,1,1,34,34,34,34,34,34,34,34,34,34
121089,1,1,0,0,0,0,0,0,0,0,0,0
121089,2,1,0,0,0,0,21,0,0,13,0,0
121090,1,1,23,23,23,23,23,23,23,23,23,23
121090,2,1,0,0,0,0,0,0,0,0,0,0
121091,1,1,0,0,0,0,0,0,0,0,0,0
121091,2,1,9,9,9,9,9,9,9,9,9,9
121092,1,1,0,0,0,0,0,0,9,0,0,0
121092,2,1,0,0,9,0,20,14,0,0,0,0
121093,1,1,0,0,0,0,0,0,0,0,0,0
121093,2,1,0,0,0,0,0,0,0,0,0,0
121094,1,1,0,0,0,0,0,0,0,0,0,0
121094,2,1,0,0,0,0,0,0,0,0,0,0
121095,1,1,0,3,0,0,0,0,0,0,0,0
121096,1,1,0,0,0,0,0,0,0,0,0,0
121096,2,1,0,0,0,0,0,0,0,0,0,0
121097,1,1,0,0,0,0,0,0,0,0,0,0
121097,2,1,0,0,0,0,0,0,0,0,0,0
121098,1,1,0,0,21,19,0,0,27,11,0,0
121099,0,1,0,23,27,0,11,0,0,10,21,18
121099,1,1,0,27,0,17,27,8,0,11,20,0
121100,1,1,0,0,0,0,0,0,0,0,0,0
121100,2,1,0,0,0,0,0,0,0,0,0,0
121101,1,1,0,0,0,19,0,0,0,0,20,0
121101,2,1,0,0,0,0,0,0,25,0,0,0
121103,1,1,0,0,0,0,0,0,0,0,0,0
121103,2,1,0,0,0,0,11,0,0,0,10,0
121105,1,1,0,0,14,25,0,0,0,12,6,0
121105,2,1,0,0,0,0,0,2,0,14,9,15
121106,1,1,0,0,0,0,0,0,0,0,0,0
121107,1,1,0,0,0,0,0,0,0,0,0,0
121107,2,1,0,0,0,0,0,0,0,0,0,0
121107,3,1,0,0,0,0,0,0,0,0,0,0
121108,1,1,0,0,0,0,0,0,0,0,0,0
121109,0,1,0,0,0,0,0,0,0,0,0,0
121109,1,1,0,0,15,12,0,0,0,0,0,0
121110,1,2,0,0,0,0,20,0,15,0,0,0
121111,0,1,0,0,0,0,0,0,0,0,0,0
121111,1,1,0,0,0,0,17,0,0,0,0,0
121112,1,1,20,13,15,29,19,15,0,41,15,0
121113,1,1,0,0,0,0,0,0,16,27,0,16
121114,1,1,12,12,12,12,12,12,12,12,12,12
121114,2,1,0,0,0,0,0,0,0,0,0,0
121115,1,1,21,21,21,21,21,21,21,21,21,21
121115,2,1,0,7,0,0,0,0,6,7,0,0
121115,3,1,0,0,12,8,0,0,0,0,0,0
121116,0,1,21,0,0,22,0,0,0,0,0,19
121116,1,1,15,0,0,0,0,0,0,0,0,0
121117,1,1,0,17,13,0,18,27,0,11,3,22
121118,0,1,12,0,0,0,33,21,0,29,12,0
121118,1,1,0,0,0,0,0,0,0,0,0,0
121119,1,1,0,0,0,0,0,0,0,0,0,0
121119,2,1,0,0,0,0,0,0,0,0,0,0
121120,1,1,12,12,12,12,12,12,12,12,12,12
121120,2,1,19,0,0,0,0,0,0,0,0,0
121121,1,1,0,0,0,0,34,0,0,0,0,0
121121,2,1,0,0,0,0,0,0,0,0,0,0
121122,1,1,0,0,0,0,0,0,0,0,0,0
121122,2,1,0,0,0,0,0,0,0,0,0,0
121123,1,1,0,0,0,0,0,0,0,0,0,0
121123,2,1,0,0,0,0,4,0,0,0,0,0
121124,1,1,0,21,0,16,21,17,17,0,31,0
121124,2,1,7,22,0,5,0,0,0,0,18,0
121125,1,1,0,0,0,0,0,0,0,0,0,0
121125,2,1,0,0,0,0,0,0,0,0,0,0
121126,1,1,10,8,0,0,0,0,0,0,0,0
121126,2,1,0,0,0,0,0,0,0,0,0,0
121127,1,1,25,25,25,25,25,25,25,25,25,25
121128,1,1,0,0,0,0,0,0,0,0,0,0
121129,1,1,0,0,0,0,0,0,0,0,0,0
121129,2,1,0,0,4,0,0,0,0,0,0,0
121130,1,1,0,14,0,0,18,0,9,0,40,0
121131,1,1,0,0,0,0,0,0,0,0,0,0
121132,1,1,0,0,0,0,0,0,0,0,0,0
121132,2,1,0,0,0,0,0,0,0,0,0,0
121133,0,1,0,0,0,0,0,0,0,0,0,0
121133,1,1,0,0,0,0,0,0,0,0,0,32
121134,1,1,31,31,31,31,31,31,31,31,31,31
121135,1,1,21,21,21,21,21,21,21,21,21,21
121135,2,1,0,24,0,0,0,0,0,0,0,0
121136,1,1,0,0,0,18,0,0,0,0,0,0
121136,2,1,0,0,0,0,0,0,0,0,0,0
121137,1,1,0,0,0,0,0,0,0,0,0,0
121138,1,1,18,18,18,18,18,18,18,18,18,18
121139,1,1,0,0,0,0,0,0,0,0,0,0
121139,2,1,0,0,0,0,0,0,0,0,0,0
121140,1,1,4,0,0,0,20,0,0,0,0,0
121140,2,1,0,0,0,0,0,32,0,19,9,0
121141,0,1,34,14,0,0,33,37,18,27,3,4
121141,1,1,9,10,0,8,0,0,21,0,0,0
121142,1,1,0,0,0,0,0,0,0,0,0,0
121143,0,1,0,0,0,0,0,0,0,0,0,0
121143,1,1,0,0,0,0,0,0,0,0,0,0
121144,0,1,0,0,23,0,0,0,0,0,0,0
121144,1,1,14,0,0,0,0,0,0,0,0,0
121144,2,1,0,0,0,0,0,0,0,0,0,0
121144,3,1,0,0,6,0,0,0,0,9,0,0
121145,1,1,0,0,0,0,0,0,0,0,0,0
121145,2,1,0,0,0,0,0,0,0,0,0,0
121146,1,1,0,0,0,0,0,0,0,0,31,49
121146,2,1,0,0,0,0,0,0,0,0,0,0
121147,1,1,0,0,0,0,0,0,0,0,0,0
121147,2,1,0,0,0,0,0,0,0,0,0,0
121147,3,1,0,0,0,0,0,0,0,0,0,0
121148,0,1,0,0,0,0,0,0,0,0,0,0
121148,1,1,0,0,16,0,0,0,0,0,0,0
121150,1,1,0,0,0,0,12,16,0,0,22,28
121151,1,1,0,2,0,0,0,0,0,0,0,0
121151,2,1,0,0,0,0,0,0,0,0,0,0
121152,1,1,0,0,0,0,0,0,0,0,0,0
121152,2,1,0,0,0,0,0,0,0,0,0,0
121153,1,1,5,5,5,5,5,5,5,5,5,5
121153,2,1,0,0,0,8,0,0,0,0,0,0
121154,1,1,0,16,13,23,0,10,0,0,27,0
121154,2,1,0,0,0,0,0,0,0,0,0,0
121155,0,1,0,0,0,0,0,0,23,14,0,0
121155,1,1,0,0,0,0,0,0,0,0,0,0
121156,1,1,0,22,13,16,2,0,5,0,4,8
121157,0,1,17,15,0,0,0,0,0,0,0,17
121157,1,1,0,12,12,29,24,2,18,25,4,19
121157,2,1,0,0,9,8,0,0,0,0,0,0
121158,0,1,9,9,9,9,9,9,9,9,9,9
121158,1,1,0,9,0,0,20,10,0,12,0,9
121159,1,1,37,37,37,37,37,37,37,37,37,37
121160,1,1,0,0,0,0,0,0,0,0,0,0
121160,2,1,0,0,0,0,7,0,0,0,0,0
121161,0,1,0,0,0,0,0,12,32,0,0,27
121161,1,1,0,0,0,33,0,0,0,0,0,20
121162,1,1,0,0,0,0,0,0,0,0,0,0
121162,2,1,0,0,12,0,0,0,0,0,0,0
121163,0,1,0,24,0,0,0,0,0,0,31,22
121163,1,1,5,0,0,0,0,0,0,0,0,0
121164,1,1,0,0,0,0,0,0,0,0,0,0
121164,2,1,0,0,0,0,0,0,0,0,0,0
121164,3,1,0,0,0,0,0,0,0,0,0,0
121164,4,1,0,0,0,0,0,0,0,0,0,0
121165,1,1,0,0,17,0,0,0,0,0,0,0
121165,2,1,0,0,0,0,0,0,4,0,0,0
121166,0,1,22,22,22,22,22,22,22,22,22,22
121166,1,1,0,22,17,22,6,0,0,0,24,30
121167,1,1,17,16,16,17,23,18,27,7,18,7
121168,0,1,0,0,0,0,0,0,0,0,0,0
121168,1,1,0,0,0,0,0,0,0,0,0,0
121169,1,1,0,0,0,12,0,0,0,0,14,0
121169,2,1,0,0,0,0,0,0,0,0,0,0
121170,1,1,0,0,0,0,0,0,0,0,0,29
121170,2,1,0,0,0,0,0,0,0,0,0,0
121170,3,1,0,0,0,0,0,0,0,0,0,0
121171,0,1,0,0,0,14,0,0,17,0,14,0
121171,1,1,0,0,0,6,0,0,0,0,0,0
121172,0,1,37,37,37,37,37,37,37,37,37,37
121172,1,1,0,0,0,0,0,0,0,0,0,0
121173,1,1,0,0,0,0,0,0,0,0,0,0
121173,2,1,0,0,0,0,0,0,0,0,0,0
121174,1,1,0,0,0,0,0,0,0,0,0,0
121174,2,1,0,0,0,0,0,0,22,0,0,0
121175,0,1,0,0,0,0,0,0,0,0,0,0
121175,1,1,0,0,0,0,0,0,0,0,0,0
121176,0,1,0,0,0,0,0,0,0,0,0,0
121176,1,1,0,0,0,0,0,0,0,0,0,0
121177,1,1,0,0,0,0,0,0,0,0,0,0
121179,1,1,0,0,0,0,21,0,0,0,0,0
121180,1,1,0,0,0,0,0,0,0,0,0,0
121180,2,1,6,0,0,0,0,0,15,0,30,0
121181,1,1,0,0,0,0,5,0,0,0,0,0
121181,2,1,0,0,0,0,0,0,0,0,0,0
121181,3,1,0,0,0,0,0,0,0,0,0,0
121182,1,1,0,0,0,0,0,0,0,0,0,0
121182,2,1,0,3,0,11,0,0,0,0,8,0
121183,0,1,0,0,0,15,13,22,25,0,17,0
121183,1,1,0,0,0,0,0,0,0,0,0,0
121184,1,1,0,0,0,0,0,0,0,0,0,0
121184,2,1,0,0,0,0,0,0,0,0,0,8
121185,0,1,0,0,0,0,0,16,0,0,0,0
121185,1,1,0,0,0,24,0,0,0,0,0,0
121186,1,1,15,15,15,15,15,15,15,15,15,15
121187,0,1,17,17,17,17,17,17,17,17,17,17
121187,1,1,0,0,0,0,0,0,0,0,0,0
121188,0,1,0,0,27,0,0,15,0,0,0,0
121188,1,1,0,0,0,0,0,0,0,0,0,0
121189,0,1,0,0,0,0,0,0,0,0,0,0
121189,1,1,0,0,0,19,0,0,0,0,0,0
121190,1,1,0,0,0,0,0,0,0,0,0,0
121191,1,1,0,0,0,0,0,0,0,14,0,0
121191,2,1,0,0,0,0,0,0,0,0,0,0
121192,1,1,0,0,0,0,0,0,0,0,0,0
121193,1,1,14,14,14,14,14,14,14,14,14,14
121194,1,1,0,30,0,0,0,0,0,28,8,10
121194,2,1,0,6,10,0,0,24,0,6,17,11
121195,1,1,22,16,7,0,6,0,34,0,10,0
121195,2,1,0,0,7,0,0,0,0,0,0,0
121196,1,1,0,0,0,0,0,0,0,0,0,0
121196,2,1,0,0,0,0,0,0,0,0,0,0
121197,1,1,0,0,0,0,0,0,0,0,0,0
121197,2,1,0,0,0,0,0,0,0,0,0,0
121198,1,1,0,0,25,13,35,6,21,0,0,15
121199,1,1,9,37,7,16,4,15,8,11,24,6
121200,1,1,18,18,18,18,18,18,18,18,18,18
121201,1,1,0,0,0,0,0,0,0,0,0,0
121201,2,1,0,0,0,0,0,0,0,0,0,0
121202,0,1,0,0,0,0,0,0,0,0,0,0
121202,1,1,0,0,0,0,0,0,0,9,0,0
121203,1,1,11,11,11,11,11,11,11,11,11,11
121203,2,1,0,0,0,0,0,0,0,0,0,5
121204,0,1,20,20,20,20,20,20,20,20,20,20
121204,1,1,0,0,0,0,0,24,7,0,0,0
121205,1,1,13,13,13,13,13,13,13,13,13,13
121205,2,1,0,0,0,0,0,0,0,0,0,0
121206,1,1,24,0,0,0,0,0,0,0,0,0
121206,2,1,0,0,0,0,0,0,0,0,0,0
121207,1,1,0,0,0,0,0,0,0,0,0,0
121208,1,1,0,0,0,0,0,0,0,0,0,0
121208,2,1,0,0,0,0,0,0,0,0,0,0
121209,0,1,0,0,23,0,0,0,0,0,0,0
121209,1,1,0,5,10,12,17,13,12,0,0,0
121209,2,1,0,0,0,0,0,12,0,0,0,0
121210,1,1,17,17,17,17,17,17,17,17,17,17
121210,2,1,0,0,0,0,0,0,0,0,0,0
121211,1,1,20,20,20,20,20,20,20,20,20,20
121211,2,1,0,0,0,0,0,0,0,0,0,0
121212,1,1,0,0,0,0,0,0,0,0,0,0
121213,0,1,0,0,0,0,0,0,0,0,0,0
121213,1,1,0,0,0,16,0,0,0,0,0,0
121214,1,1,0,0,0,0,0,0,0,0,0,0
121214,2,1,0,0,0,0,0,0,0,0,0,0
121214,3,1,0,0,0,0,0,0,0,0,0,0
121215,1,1,0,0,0,0,0,0,0,0,0,0
121215,2,1,0,0,0,0,0,10,0,0,0,0
121216,1,1,4,12,0,0,9,20,0,0,11,25
121217,0,1,0,0,0,0,0,0,0,0,0,0
121217,1,1,15,0,0,0,0,0,0,0,0,0
121218,1,1,0,10,17,15,15,21,0,25,26,26
121219,1,1,0,0,0,0,0,0,0,0,0,0
121220,1,1,0,0,0,0,0,0,0,0,0,0
121220,2,1,0,0,0,0,0,0,0,0,0,0
121221,1,1,0,0,15,0,0,0,0,7,7,5
121221,2,1,0,0,18,0,0,0,0,0,0,0
121222,1,1,3,3,3,3,3,3,3,3,3,3
121222,2,1,0,0,0,0,0,0,0,0,0,0
121223,0,1,0,25,0,9,11,0,0,0,0,0
121223,1,1,0,0,0,0,0,0,0,0,0,0
121224,0,1,8,8,8,8,8,8,8,8,8,8
121224,1,1,0,0,25,0,0,0,0,0,0,13
121225,1,1,0,0,0,0,0,0,0,0,0,0
121226,1,1,10,0,7,0,0,0,0,0,0,0
121226,2,1,0,0,0,12,0,0,0,0,0,0
121227,1,1,0,26,0,0,0,0,0,0,0,0
121227,2,1,0,0,0,0,0,0,0,0,0,0
121228,1,1,0,0,0,0,0,0,0,0,0,0
121229,1,1,0,0,0,0,0,0,0,0,0,0
121229,2,1,0,0,0,0,0,0,0,0,0,0
121229,3,1,0,0,0,0,0,0,0,0,0,0
121229,4,1,0,7,0,0,0,0,0,0,0,10
121229,5,1,0,0,0,0,0,0,0,0,0,0
121230,0,1,0,15,27,42,0,23,28,0,0,12
121230,1,1,0,0,0,0,0,0,0,0,0,0
121231,0,1,4,0,14,0,13,31,25,0,0,21
121231,1,1,0,0,0,0,0,0,0,0,0,0
121232,1,1,0,0,0,0,0,0,0,0,0,0
121232,2,1,7,0,0,0,0,0,0,0,0,0
121233,0,1,26,9,0,0,0,0,0,25,11,0
121233,1,1,0,0,0,0,0,0,0,0,0,0
121233,2,1,0,14,7,0,16,0,0,0,0,0
121235,1,1,0,0,0,0,0,0,0,0,0,0
121235,2,1,0,0,0,0,0,0,0,0,0,0
121236,1,1,0,0,0,0,0,0,0,0,0,0
121236,2,1,4,0,6,17,25,0,0,0,9,6
121238,1,1,0,0,0,0,0,0,0,0,0,0
121239,1,1,2,2,2,2,2,2,2,2,2,2
121240,1,1,0,16,17,23,17,0,0,24,15,13
121241,0,1,0,0,0,0,0,0,0,0,0,12
121241,1,1,0,20,29,13,0,0,0,0,10,0
121242,1,1,0,0,0,0,0,0,0,0,0,0
121243,1,1,33,33,33,33,33,33,33,33,33,33
121243,2,1,0,0,0,0,0,0,0,0,0,0
121244,1,1,0,0,0,0,0,0,0,0,0,0
121245,1,1,0,0,0,0,0,0,0,0,0,0
121245,2,1,0,0,0,0,0,0,0,0,0,0
121246,1,1,0,0,0,10,0,0,0,0,0,9
121246,2,1,0,0,0,0,0,0,0,0,0,0
121247,0,1,0,30,29,0,24,0,0,21,26,0
121247,1,1,0,0,0,0,0,0,16,0,0,0
121248,1,1,0,18,0,0,0,0,0,0,0,0
121248,2,1,0,0,0,0,0,0,0,0,0,0
121249,1,1,21,21,21,21,21,21,21,21,21,21
121250,1,1,0,0,0,0,0,0,0,0,0,0
121250,2,1,0,0,0,0,0,0,0,0,0,0
121251,1,1,0,0,8,0,12,0,0,0,0,0
121251,2,1,0,0,0,0,0,6,0,4,0,0
121252,1,1,0,29,0,0,0,26,0,30,0,0
121253,0,1,16,25,0,0,19,25,36,0,7,26
121253,0,2,18,0,0,0,12,29,0,0,23,0
121253,1,1,32,16,9,12,45,31,10,0,35,17
121254,1,1,0,34,9,13,0,6,43,16,12,16
121255,1,1,0,0,0,0,0,0,0,0,0,0
121255,2,1,0,0,0,0,12,26,0,0,0,0
121256,1,1,2,2,2,2,2,2,2,2,2,2
121256,2,1,0,0,0,0,0,0,0,0,0,0
121257,1,1,0,0,0,0,0,0,0,0,0,0
121257,2,1,0,11,0,0,0,0,0,0,0,0
121258,1,1,18,18,18,18,18,18,18,18,18,18
121259,1,1,0,0,0,8,0,0,0,0,0,0
121260,1,1,19,19,19,19,19,19,19,19,19,19