ST_CASE,VEH_NO,PER_NO,P1,P2,P3,P4,P5,P6,P7,P8,P9,P10
121261,1,1,26,26,26,26,26,26,26,26,26,26
121262,1,1,3,3,3,3,3,3,3,3,3,3
121264,1,1,0,0,0,0,0,0,0,0,0,0
121265,0,1,37,37,37,37,37,37,37,37,37,37
121265,1,1,0,0,0,0,0,0,0,0,0,0
121266,1,1,0,0,0,10,0,21,0,0,13,0
121267,1,1,0,0,0,0,0,0,0,0,0,0
121267,2,1,22,0,0,0,0,0,0,0,0,0
121268,1,1,0,0,0,20,0,0,0,0,0,19
121268,2,1,0,0,21,0,0,0,0,0,0,0
121269,1,1,0,0,0,0,0,0,0,0,0,0
121269,2,1,9,0,0,0,0,0,17,13,0,0
121270,1,1,0,0,0,0,0,0,0,0,0,0
121270,2,1,0,0,11,0,0,0,0,0,0,0
121271,1,1,12,12,12,12,12,12,12,12,12,12
121272,1,1,0,0,0,0,0,0,0,0,0,0
121272,2,1,0,0,0,0,0,0,0,0,0,0
121273,1,1,0,0,0,81,0,0,0,0,0,0
121273,2,1,0,0,0,0,0,0,0,0,0,26
121274,1,1,0,0,0,0,0,4,0,0,0,0
121274,2,1,7,7,7,7,7,7,7,7,7,7
121275,1,1,0,0,0,0,0,0,0,0,9,0
121275,2,1,0,0,0,0,0,0,0,0,16,0
121275,3,1,0,0,0,0,0,0,0,0,0,0
121275,4,1,0,0,0,0,0,0,0,0,0,0
121276,1,1,16,16,16,16,16,16,16,16,16,16
121276,2,1,0,0,0,6,0,0,0,0,0,0
121277,1,1,0,0,0,0,0,0,0,0,0,0
121277,2,1,0,0,0,0,0,0,0,0,0,16
121277,3,1,0,0,0,0,0,0,0,0,0,0
121278,0,1,0,0,0,0,0,0,0,0,0,0
121278,0,2,0,0,0,0,0,0,0,0,0,0
121278,1,1,0,12,0,0,0,9,0,0,0,0
121279,0,1,27,0,15,34,0,0,7,0,0,0
121279,1,1,20,35,0,30,24,0,0,0,22,20
121280,0,1,31,0,13,0,0,0,0,0,0,54
121280,1,1,0,0,0,0,0,0,0,0,0,0
121281,0,1,0,0,0,0,11,0,0,21,0,0
121281,1,1,0,25,0,0,0,0,0,0,0,0
121282,1,1,0,0,0,0,0,0,0,0,0,0
121283,1,1,0,0,0,0,0,0,0,0,0,0
121283,2,1,0,0,0,0,8,0,0,0,0,21
121284,0,1,3,3,3,3,3,3,3,3,3,3
121284,1,1,0,0,0,0,0,0,0,0,0,0
121285,1,1,0,0,0,0,0,0,0,0,0,0
121285,2,1,0,25,0,0,0,0,0,0,0,0
121287,1,1,0,0,0,0,0,0,0,0,19,0
121287,2,1,0,14,0,0,0,0,0,0,0,30
121288,1,1,0,0,0,0,0,0,0,0,0,0
121288,2,1,10,0,0,0,0,0,0,0,0,0
121288,3,1,0,9,0,0,0,0,0,0,0,0
121289,0,1,0,0,0,0,0,0,0,0,0,0
121289,1,1,0,0,0,0,0,0,0,0,0,0
121290,1,1,0,0,0,0,0,0,0,0,0,0
121290,2,1,0,0,0,16,15,5,0,0,0,0
121291,0,1,0,0,0,0,0,0,0,0,0,0
121291,1,1,0,0,0,0,0,0,0,0,0,0
121292,0,1,0,0,0,0,0,0,0,0,0,0
121292,1,1,0,0,0,0,0,0,0,0,0,0
121293,1,1,0,0,10,0,10,0,13,0,0,0
121293,2,1,0,0,0,0,0,0,0,0,0,0
121293,3,1,0,0,0,0,0,0,0,0,0,0
121293,4,1,0,0,0,0,0,0,0,0,0,0
121294,1,1,0,13,0,17,10,33,7,19,0,10
121295,1,1,0,0,0,0,0,0,0,0,0,0
121295,2,1,0,0,0,0,0,0,0,0,0,0
121296,1,1,20,20,20,20,20,20,20,20,20,20
121297,0,1,0,0,0,0,0,0,0,0,0,0
121297,1,1,0,0,0,0,0,0,0,0,0,0
121298,0,1,0,0,0,0,0,0,0,0,0,0
121298,1,1,0,0,24,0,0,0,0,0,0,0
121299,1,1,0,0,0,0,0,0,0,0,0,0
121299,2,1,0,17,0,0,0,0,0,0,0,0
121300,0,1,0,22,0,15,27,24,0,0,0,47
121300,1,1,17,12,12,14,6,0,9,9,0,13
121301,1,1,16,16,16,16,16,16,16,16,16,16
121302,1,1,0,0,0,0,0,0,0,0,0,0
121303,1,1,0,0,0,0,0,0,0,0,0,0
121303,2,1,0,0,0,18,0,0,0,0,0,0
121304,1,1,0,0,0,0,0,0,0,0,0,0
121305,1,1,0,0,0,0,0,0,0,0,0,0
121305,2,1,0,0,0,0,0,0,0,0,0,0
121305,3,1,0,0,0,0,0,0,0,0,0,0
121306,1,1,0,0,0,0,0,0,0,0,0,0
121306,2,1,0,0,0,0,0,0,0,0,0,0
121307,1,1,0,0,0,0,0,0,0,0,0,0
121308,1,1,0,0,0,0,0,0,0,0,0,0
121308,2,1,0,21,0,0,0,30,0,0,0,25
121309,1,1,4,0,15,9,5,7,0,14,11,0
121309,2,1,18,0,0,0,0,11,0,0,0,0
121310,0,1,0,0,0,0,0,0,0,0,0,0
121310,1,1,0,0,0,0,0,0,0,0,0,0
121310,2,1,0,20,0,0,23,0,0,0,0,18
121311,1,1,0,0,0,0,0,0,0,0,0,0
121312,1,1,0,0,0,0,0,0,0,0,0,0
121312,2,1,0,0,0,0,0,0,0,0,0,0
121312,3,1,0,0,0,0,0,0,0,0,0,0
121312,4,1,0,0,0,0,0,0,0,0,0,0
121313,1,1,26,26,26,26,26,26,26,26,26,26
121314,1,1,0,0,0,0,0,0,0,0,0,0
121314,2,1,0,0,0,0,0,0,0,0,0,0
121315,1,1,22,22,22,22,22,22,22,22,22,22
121316,1,1,0,0,0,0,0,0,0,0,0,0
121316,2,1,18,18,18,18,18,18,18,18,18,18
121317,0,1,14,14,14,14,14,14,14,14,14,14
121317,0,2,0,19,13,0,12,0,15,8,0,0
121317,1,1,8,8,8,8,8,8,8,8,8,8
121318,1,1,0,0,0,0,0,0,0,0,0,0
121318,2,1,0,0,0,0,0,0,0,0,0,0
121319,1,1,0,0,0,0,0,0,0,0,0,16
121320,1,1,0,0,0,0,0,0,0,0,0,0
121320,2,1,0,0,0,0,0,0,0,0,0,0
121320,3,1,0,0,0,0,0,0,0,0,0,0
121321,1,1,0,0,0,0,0,0,0,0,0,0
121321,2,1,0,0,0,0,0,0,0,0,0,0
121322,0,1,37,38,8,31,26,14,10,22,11,0
121322,1,1,20,0,21,0,10,0,0,0,0,0
121323,1,1,0,0,0,0,0,6,0,0,29,0
121324,1,1,0,0,0,0,0,0,0,0,0,0
121325,1,1,9,9,9,9,9,9,9,9,9,9
121325,2,1,0,0,0,0,0,0,0,0,0,0
121327,1,1,0,0,0,0,0,0,0,0,0,0
121328,1,1,0,0,0,0,0,0,0,0,0,0
121329,1,1,0,0,0,0,0,0,0,0,0,0
121329,2,1,0,0,0,0,0,0,0,0,0,0
121330,2,1,0,0,0,0,0,0,0,0,0,0
121331,1,1,0,0,0,0,0,5,0,0,0,0
121331,2,1,0,0,0,0,0,0,0,0,0,0
121332,1,1,0,0,0,0,0,0,0,0,11,0
121332,2,1,0,0,0,0,0,0,0,0,0,0
121333,1,2,0,26,0,0,0,0,0,6,0,0
121334,0,1,0,9,0,0,0,0,0,0,0,8
121334,1,1,0,0,0,0,17,0,0,0,0,18
121336,1,1,0,0,0,0,0,0,0,0,0,0
121336,2,1,0,0,0,0,0,0,0,0,0,0
121337,0,1,0,0,0,0,0,0,0,0,0,0
121337,1,1,0,0,0,0,0,0,0,0,0,0
121337,2,1,0,0,0,0,19,0,0,0,0,0
121338,1,1,0,0,0,0,0,0,12,0,0,0
121338,2,1,0,0,0,0,0,0,0,0,0,24
121339,1,1,0,0,0,0,0,0,0,0,0,0
121340,1,1,24,24,24,24,24,24,24,24,24,24
121340,2,1,0,0,0,0,0,0,0,0,0,0
121341,1,1,11,11,11,11,11,11,11,11,11,11
121341,2,1,0,0,0,0,0,0,0,28,0,0
121342,1,1,12,12,12,12,12,12,12,12,12,12
121343,0,1,2,2,2,2,2,2,2,2,2,2
121343,1,1,0,0,0,0,0,0,0,0,0,0
121344,0,1,0,35,0,0,0,0,0,0,0,0
121344,1,1,0,0,0,0,0,0,0,0,0,0
121345,1,1,0,0,0,0,0,0,0,0,0,0
121346,1,1,18,18,18,18,18,18,18,18,18,18
121347,1,1,0,0,0,0,0,0,0,0,0,0
121347,2,1,0,0,0,0,0,0,0,0,0,5
121348,0,1,12,11,0,0,21,0,0,0,0,0
121348,1,1,21,0,0,0,8,0,0,0,4,0
121348,2,1,0,0,0,18,0,0,0,0,0,0
121348,3,1,0,0,0,0,0,0,0,0,0,0
121348,4,1,0,0,7,0,0,8,0,19,0,19
121350,1,1,0,0,0,0,0,0,0,0,0,0
121350,2,1,0,0,0,0,0,0,0,0,0,0
121351,1,1,0,0,0,0,0,0,0,0,0,0
121351,2,1,0,0,0,0,0,0,0,0,0,0
121352,1,1,0,0,0,0,0,0,0,0,0,0
121353,1,1,0,0,0,0,0,0,0,0,0,0
121354,1,1,0,24,0,0,24,0,0,0,0,0
121354,2,1,0,0,0,0,0,0,0,0,0,0
121355,1,1,0,0,0,0,0,0,0,0,0,0
121355,2,1,0,0,0,0,0,0,0,0,0,0
121355,3,1,0,0,0,0,0,0,0,0,0,0
121356,1,1,0,0,0,0,0,0,0,0,0,0
121356,2,1,0,0,0,0,0,0,0,0,0,0
121357,0,1,0,19,0,0,0,34,0,23,0,0
121357,1,1,13,13,13,13,13,13,13,13,13,13
121358,1,1,20,0,10,0,0,0,0,13,0,0
121359,0,1,13,30,6,20,18,22,22,18,10,29
121359,1,1,12,11,0,7,30,0,0,0,0,7
121360,0,1,18,0,55,0,22,23,45,0,0,6
121360,1,1,0,0,0,0,0,0,0,0,0,0
121361,1,1,0,0,0,0,0,0,0,0,0,0
121361,2,1,19,0,6,0,0,12,0,0,0,0
121362,0,1,0,0,0,0,0,0,0,0,0,0
121362,1,1,0,10,21,0,6,8,22,10,14,0
121363,1,1,0,0,0,14,10,0,15,0,0,0
121364,1,1,35,16,9,7,14,28,31,8,15,11
121365,1,1,0,0,0,0,0,0,0,0,9,0
121365,2,1,0,0,0,0,0,0,0,0,0,0
121366,1,1,0,0,0,0,0,0,0,0,0,0
121366,2,1,0,0,0,0,0,0,0,0,0,0
121367,0,1,0,0,0,0,0,0,11,0,0,0
121367,1,1,0,0,0,0,0,0,0,0,0,0
121368,1,1,22,18,10,0,9,12,0,21,19,21
121368,2,1,0,0,0,0,0,10,0,0,0,0
121369,1,1,0,0,0,0,0,0,0,0,0,0
121369,2,1,20,0,0,0,0,0,0,0,12,15
121369,3,1,0,0,0,0,27,0,0,10,0,0
121370,1,1,3,3,3,3,3,3,3,3,3,3
121371,1,1,0,0,0,0,0,0,0,0,0,0
121371,2,1,10,10,10,10,10,10,10,10,10,10
121373,1,1,0,0,0,0,0,0,0,0,0,0
121373,2,1,0,0,0,0,0,0,0,19,0,0
121373,3,1,16,20,0,0,0,0,17,0,14,5
121374,1,1,0,0,0,0,0,0,0,0,0,15
121374,2,1,0,0,0,0,0,0,0,0,0,0
121375,0,1,0,0,0,0,0,0,0,0,0,0
121375,1,1,0,0,0,0,24,0,0,0,0,0
121376,0,1,0,0,0,0,0,0,0,0,0,0
121376,1,1,0,0,0,0,0,0,0,0,0,0
121377,0,1,15,0,0,20,15,0,0,9,0,0
121377,1,1,0,0,20,0,0,15,0,0,0,0
121377,2,1,0,0,0,0,0,0,12,0,0,0
121378,1,1,0,23,0,0,0,0,0,12,0,0
121378,2,1,0,0,0,0,0,0,0,0,0,0
121379,1,1,0,12,0,0,0,0,0,30,0,0
121380,1,1,0,0,0,0,0,0,0,0,0,0
121381,1,1,0,0,0,0,0,0,0,0,0,0
121382,1,1,0,0,0,0,0,0,0,0,0,0
121382,2,1,0,3,0,21,11,0,0,20,0,0
121383,1,1,0,0,0,0,0,0,0,0,0,0
121384,1,1,0,0,0,0,0,0,0,0,0,0
121384,2,1,0,0,0,0,0,0,0,0,0,0
121384,3,1,0,0,0,0,0,0,0,0,0,0
121385,1,1,0,0,0,0,0,0,0,0,0,0
121387,1,1,0,0,0,0,0,0,0,0,0,0
121387,2,1,0,0,0,0,0,0,0,0,0,0
121388,0,1,0,8,0,0,45,0,33,14,11,10
121388,1,1,0,0,0,0,0,0,0,0,0,0
121389,0,1,22,0,0,0,0,0,17,0,9,0
121389,1,1,0,0,0,0,0,17,10,0,0,0
121390,1,1,0,0,0,0,7,0,0,0,0,0
121390,2,1,9,0,0,0,0,32,0,0,16,0
121391,1,1,0,0,0,0,0,0,0,0,0,0
121392,1,1,28,28,28,28,28,28,28,28,28,28
121392,2,1,0,0,0,0,0,29,0,0,14,0
121393,1,1,0,0,0,0,0,0,0,0,0,0
121393,2,1,0,0,0,0,0,0,0,0,0,0
121394,0,1,22,22,22,22,22,22,22,22,22,22
121394,1,1,0,0,0,0,0,0,0,0,0,0
121395,1,1,25,25,25,25,25,25,25,25,25,25
121395,2,1,0,13,11,0,44,0,5,0,0,0
121395,3,1,0,0,0,0,0,0,0,0,0,0
121396,1,1,0,0,15,0,0,0,0,0,0,0
121396,2,1,0,0,0,0,0,0,0,0,0,0
121397,0,1,0,0,0,0,0,0,0,0,0,0
121397,1,1,0,0,0,0,0,0,0,0,0,0
121398,0,1,0,0,0,0,0,0,0,0,0,0
121398,1,1,0,0,0,0,0,0,0,0,0,0
121399,2,1,0,34,37,0,0,0,0,0,0,0
121400,1,1,0,0,0,0,0,0,0,0,0,0
121400,2,1,5,5,5,5,5,5,5,5,5,5
121401,1,1,0,0,0,0,0,0,0,0,0,0
121402,1,1,0,0,0,0,0,0,0,0,0,0
121403,1,1,4,11,0,0,0,0,14,0,0,0
121403,2,1,0,0,0,0,0,0,0,0,0,0
121403,3,1,0,0,0,0,0,0,0,0,0,0
121404,0,1,0,0,0,0,7,0,0,0,0,22
121404,1,1,0,0,0,0,0,0,0,0,0,0
121405,0,1,15,15,15,15,15,15,15,15,15,15
121405,1,1,0,0,0,15,6,0,0,0,0,0
121406,1,1,0,9,0,0,0,0,29,0,0,0
121406,2,1,12,0,0,0,0,0,0,0,0,0
121407,0,1,0,0,0,25,0,0,26,0,26,0
121407,1,1,0,5,6,44,0,0,13,7,0,10
121408,0,1,0,0,13,18,0,0,0,16,0,26
121408,1,1,0,0,0,0,0,4,0,0,0,0
121409,1,1,0,0,0,0,0,0,0,0,0,0
121410,1,1,17,17,0,0,0,0,0,0,0,0
121411,0,1,0,0,0,0,0,0,35,0,0,0
121411,1,1,0,20,0,0,0,0,0,0,0,0
121412,0,1,0,0,0,0,0,0,0,0,28,0
121412,1,1,0,0,0,0,0,0,3,0,0,0
121413,0,1,0,0,0,10,0,0,0,0,0,22
121413,1,1,0,0,8,0,0,0,7,20,0,0
121413,2,1,0,0,0,0,0,0,0,0,0,0
121414,1,1,10,24,0,0,0,0,0,0,0,0
121414,2,1,0,0,0,0,0,20,0,0,0,0
121415,1,1,9,9,9,9,9,9,9,9,9,9
121416,1,1,14,32,0,4,0,17,0,0,0,15
121417,1,1,0,0,0,0,0,0,13,11,0,0
121417,2,1,16,0,0,0,0,8,0,0,0,0
121418,1,1,0,0,0,0,0,0,0,0,0,0
121419,0,1,0,0,0,0,0,0,0,0,0,0
121419,1,1,0,0,0,0,0,0,0,0,0,0
121420,1,1,0,0,0,0,0,0,0,0,0,0
121421,1,1,0,0,8,10,15,0,0,0,0,0
121422,1,1,0,0,5,0,16,0,0,12,0,12
121423,1,1,0,0,0,0,0,0,0,0,0,0
121424,1,1,0,0,0,0,0,0,0,0,0,0
121425,1,1,0,0,0,0,0,0,0,0,0,0
121425,2,1,25,0,24,11,0,11,13,0,0,19
121426,1,1,0,14,0,0,0,0,0,9,7,0
121426,2,1,0,0,0,0,0,0,0,0,0,0
121427,1,1,32,32,32,32,32,32,32,32,32,32
121428,0,1,0,0,0,0,0,0,0,0,0,21
121428,0,2,0,0,0,0,0,0,0,0,0,0
121428,1,1,0,0,31,0,0,0,0,0,27,0
121429,0,1,25,28,23,8,0,16,24,40,26,3
121429,1,1,0,0,0,0,0,0,0,0,0,0
121430,0,1,0,0,0,30,22,0,0,0,0,0
121430,1,1,0,0,0,0,0,0,0,0,0,0
121431,0,1,18,0,32,0,0,0,0,0,13,29
121431,1,1,0,0,0,0,0,0,0,0,0,0
121434,1,1,0,0,32,0,0,0,0,0,0,0
121434,2,1,0,0,0,0,0,0,0,0,0,0
121435,0,1,0,5,0,0,31,0,18,0,0,34
121435,1,1,0,0,12,0,24,10,0,0,0,0
121436,1,1,0,0,0,0,0,0,0,0,0,0
121436,2,1,0,0,0,0,0,0,0,0,0,0
121437,1,1,0,0,0,0,0,0,0,0,0,0
121438,1,1,14,14,14,14,14,14,14,14,14,14
121438,2,1,13,13,13,13,13,13,13,13,13,13
121439,0,1,10,10,10,10,10,10,10,10,10,10
121439,1,1,16,0,0,0,0,0,0,0,0,0
121441,1,1,0,0,0,0,0,0,0,9,12,0
121441,2,1,0,0,0,0,0,0,0,0,0,0
121441,3,1,29,0,0,25,0,0,0,22,0,14
121442,1,1,0,0,0,0,0,0,0,0,0,0
121442,2,1,0,0,0,0,0,0,0,0,0,0
121442,3,1,0,20,0,0,0,0,0,0,0,0
121443,0,1,0,0,0,0,0,0,0,0,0,0
121443,1,1,0,0,11,0,0,0,11,0,0,31
121444,0,1,0,0,0,0,0,0,0,0,0,0
121444,1,1,13,24,3,7,24,4,3,14,11,20
121445,1,1,41,41,41,41,41,41,41,41,41,41
121445,2,1,0,0,0,18,0,0,0,0,0,0
121446,1,1,0,0,0,0,0,26,0,13,0,0
121447,1,1,0,0,0,0,0,0,0,0,0,0
121447,2,1,0,0,0,0,31,0,0,0,0,0
121448,1,1,0,0,0,0,0,0,0,0,0,0
121449,1,1,0,0,0,0,0,0,0,0,0,0
121449,2,1,0,0,0,0,0,0,0,0,0,0
121450,0,1,0,0,0,0,0,0,0,0,0,0
121450,0,2,0,9,0,0,0,0,0,0,0,0
121450,0,3,0,0,0,0,0,0,0,0,0,0
121450,0,4,0,0,0,0,0,0,0,0,0,0
121450,1,1,0,0,0,0,0,0,0,0,0,0
121450,2,1,15,0,0,0,0,0,0,0,0,0
121450,3,1,0,0,0,0,0,0,0,0,0,0
121451,1,1,0,0,0,0,0,0,0,0,0,0
121451,2,1,0,0,0,0,0,0,0,0,0,0
121451,3,1,0,0,0,0,0,0,0,0,0,0
121451,4,1,0,0,0,0,0,0,0,0,0,0
121452,0,1,0,33,0,0,19,19,0,24,6,27
121452,1,1,8,0,0,0,22,0,0,26,0,21
121453,1,1,0,0,0,0,0,0,0,0,0,0
121454,0,1,26,26,26,26,26,26,26,26,26,26
121454,1,1,0,0,0,0,0,0,0,0,0,0
121455,0,1,0,0,0,0,0,0,0,0,0,0
121455,1,1,7,0,0,0,0,0,28,0,0,0
121456,1,1,0,0,0,0,0,0,0,0,0,0
121456,2,1,0,0,17,0,0,0,0,0,0,0
121457,1,1,0,0,22,24,0,0,0,0,28,0
121457,2,1,0,0,0,0,0,0,0,0,0,0
121458,1,1,0,0,0,0,0,0,0,0,0,0
121459,1,1,29,29,29,29,29,29,29,29,29,29
121460,0,1,15,19,29,17,18,8,17,21,23,31
121460,1,1,0,0,0,0,0,0,0,0,0,0
121461,1,1,0,0,0,19,13,0,0,0,0,0
121461,2,1,17,0,0,0,0,0,0,0,0,0
121462,1,1,19,0,21,0,0,0,13,0,8,0
121462,2,1,0,0,0,0,0,18,0,0,0,0
121463,1,1,28,28,28,28,28,28,28,28,28,28
121463,2,1,0,0,10,0,0,0,0,0,0,0
121464,1,1,0,0,0,47,0,0,0,0,0,24
121464,2,1,0,0,0,23,0,0,0,0,0,0
121465,1,1,28,12,5,10,12,22,21,11,33,17
121466,1,1,0,0,0,0,0,8,0,0,0,0
121467,0,1,0,32,18,0,0,0,0,0,31,23
121467,0,2,30,0,0,0,0,0,28,31,0,0
121467,1,1,0,0,0,0,0,0,0,0,0,0
121468,0,1,3,3,3,3,3,3,3,3,3,3
121468,1,1,0,25,0,0,0,0,0,0,0,0
121469,1,1,0,0,0,0,0,0,0,0,0,0
121470,0,1,32,17,0,36,25,21,12,9,26,19
121470,1,1,0,0,0,0,0,0,0,0,0,0
121471,0,1,0,0,0,13,0,23,0,0,0,37
121471,1,1,39,0,0,0,34,0,16,0,0,0
121472,1,1,0,0,0,0,0,0,0,0,0,0
121472,2,1,0,0,0,0,0,0,0,13,0,0
121473,1,1,0,0,0,0,0,0,0,0,0,0
121474,1,1,16,16,16,16,16,16,16,16,16,16
121475,1,1,0,0,0,0,0,0,0,0,0,0
121475,2,1,0,0,0,0,0,0,0,0,0,0
121477,0,1,0,0,0,0,0,26,0,0,0,0
121477,1,1,0,0,0,0,0,0,0,6,0,0
121478,0,1,35,0,0,0,0,13,0,0,0,0
121478,1,1,0,0,19,0,0,20,0,0,0,20
121479,0,1,34,34,34,34,34,34,34,34,34,34
121479,1,1,10,0,0,20,0,10,11,0,13,0
121481,1,1,0,0,0,0,0,0,0,0,0,0
121481,2,1,0,0,0,0,0,0,0,0,0,0
121482,1,1,0,0,0,0,0,0,0,0,0,0
121482,2,1,0,0,0,0,0,0,0,0,0,0
121482,3,1,0,0,0,0,0,0,0,0,0,0
121482,4,1,0,0,0,0,0,0,0,0,0,0
121483,0,1,0,0,0,0,0,0,0,0,0,0
121483,1,1,0,14,14,0,0,0,0,0,0,0
121484,1,1,19,17,16,11,19,38,16,23,18,23
121485,0,1,3,3,3,3,3,3,3,3,3,3
121485,1,1,24,0,21,5,20,0,26,16,26,0
121486,1,1,17,17,17,17,17,17,17,17,17,17
121487,1,1,0,0,13,0,0,20,0,0,0,0
121488,1,1,0,0,0,19,0,8,0,0,0,0
121489,0,1,17,0,0,8,25,0,0,0,0,0
121489,1,1,0,10,0,0,10,0,0,0,0,20
121490,1,1,20,20,20,20,20,20,20,20,20,20
121492,1,1,9,0,0,25,6,0,0,0,11,0
121493,1,1,21,21,21,21,21,21,21,21,21,21
121494,0,1,0,0,0,0,0,0,0,19,0,0
121494,1,1,0,0,0,0,0,0,0,0,0,0
121495,1,1,0,0,0,0,0,0,0,0,0,0
121496,1,1,14,14,14,14,14,14,14,14,14,14
121497,0,1,0,0,0,0,0,0,0,0,0,0
121497,1,1,0,0,0,0,0,0,0,0,0,0
121498,1,1,22,22,22,22,22,22,22,22,22,22
121499,1,1,0,0,0,0,0,0,0,0,0,0
121500,1,1,0,0,0,0,0,0,0,0,0,0
121500,2,1,0,0,0,0,0,0,0,0,0,0
121501,1,1,13,13,13,13,13,13,13,13,13,13
121502,1,1,22,22,22,22,22,22,22,22,22,22
121503,1,1,16,16,16,16,16,16,16,16,16,16
121504,1,1,0,0,0,0,0,0,0,0,0,0
121504,2,1,11,0,11,0,0,0,0,0,0,0
121505,1,1,0,0,0,0,24,0,22,0,0,0
121505,2,1,0,0,0,0,0,0,0,0,0,0
121506,1,1,0,0,0,0,0,0,0,0,0,0
121506,2,1,0,0,0,0,0,0,0,0,0,0
121507,1,1,11,11,11,11,11,11,11,11,11,11
121508,1,1,0,0,0,0,0,0,0,0,0,0
121508,2,1,0,0,0,0,0,0,0,0,0,0
121510,1,1,10,10,10,10,10,10,10,10,10,10
121510,2,1,0,0,0,0,0,0,0,0,0,0
121511,0,1,19,19,19,19,19,19,19,19,19,19
121511,1,1,0,0,0,0,0,0,0,0,21,0
121513,1,1,18,0,7,18,16,2,0,14,7,16
121513,2,1,0,0,8,15,0,0,0,7,0,10
121513,3,1,0,17,0,0,0,0,0,0,27,0
121514,0,1,10,21,0,14,28,19,32,0,28,0
121514,1,1,0,21,0,0,0,0,0,0,25,0
121515,0,1,0,0,0,0,0,0,0,0,0,0
121515,1,1,0,0,12,0,0,0,0,0,0,0
121516,1,1,0,0,0,0,0,0,0,0,0,0
121516,2,1,0,0,0,0,0,0,0,0,0,0
121517,1,1,0,0,0,0,0,0,0,0,15,0
121517,2,1,0,0,0,0,0,0,0,0,0,0
121518,0,1,0,0,0,0,0,0,0,0,0,0
121518,1,1,0,0,0,0,0,0,0,0,0,0
121519,1,1,0,0,0,0,0,0,0,0,0,0
121519,2,1,0,0,0,0,0,0,0,0,0,0
121519,3,1,0,0,0,0,0,0,0,0,0,0
121520,0,1,0,0,0,0,0,0,0,0,0,0
121520,1,1,0,0,0,0,0,0,0,0,0,0
121521,1,1,0,0,0,0,0,0,0,0,0,0
121521,2,1,0,0,0,0,0,0,0,0,0,0
121522,1,1,0,0,0,0,0,0,0,0,0,0
121522,2,1,0,0,0,0,0,0,0,0,0,0
121523,1,1,0,0,0,0,0,0,0,0,0,0
121523,2,1,0,0,0,0,0,0,0,0,0,0
121524,1,1,0,0,0,0,0,0,0,0,0,0
121524,2,1,0,0,0,0,42,0,0,0,0,0
121525,1,1,0,0,0,0,26,0,0,0,0,0
121525,2,1,0,0,0,0,0,0,0,0,0,0
121526,1,1,0,0,0,0,0,0,3,0,0,11
121526,2,1,0,0,0,0,0,0,0,0,0,0
121527,1,1,7,7,7,7,7,7,7,7,7,7
121527,2,1,20,0,0,0,0,0,0,0,0,0
121528,1,1,13,9,10,43,0,0,0,22,9,33
121528,2,1,0,0,0,0,0,35,0,0,13,0
121528,3,1,22,0,0,0,0,0,23,25,0,0
121528,4,1,0,0,0,0,0,0,0,0,0,0
121529,1,1,0,0,0,0,0,0,0,0,0,0
121529,2,1,0,0,0,0,0,0,0,0,0,0
121530,0,1,0,0,0,0,0,0,0,0,0,0
121530,1,1,0,0,0,0,0,0,0,0,24,0
121531,1,1,10,0,0,0,0,0,0,0,0,0
121531,2,1,0,0,0,0,0,0,0,0,0,0
121532,1,1,0,0,0,0,0,0,0,0,0,0
121533,1,1,0,0,0,0,0,0,0,0,0,0
121533,2,1,0,0,0,0,0,0,0,0,0,0
121535,1,1,0,0,0,0,0,0,0,0,0,0
121535,2,1,0,0,0,0,0,0,0,0,0,0
121536,1,1,25,25,25,25,25,25,25,25,25,25
121537,1,1,0,0,0,0,0,0,0,0,0,0
121538,0,1,0,0,0,0,0,0,0,0,0,0
121538,1,1,0,0,0,0,0,0,0,0,0,0
121539,1,1,22,5,19,10,6,7,13,0,17,14
121540,1,1,21,14,14,5,24,12,22,41,28,12
121541,1,1,0,0,0,0,0,0,0,0,0,0
121542,1,1,0,31,0,10,0,0,22,0,0,0
121542,2,1,0,0,24,5,0,0,0,0,0,0
121542,3,1,0,0,0,0,0,0,0,0,0,0
121543,0,1,0,14,22,33,0,0,0,12,16,0
121543,1,1,0,0,0,0,0,0,0,0,0,0
121544,1,1,0,21,24,0,27,0,21,17,0,26
121544,2,1,0,0,0,0,0,0,0,0,0,0
121545,1,1,0,0,0,0,0,0,0,0,0,0
121546,1,1,0,0,0,0,0,0,0,0,0,0
121547,1,1,0,0,0,0,0,0,31,8,0,0
121547,2,1,0,0,0,0,0,0,0,0,0,0
121548,1,1,0,0,9,0,0,0,19,16,0,0
121548,2,1,0,0,0,0,0,0,0,0,0,0
121549,1,1,42,0,0,0,0,0,0,0,0,0
121550,1,1,0,0,0,0,0,0,0,0,0,0
121551,1,1,0,0,0,0,0,0,0,32,0,0
121551,2,1,0,0,0,0,0,0,0,0,0,0
121552,1,1,0,0,0,0,0,0,0,0,0,0
121552,2,1,0,9,0,0,0,0,0,0,0,0
121553,0,1,0,0,8,0,27,27,33,0,21,0
121553,1,1,0,0,0,0,0,0,0,13,0,0
121554,0,1,15,29,14,0,22,24,0,0,32,0
121554,1,1,0,0,0,0,0,0,0,0,0,0
121555,1,1,0,0,0,0,0,0,0,0,0,0
121556,1,1,0,0,0,0,0,0,0,0,0,0
121557,1,1,2,2,2,2,2,2,2,2,2,2
121557,2,1,0,0,0,0,0,0,0,0,0,0
121558,1,1,9,7,15,13,17,12,10,18,17,14