ST_CASE,VEH_NO,PER_NO,P1,P2,P3,P4,P5,P6,P7,P8,P9,P10
121834,1,1,0,0,0,0,0,0,0,0,0,0
121835,1,1,0,0,0,8,9,15,0,0,19,10
121836,0,1,0,0,0,0,0,0,0,0,0,0
121836,1,1,0,0,0,0,0,0,8,0,0,0
121837,0,1,0,0,0,4,0,0,0,0,0,0
121837,1,1,0,0,0,19,0,0,0,0,0,0
121838,1,1,0,0,18,0,0,0,0,0,0,0
121838,2,1,0,0,0,5,0,0,0,0,0,0
121839,0,1,24,24,24,24,24,24,24,24,24,24
121839,1,1,0,0,0,0,0,14,0,11,0,0
121840,1,1,0,0,0,0,0,0,0,0,0,0
121840,2,1,0,0,0,0,0,0,0,0,0,0
121841,1,1,15,0,0,0,0,14,0,0,0,0
121841,2,1,0,0,0,0,0,0,0,0,0,0
121842,1,1,0,0,0,0,0,0,0,0,0,0
121843,1,1,0,0,0,0,0,0,0,0,0,0
121844,0,1,0,0,0,0,0,0,0,0,0,0
121844,1,1,9,9,9,9,9,9,9,9,9,9
121845,0,1,0,0,0,0,0,0,0,0,0,0
121845,1,1,16,9,0,0,0,18,0,0,0,13
121846,1,1,0,0,0,0,0,0,0,0,0,0
121846,2,1,0,13,0,0,0,0,14,0,0,0
121847,1,1,0,0,0,0,0,0,0,0,0,0
121847,2,1,0,0,0,0,0,0,0,0,0,0
121848,0,1,5,19,0,0,33,0,0,0,0,0
121848,1,1,0,0,0,0,0,0,0,0,12,0
121848,2,1,0,0,0,0,0,0,0,0,0,0
121849,0,1,0,0,0,0,0,0,35,26,0,0
121849,1,1,0,0,0,0,0,0,0,0,0,0
121850,1,1,0,0,0,0,0,0,0,0,0,0
121850,2,1,0,0,0,0,0,0,0,0,0,0
121851,0,1,26,0,18,13,8,14,19,12,29,14
121851,1,1,0,0,0,0,0,0,0,0,32,0
121852,0,1,16,40,0,23,16,0,0,11,27,0
121852,1,1,0,0,0,0,0,17,0,0,0,0
121852,2,1,0,0,14,0,0,0,0,0,0,0
121853,1,1,0,12,0,0,0,0,0,0,0,0
121853,2,1,0,0,0,0,0,0,0,0,0,0
121854,0,1,4,30,30,23,0,0,0,7,35,22
121854,1,1,9,9,9,9,9,9,9,9,9,9
121855,1,1,23,23,23,23,23,23,23,23,23,23
121856,1,1,0,0,0,0,0,0,0,0,0,0
121856,2,1,0,0,0,0,0,0,0,0,0,0
121856,3,1,0,0,0,0,0,14,0,0,0,0
121857,1,1,0,0,0,0,0,0,0,0,0,0
121857,2,1,0,0,0,0,0,0,0,0,0,0
121858,0,1,46,46,46,46,46,46,46,46,46,46
121858,1,1,28,13,31,15,0,36,5,10,15,11
121860,1,1,13,13,13,13,13,13,13,13,13,13
121861,0,1,0,0,0,0,0,0,0,0,0,0
121861,0,2,0,0,0,0,0,28,7,0,23,0
121861,0,3,20,0,0,0,0,0,19,11,9,0
121861,1,1,0,0,0,50,0,0,14,5,0,28
121862,1,1,0,0,0,0,0,0,0,0,0,13
121863,1,1,24,24,24,24,24,24,24,24,24,24
121863,2,1,0,0,0,0,0,0,0,0,0,0
121863,3,1,0,0,0,0,0,0,0,0,20,0
121864,1,1,0,0,0,0,0,0,0,0,0,0
121865,1,1,0,0,0,0,0,0,0,0,0,0
121865,2,1,0,0,0,0,0,0,0,0,0,0
121866,1,1,0,0,0,0,0,0,0,0,0,0
121866,2,1,0,0,0,0,0,0,0,0,0,0
121867,0,1,0,16,6,16,25,17,0,0,0,0
121867,1,1,0,0,0,0,0,0,0,0,0,0
121868,1,1,2,2,2,2,2,2,2,2,2,2
121869,1,1,0,0,0,0,0,0,0,0,0,0
121870,0,1,0,32,0,0,0,0,0,0,0,0
121870,1,1,0,0,0,0,8,0,0,0,0,0
121871,0,1,10,10,10,10,10,10,10,10,10,10
121871,1,1,0,0,0,0,0,0,0,0,0,0
121872,0,1,12,6,15,0,13,14,23,24,9,23
121872,1,1,24,0,7,12,0,0,18,34,0,0
121873,0,1,0,10,0,0,0,0,0,0,22,0
121873,1,1,0,0,0,0,0,0,0,0,0,27
121874,1,1,18,0,0,0,0,0,0,0,0,0
121875,0,1,0,30,0,8,13,0,0,13,20,0
121875,1,1,0,9,0,0,18,12,0,0,11,0
121876,1,1,0,0,0,0,0,0,0,0,0,0
121876,2,1,0,0,0,0,0,0,0,0,0,0
121877,0,1,0,12,0,14,19,0,0,0,0,15
121877,1,1,0,0,0,0,0,0,24,0,0,0
121878,0,1,0,0,0,0,0,0,0,0,0,0
121878,1,1,20,22,14,20,10,14,27,13,8,1
121879,1,1,3,0,9,30,11,12,27,21,14,15
121880,1,1,0,0,0,0,0,0,0,0,0,0
121881,1,1,26,26,26,26,26,26,26,26,26,26
121881,2,1,0,0,0,0,0,0,0,0,0,0
121882,1,1,23,23,23,23,23,23,23,23,23,23
121883,1,1,0,17,0,8,15,15,25,0,0,0
121884,0,1,0,0,19,16,27,0,0,0,0,27
121884,1,1,0,0,0,0,0,0,0,0,0,0
121884,2,1,26,26,26,26,26,26,26,26,26,26
121885,1,1,0,28,22,24,0,18,0,0,10,30
121886,1,1,18,18,21,12,14,0,25,6,8,14
121886,2,1,2,4,11,10,9,13,2,18,13,16
121887,1,1,19,19,19,19,19,19,19,19,19,19
121888,1,1,0,0,0,0,0,0,0,0,0,0
121888,2,1,0,0,0,0,0,0,36,0,0,0
121889,0,1,0,0,0,0,0,0,0,0,0,0
121889,1,1,0,0,0,0,0,0,0,0,0,0
121890,1,1,0,0,0,0,0,0,0,0,0,0
121891,1,1,0,0,0,0,0,0,0,0,0,0
121891,2,1,0,0,0,0,0,0,0,0,0,0
121892,1,1,21,21,21,21,21,21,21,21,21,21
121892,2,1,0,0,0,23,0,0,0,10,0,0
121893,1,1,0,0,0,0,0,0,0,0,0,0
121894,1,1,0,0,0,0,0,0,0,0,0,0
121894,2,1,0,0,0,0,0,0,0,0,0,0
121895,1,1,14,14,14,14,14,14,14,14,14,14
121896,1,1,10,10,10,10,10,10,10,10,10,10
121897,1,1,8,8,8,8,8,8,8,8,8,8
121897,2,1,11,0,0,0,0,0,0,0,0,0
121897,3,1,0,0,0,0,0,0,0,0,0,0
121898,0,1,0,0,32,0,0,0,0,0,0,0
121898,1,1,0,0,0,0,0,0,0,0,0,0
121899,0,1,11,33,0,0,0,0,0,0,23,0
121899,1,1,0,0,0,0,0,28,21,0,0,0
121900,0,1,17,0,15,28,35,24,0,0,16,0
121900,1,1,0,0,0,0,0,0,0,0,0,0
121901,1,1,0,0,0,0,0,0,0,0,7,0
121901,2,1,0,0,0,0,0,0,0,0,0,0
121902,0,1,0,0,0,9,0,34,14,0,11,0
121902,1,1,0,0,0,0,0,0,0,0,0,0
121903,1,1,23,0,0,0,0,0,0,0,0,0
121903,2,1,0,0,0,0,0,0,0,0,0,0
121903,3,1,0,0,0,0,0,0,0,0,0,0
121904,1,1,23,15,35,55,2,9,7,14,17,23
121905,0,1,0,0,0,26,0,0,0,38,0,0
121905,1,1,8,2,0,23,0,0,0,0,0,0
121906,0,1,0,0,0,0,0,0,0,0,0,0
121906,1,1,0,0,0,0,0,0,0,0,0,0
121907,1,1,23,23,23,23,23,23,23,23,23,23
121907,2,1,17,0,0,0,0,0,0,0,0,0
121907,3,1,0,0,0,0,0,0,0,0,0,0
121908,1,1,0,12,0,0,0,0,0,0,0,0
121908,2,1,0,0,0,0,16,0,25,0,0,0
121909,1,1,0,0,0,0,0,0,0,0,0,0
121909,2,1,0,0,0,0,0,0,0,0,0,0
121910,1,1,0,0,0,0,0,0,0,0,0,0
121910,2,1,0,0,0,0,0,0,0,0,0,0
121910,3,1,0,0,0,0,0,0,0,0,0,0
121911,1,1,0,0,0,0,0,0,0,0,0,0
121912,1,1,0,0,0,0,0,0,0,0,0,0
121912,2,1,0,0,0,0,0,0,0,0,0,0
121912,3,1,0,0,15,0,0,0,0,0,0,0
121913,1,1,0,0,0,0,0,0,0,0,0,0
121913,2,1,2,2,2,2,2,2,2,2,2,2
121913,3,1,0,0,0,0,0,0,0,0,0,0
121914,1,1,9,21,8,14,10,12,2,24,17,5
121914,2,1,9,0,0,0,10,0,20,0,9,0
121915,1,1,10,31,27,0,34,30,10,8,11,9
121916,1,1,0,0,0,0,0,0,0,20,0,0
121916,2,1,0,0,0,0,0,0,0,0,0,0
121917,1,1,11,7,7,26,25,21,21,7,20,15
121918,0,1,0,0,0,0,0,0,0,0,0,0
121918,1,1,0,0,0,0,0,0,0,0,0,0
121919,0,1,0,0,0,0,0,0,0,0,0,0
121919,0,2,0,0,0,0,0,0,0,0,0,0
121919,1,1,0,0,0,0,0,0,0,0,0,0
121920,0,1,0,0,0,0,0,0,9,0,0,0
121920,1,1,0,0,0,0,17,2,0,0,0,0
121921,1,1,0,0,0,0,0,0,0,0,24,0
121921,2,1,0,0,0,0,0,0,0,0,0,0
121922,0,1,0,0,0,0,0,0,0,0,0,0
121922,1,1,0,0,0,0,0,0,0,0,0,0
121923,1,1,17,17,17,17,17,17,17,17,17,17
121924,1,1,6,0,12,19,17,0,0,4,8,12
121924,2,1,6,12,26,9,0,0,0,0,8,8
121925,1,1,0,0,0,0,0,9,0,0,30,0
121925,2,1,0,0,0,0,0,0,0,0,0,0
121926,1,1,21,21,21,21,21,21,21,21,21,21
121927,1,1,0,0,0,0,0,0,0,0,0,0
121927,2,1,0,0,0,0,0,0,0,0,0,0
121928,1,1,0,10,0,0,0,19,14,17,0,19
121929,1,1,9,9,9,9,9,9,9,9,9,9
121930,1,1,0,0,6,0,0,13,0,0,0,24
121930,2,1,19,23,12,22,0,0,0,31,14,0
121930,3,1,34,21,7,26,8,13,21,29,21,0
121931,1,1,0,0,0,0,0,0,0,0,0,0
121931,2,1,0,0,0,0,0,0,0,0,0,0
121932,1,1,16,16,16,16,16,16,16,16,16,16
121932,2,1,0,0,0,0,0,0,0,0,0,12
121932,3,1,8,0,0,0,0,0,0,13,0,0
121933,0,1,10,0,0,18,0,12,0,0,0,0
121933,1,1,28,0,0,0,0,0,0,0,0,0
121934,1,1,21,21,21,21,21,21,21,21,21,21
121935,1,1,17,17,17,17,17,17,17,17,17,17
121936,1,1,0,0,0,0,0,0,0,0,8,0
121936,2,1,0,0,0,0,0,0,0,0,0,0
121937,0,1,0,0,0,0,0,0,0,0,0,0
121937,1,1,3,10,10,22,0,17,0,0,11,16
121938,1,1,0,0,0,0,0,0,0,0,0,0
121938,2,1,0,0,0,0,8,0,0,0,0,0
121938,3,1,0,0,0,0,0,0,0,0,0,0
121939,0,1,32,0,0,0,0,0,0,11,0,0
121939,1,1,0,0,0,0,0,0,0,0,0,0
121941,1,1,18,0,0,0,0,1,0,0,45,0
121941,2,1,0,0,0,0,0,0,0,0,0,0
121942,1,1,1,1,1,1,1,1,1,1,1,1
121943,1,1,0,0,0,0,0,0,0,0,0,0
121943,2,1,0,0,0,0,0,0,0,0,0,0
121944,1,1,0,19,0,0,0,0,0,0,0,0
121944,2,1,19,0,20,0,19,0,0,21,0,0
121946,0,1,0,0,0,0,0,0,0,0,0,0
121946,1,1,0,9,0,0,0,0,15,0,14,10
121947,0,1,0,19,0,0,0,0,0,0,29,0
121947,1,1,24,0,0,0,0,0,0,0,0,0
121948,1,1,0,0,0,0,0,0,0,13,0,10
121948,2,1,0,0,0,0,14,0,0,0,0,0
121949,1,1,0,0,0,0,0,0,0,0,0,0
121949,2,1,0,0,0,0,0,0,0,0,0,0
121949,3,1,0,0,0,0,0,0,0,0,0,0
121949,4,1,0,0,0,0,0,0,0,0,0,0
121950,1,1,6,6,6,6,6,6,6,6,6,6
121950,2,1,0,0,0,0,0,0,0,0,0,0
121951,0,1,0,19,0,0,0,0,0,0,0,0
121951,1,1,0,7,0,0,0,0,0,0,0,0
121952,1,1,0,0,0,0,0,0,0,0,0,0
121953,1,1,0,0,0,0,0,0,0,0,0,0
121954,1,1,0,0,0,0,0,0,0,0,0,0
121954,2,1,0,0,0,0,0,0,0,0,0,0
121955,0,1,16,0,0,41,0,0,0,0,0,20
121955,1,1,26,0,0,0,19,12,0,0,0,0
121956,1,1,0,0,0,0,0,10,0,0,0,0
121956,2,1,0,0,0,0,0,11,0,11,0,0
121957,1,1,0,0,8,0,0,0,0,6,0,0
121958,1,1,0,0,0,0,0,0,0,0,0,0
121958,2,1,0,0,0,0,0,0,0,0,0,0
121959,1,1,0,12,19,21,15,0,16,16,0,0
121959,2,1,11,2,0,0,0,21,0,0,0,0
121960,1,1,0,0,0,0,0,0,0,0,0,0
121960,2,1,0,0,0,0,0,0,0,0,0,0
121961,1,1,0,0,10,0,27,0,0,7,0,0
121961,2,1,0,0,0,0,0,0,0,0,0,0
121962,0,1,0,0,5,23,0,25,0,0,10,0
121962,0,2,0,0,0,21,0,0,0,0,0,0
121962,1,1,0,0,0,0,0,0,0,0,0,0
121962,2,1,0,0,0,9,0,0,11,11,0,0
121963,1,1,0,0,0,0,0,0,0,0,0,0
121963,2,1,0,0,0,0,0,0,0,0,0,0
121964,1,1,0,0,0,0,0,0,0,0,0,0
121964,2,1,0,0,0,0,0,11,0,13,11,0
121965,1,1,22,0,0,0,0,0,0,0,0,0
121965,2,1,0,0,0,0,0,0,0,0,0,0
121966,1,1,0,0,26,0,0,0,0,0,0,0
121966,2,1,0,0,0,0,0,0,0,15,4,0
121967,0,1,0,0,0,0,0,0,0,0,0,0
121967,1,1,0,0,0,0,0,0,0,0,0,0
121968,1,1,0,0,0,0,0,27,0,0,16,0
121968,2,1,0,0,0,0,0,0,0,0,0,0
121968,3,1,0,0,0,0,0,0,0,0,0,0
121968,4,1,0,0,0,0,0,0,0,0,0,0
121968,5,1,0,0,0,0,0,0,0,0,0,0
121969,1,1,0,0,0,0,0,0,0,0,0,0
121969,3,1,0,29,0,0,12,0,0,0,0,0
121970,1,1,0,0,0,0,0,0,0,0,0,0
121971,0,1,0,0,0,0,0,12,0,28,19,0
121971,1,1,0,0,0,8,11,16,0,0,18,0
121972,0,1,0,14,24,31,18,20,9,18,13,20
121972,1,1,0,0,0,0,0,13,0,0,0,0
121972,2,1,0,0,0,0,0,0,0,0,0,0
121973,0,1,24,0,0,0,0,0,0,0,0,0
121973,1,1,0,0,0,0,0,0,0,0,0,0
121974,1,1,0,0,0,0,0,0,0,0,0,0
121975,1,1,0,0,0,0,0,0,0,0,0,0
121975,2,1,0,0,0,0,0,0,0,0,0,0
121977,1,1,35,8,14,12,8,11,4,25,16,2
121978,0,1,0,0,0,16,28,0,0,15,0,0
121978,1,1,0,0,0,0,0,25,0,0,0,0
121980,1,1,0,0,0,0,0,0,0,0,0,0
121980,2,1,0,0,0,0,0,0,0,27,0,0
121981,0,1,0,0,0,0,0,0,0,0,0,0
121981,1,1,0,0,0,0,0,0,0,0,0,0
121982,1,1,0,0,0,0,0,0,0,18,0,0
121982,2,1,0,0,0,0,0,0,0,0,0,0
121983,0,1,15,23,0,0,24,0,0,0,0,0
121983,1,1,16,20,12,20,13,13,24,0,0,0
121984,1,1,0,0,0,7,0,0,19,0,0,0
121984,2,1,0,0,8,0,0,23,0,0,0,3
121984,3,1,0,0,0,0,0,0,0,0,0,0
121985,1,1,0,0,0,0,14,19,23,0,23,0
121986,0,1,18,0,0,34,4,0,0,8,25,0
121986,1,1,0,0,0,0,0,0,0,0,0,0
121989,1,1,11,0,4,0,0,0,16,0,33,23
121989,2,1,0,0,0,0,0,0,0,0,0,0
121990,1,1,9,9,9,9,9,9,9,9,9,9
121990,2,1,19,19,19,19,19,19,19,19,19,19
121991,1,1,27,7,18,5,7,33,0,0,0,22
121991,2,1,15,17,11,33,11,17,27,3,15,8
121992,1,1,0,0,0,0,0,0,0,0,0,0
121993,1,1,22,22,22,22,22,22,22,22,22,22
121993,2,1,0,0,20,0,0,13,14,0,0,9
121994,1,1,0,0,0,0,0,0,21,0,0,0
121994,2,1,0,0,0,0,0,0,0,0,0,0
121995,1,1,22,22,22,22,22,22,22,22,22,22
121995,2,1,0,0,0,0,0,0,0,0,0,0
121996,0,1,0,0,0,0,0,0,0,0,0,0
121996,1,1,0,0,0,0,0,0,0,0,0,0
121997,0,1,16,11,25,16,20,20,11,24,0,8
121997,1,1,0,0,0,0,0,0,0,0,0,0
121998,0,1,17,0,30,0,0,0,20,0,0,11
121998,1,1,4,14,14,0,4,0,30,15,20,21
121999,1,1,0,0,0,0,0,0,0,0,0,0
122000,1,1,21,21,21,21,21,21,21,21,21,21
122000,2,1,0,0,21,0,0,9,0,0,0,0
122002,1,1,0,0,0,0,0,0,0,0,0,0
122002,2,1,0,0,18,0,0,0,0,0,0,0
122003,1,1,8,8,8,8,8,8,8,8,8,8
122004,1,1,0,0,0,34,0,0,15,0,5,0
122004,2,1,27,0,0,0,0,10,0,16,0,0
122004,3,1,4,0,0,0,0,10,0,0,0,21
122005,1,1,0,0,0,10,0,0,0,0,0,0
122006,1,1,20,23,27,29,0,0,0,0,0,0
122007,1,1,0,0,0,0,0,0,0,0,0,0
122007,2,1,0,0,0,0,0,0,0,18,0,0
122008,1,1,0,0,0,0,0,0,0,0,0,0
122009,1,1,0,0,0,8,9,0,0,21,0,21
122011,0,1,10,0,0,0,0,0,0,31,0,26
122011,1,1,0,0,0,0,0,11,0,0,0,0
122012,0,1,22,0,34,0,14,0,0,23,0,5
122012,1,1,0,0,16,27,0,0,0,0,0,5
122013,1,1,10,10,10,10,10,10,10,10,10,10
122013,2,1,0,0,0,0,0,0,0,0,0,0
122014,0,1,0,0,0,0,0,0,0,0,0,0
122014,1,1,0,15,0,0,0,0,0,0,0,0
122016,1,1,0,0,0,0,0,0,0,0,0,0
122017,1,1,0,0,0,0,0,0,0,0,0,0
122017,2,1,0,0,0,0,0,0,0,0,0,0
122019,1,1,0,0,0,0,0,14,0,0,14,0
122019,2,1,0,0,0,0,0,0,0,0,0,0
122021,0,1,0,0,0,0,28,0,0,0,19,35
122021,1,1,17,0,0,0,0,0,0,0,17,0
122022,1,1,0,0,0,0,0,0,0,0,0,0
122022,2,1,8,8,8,8,8,8,8,8,8,8
122023,1,1,0,31,9,14,11,21,0,13,23,17
122024,1,1,53,53,53,53,53,53,53,53,53,53
122025,1,1,0,0,0,0,0,0,0,0,15,0
122025,2,1,0,0,0,0,0,0,0,0,0,0
122025,3,1,0,0,0,0,0,0,0,0,0,0
122026,1,1,20,20,20,20,20,20,20,20,20,20
122027,1,1,0,0,0,0,0,0,0,0,0,0
122027,2,1,0,0,0,0,0,0,0,0,0,0
122028,1,1,0,10,0,0,0,0,0,0,0,0
122029,1,1,0,0,0,0,9,0,0,0,0,0
122029,2,1,0,0,0,0,0,0,0,0,0,0
122030,1,1,0,0,0,0,0,0,0,0,0,0
122030,2,1,0,0,0,0,0,0,0,0,0,0
122030,3,1,0,0,0,0,0,0,0,0,0,0
122030,4,1,0,0,0,0,0,0,0,0,0,0
122030,5,1,0,0,0,0,0,0,0,0,0,0
122030,6,1,20,0,0,0,0,0,0,0,0,0
122030,7,1,11,11,0,0,0,32,0,0,0,0
122030,8,1,8,0,0,0,0,0,0,0,0,8
122030,9,1,11,0,0,0,0,0,0,0,0,0
122030,10,1,0,0,0,0,0,0,15,0,0,0
122030,11,1,0,0,0,0,0,0,0,0,0,0
122030,12,1,0,0,0,0,0,0,0,0,9,0
122030,13,1,0,0,0,0,0,0,0,0,0,0
122030,14,1,0,0,0,25,0,0,0,0,0,0
122030,15,1,0,0,14,0,0,0,0,0,0,0
122030,16,1,0,0,0,0,0,0,0,0,28,0
122030,17,1,0,0,0,0,0,0,0,0,0,0
122030,18,1,0,0,0,0,0,0,0,0,0,0
122030,19,1,0,0,0,0,0,0,0,0,0,0
122030,20,1,0,0,0,0,0,0,0,0,0,0
122030,21,1,0,0,0,0,0,0,0,0,0,0
122031,1,1,0,0,0,15,0,0,0,0,0,0
122031,2,1,0,0,0,0,0,0,0,0,0,0
122032,0,1,0,0,0,0,0,0,0,0,0,0
122032,1,1,6,0,0,0,0,0,0,0,0,0
122033,0,1,0,0,0,0,0,0,0,0,0,0
122033,1,1,0,0,0,0,0,0,0,0,0,0
122034,0,1,13,28,5,22,26,4,32,4,31,9
122034,1,1,0,0,0,0,0,0,0,0,0,0
122035,1,1,0,0,0,0,0,0,0,0,0,0
122035,2,1,0,0,0,0,0,0,23,0,0,0
122036,1,1,6,6,6,6,6,6,6,6,6,6
122036,2,1,0,0,0,0,0,0,0,0,0,0
122037,1,1,0,0,0,0,0,0,0,0,0,0
122037,2,1,0,0,0,0,0,0,0,0,0,24
122038,1,1,0,0,0,0,0,0,0,0,0,0
122038,2,1,0,0,0,0,0,0,0,0,0,0
122039,0,1,5,5,5,5,5,5,5,5,5,5
122039,1,1,4,8,0,0,0,0,0,4,0,0
122040,0,1,0,0,0,40,11,0,0,0,0,0
122040,1,1,0,0,0,0,0,0,0,0,0,0
122041,1,1,0,0,0,0,0,0,0,0,0,0
122042,1,1,0,0,0,0,0,16,0,0,0,27
122043,1,1,0,0,0,0,0,0,0,0,0,0
122043,2,1,0,0,0,0,0,0,0,0,0,0
122044,1,1,0,0,0,0,0,0,0,0,0,0
122044,2,1,0,0,0,0,0,0,0,0,0,0
122045,0,1,34,34,34,34,34,34,34,34,34,34
122045,1,1,0,0,0,0,0,0,0,0,0,0
122046,1,1,13,13,13,13,13,13,13,13,13,13
122046,2,1,0,0,0,0,0,0,0,0,0,0
122047,0,1,16,16,16,16,16,16,16,16,16,16
122047,1,1,9,9,9,9,9,9,9,9,9,9
122048,0,1,0,0,12,0,0,0,0,12,0,15
122048,1,1,19,28,10,19,30,15,14,0,40,25
122049,1,1,21,21,21,21,21,21,21,21,21,21
122049,2,1,8,8,8,8,8,8,8,8,8,8
122050,1,1,0,0,0,0,0,0,0,0,0,0
122051,1,1,0,0,0,0,0,0,0,0,0,0
122052,0,1,0,0,0,0,0,24,0,0,0,0
122052,1,1,0,0,0,0,0,0,0,0,0,0
122053,1,1,0,0,0,0,0,0,0,0,0,0
122053,2,1,0,0,0,0,0,0,0,0,0,0
122054,1,1,0,0,0,0,0,0,0,0,0,0
122054,2,1,0,0,0,0,0,0,0,0,0,0
122055,1,1,16,0,0,0,0,0,0,0,0,0
122056,0,1,0,0,0,0,0,0,0,0,0,0
122056,1,1,0,0,0,0,0,0,0,0,0,0
122057,0,1,0,0,0,0,24,0,0,0,29,0
122057,1,1,0,0,0,0,0,0,0,0,0,0
122058,1,1,0,0,0,0,0,0,0,0,0,0
122058,2,1,0,18,0,0,0,0,0,0,0,18
122058,3,1,0,0,0,0,0,0,0,0,0,0
122060,1,1,0,0,0,0,0,0,15,0,0,0
122060,2,1,0,0,0,0,0,0,0,0,0,0
122061,0,1,13,0,0,0,36,0,0,0,0,0
122061,1,1,0,0,0,0,27,0,0,0,0,0
122062,1,1,9,11,0,4,15,22,12,11,3,4
122062,2,1,13,0,0,0,0,4,0,0,0,10
122063,1,1,0,0,0,0,0,0,0,0,0,0
122064,1,1,0,0,0,0,0,0,0,0,0,0
122064,2,1,0,0,0,0,0,0,0,0,0,0
122065,0,1,0,0,0,0,0,0,0,0,0,0
122065,1,1,0,0,0,0,0,0,33,0,0,0
122065,2,1,0,0,0,0,0,0,0,0,0,0
122066,1,1,0,0,0,0,0,0,0,0,16,0
122066,2,1,9,9,9,9,9,9,9,9,9,9
122066,3,1,0,0,0,0,0,0,0,7,0,0
122067,1,1,0,0,0,0,10,0,6,35,0,12
122067,2,1,0,0,0,0,0,0,0,0,0,0
122068,0,1,0,0,0,0,0,0,0,0,0,0
122068,1,1,0,0,0,0,0,0,0,0,0,0
122069,0,1,0,0,2,21,13,0,46,0,0,12
122069,0,2,24,8,0,19,18,23,19,0,0,0
122069,1,1,36,0,0,0,0,0,0,0,0,0
122070,1,1,0,0,0,17,0,0,21,21,0,0
122070,2,1,23,0,0,0,0,0,0,0,0,0
122071,1,1,0,0,0,0,0,0,0,0,0,0
122071,2,1,0,28,0,0,0,0,0,0,0,0
122072,1,1,11,8,0,0,0,0,0,9,18,0
122073,1,1,0,0,0,0,0,0,0,0,0,0
122073,2,1,0,0,0,0,0,0,0,0,7,0
122074,0,1,0,10,0,29,0,16,0,15,37,0
122074,1,1,0,0,0,0,0,0,0,0,0,0
122075,0,1,0,0,0,0,0,0,0,0,0,0
122075,1,1,0,0,0,23,0,0,0,0,0,0
122076,0,1,0,0,0,0,0,0,0,0,0,0
122076,1,1,0,27,0,0,0,0,0,25,0,0
122077,0,1,24,14,0,13,18,24,0,0,14,15
122077,1,1,0,0,0,0,0,0,0,0,0,0
122078,1,1,0,0,0,0,0,20,0,23,0,0
122078,2,1,0,0,0,0,0,0,0,0,0,0
122078,3,1,0,0,0,0,0,0,10,0,0,0
122079,1,1,0,0,0,0,0,0,0,0,0,0
122080,1,1,0,0,0,0,0,0,0,0,0,0
122080,2,1,0,0,0,0,0,0,0,0,0,0
122080,3,1,0,0,0,0,0,0,0,0,0,0
122081,1,1,0,0,0,19,10,0,0,0,0,0
122081,2,1,0,0,0,24,0,0,0,0,0,0
122082,1,1,16,11,21,9,25,16,14,17,16,8
122083,1,1,13,13,13,13,13,13,13,13,13,13
122084,1,1,0,0,0,24,0,0,0,0,0,0
122084,2,1,0,4,0,0,0,0,0,24,15,0
122085,1,1,0,26,0,0,0,0,0,0,14,0
122086,1,1,6,6,6,6,6,6,6,6,6,6
122086,2,1,0,0,0,0,0,0,0,0,0,0
122087,1,1,0,0,0,0,0,0,0,0,0,0
122087,2,1,0,0,0,0,0,0,0,0,0,0
122089,0,1,17,0,0,0,0,0,0,0,0,0
122089,1,1,0,0,0,0,0,0,0,0,0,0
122090,1,1,0,0,0,8,0,0,7,16,0,0
122090,2,1,16,0,0,0,0,4,0,0,16,0
122091,1,1,28,28,28,28,28,28,28,28,28,28
122092,0,1,24,37,17,30,24,21,5,29,7,31
122092,1,1,12,12,24,24,36,19,22,10,0,5
122093,1,1,0,0,0,0,0,0,0,0,0,0
122093,2,1,0,0,0,0,0,0,0,0,0,0
122094,0,1,0,0,0,0,0,0,0,0,0,0
122094,1,1,0,0,0,0,0,0,0,0,0,13
122095,1,1,0,0,0,0,0,0,0,0,0,0
122095,2,1,0,0,4,0,23,0,0,0,0,0
122096,1,1,0,0,0,0,0,0,0,0,0,0
122097,0,1,0,0,25,0,0,0,22,0,0,0
122097,0,2,0,0,0,0,0,0,0,0,0,0
122097,1,1,0,29,0,0,0,0,0,0,0,0
122097,2,1,0,0,0,0,0,0,0,0,0,0
122097,3,1,0,0,0,0,0,0,0,0,0,0
122098,1,1,0,0,0,0,0,0,0,0,0,0
122099,0,1,44,44,44,44,44,44,44,44,44,44
122099,1,1,0,0,0,0,0,0,0,0,0,0
122100,1,1,21,21,21,21,21,21,21,21,21,21
122101,0,1,0,0,0,0,19,0,0,0,0,20
122101,1,1,0,0,14,15,0,0,0,0,0,0
122102,1,1,0,0,0,0,0,0,0,0,0,0
122103,1,1,0,0,0,0,0,0,0,0,0,0
122104,1,1,14,14,14,14,14,14,14,14,14,14
122104,2,1,0,0,0,0,0,0,0,0,0,0
122104,3,1,0,0,0,0,0,0,0,0,0,0
122105,1,1,0,0,0,0,0,0,0,0,0,0
122105,2,1,0,0,0,0,0,0,0,0,0,0
122106,1,1,12,13,0,19,0,0,0,0,20,0
122106,2,1,0,0,0,0,0,0,0,0,15,0
122107,1,1,4,4,4,4,4,4,4,4,4,4
122108,1,1,0,0,0,0,0,0,0,0,0,0
122108,2,1,0,0,0,6,0,0,0,0,0,0
122109,1,1,10,6,0,0,3,0,0,10,17,0
122109,2,1,0,0,0,0,0,0,0,0,0,0
122110,0,1,35,32,21,0,0,0,9,3,0,12
122110,1,1,0,0,0,0,0,0,0,0,0,0
122111,1,1,0,0,0,0,0,0,0,0,0,0
122111,2,1,0,0,0,0,0,0,0,0,0,0