ST_CASE,VEH_NO,PER_NO,P1,P2,P3,P4,P5,P6,P7,P8,P9,P10
122112,0,1,0,0,0,0,0,36,0,0,23,9
122112,1,1,0,0,0,6,18,0,0,0,0,0
122114,1,1,29,29,29,29,29,29,29,29,29,29
122115,1,1,0,0,0,14,0,0,0,0,13,0
122115,2,1,0,14,0,0,0,0,0,0,0,0
122117,1,1,33,33,33,33,33,33,33,33,33,33
122118,1,1,0,0,0,0,0,0,0,0,0,0
122119,1,1,19,19,19,19,19,19,19,19,19,19
122120,1,1,0,0,0,0,0,0,0,0,0,0
122120,2,1,10,10,10,10,10,10,10,10,10,10
122121,1,1,8,8,8,8,8,8,8,8,8,8
122122,0,1,0,0,11,0,0,25,12,0,26,0
122122,1,1,10,20,27,14,7,11,24,19,26,16
122123,1,1,0,0,10,0,0,0,0,0,0,0
122123,2,1,0,0,0,0,0,0,0,0,0,0
122125,1,1,0,0,0,0,0,0,0,0,0,0
122126,1,1,18,18,18,18,18,18,18,18,18,18
122126,2,1,0,0,0,0,0,0,0,0,0,4
122127,1,1,13,5,26,16,0,20,0,0,13,16
122128,1,1,0,0,0,0,0,14,0,0,0,0
122129,1,1,23,23,23,23,23,23,23,23,23,23
122130,0,1,0,0,17,0,0,0,0,0,0,0
122130,1,1,0,0,0,0,0,0,0,0,5,0
122131,0,1,0,0,7,0,0,17,0,0,0,0
122131,1,1,0,0,6,0,0,0,0,0,0,0
122132,1,1,0,0,0,0,0,0,0,0,0,0
122132,2,1,0,0,0,0,0,0,0,0,0,0
122133,1,1,17,24,23,0,0,11,11,0,0,0
122133,2,1,0,0,0,0,21,0,0,0,0,0
122134,1,1,0,0,0,0,0,0,0,0,0,0
122134,2,1,0,0,0,0,0,0,0,0,0,6
122135,1,1,0,0,0,0,26,0,0,0,0,0
122135,2,1,0,0,0,0,0,0,0,0,0,0
122136,1,1,22,22,22,22,22,22,22,22,22,22
122136,2,1,0,0,0,0,0,0,0,0,0,0
122136,3,1,0,0,0,0,0,0,0,0,0,0
122136,4,1,0,0,0,0,0,0,0,0,0,16
122137,1,1,0,0,27,0,0,20,0,0,0,0
122137,2,1,0,0,0,0,0,0,0,0,0,0
122138,1,1,12,0,25,0,0,0,0,0,0,0
122139,1,1,0,0,0,14,20,19,0,0,0,0
122139,2,1,18,0,0,16,0,19,14,0,0,0
122140,1,1,0,0,0,0,0,0,0,0,0,0
122140,2,1,0,0,0,0,0,0,0,0,0,0
122140,3,1,0,0,0,0,0,0,0,0,0,0
122140,4,1,0,0,0,0,0,0,0,0,0,0
122141,0,1,0,0,0,0,0,0,0,0,0,0
122141,1,1,0,0,0,0,0,0,0,0,0,0
122142,0,1,0,0,20,0,0,0,0,0,0,16
122142,1,1,0,0,0,0,0,0,0,0,0,26
122143,0,1,0,0,0,0,27,0,0,0,0,0
122143,1,1,0,0,0,0,0,0,0,0,0,0
122144,1,1,0,0,0,0,0,0,0,0,0,0
122144,2,1,0,0,0,0,0,0,0,0,0,0
122145,1,1,15,15,15,15,15,15,15,15,15,15
122146,1,1,0,0,13,0,5,0,30,0,0,0
122147,0,1,0,0,0,0,0,0,0,0,0,0
122147,1,1,0,4,0,0,0,0,0,0,0,0
122147,2,1,0,0,0,0,0,0,0,0,0,0
122148,1,1,0,0,0,0,0,0,0,0,0,0
122148,2,1,0,0,0,0,0,0,0,0,0,0
122149,0,1,0,0,0,0,0,0,0,0,0,0
122149,1,1,0,0,0,0,0,0,0,0,0,0
122150,1,1,0,22,0,0,0,0,0,0,0,0
122150,2,1,0,0,0,0,0,0,0,0,0,0
122151,1,1,0,0,0,0,0,0,0,0,0,0
122151,2,1,0,11,4,10,7,9,0,12,8,5
122152,1,1,0,0,0,0,0,0,0,0,0,0
122152,2,1,0,0,0,0,0,0,0,0,0,0
122153,1,1,0,0,0,0,0,0,0,0,0,0
122154,0,1,25,0,0,0,24,0,0,20,0,0
122154,1,1,0,0,0,0,0,16,0,0,0,0
122155,1,1,14,12,0,0,0,0,0,0,12,0
122156,1,1,0,0,0,0,0,0,0,0,0,0
122157,1,1,0,0,0,17,0,0,0,0,0,0
122157,2,1,0,0,0,0,0,0,0,0,0,0
122158,0,1,0,23,20,25,0,30,0,26,31,14
122158,1,1,0,0,0,0,27,0,0,0,0,0
122159,1,1,0,0,0,0,0,0,0,0,0,0
122160,1,1,25,25,25,25,25,25,25,25,25,25
122160,2,1,0,0,0,0,0,0,0,18,0,0
122160,3,1,0,0,0,0,0,0,0,0,0,0
122161,1,1,0,0,0,0,0,0,0,0,0,13
122161,2,1,0,0,0,0,0,0,0,0,0,0
122162,0,1,0,0,0,11,0,0,0,0,0,0
122162,1,1,0,0,0,0,0,0,0,12,0,0
122163,1,1,0,11,0,0,0,0,0,14,0,0
122163,2,1,19,19,19,19,19,19,19,19,19,19
122164,1,1,12,12,12,12,12,12,12,12,12,12
122165,1,1,39,0,14,0,17,0,0,12,19,0
122165,2,1,0,0,17,0,0,0,0,0,0,0
122166,1,1,0,0,0,0,0,0,0,0,0,0
122166,2,1,0,10,0,0,13,0,0,0,0,0
122167,1,1,19,14,0,23,15,9,15,38,9,7
122167,2,1,0,0,0,15,0,0,0,0,0,0
122168,0,1,17,0,16,0,10,0,0,5,22,21
122168,1,1,13,0,14,0,0,3,0,0,0,0
122168,2,1,0,0,0,0,0,0,0,0,0,0
122169,0,1,19,24,0,0,0,0,19,0,21,0
122169,1,1,0,11,0,19,14,0,11,0,7,0
122169,2,1,0,50,0,0,21,6,13,0,0,0
122169,3,1,0,0,0,0,0,17,0,0,0,0
122170,0,1,0,0,8,0,0,9,0,0,13,0
122170,1,1,0,0,0,0,0,0,0,0,0,0
122170,2,1,0,0,0,0,0,0,0,0,0,0
122171,1,1,0,0,0,0,27,0,0,0,0,0
122171,2,1,0,0,0,0,0,0,11,0,0,0
122171,3,1,0,0,0,0,0,0,0,0,0,0
122172,1,1,0,0,42,9,0,0,0,28,0,7
122174,1,1,0,0,0,0,0,0,0,0,0,0
122174,2,1,0,0,0,0,0,0,0,0,0,0
122175,1,1,0,0,0,0,0,0,0,22,0,0
122176,1,1,0,0,0,0,0,0,0,0,0,3
122176,2,1,0,0,0,0,0,0,0,0,0,0
122177,1,1,0,0,0,0,0,0,0,0,0,0
122177,2,1,0,21,0,0,0,0,0,0,0,0
122178,1,1,0,0,0,0,0,0,0,9,0,0
122178,2,1,0,0,0,0,0,0,0,0,0,0
122178,3,1,0,0,0,0,0,0,0,0,0,0
122180,1,1,20,20,20,20,20,20,20,20,20,20
122182,1,1,0,0,0,0,0,0,0,0,0,0
122183,0,1,0,0,0,0,0,0,0,0,0,0
122183,1,1,0,0,0,0,0,0,0,0,0,0
122184,0,1,0,0,17,0,0,0,0,0,18,0
122184,1,1,10,10,10,10,10,10,10,10,10,10
122185,1,1,0,0,0,0,0,0,0,0,0,0
122186,1,1,0,0,0,0,0,0,0,0,0,0
122186,2,1,0,0,0,0,0,0,0,0,0,0
122187,0,1,0,0,0,0,15,0,24,0,0,0
122187,1,1,0,0,0,0,0,0,0,0,0,0
122188,1,1,15,0,21,7,24,0,0,9,0,0
122189,1,1,0,0,0,0,0,0,0,0,0,0
122190,1,1,0,0,0,0,0,0,0,0,0,0
122190,2,1,0,0,0,0,0,0,0,0,0,0
122190,3,1,0,0,0,0,0,0,0,0,0,0
122190,4,1,0,0,0,0,0,0,0,0,0,0
122190,5,1,0,0,0,0,0,0,0,0,0,0
122191,1,1,0,0,0,0,0,0,0,0,0,0
122191,2,1,0,0,0,0,0,0,0,0,0,0
122192,1,1,0,0,0,0,0,0,0,0,0,0
122192,2,1,0,0,0,0,0,0,0,0,0,0
122193,1,1,0,0,0,0,0,0,0,0,0,0
122194,1,1,0,0,0,0,0,0,0,0,0,0
122195,1,1,0,0,0,0,0,0,0,35,0,0
122195,2,1,7,0,0,0,0,22,0,0,0,0
122196,0,1,0,0,0,0,10,38,0,20,18,19
122196,1,1,0,0,0,0,0,0,0,0,0,0
122197,1,1,10,0,0,0,0,0,0,0,0,0
122198,0,1,0,0,0,0,0,0,0,0,0,0
122198,1,1,0,0,0,0,0,0,0,0,16,0
122199,1,1,0,0,0,0,0,0,0,0,0,0
122199,2,1,0,0,0,0,0,0,0,0,0,0
122200,1,1,0,0,0,0,0,0,0,0,0,0
122200,2,1,0,0,12,0,0,0,0,0,0,0
122201,1,1,13,13,13,13,13,13,13,13,13,13
122202,1,1,0,0,0,0,0,0,0,0,0,0
122203,1,1,0,0,26,0,37,0,0,0,0,0
122204,0,1,36,36,36,36,36,36,36,36,36,36
122204,1,1,0,0,0,0,26,0,0,30,0,0
122205,1,1,22,22,22,22,22,22,22,22,22,22
122206,0,1,0,0,0,0,0,0,0,0,0,0
122206,1,1,0,0,0,0,0,0,0,0,0,0
122207,0,1,21,0,0,13,0,0,0,22,0,22
122207,1,1,0,0,0,0,0,0,0,0,0,0
122208,1,1,0,0,0,0,0,0,0,0,0,0
122208,2,1,0,0,0,0,0,0,0,0,0,0
122209,1,1,21,0,0,0,0,0,0,0,0,0
122210,1,1,10,10,10,10,10,10,10,10,10,10
122210,2,1,0,0,0,0,0,0,0,0,0,0
122211,1,1,0,0,0,0,0,0,0,0,0,0
122212,0,1,0,0,0,0,0,0,9,0,0,0
122212,1,1,0,0,0,0,0,0,7,0,10,0
122213,1,1,0,0,0,0,0,0,0,0,0,0
122213,2,1,0,0,0,16,0,0,9,0,0,0
122213,3,1,0,0,0,0,0,0,0,0,0,0
122213,4,1,0,0,0,0,0,0,26,0,0,0
122214,1,1,0,0,0,0,0,0,0,0,0,0
122214,2,1,0,0,0,0,0,0,0,3,0,0
122215,1,1,0,0,0,0,0,0,0,0,0,0
122215,2,1,0,0,0,0,0,0,0,0,0,0
122216,1,1,0,0,0,0,0,0,0,0,0,0
122217,1,1,0,0,0,0,0,0,0,0,0,0
122217,2,1,0,0,14,0,0,0,0,0,0,25
122217,3,1,0,0,0,0,0,0,0,0,0,0
122217,4,1,0,0,0,0,0,15,0,0,0,0
122217,5,1,0,0,0,0,0,0,0,0,0,0
122219,0,1,36,10,0,0,25,0,0,23,0,0
122219,1,1,0,0,0,0,16,15,5,0,0,0
122220,1,1,0,0,0,5,6,21,0,0,22,0
122221,1,1,0,19,0,15,4,0,11,0,0,0
122221,2,1,0,0,0,0,0,0,0,0,0,0
122222,1,1,0,0,0,0,0,0,17,0,20,0
122223,1,1,0,3,0,0,0,0,0,0,0,0
122223,2,1,0,0,0,0,0,0,0,0,0,10
122224,0,1,0,0,0,0,0,0,0,0,0,0
122224,1,1,0,15,17,0,0,0,23,0,0,11
122225,1,1,13,13,16,11,20,24,11,30,12,17
122226,1,1,0,0,0,0,0,0,0,0,0,0
122227,1,1,0,16,0,0,0,0,0,0,0,0
122228,1,1,0,0,15,0,5,0,6,22,5,0
122228,2,1,0,0,0,0,0,0,0,0,0,0
122230,0,1,13,0,0,0,7,18,0,19,7,0
122230,1,1,0,0,0,0,0,0,0,13,0,25
122232,1,1,2,0,22,14,0,15,0,0,25,0
122233,0,1,0,19,45,29,0,8,17,0,9,0
122233,1,1,15,38,24,15,14,14,9,33,8,19
122234,0,1,0,0,0,0,0,0,0,0,0,0
122234,1,1,0,0,0,0,0,0,0,0,0,0
122235,0,1,26,26,26,26,26,26,26,26,26,26
122235,1,1,0,13,0,24,0,23,0,0,0,0
122236,1,1,11,13,10,25,10,23,16,30,0,17
122236,2,1,0,0,0,0,0,0,6,0,0,0
122237,1,1,0,0,0,0,0,0,0,0,0,0
122237,2,1,0,0,0,0,0,0,0,0,0,0
122238,0,1,0,0,0,0,0,16,0,0,0,0
122238,1,1,0,0,0,0,0,0,0,0,0,0
122239,0,1,28,20,0,0,0,0,18,26,20,28
122239,1,1,0,0,0,12,17,0,0,8,0,0
122240,1,1,0,0,19,0,0,0,0,0,0,0
122242,1,1,9,0,0,22,0,0,0,0,0,18
122242,2,1,0,0,0,0,0,0,0,0,0,0
122243,0,1,0,25,0,0,0,20,35,0,0,0
122243,1,1,0,0,0,0,0,0,0,0,0,0
122243,2,1,0,0,0,0,0,0,0,0,0,0
122244,1,1,0,0,0,0,0,0,0,0,0,0
122244,2,1,0,0,0,0,0,0,0,0,0,0
122245,1,1,0,0,29,0,0,0,0,0,0,22
122246,1,1,0,0,0,4,0,0,0,8,0,0
122246,2,1,0,6,13,0,0,0,0,0,0,0
122247,1,1,0,0,0,0,0,0,0,0,0,0
122248,1,1,32,29,23,16,25,6,0,31,12,21
122249,1,1,0,0,0,0,0,0,0,0,0,0
122250,1,1,0,0,0,0,0,0,0,0,0,6
122250,2,1,0,0,31,0,0,0,0,0,0,0
122251,1,1,14,0,0,0,0,10,0,0,0,0
122251,2,1,0,0,0,20,0,4,0,4,0,0
122252,0,1,0,0,0,0,0,0,0,0,0,0
122252,1,1,9,0,7,17,0,0,0,0,0,0
122253,1,1,0,0,0,0,0,0,0,0,0,0
122253,2,1,0,0,0,0,0,0,12,0,0,0
122254,1,1,36,0,0,0,0,11,16,34,16,0
122255,1,1,0,0,0,0,0,0,0,0,0,0
122255,2,1,0,0,0,0,0,0,0,0,0,0
122257,1,1,0,0,0,0,0,0,0,0,0,0
122257,2,1,0,0,0,0,0,0,0,0,0,0
122258,1,1,0,0,0,0,0,0,0,0,0,27
122258,2,1,8,8,8,8,8,8,8,8,8,8
122259,0,1,0,0,0,0,0,0,0,0,0,0
122259,1,1,0,0,0,0,0,0,0,0,0,0
122260,1,1,4,21,5,23,0,0,0,0,14,14
122262,0,1,0,0,0,0,0,0,0,0,0,0
122262,1,1,14,0,0,19,18,0,0,12,0,0
122264,1,1,0,0,0,0,0,0,0,0,0,0
122264,2,1,0,0,0,0,0,0,0,0,0,0
122265,0,1,0,0,26,0,0,0,0,0,0,0
122265,1,1,0,28,0,0,0,0,0,0,0,0
122265,2,1,25,0,0,0,0,0,17,0,0,0
122267,1,1,0,0,0,0,0,0,0,0,0,0
122267,2,1,0,0,0,0,0,0,0,0,0,0
122267,3,1,0,0,0,0,0,0,0,0,0,0
122268,1,1,0,0,0,0,0,0,0,0,0,12
122268,2,1,8,0,0,0,0,0,0,0,0,0
122269,1,1,0,0,0,0,0,0,0,0,0,0
122269,2,1,0,0,0,0,0,0,0,0,0,0
122269,3,1,0,0,0,0,0,0,0,0,0,0
122269,4,1,0,0,0,0,0,0,0,0,0,0
122269,5,1,0,0,0,0,0,0,0,0,0,0
122270,0,1,14,22,18,23,17,22,45,6,7,9
122270,1,1,16,0,0,6,0,0,17,0,0,0
122271,1,1,0,0,0,0,0,0,0,0,0,0
122271,2,1,0,0,0,0,0,0,0,0,0,0
122272,1,1,0,0,0,0,0,0,0,0,0,0
122272,2,1,0,0,0,0,0,0,0,0,0,0
122273,1,1,0,0,0,0,0,0,0,0,0,0
122273,2,1,0,0,0,0,0,0,0,0,0,0
122274,1,1,12,0,4,0,8,15,23,21,0,10
122275,1,1,0,0,25,0,0,0,0,0,5,0
122276,1,1,24,24,24,24,24,24,24,24,24,24
122277,1,1,0,0,0,0,0,0,0,0,0,0
122278,1,1,26,26,26,26,26,26,26,26,26,26
122279,1,1,0,0,0,17,0,0,0,4,0,0
122280,1,1,7,7,7,7,7,7,7,7,7,7
122281,0,1,26,12,0,0,0,33,17,21,7,22
122281,1,1,0,0,18,0,0,0,0,0,0,0
122282,1,1,0,0,0,0,0,0,0,0,0,0
122283,1,1,0,0,0,0,0,0,0,0,0,0
122283,2,1,0,0,0,0,0,0,0,0,0,0
122285,1,1,0,0,0,0,0,0,0,0,0,0
122285,2,1,0,0,0,0,0,0,0,0,0,0
122285,3,1,0,0,0,0,0,0,0,14,0,0
122286,1,1,0,0,0,0,0,0,0,0,0,27
122286,2,1,15,0,0,10,0,0,0,0,0,0
122287,0,1,0,0,0,0,0,0,0,0,0,0
122287,1,1,0,0,41,0,0,0,0,0,0,0
122287,2,1,0,0,0,0,11,0,0,0,0,0
122287,3,1,0,0,24,0,0,0,25,0,0,0
122288,1,1,7,18,20,21,14,12,14,25,14,27
122289,1,1,28,28,28,28,28,28,28,28,28,28
122290,1,1,0,0,0,0,0,0,0,0,0,0
122290,2,1,0,0,0,0,0,0,0,0,0,0
122291,0,1,14,30,37,17,25,9,18,16,40,9
122291,1,1,0,0,0,0,0,11,0,0,0,0
122291,2,1,23,0,0,19,0,6,0,0,0,14
122292,1,1,18,18,18,18,18,18,18,18,18,18
122293,1,1,16,16,16,16,16,16,16,16,16,16
122293,2,1,0,0,0,0,0,0,0,0,0,0
122294,1,1,0,0,0,0,0,0,2,0,0,0
122294,2,1,0,0,0,0,0,0,0,0,0,0
122295,1,1,26,0,6,0,0,0,10,0,0,23
122295,2,1,0,0,0,0,0,0,0,0,0,0
122295,3,1,0,0,0,0,0,0,0,0,0,0
122296,0,1,0,0,19,0,0,0,0,0,0,0
122296,1,1,13,0,0,0,9,7,0,0,0,11
122297,1,1,0,0,0,0,0,0,0,0,0,0
122297,2,1,0,0,0,0,0,0,0,0,0,0
122298,1,1,20,0,0,0,0,19,0,24,0,0
122298,2,1,0,0,0,0,0,0,0,0,0,0
122299,0,1,0,0,0,0,0,0,0,22,0,0
122299,1,1,0,22,0,0,0,0,0,0,0,0
122300,0,1,0,37,12,0,0,9,19,0,0,29
122300,1,1,0,0,0,0,0,0,23,0,0,0
122300,2,1,0,23,18,0,0,0,0,0,0,0
122301,1,1,53,53,53,53,53,53,53,53,53,53
122301,2,1,20,20,20,20,20,20,20,20,20,20
122301,3,1,0,0,23,0,0,0,0,0,0,0
122302,1,1,0,0,0,0,0,0,0,0,0,0
122302,2,1,0,0,0,11,0,0,0,0,0,0
122303,0,1,0,0,0,0,0,0,0,0,0,0
122303,1,1,0,0,0,0,0,0,0,0,0,0
122304,1,1,0,0,0,5,0,0,0,0,0,0
122304,2,1,0,0,0,17,0,0,0,0,0,0
122305,0,1,25,16,6,20,12,0,34,34,0,0
122305,1,1,0,0,0,22,25,0,0,0,37,0
122306,0,1,0,0,0,0,0,0,0,0,0,0
122306,1,1,0,15,0,0,0,15,0,0,0,0
122307,1,1,27,13,22,23,40,0,18,19,0,27
122308,1,1,2,2,2,2,2,2,2,2,2,2
122308,2,1,0,0,0,0,0,0,0,0,0,0
122309,1,1,0,0,0,0,22,0,0,0,0,0
122309,2,1,0,0,0,0,0,0,0,0,0,0
122311,0,1,16,16,16,16,16,16,16,16,16,16
122311,1,1,15,0,0,3,0,0,0,0,13,0
122312,1,1,0,0,0,0,0,0,0,0,0,0
122312,2,1,0,0,0,0,0,0,0,0,0,0
122314,1,1,0,0,0,0,0,0,0,0,0,0
122315,1,1,0,0,0,0,0,0,0,0,0,0
122315,2,1,0,0,0,0,0,0,0,22,0,0
122316,1,1,7,11,0,16,0,3,8,0,0,5
122317,1,1,0,0,0,0,0,0,0,0,0,0
122317,2,1,0,0,0,0,0,0,0,0,0,0
122318,0,1,18,0,0,0,19,0,7,0,27,0
122318,1,1,0,15,0,0,0,0,0,0,0,0
122319,0,1,0,0,0,0,0,0,0,0,0,0
122319,1,1,21,30,18,0,2,0,0,21,21,8
122320,0,1,18,18,18,18,18,18,18,18,18,18
122320,1,1,0,0,0,0,0,0,0,0,0,0
122321,1,1,12,13,4,17,0,13,15,0,0,20
122322,0,1,0,0,0,0,0,0,0,0,0,0
122322,1,1,0,0,4,30,0,0,0,0,0,26
122323,1,1,0,0,0,0,0,0,0,0,0,0
122323,2,1,23,0,0,11,0,0,0,0,0,0
122324,0,1,0,0,0,21,0,0,0,14,0,23
122324,1,1,0,0,0,7,0,0,0,0,16,0
122326,1,1,0,0,18,0,0,0,0,0,0,0
122327,1,1,0,0,0,0,17,0,0,0,0,8
122327,2,1,0,0,0,0,0,0,0,0,0,0
122328,1,1,0,0,0,0,0,0,0,0,0,0
122329,0,1,0,0,0,0,30,19,9,21,0,4
122329,1,1,0,0,0,0,0,0,0,0,6,0
122330,1,1,19,19,19,19,19,19,19,19,19,19
122331,0,1,0,0,24,0,0,0,0,19,0,0
122331,1,1,0,0,22,0,0,7,0,0,24,0
122332,1,1,0,0,0,0,0,0,0,0,0,0
122332,2,1,0,0,0,0,0,0,0,0,0,0
122334,0,1,0,0,0,0,0,0,0,0,0,0
122334,1,1,0,0,0,0,0,0,0,0,0,0
122335,0,1,0,0,0,0,0,0,0,0,0,0
122335,1,1,0,26,0,0,0,0,0,0,0,0
122336,1,1,0,0,0,0,0,0,0,0,0,0
122336,2,1,0,0,34,0,0,12,0,0,0,0
122337,1,1,0,0,0,0,0,0,0,0,0,0
122337,2,1,5,5,5,5,5,5,5,5,5,5
122338,1,1,0,0,0,33,0,0,0,0,0,5
122338,2,1,4,15,0,0,0,0,5,0,0,0
122339,1,1,0,28,0,0,0,0,0,18,0,0
122339,2,1,0,0,0,0,0,0,0,0,0,0
122340,0,1,0,0,5,0,0,0,0,0,0,0
122340,1,1,0,0,0,0,0,0,0,0,0,0
122341,0,1,0,0,0,0,0,0,0,0,0,0
122341,1,1,0,0,0,0,0,0,0,0,0,0
122342,1,1,0,0,0,0,0,0,0,0,0,0
122342,2,1,0,0,0,0,0,0,0,0,0,0
122344,1,1,26,26,26,26,26,26,26,26,26,26
122345,1,1,21,21,21,21,21,21,21,21,21,21
122346,1,1,0,0,0,0,0,0,0,0,0,0
122346,2,1,0,0,0,0,0,0,0,0,0,0
122347,0,1,0,0,0,0,0,0,0,0,0,0
122347,1,1,0,0,0,0,0,0,0,0,0,0
122348,0,1,0,0,0,0,10,0,0,0,0,0
122348,0,2,0,31,0,0,0,22,0,0,0,0
122348,1,1,9,0,0,0,0,0,0,0,0,17
122349,0,1,11,10,23,20,10,0,19,0,20,0
122349,1,1,0,28,20,0,10,0,0,0,0,0
122350,0,1,0,0,0,0,0,0,0,0,0,0
122350,1,1,6,12,0,0,0,0,0,0,19,0
122351,1,1,20,20,20,20,20,20,20,20,20,20
122351,2,1,0,0,0,0,0,0,0,0,0,0
122351,3,1,0,0,16,0,0,0,0,0,11,0
122352,1,1,0,0,0,13,0,0,18,0,0,8
122353,1,1,0,0,0,0,0,0,0,0,0,0
122353,2,1,0,0,0,0,0,0,0,0,0,0
122354,0,1,0,7,0,0,0,0,27,0,0,0
122354,1,1,0,0,0,0,0,21,0,0,0,0
122356,0,1,0,0,0,8,0,15,0,0,0,0
122356,1,1,30,9,0,9,19,0,0,11,0,0
122357,1,1,0,15,0,0,0,0,6,0,0,0
122358,1,1,16,0,0,0,21,12,24,16,0,16
122359,1,4,0,15,16,14,17,9,0,0,0,19
122360,0,1,0,0,0,12,0,2,0,0,35,10
122360,1,1,0,0,7,0,0,0,0,0,0,0
122361,1,1,0,0,0,0,0,0,0,0,0,0
122362,0,1,0,0,0,0,0,0,0,0,0,0
122362,1,1,0,0,0,0,0,0,0,0,0,0
122364,1,1,0,0,0,0,0,0,0,0,0,0
122364,2,1,0,0,0,0,0,0,0,0,0,0
122365,1,1,0,0,0,0,0,0,0,0,0,0
122365,2,1,0,0,0,0,0,0,0,0,0,0
122366,1,1,0,0,0,0,12,0,0,0,0,0
122368,0,1,0,0,34,0,0,2,0,0,0,14
122368,1,1,0,0,0,0,12,0,12,0,30,0
122369,1,1,0,0,0,0,0,0,0,0,0,0
122369,2,1,0,0,0,0,0,0,0,0,0,0
122370,0,1,0,0,0,0,0,0,0,0,0,0
122370,1,1,0,0,0,0,0,0,21,0,0,0
122372,0,1,12,0,11,0,0,0,0,0,0,0
122372,1,1,0,0,0,0,0,0,0,0,0,0
122373,1,1,32,18,0,0,20,18,0,16,20,32
122374,1,1,13,13,13,13,13,13,13,13,13,13
122375,1,1,20,20,20,20,20,20,20,20,20,20
122376,1,1,19,19,19,19,19,19,19,19,19,19
122377,1,1,0,0,0,0,0,0,0,0,0,0
122377,2,1,0,0,6,0,0,0,0,0,0,0
122377,3,1,0,0,0,0,0,0,0,0,0,0
122378,1,1,25,25,25,25,25,25,25,25,25,25
122379,1,1,8,0,8,21,0,1,0,0,4,15
122380,1,1,0,0,0,0,0,0,0,0,0,0
122380,2,1,0,0,15,0,0,0,0,0,0,0
122381,0,1,0,0,0,3,0,0,0,0,0,0
122381,1,1,0,0,0,0,0,0,0,0,0,0
122383,1,1,0,0,0,0,0,0,0,0,0,0
122383,2,1,0,0,14,0,0,0,0,0,0,0
122384,1,1,0,0,0,0,0,0,0,0,0,0
122385,0,1,0,0,0,0,0,0,0,0,0,0
122385,1,1,0,0,0,0,0,0,0,0,0,0
122386,1,1,0,0,0,0,0,0,0,0,10,0
122386,2,1,0,0,0,9,0,0,0,0,0,0
122388,0,1,0,0,0,0,0,0,0,0,0,13
122388,1,1,0,0,0,33,0,6,0,0,0,0
122389,1,1,0,0,0,0,0,0,0,0,0,0
122390,1,1,0,0,0,0,0,0,0,0,0,0
122390,2,1,0,0,0,0,0,0,0,0,0,0
122391,1,1,22,22,22,22,22,22,22,22,22,22
122392,1,1,0,0,0,0,0,0,0,0,0,0
122392,2,1,0,0,0,0,0,0,0,7,0,0
122392,3,1,0,0,0,0,17,0,0,0,0,0
122393,1,1,0,0,0,0,0,0,0,0,0,0
122393,2,1,0,0,0,0,12,0,0,0,0,0
122393,3,1,0,0,0,0,0,0,0,0,8,0
122394,1,1,0,0,0,0,0,0,0,0,0,0
122394,2,1,7,11,0,17,0,0,0,18,0,0
122395,0,1,17,20,0,32,0,19,11,0,0,24
122395,1,1,0,0,0,0,0,0,0,0,0,0
122396,1,1,6,16,7,24,6,18,47,10,8,21
122397,0,1,0,0,0,0,0,13,0,0,0,0
122397,1,1,0,0,0,0,18,0,0,0,0,0
122398,0,1,0,0,0,0,0,0,0,0,0,0
122398,1,1,0,0,15,0,0,0,0,0,0,0
122399,1,1,24,24,24,24,24,24,24,24,24,24
122399,2,1,0,0,0,0,0,0,0,0,21,0
122400,1,1,0,0,0,0,19,0,0,0,0,0
122400,2,1,0,0,0,0,0,0,0,0,0,0
122401,1,1,24,24,24,24,24,24,24,24,24,24
122401,2,1,0,0,0,0,4,0,0,0,0,0
122402,0,1,0,0,11,0,19,15,20,0,0,29
122402,1,1,15,0,17,22,16,14,21,11,25,17
122403,1,1,4,4,4,4,4,4,4,4,4,4
122404,1,1,0,0,0,0,0,0,0,0,0,0
122405,1,1,31,31,31,31,31,31,31,31,31,31
122405,2,1,0,0,0,0,0,0,0,0,0,0
122406,1,1,0,0,0,0,0,0,0,0,0,0
122406,2,1,0,0,0,0,0,0,0,0,0,0
122407,1,1,0,0,0,0,0,0,0,0,0,0
122407,2,1,0,0,0,0,0,0,0,0,0,0
122408,1,1,16,16,16,16,16,16,16,16,16,16
122408,2,1,0,0,0,0,0,0,0,0,0,6
122409,0,1,0,0,0,0,0,0,0,26,11,0
122409,1,1,0,0,0,0,0,0,0,0,0,0
122409,2,1,0,0,0,0,0,0,0,0,0,0
122410,1,1,0,0,0,0,0,0,0,0,0,0
122410,2,1,0,0,0,0,0,0,0,0,0,0
122411,1,1,0,0,0,0,0,0,0,0,0,0
122411,2,1,0,0,0,0,0,0,0,0,0,0
122412,0,1,0,30,0,0,19,0,0,17,0,0
122412,1,1,0,7,11,0,20,14,0,0,0,0
122413,1,1,0,0,0,0,0,0,0,0,0,13
122413,2,1,0,0,0,0,0,0,0,0,16,0
122414,0,1,8,18,16,3,23,15,14,10,23,34
122414,1,1,0,0,0,0,0,0,0,0,0,0
122415,1,1,0,16,0,0,0,0,0,0,0,0
122415,2,1,0,0,0,0,0,0,0,0,0,0
122416,0,1,0,0,0,0,0,0,0,0,0,0
122416,1,1,0,0,0,19,3,9,0,0,11,16
122417,1,1,0,0,0,0,0,0,0,0,0,0
122417,2,1,0,0,0,0,0,8,0,0,0,0
122418,0,1,3,3,3,3,3,3,3,3,3,3
122418,0,2,0,0,0,0,0,0,20,0,0,18