ST_CASE,VEH_NO,PER_NO,P1,P2,P3,P4,P5,P6,P7,P8,P9,P10
122418,0,3,9,8,0,0,27,14,0,0,0,0
122418,1,1,14,14,14,14,14,14,14,14,14,14
122419,1,1,0,0,0,0,0,0,0,0,0,0
122419,2,1,0,0,0,0,24,0,0,0,0,0
122420,0,1,0,0,19,0,0,0,0,0,0,0
122420,1,1,0,14,0,0,0,0,0,0,0,7
122422,1,1,0,25,0,0,0,12,0,0,33,0
122423,1,1,0,0,0,0,0,0,0,0,0,0
122423,2,1,0,13,0,0,0,0,0,0,0,0
122424,1,1,0,0,0,0,0,0,0,0,0,0
122424,2,1,0,0,0,27,0,0,0,0,0,0
122425,1,1,27,0,0,0,0,15,0,0,0,0
122426,0,1,0,0,0,0,0,31,25,0,0,0
122426,1,1,0,0,0,0,0,0,0,0,0,0
122427,1,1,0,0,0,0,0,0,0,0,0,0
122427,2,1,0,0,0,0,0,0,0,0,0,0
122428,1,1,0,0,0,0,0,0,0,0,0,0
122429,0,1,0,0,0,0,0,0,0,0,0,0
122429,1,1,0,0,0,0,0,0,0,0,0,0
122430,0,1,0,0,0,0,0,20,23,19,0,0
122430,1,1,0,12,15,6,0,0,0,17,0,0
122431,0,1,0,0,0,0,0,22,0,0,0,0
122431,1,1,15,9,0,0,9,0,0,0,0,0
122432,1,1,0,0,16,0,0,0,0,0,19,0
122432,2,1,0,0,9,0,0,0,0,0,0,0
122433,1,1,13,0,19,0,0,0,0,0,0,0
122433,2,1,0,0,0,0,0,0,0,0,0,0
122433,3,1,0,0,0,0,0,0,0,0,0,0
122434,1,1,17,17,17,17,17,17,17,17,17,17
122435,1,1,0,0,0,0,0,0,0,0,0,0
122435,2,1,0,0,0,0,0,0,0,0,0,0
122436,1,1,12,5,13,11,16,26,0,0,38,12
122436,2,1,0,16,0,0,8,0,21,0,0,0
122437,1,1,18,5,8,10,15,19,18,45,16,31
122437,2,1,0,0,0,0,0,0,0,0,0,0
122438,1,1,0,0,0,0,0,0,0,0,0,0
122438,2,1,0,0,0,0,0,0,0,0,0,0
122439,1,1,13,0,0,0,0,0,0,0,0,0
122440,0,1,0,46,0,12,0,32,41,0,0,0
122440,1,1,0,0,0,0,0,0,0,0,22,0
122441,0,1,0,12,0,0,0,0,0,24,0,0
122441,1,1,0,0,0,0,0,0,0,0,0,0
122443,1,1,0,0,0,0,0,0,0,0,0,0
122443,2,1,0,0,0,0,0,0,0,0,0,0
122444,1,1,0,0,0,0,0,0,0,8,18,0
122444,2,1,0,0,0,0,0,0,0,0,0,0
122445,0,1,5,0,0,0,29,0,0,0,0,0
122445,1,1,0,14,0,26,18,14,22,18,15,21
122446,1,1,0,0,0,0,0,0,25,0,7,0
122447,0,1,0,0,23,0,0,0,0,23,0,0
122447,1,1,27,0,7,0,0,0,11,26,0,15
122448,1,1,33,33,33,33,33,33,33,33,33,33
122448,2,1,0,0,0,0,0,0,0,0,0,0
122449,1,1,0,0,0,0,0,0,0,0,0,0
122450,1,1,19,9,0,25,15,28,18,0,10,25
122450,2,1,27,16,0,0,23,19,26,15,3,0
122451,0,1,20,0,0,0,0,0,0,0,0,0
122451,1,1,0,0,0,0,0,0,0,0,0,0
122452,1,1,13,0,14,0,18,0,19,0,7,0
122452,2,1,0,0,0,0,0,0,0,0,0,0
122453,0,1,0,0,0,0,0,0,0,0,0,0
122453,1,1,0,0,0,26,0,0,0,0,3,0
122454,1,1,0,0,0,0,0,0,0,0,0,0
122454,2,1,0,0,0,0,0,0,0,0,0,0
122454,3,1,0,45,0,0,0,0,0,0,0,0
122455,1,1,0,0,0,0,0,0,0,0,0,0
122455,2,1,0,4,0,0,2,17,0,0,0,0
122456,1,1,12,12,12,12,12,12,12,12,12,12
122456,2,1,0,0,0,0,0,0,0,0,0,0
122457,0,1,0,0,0,0,0,0,0,19,11,29
122457,1,1,0,0,0,2,0,0,0,26,0,16
122458,1,1,0,0,0,0,0,0,0,0,0,0
122458,2,1,0,0,0,19,0,0,0,0,0,0
122459,0,1,0,25,0,0,0,0,28,22,13,0
122459,1,1,0,0,0,0,0,0,0,0,0,0
122460,1,1,0,0,0,0,0,0,0,0,0,0
122461,1,1,0,0,0,0,0,0,0,0,0,0
122461,2,1,0,0,0,0,0,0,0,0,0,0
122461,3,1,0,0,0,0,0,0,0,0,0,0
122462,1,1,0,0,0,0,0,0,0,0,0,0
122462,2,1,0,0,0,0,0,0,0,0,0,0
122463,1,1,0,0,0,0,0,0,0,0,0,0
122463,2,1,0,0,0,0,0,0,0,0,0,0
122464,0,1,9,0,0,0,0,0,0,0,0,0
122464,1,1,0,0,0,0,0,0,0,0,0,0
122465,0,1,0,0,0,0,0,0,0,0,0,0
122465,1,1,0,24,0,0,0,0,0,0,0,0
122466,1,1,0,0,0,0,0,0,0,0,0,0
122466,2,1,0,0,0,0,0,0,0,0,0,0
122467,1,1,0,0,0,0,0,0,0,0,0,0
122469,0,1,33,0,0,0,32,0,0,0,0,0
122469,1,1,0,0,0,0,0,0,0,17,0,0
122469,3,1,0,0,0,0,0,8,0,15,0,0
122470,0,1,0,0,0,0,0,0,0,0,0,0
122470,1,1,6,0,0,0,0,0,0,0,0,17
122471,1,1,15,15,15,15,15,15,15,15,15,15
122472,1,1,14,14,14,14,14,14,14,14,14,14
122473,1,1,0,0,0,2,0,19,0,0,0,0
122473,2,1,19,15,8,0,23,0,11,0,0,0
122474,1,1,0,0,0,0,0,0,0,0,0,0
122474,2,1,0,0,0,0,0,0,0,0,0,0
122475,1,1,24,24,24,24,24,24,24,24,24,24
122476,1,1,0,0,0,0,0,0,0,0,0,0
122476,2,1,0,0,0,0,0,0,0,0,0,0
122477,1,1,0,0,0,26,0,0,9,19,24,0
122478,1,1,0,0,0,0,0,0,0,0,18,0
122478,2,1,0,0,0,0,0,0,0,0,0,0
122478,3,1,0,0,0,0,0,0,0,18,0,0
122478,4,1,0,0,0,0,0,0,0,0,0,0
122479,1,1,0,0,0,0,0,0,0,0,0,0
122479,2,1,0,0,0,7,0,0,0,0,0,0
122480,0,1,0,0,0,0,0,0,0,0,0,0
122480,1,1,0,0,0,0,0,0,0,0,0,0
122481,1,1,24,24,24,24,24,24,24,24,24,24
122482,1,1,0,0,0,0,0,0,0,0,0,0
122482,2,1,0,0,0,0,0,0,0,0,0,0
122482,3,1,0,0,0,0,0,0,0,0,0,0
122483,1,1,10,5,20,22,25,33,10,18,7,6
122484,1,1,13,13,13,13,13,13,13,13,13,13
122485,0,1,0,0,0,0,0,0,0,0,0,0
122485,2,1,0,0,0,0,0,0,0,0,0,0
122486,1,1,0,0,0,0,0,0,0,0,0,0
122486,2,1,0,0,0,0,0,0,0,0,0,0
122487,1,1,2,2,2,2,2,2,2,2,2,2
122487,2,1,12,0,0,0,0,0,0,0,0,0
122488,0,1,0,0,0,0,0,0,0,0,0,0
122488,1,1,0,0,0,0,0,0,0,0,0,0
122489,1,1,0,0,0,0,0,0,0,0,0,0
122490,0,1,0,41,0,0,0,0,0,0,0,0
122490,1,1,0,0,0,0,0,0,0,0,0,0
122491,1,1,0,0,0,0,0,0,0,0,17,0
122491,2,1,0,0,0,0,0,0,0,0,0,0
122492,0,1,0,0,0,0,0,0,0,28,0,25
122492,1,1,0,0,7,0,16,0,17,22,0,0
122493,1,1,0,0,0,0,0,0,0,0,0,0
122493,2,1,0,0,0,0,0,0,0,0,0,0
122494,1,1,0,0,0,0,0,0,0,0,0,0
122494,2,1,0,0,0,0,0,0,0,0,0,0
122494,3,1,0,0,0,0,0,0,0,0,0,0
122495,1,1,23,23,23,23,23,23,23,23,23,23
122496,0,1,0,0,0,0,18,12,16,0,0,0
122496,1,1,11,0,0,0,0,0,0,0,0,0
122499,1,1,10,0,23,0,20,13,0,0,19,0
122499,2,1,0,0,0,0,0,28,0,0,0,0
122500,1,1,0,0,0,0,0,0,0,0,0,0
122500,2,1,0,0,0,0,0,0,0,0,0,0
122501,1,1,0,0,0,0,0,0,0,0,0,0
122501,2,1,0,0,0,10,0,0,0,0,0,0
122501,3,1,0,0,0,0,0,0,0,0,0,0
122501,4,1,0,0,0,0,0,0,0,0,0,0
122502,0,1,0,0,21,0,21,0,17,0,21,0
122502,1,1,0,0,0,0,0,0,0,0,0,0
122503,1,1,30,30,30,30,30,30,30,30,30,30
122504,0,1,12,12,12,12,12,12,12,12,12,12
122504,1,1,0,0,0,0,0,0,0,0,0,0
122505,1,1,0,0,0,0,0,0,0,0,0,0
122507,0,1,39,39,39,39,39,39,39,39,39,39
122507,1,1,0,0,0,0,18,0,0,23,0,0
122508,1,1,0,0,4,6,8,12,7,10,0,15
122508,2,1,0,0,0,0,0,0,0,0,0,0
122509,1,1,19,19,19,19,19,19,19,19,19,19
122510,0,1,0,0,0,0,0,22,0,17,0,0
122510,1,1,0,0,0,0,0,0,0,0,0,0
122511,0,1,0,0,0,0,0,0,0,0,0,0
122511,1,1,0,20,0,0,0,0,0,0,16,0
122512,1,1,0,0,0,0,0,0,0,0,0,0
122512,2,1,0,0,0,0,0,0,0,0,0,0
122513,1,1,0,0,0,17,15,0,13,6,18,24
122515,1,1,0,0,0,0,0,0,0,0,0,0
122516,1,1,0,0,0,0,0,0,0,0,0,0
122516,2,1,0,0,0,0,0,2,0,0,0,0
122517,1,1,0,0,0,0,0,20,0,0,0,0
122517,2,1,0,0,4,11,0,0,0,12,0,35
122518,1,1,0,0,0,0,0,0,0,0,0,0
122519,0,1,0,0,0,0,0,0,0,13,0,0
122519,1,1,22,18,22,19,34,3,22,15,17,19
122520,1,1,0,0,0,2,0,0,0,0,0,14
122520,2,1,0,0,0,0,0,0,0,0,0,0
122521,1,1,14,24,0,0,0,0,0,0,0,0
122521,2,1,0,0,0,0,0,0,0,0,0,0
122521,3,1,0,0,0,0,34,0,0,0,0,0
122522,1,1,19,19,19,19,19,19,19,19,19,19
122523,1,1,0,0,0,0,0,0,0,0,0,0
122523,2,1,0,0,0,0,0,0,0,0,0,0
122523,3,1,0,0,0,0,0,0,0,0,0,0
122525,0,1,0,0,0,0,0,0,0,0,0,0
122525,1,1,0,0,0,0,0,0,0,0,0,0
122526,1,1,0,0,0,4,0,0,0,0,0,0
122526,2,1,0,0,0,0,0,0,0,0,0,0
122527,1,1,0,0,0,0,0,0,0,0,0,0
122527,2,1,0,0,0,0,0,0,0,0,0,0
122528,1,1,22,22,22,22,22,22,22,22,22,22
122529,1,1,0,0,0,0,0,0,0,0,0,0
122529,2,1,0,0,0,0,0,0,0,0,0,0
122530,0,1,28,28,17,28,33,21,27,25,17,12
122530,1,1,0,0,11,0,0,20,0,0,0,0
122531,1,1,17,17,17,17,17,17,17,17,17,17
122531,2,1,0,0,0,0,0,0,0,0,16,0
122532,1,1,0,0,0,18,0,0,0,0,23,0
122533,1,1,0,0,0,0,0,0,0,0,0,0
122533,2,1,0,0,0,0,25,4,0,0,0,0
122534,1,1,0,0,0,0,0,0,0,0,0,0
122534,2,1,0,0,0,0,0,0,0,0,0,0
122534,3,1,0,0,0,0,0,0,0,0,0,20
122535,0,1,0,34,26,17,0,19,24,42,0,26
122535,1,1,0,9,0,0,0,0,0,0,0,0
122536,0,1,17,0,8,26,0,30,0,21,17,0
122536,1,1,0,0,0,0,0,11,0,0,0,0
122537,1,1,0,0,0,0,0,0,0,0,0,0
122537,2,1,0,0,0,0,0,0,0,0,0,0
122537,3,1,0,0,0,0,8,0,0,0,0,0
122539,0,1,0,0,0,22,0,10,0,0,0,33
122539,1,1,0,0,0,0,0,0,0,0,0,0
122540,0,1,0,0,0,0,0,0,0,0,0,0
122540,1,1,0,0,0,0,0,0,0,0,0,0
122541,1,1,0,0,0,0,0,0,0,0,0,0
122541,2,1,0,0,0,0,0,0,0,0,0,0
122542,1,1,0,0,0,0,0,0,0,0,0,0
122543,0,1,35,36,24,18,19,11,20,10,29,15
122543,1,1,0,0,0,0,0,0,0,0,0,0
122544,0,1,0,20,22,30,17,13,14,0,14,24
122544,1,1,0,0,19,0,0,0,0,0,0,0
122545,1,1,0,0,0,0,0,0,0,0,0,0
122545,2,1,0,0,0,0,0,0,0,0,0,0
122546,1,1,0,0,0,0,0,0,21,0,0,0
122547,1,1,0,0,0,0,0,0,0,0,0,0
122547,2,1,0,0,0,0,0,0,0,0,0,0
122548,1,1,28,28,28,28,28,28,28,28,28,28
122549,1,1,0,0,0,0,0,0,0,0,0,0
122549,2,1,0,0,0,0,0,0,17,0,0,0
122549,3,1,0,0,0,0,0,0,0,0,0,0
122550,1,1,0,13,0,18,38,0,30,20,39,16
122551,1,1,0,0,0,0,0,0,0,0,0,0
122551,2,1,0,0,0,0,0,0,0,0,0,0
122552,1,1,0,0,0,0,0,0,0,0,0,0
122553,0,1,0,0,0,0,0,0,0,0,0,0
122553,1,1,0,0,0,0,0,0,0,0,0,0
122554,1,1,16,16,16,16,16,16,16,16,16,16
122555,1,1,13,13,13,13,13,13,13,13,13,13
122556,0,1,0,0,0,0,0,0,0,0,0,0
122556,1,1,11,11,11,11,11,11,11,11,11,11
122557,1,1,0,0,0,0,0,0,0,0,0,0
122558,0,1,0,0,0,0,0,0,0,0,0,0
122558,1,1,0,0,0,0,0,0,0,0,0,0
122559,1,1,0,0,0,0,0,0,0,0,0,0
122560,1,1,0,25,0,0,0,0,0,0,0,7
122561,0,1,0,21,0,0,0,0,0,0,0,9
122561,1,1,0,0,0,25,0,27,0,0,0,0
122562,0,1,0,6,0,0,0,0,0,0,0,9
122562,1,1,0,0,0,0,0,0,0,0,0,0
122563,1,1,0,18,0,25,10,0,0,0,0,0
122564,1,1,19,19,19,19,19,19,19,19,19,19
122566,1,1,7,7,6,21,3,4,9,11,6,9
122566,2,1,0,0,0,0,0,0,0,0,0,0
122567,1,1,0,0,0,0,0,0,0,0,0,0
122567,2,1,0,0,0,0,0,8,0,0,0,0
122568,1,1,0,0,0,0,0,0,0,0,0,0
122569,0,1,28,28,28,28,28,28,28,28,28,28
122569,1,1,0,0,0,0,8,0,0,0,0,0
122569,2,1,0,0,0,0,0,0,0,0,0,0
122570,0,1,0,0,0,0,0,0,24,0,0,0
122570,1,1,0,0,0,0,0,27,0,0,0,0
122571,1,1,0,0,0,8,12,0,0,0,0,0
122571,2,1,0,0,0,0,0,0,0,0,0,0
122572,0,1,0,0,0,0,0,0,0,0,0,0
122572,1,1,0,0,0,0,0,0,0,0,0,0
122573,1,1,0,0,0,0,0,0,0,0,0,0
122573,2,1,0,0,0,0,0,0,0,0,0,0
122574,0,1,0,0,0,0,0,0,0,0,0,0
122574,1,1,0,0,0,0,0,0,0,0,0,0
122574,2,1,0,0,0,0,0,0,0,0,0,0
122576,0,1,0,0,0,0,0,0,0,0,0,0
122576,1,1,10,0,0,0,0,11,6,19,0,0
122577,1,1,20,20,20,20,20,20,20,20,20,20
122577,2,1,0,0,0,0,0,0,0,0,0,0
122579,1,1,0,0,0,0,0,0,0,0,0,0
122579,2,1,0,0,0,0,0,0,0,0,0,0
122580,0,1,36,22,0,0,0,0,30,31,0,18
122580,1,1,15,12,14,12,16,13,21,8,14,11
122581,0,1,0,0,0,0,0,0,0,0,0,0
122581,1,1,0,0,0,0,0,0,0,0,18,0
122582,1,1,0,0,0,0,0,0,0,0,0,0
122582,2,1,0,0,0,0,0,0,0,0,0,0
122582,3,1,0,0,0,0,0,0,0,0,6,0
122583,1,1,23,23,23,23,23,23,23,23,23,23
122584,1,1,0,0,0,0,0,0,0,0,0,0
122585,1,1,3,11,18,9,13,10,19,7,12,14
122587,0,1,5,0,0,28,0,0,15,20,19,0
122587,1,1,0,0,0,0,0,0,0,0,0,0
122588,0,1,23,0,0,28,0,14,0,8,0,0
122588,0,2,0,21,0,0,15,0,0,21,0,0
122588,1,1,0,0,0,0,0,0,34,0,0,29
122590,1,1,0,0,0,0,0,0,0,0,0,0
122590,2,1,0,0,0,0,0,0,14,0,0,0
122590,3,1,0,0,0,0,0,0,0,0,0,0
122590,4,1,0,0,0,0,0,0,0,0,0,0
122591,1,1,20,12,10,16,12,14,17,32,0,13
122591,2,1,15,0,0,0,0,0,0,0,0,0
122592,1,1,0,0,0,0,0,0,0,0,0,0
122592,2,1,0,0,0,0,0,0,0,0,0,0
122593,0,1,14,14,14,14,14,14,14,14,14,14
122593,1,1,0,0,0,17,0,0,0,0,0,0
122595,1,1,0,0,0,0,0,0,0,0,0,0
122595,2,1,0,0,0,0,0,0,0,0,0,0
122596,1,1,0,0,0,0,0,0,0,0,0,0
122596,2,1,0,0,0,0,0,0,0,0,0,0
122596,3,1,0,0,0,0,0,0,0,2,0,0
122597,1,1,0,0,16,10,0,0,0,0,0,12
122598,1,1,13,21,9,7,10,18,0,21,0,22
122599,0,1,0,0,0,0,0,0,0,0,0,0
122599,1,1,0,0,0,0,0,0,0,0,0,0
122600,1,1,0,0,4,22,0,0,11,27,0,22
122600,2,1,0,0,0,0,0,0,0,0,0,17
122601,1,1,30,0,21,14,0,0,0,0,0,0
122601,2,1,0,0,0,0,0,0,0,0,0,0
122603,1,1,0,0,0,0,0,0,0,0,0,0
122603,2,1,0,0,0,0,0,0,0,0,0,0
122603,3,1,0,0,0,0,0,3,0,0,0,0
122603,4,1,0,0,0,0,0,0,0,0,0,0
122605,0,1,9,0,0,0,0,0,0,0,9,33
122605,1,1,0,0,0,0,4,0,0,0,0,0
122606,1,1,0,0,0,0,0,0,0,0,0,0
122606,2,1,0,0,0,0,0,0,0,0,0,0
122607,0,1,0,0,0,31,0,0,0,0,0,0
122607,1,1,0,0,0,23,0,0,0,36,0,0
122608,1,1,0,0,0,0,0,0,0,0,0,0
122608,2,1,0,0,0,0,0,0,0,0,3,0
122610,1,1,0,5,0,8,0,0,0,14,0,0
122610,2,1,0,0,0,0,0,0,14,0,0,0
122611,0,1,9,9,9,9,9,9,9,9,9,9
122611,1,1,0,0,0,0,0,11,20,0,0,0
122612,1,1,0,0,0,0,0,14,0,25,0,0
122612,2,1,0,0,0,0,0,0,0,0,0,0
122613,1,1,0,11,0,0,0,0,0,0,0,0
122613,2,1,0,0,0,0,0,0,0,0,0,0
122614,1,1,0,0,0,0,0,24,8,0,0,0
122614,2,1,0,0,0,0,0,0,0,0,0,0
122615,1,1,0,0,0,0,0,0,0,0,0,0
122615,2,1,0,0,0,0,0,0,0,0,0,0
122617,1,1,0,0,37,17,0,3,0,0,0,0
122617,2,1,0,0,0,0,0,0,0,0,0,18
122618,1,1,0,0,0,0,0,0,0,0,0,0
122618,2,1,0,0,0,0,0,0,0,0,0,0
122621,1,1,11,11,11,11,11,11,11,11,11,11
122622,1,1,0,0,0,0,0,0,0,0,0,0
122623,1,1,19,19,19,19,19,19,19,19,19,19
122624,1,1,0,17,25,0,11,0,27,7,0,0
122625,1,1,0,19,13,20,13,0,31,18,0,4
122625,2,1,0,0,0,0,0,0,0,0,0,0
122626,1,1,0,0,0,0,0,0,0,0,0,0
122626,2,1,0,0,0,0,0,0,0,0,0,0
122628,0,1,0,0,9,0,0,0,0,0,0,0
122628,1,1,0,0,0,0,0,0,0,0,0,0
122629,0,1,0,0,0,22,0,0,0,0,0,0
122629,1,1,0,0,0,0,0,0,0,0,11,0
122630,0,1,0,12,0,17,23,12,0,0,0,0
122630,1,1,0,0,0,0,0,0,0,0,0,0
122632,1,1,0,0,0,8,0,0,0,0,0,25
122632,2,1,0,0,0,0,0,0,0,0,0,0
122633,1,1,19,19,19,19,19,19,19,19,19,19
122634,1,1,0,0,0,0,0,0,0,30,0,0
122634,2,1,0,0,0,0,0,0,0,0,0,0
122635,1,1,0,0,0,0,0,0,0,0,0,0
122635,2,1,0,0,0,0,0,0,0,0,0,0
122635,3,1,0,0,0,0,0,0,0,0,0,0
122636,0,1,22,0,0,53,28,0,0,0,0,27
122636,1,1,0,0,0,0,0,0,0,0,0,0
122636,2,1,0,0,0,0,0,0,0,13,0,0
122637,0,1,10,23,25,17,33,15,25,16,18,41
122637,1,1,0,0,0,0,0,0,0,0,0,0
122638,1,1,0,0,25,0,0,0,0,0,0,0
122639,1,1,0,27,25,7,0,18,0,33,0,16
122640,1,1,0,0,0,0,0,0,0,0,0,0
122640,2,1,0,0,0,0,0,0,0,0,0,0
122640,3,1,0,0,0,0,0,0,0,0,0,0
122641,0,1,0,0,36,0,0,12,0,17,0,5
122641,1,1,0,0,22,0,0,0,0,0,13,13
122642,1,1,23,23,23,23,23,23,23,23,23,23
122643,1,1,5,16,0,36,0,19,9,5,21,0
122644,1,1,90,90,90,90,90,90,90,90,90,90
122645,1,1,0,0,0,0,0,0,0,0,0,0
122646,1,1,0,0,0,0,0,0,0,0,0,0
122647,1,1,0,0,0,0,0,0,0,0,0,0
122647,2,1,0,0,0,0,0,0,0,0,0,0
122648,0,1,0,0,0,0,0,0,0,0,0,0
122648,1,1,0,0,33,0,0,0,0,0,0,0
122649,1,1,0,0,0,0,0,0,0,0,0,0
122649,2,1,0,0,0,0,0,0,0,0,0,0
122649,3,1,0,0,0,0,0,0,0,0,0,0
122650,1,1,0,0,0,0,0,0,0,0,0,0
122650,2,1,0,12,0,12,0,17,0,0,0,0
122650,3,1,16,0,0,0,0,0,10,0,0,0
122652,1,1,0,0,0,0,0,0,0,0,0,0
122652,2,1,0,0,0,0,0,0,0,0,0,0
122652,3,1,0,0,0,0,0,0,0,0,0,0
122653,0,1,0,0,0,0,0,0,0,0,0,0
122653,1,1,0,0,0,0,0,0,0,0,0,0
122654,1,1,0,0,22,0,0,0,8,0,0,0
122654,2,1,0,0,0,0,0,0,0,0,0,0
122655,0,1,0,0,0,0,0,18,0,0,0,0
122655,1,1,0,36,0,0,0,0,0,13,0,0
122656,0,1,0,0,0,0,13,0,0,0,0,0
122656,1,1,0,0,0,0,0,0,0,0,0,0
122657,1,1,0,0,0,0,0,0,0,0,0,0
122657,2,1,0,0,0,0,11,0,0,0,0,0
122658,1,1,0,0,0,0,0,0,0,0,0,0
122659,1,1,10,10,10,10,10,10,10,10,10,10
122659,2,1,0,0,0,0,0,0,10,0,0,0
122660,1,1,0,22,12,22,5,8,15,0,10,17
122660,2,1,0,0,0,0,0,0,0,0,0,0
122661,0,1,0,16,0,0,0,0,0,0,0,0
122661,0,2,4,0,0,0,0,0,0,0,0,0
122661,1,1,0,0,0,0,0,0,0,0,0,0
122662,0,1,0,0,0,0,0,0,0,0,0,0
122662,1,1,0,0,0,0,0,0,0,0,0,0
122663,1,1,0,0,0,0,0,0,0,9,0,0
122663,2,1,0,0,32,0,0,0,0,0,0,0
122664,0,1,0,0,8,0,13,12,0,0,14,22
122664,1,1,0,0,0,0,0,0,0,0,0,0
122665,1,1,11,0,14,17,0,0,36,36,0,0
122666,1,1,17,29,0,31,27,0,0,0,0,10
122666,2,1,25,0,0,0,0,9,0,0,0,0
122668,1,1,0,0,0,0,0,0,0,0,0,0
122668,2,1,0,0,0,0,0,0,0,0,14,0
122669,0,1,0,0,0,0,0,18,0,0,0,0
122669,1,1,0,0,0,0,0,0,0,0,0,0
122671,1,1,0,0,0,0,0,0,0,0,0,0
122671,2,1,0,0,0,0,0,0,0,0,0,0
122672,1,1,0,0,0,0,0,0,0,0,0,0
122672,2,1,0,0,0,0,0,0,0,0,0,0
122673,1,1,0,0,0,0,0,0,0,0,0,0
122673,2,1,0,0,0,0,0,0,0,0,0,0
122674,1,1,0,0,0,0,0,0,0,0,0,0
122674,2,1,0,0,0,0,0,0,0,0,0,0
122675,1,1,34,18,17,13,25,16,27,17,27,25
122676,1,1,0,0,0,0,0,0,0,0,0,0
122677,0,1,0,0,0,0,0,0,0,0,0,0
122677,1,1,0,0,0,0,0,0,0,0,0,0
122678,0,1,0,0,0,0,0,0,0,0,0,0
122678,0,2,0,0,0,0,0,0,0,0,0,0
122678,1,1,0,0,0,0,0,0,0,0,0,0
122679,1,1,0,0,0,0,0,23,0,16,0,6
122679,2,1,0,0,0,0,19,0,0,0,0,0
122680,1,1,3,3,3,3,3,3,3,3,3,3
122680,2,1,0,0,0,0,0,0,0,0,0,0
122681,1,1,2,2,2,2,2,2,2,2,2,2
122681,2,1,0,0,0,0,0,0,0,0,0,0
122682,1,1,0,0,0,0,0,0,0,0,0,0
122682,2,1,0,0,0,0,0,0,0,0,0,0
122683,1,1,17,6,0,0,0,0,0,17,0,0
122683,2,1,0,0,0,0,0,0,0,0,0,0
122684,0,1,0,0,0,0,0,0,0,0,0,0
122684,1,1,0,0,0,0,0,23,0,0,0,0
122685,1,1,0,2,15,0,0,0,15,0,13,0
122685,2,1,0,0,0,0,0,0,0,0,0,0
122686,1,1,0,0,0,0,0,0,0,0,0,0
122686,2,1,0,0,13,0,0,15,0,0,0,0
122687,0,1,0,0,0,0,0,0,0,0,0,0
122687,1,1,21,0,11,0,0,0,0,0,36,0
122688,1,1,0,18,29,0,0,0,0,0,32,0
122690,0,1,13,20,24,16,5,15,43,11,12,10
122690,1,1,0,0,0,0,0,0,0,0,26,0
122691,0,1,0,0,0,0,0,20,0,0,0,0
122691,1,1,0,0,0,13,15,0,6,0,0,0
122691,2,1,0,12,0,0,0,0,8,0,0,0
122693,0,1,0,0,0,0,0,0,0,0,0,0
122693,1,1,0,0,0,0,0,0,0,0,0,17
122694,1,1,0,18,7,0,0,0,0,0,0,0
122694,2,1,0,0,0,0,0,0,12,0,0,0
122695,1,1,0,0,0,0,0,17,0,0,0,0
122695,2,1,0,0,0,0,0,0,0,0,0,0
122695,3,1,0,0,0,0,0,0,0,0,0,0
122695,4,1,0,0,0,0,0,0,0,0,0,0
122696,1,1,0,28,0,0,0,0,0,0,0,0
122696,2,1,0,0,0,0,0,0,0,0,0,0
122697,1,1,0,0,0,0,0,0,0,0,0,0
122697,2,1,0,0,0,0,0,0,0,0,0,0
122698,1,1,0,0,0,0,0,0,0,0,0,0
122699,1,1,0,0,0,0,0,0,0,19,0,0
122700,1,1,23,23,23,23,23,23,23,23,23,23
122701,1,1,25,25,25,25,25,25,25,25,25,25
122702,1,1,0,0,0,0,0,0,0,0,0,0
122702,2,1,0,0,0,0,0,0,0,0,0,0
122703,0,1,0,0,0,0,0,0,0,0,0,0
122703,1,1,0,0,0,23,0,0,0,0,0,0
122703,2,1,0,0,0,0,0,0,0,0,0,0
122704,0,1,15,15,15,15,15,15,15,15,15,15
122704,1,1,0,0,0,19,0,27,0,5,41,0
122705,1,1,0,10,0,12,24,0,22,0,0,21
122706,1,1,18,18,18,18,18,18,18,18,18,18
122707,0,1,0,0,0,0,0,0,0,0,0,0
122707,1,1,0,0,0,0,14,0,0,0,0,21
122708,1,1,0,0,3,0,13,0,0,0,6,11
122709,0,1,0,0,0,15,0,6,27,0,0,0
122709,1,1,0,0,0,0,0,0,0,0,0,14
122710,0,1,0,0,0,0,0,0,0,0,0,0
122710,1,1,0,0,0,0,0,0,0,0,0,0
122711,1,1,0,0,0,0,0,0,0,0,0,0
122711,2,1,0,0,0,0,0,0,0,0,0,0
122712,1,1,0,0,0,0,0,0,0,0,0,0
122713,0,1,0,0,0,0,0,0,0,0,0,22
122713,0,2,0,0,28,0,0,0,0,0,0,0
122713,0,3,0,0,0,0,0,0,0,0,0,0
122713,1,1,0,0,13,0,0,0,0,0,0,0
122713,2,1,0,0,0,0,13,13,0,0,0,0
122715,1,1,0,0,0,0,0,0,0,0,0,0
122715,2,1,0,0,0,0,0,0,0,0,0,0
122716,1,1,0,0,0,0,0,0,0,0,0,0
122717,0,1,0,0,0,0,0,0,0,0,0,0
122717,1,1,0,0,0,0,0,0,0,0,0,0
122718,1,1,0,0,0,0,8,0,0,0,0,0
122718,2,1,0,0,0,0,0,0,0,0,0,0
122719,1,1,14,0,0,0,0,0,0,0,0,0
122720,1,1,0,0,0,0,0,0,0,0,0,0
122720,2,1,0,0,0,0,0,0,0,0,0,0
122721,1,1,5,0,27,18,31,15,11,16,0,0
122722,0,1,0,0,0,16,0,0,0,0,0,28
122722,1,1,0,12,0,0,0,15,0,0,20,0