ST_CASE,VEH_NO,PER_NO,P1,P2,P3,P4,P5,P6,P7,P8,P9,P10
122723,0,1,40,0,41,11,0,26,0,0,0,0
122723,1,1,0,28,0,13,0,0,17,5,19,0
122724,0,1,0,24,0,0,38,18,0,25,0,0
122724,1,1,0,0,0,0,0,0,0,0,0,0
122725,0,1,0,6,0,0,0,0,0,0,0,0
122725,1,1,0,0,0,0,0,0,0,0,0,10
122728,1,1,0,0,0,0,0,0,0,0,0,0
122729,1,1,8,0,18,0,0,11,0,14,0,14
122730,1,1,0,0,0,0,0,0,0,0,0,0
122731,1,1,0,0,0,9,0,0,0,16,0,21
122732,1,1,0,0,0,0,0,0,0,0,0,0
122733,1,1,0,0,0,0,0,0,0,0,0,0
122733,2,1,0,2,0,28,0,19,0,9,19,0
122734,1,1,0,20,31,0,0,0,0,0,0,0
122735,1,1,0,0,0,0,0,25,0,0,0,0
122735,2,1,0,0,0,0,0,0,16,10,0,0
122735,3,1,22,25,0,0,0,15,0,0,0,0
122736,1,1,15,8,0,12,25,16,32,0,18,18
122737,1,1,4,4,4,4,4,4,4,4,4,4
122738,0,1,0,0,0,0,0,0,0,0,0,0
122738,1,1,0,0,0,0,0,0,0,0,0,16
122739,1,1,0,0,0,0,0,0,0,0,0,0
122739,2,1,0,0,0,0,0,0,0,0,0,0
122740,1,1,0,0,0,0,0,0,0,0,0,0
122740,2,1,0,0,0,0,0,0,0,0,0,0
122740,3,1,0,0,0,0,0,0,0,0,0,0
122741,1,1,12,12,12,12,12,12,12,12,12,12
122742,1,1,0,0,0,0,0,0,0,0,0,0
122742,2,1,0,0,0,0,0,0,0,0,0,0
122743,0,1,0,0,14,0,0,0,0,13,21,0
122743,2,1,0,0,0,0,0,0,0,0,0,26
122744,1,1,9,10,18,15,58,0,0,12,0,19
122745,1,1,0,0,0,0,0,0,0,30,0,0
122745,2,1,0,0,0,0,0,0,0,0,0,0
122746,0,1,0,0,0,0,0,0,0,0,0,0
122746,0,2,0,0,0,0,0,0,0,0,0,0
122746,1,1,0,0,0,0,0,0,0,25,0,0
122747,0,1,8,17,31,0,17,13,23,25,27,19
122747,1,1,0,0,0,0,0,0,0,0,9,16
122748,1,1,8,8,8,8,8,8,8,8,8,8
122749,1,1,0,0,0,13,0,0,0,0,0,0
122749,2,1,0,0,0,0,0,0,0,0,0,0
122749,3,1,0,0,0,0,0,0,0,0,0,0
122750,1,1,18,18,18,18,18,18,18,18,18,18
122750,2,1,5,0,0,0,0,0,0,0,0,0
122751,1,1,0,0,0,0,0,10,0,0,0,0
122751,2,1,0,0,0,0,0,0,0,0,0,0
122752,1,1,0,0,8,0,0,0,0,0,8,0
122752,2,1,0,0,0,0,0,0,0,0,0,0
122752,3,1,0,0,0,0,0,0,0,0,0,0
122752,4,1,0,0,0,0,0,0,0,0,0,0
122752,5,1,0,0,0,0,0,0,0,0,0,0
122753,0,1,14,39,17,23,8,17,27,41,12,27
122753,1,1,0,0,19,15,0,0,0,0,0,0
122754,1,1,14,14,14,14,14,14,14,14,14,14
122755,1,1,0,0,21,0,0,0,23,0,0,0
122755,2,1,24,0,0,14,32,3,0,0,0,10
122756,1,1,0,0,0,0,0,0,0,0,0,0
122757,1,1,0,0,4,13,0,0,0,0,0,0
122758,0,1,0,0,0,0,0,0,0,0,0,0
122758,0,2,0,0,0,0,0,0,0,0,11,0
122758,1,1,0,0,0,0,0,0,0,0,0,0
122759,1,1,0,0,0,0,0,0,0,0,0,0
122759,2,1,0,0,0,0,0,0,0,0,0,0
122759,3,1,0,0,0,0,0,0,0,0,0,0
122760,0,1,0,0,0,0,0,0,0,0,0,0
122760,1,1,0,0,0,0,0,0,0,0,0,0
122761,1,1,0,0,0,0,0,0,0,0,0,0
122761,2,1,0,0,0,10,0,0,0,0,0,0
122762,1,1,11,0,0,0,0,0,0,0,0,0
122762,2,1,0,0,0,15,0,0,0,0,0,0
122762,3,1,0,0,0,0,0,0,0,0,0,0
122762,4,1,0,0,0,0,0,0,0,0,0,0
122763,0,1,0,0,0,0,0,0,0,0,0,0
122763,1,1,0,0,0,0,0,0,0,0,0,0
122764,1,1,0,0,0,0,0,0,0,0,0,0
122764,2,1,22,16,19,17,18,8,31,35,21,16
122765,1,1,0,0,0,0,0,0,0,11,0,0
122766,1,1,0,0,0,0,0,0,0,0,0,0
122766,2,1,0,0,0,0,0,0,11,0,0,0
122767,1,1,0,0,0,0,0,0,0,0,0,0
122767,2,1,14,0,0,10,0,0,0,0,0,0
122768,1,1,0,0,0,0,0,0,0,0,0,0
122768,2,1,14,27,0,0,0,0,0,0,0,0
122769,0,1,0,0,0,0,0,0,7,0,29,0
122769,1,1,0,0,0,0,0,0,0,0,0,0
122770,1,1,0,13,0,17,0,0,0,0,11,12
122771,1,1,0,0,0,0,0,0,0,0,0,0
122771,2,1,0,0,0,0,0,0,0,0,0,0
122772,1,1,0,0,0,0,0,0,0,0,0,0
122772,2,1,0,0,0,0,0,0,0,0,0,0
122772,3,1,0,0,0,0,0,0,0,0,0,0
122773,0,1,13,0,0,0,0,0,0,0,0,0
122773,1,1,0,0,0,0,0,0,10,0,0,25
122774,1,1,0,0,0,0,0,0,0,0,0,0
122775,0,1,0,0,0,0,0,0,0,0,0,0
122775,1,1,0,0,0,0,0,0,0,0,0,0
122776,1,1,0,0,0,0,0,0,0,0,0,0
122776,2,1,0,0,0,0,0,0,0,0,0,0
122778,1,1,0,0,0,0,24,0,0,0,17,20
122779,1,1,0,0,0,0,0,17,0,0,0,0
122779,2,1,0,18,0,0,0,0,0,0,0,0
122780,1,1,0,0,0,0,0,0,0,0,0,0
122780,2,1,0,0,0,0,0,0,0,0,0,0
122781,1,1,0,0,0,0,0,0,0,15,0,0
122781,2,1,0,0,0,0,0,0,0,0,0,0
122782,0,1,0,16,12,23,20,13,8,19,20,40
122782,1,1,18,0,0,0,0,0,0,0,0,0
122783,1,1,0,0,0,0,0,0,0,0,0,0
122783,2,1,0,0,10,0,0,0,0,0,0,0
122783,3,1,0,0,0,0,0,0,0,0,0,0
122783,4,1,0,0,0,0,0,0,0,0,0,0
122784,1,1,10,31,26,0,12,11,0,0,16,16
122786,1,1,0,0,0,0,0,0,0,0,0,0
122786,2,1,0,0,0,0,0,0,0,0,0,0
122786,3,1,0,0,0,0,0,0,0,0,0,0
122787,1,1,0,0,0,0,0,0,0,0,0,0
122787,2,1,0,0,0,0,0,0,0,0,0,0
122788,1,1,12,7,21,21,27,22,24,12,29,13
122788,2,1,0,13,0,0,0,0,0,0,0,0
122789,1,1,0,0,0,0,11,0,0,0,6,0
122789,2,1,12,12,12,12,12,12,12,12,12,12
122790,1,1,0,40,0,0,0,0,15,13,0,23
122792,1,1,13,13,13,13,13,13,13,13,13,13
122793,0,1,0,0,0,0,12,0,12,30,0,51
122793,1,1,0,0,0,5,0,20,0,0,29,13
122794,1,1,0,0,0,0,0,0,0,0,0,0
122794,2,1,0,0,0,0,0,0,0,0,0,0
122795,0,1,0,0,37,0,0,0,0,0,0,0
122795,1,1,0,0,0,0,0,0,0,0,0,0
122796,0,1,0,0,0,7,20,0,0,11,0,0
122796,1,1,0,0,0,0,0,0,0,0,0,0
122797,1,1,0,0,0,0,0,0,0,0,0,0
122797,2,1,0,0,0,0,0,0,0,0,0,0
122799,0,1,0,18,0,12,23,0,0,11,0,0
122799,1,1,0,0,0,0,0,0,0,0,0,0
122800,1,1,0,0,0,0,0,0,0,0,0,0
122800,2,1,0,0,18,0,0,0,0,0,0,0
122801,1,1,0,0,0,0,0,0,0,0,33,0
122801,2,1,0,0,0,0,0,0,0,0,0,0
122802,1,1,24,24,24,24,24,24,24,24,24,24
122803,1,1,21,21,21,21,21,21,21,21,21,21
122803,2,1,0,0,0,0,0,0,0,0,0,0
122804,1,1,19,19,19,19,19,19,19,19,19,19
122805,0,1,16,16,16,16,16,16,16,16,16,16
122805,1,1,0,0,0,0,0,0,0,0,0,0
122806,1,1,0,0,0,0,0,0,0,0,0,0
122807,1,1,32,0,3,27,21,14,0,0,34,27
122808,0,1,0,0,0,0,0,0,0,0,18,22
122808,1,1,0,0,0,0,0,0,0,0,0,0
122809,1,1,0,0,0,0,0,0,0,0,0,0
122809,2,1,0,0,0,0,0,0,0,0,0,0
122810,1,1,0,0,0,0,0,0,13,0,0,0
122810,2,1,0,0,0,0,0,0,0,0,0,0
122811,1,1,0,0,0,0,0,0,0,0,0,13
122811,2,1,0,0,0,0,0,0,0,0,0,0
122812,1,1,18,18,18,18,18,18,18,18,18,18
122813,1,1,0,27,0,0,0,0,0,0,0,0
122813,2,1,0,0,0,0,0,16,7,0,0,0
122814,0,1,0,29,5,0,0,17,17,0,20,18
122814,1,1,0,0,0,0,0,0,18,0,0,0
122815,1,1,0,0,0,0,0,0,0,0,0,0
122815,2,1,0,0,0,9,0,0,0,21,0,0
122816,0,1,16,17,24,21,0,32,18,17,30,0
122816,1,1,0,0,0,0,0,0,0,0,0,0
122817,0,1,0,0,0,0,0,0,0,0,0,0
122817,1,1,0,0,0,0,0,0,0,0,0,0
122819,0,1,0,0,0,0,0,0,25,0,0,0
122819,1,1,0,0,0,0,0,0,0,0,0,0
122820,1,1,0,0,0,0,0,0,0,0,0,0
122821,1,1,0,0,0,0,0,25,0,0,24,18
122823,0,1,0,0,0,0,0,0,0,0,0,0
122823,1,1,18,0,0,0,11,0,0,0,0,0
122824,0,1,0,0,0,0,0,20,0,0,0,0
122824,1,1,0,0,0,0,0,0,0,0,16,0
122825,1,1,0,0,0,0,0,0,0,0,0,0
122825,2,1,0,0,0,0,0,0,0,0,0,0
122826,1,1,15,0,29,11,0,17,10,13,13,5
122826,2,1,0,0,0,0,0,0,0,0,0,0
122827,1,1,2,2,2,2,2,2,2,2,2,2
122828,1,1,18,18,18,18,18,18,18,18,18,18
122829,1,1,28,28,28,28,28,28,28,28,28,28
122831,1,1,0,0,0,0,0,0,0,0,0,0
122831,2,1,0,0,0,0,29,0,0,0,0,0
122831,3,1,0,0,0,0,0,0,0,0,0,0
122831,4,1,0,14,0,0,0,0,0,0,0,0
122831,5,1,0,0,0,0,0,0,0,9,0,0
122831,6,1,0,0,0,0,0,0,0,0,0,0
122832,0,1,0,0,0,0,0,0,0,0,0,0
122832,1,1,24,12,21,7,7,0,12,16,13,0
122833,1,1,17,29,21,19,11,18,8,15,35,10
122834,1,1,0,0,0,0,0,0,0,0,0,0
122834,2,1,0,0,0,0,0,16,0,0,17,27
122834,3,1,0,0,0,0,0,0,0,0,0,0
122835,0,1,0,22,0,23,0,0,0,14,17,0
122836,1,1,9,13,0,0,0,0,0,0,0,0
122836,2,1,0,7,10,0,0,23,0,11,0,0
122837,1,1,0,0,0,0,0,0,0,0,26,0
122837,2,1,0,0,0,0,0,0,0,0,0,0
122839,1,1,0,0,0,0,0,0,0,0,0,0
122839,2,1,0,0,0,0,0,0,0,0,0,0
122839,3,1,0,0,0,0,0,0,0,0,0,5
122840,1,1,11,0,0,19,0,0,0,0,0,0
122841,1,1,0,0,0,10,13,0,16,0,0,0
122841,2,1,0,0,0,0,0,0,0,0,0,11
122842,1,1,0,11,0,13,0,11,10,8,6,0
122843,0,1,0,0,0,0,0,0,0,0,0,0
122843,1,1,0,0,0,0,0,0,0,0,0,0
122843,2,1,0,0,0,0,0,0,0,0,0,0
122844,0,1,24,24,24,24,24,24,24,24,24,24
122844,1,1,0,0,0,0,0,19,0,0,0,0
122845,1,1,0,0,0,0,0,0,0,0,0,0
122846,1,1,25,16,4,0,9,25,23,12,0,0
122847,1,1,0,0,0,0,14,0,0,0,0,0
122847,2,1,0,0,0,0,0,0,0,0,0,22
122848,1,1,0,0,0,0,0,38,0,0,0,0
122848,2,1,0,0,0,0,5,8,0,0,0,0
122849,1,1,24,24,24,24,24,24,24,24,24,24
122849,2,1,0,0,0,0,0,0,0,0,0,0
122850,1,1,0,0,0,0,0,0,0,0,0,0
122850,2,1,0,0,0,0,0,0,0,5,0,0
122851,1,1,17,10,16,12,14,13,14,24,6,8
122851,2,1,0,0,0,0,0,0,0,0,0,0
122851,3,1,0,0,0,0,0,0,0,0,0,0
122852,1,1,0,0,0,0,0,0,0,0,0,0
122852,2,1,0,0,0,0,0,0,0,0,0,0
122853,0,1,0,23,0,0,0,0,0,0,15,0
122853,1,1,0,10,17,22,0,18,0,0,9,0
122854,1,1,0,0,0,0,0,0,0,0,0,0
122854,2,1,0,0,0,0,0,0,0,0,0,0
122855,1,1,0,14,18,17,8,27,21,23,8,16
122855,2,1,0,0,0,0,0,0,0,0,0,0
122856,0,1,0,34,23,26,0,5,0,0,0,0
122856,1,1,0,0,0,0,0,0,0,0,0,10
122857,1,1,18,18,18,18,18,18,18,18,18,18
122858,1,1,10,0,29,0,0,0,0,0,0,0
122858,2,1,0,0,0,0,0,0,0,0,0,0
122859,1,1,0,0,0,0,0,10,0,6,7,0
122860,1,1,0,0,0,0,0,0,0,0,0,0
122862,0,1,0,0,0,0,0,0,0,0,0,0
122862,1,1,0,0,0,0,0,0,0,0,0,0
122863,1,1,8,8,8,8,8,8,8,8,8,8
122863,2,1,0,0,0,0,0,0,0,0,0,0
122864,1,1,24,24,24,24,24,24,24,24,24,24
122864,2,1,0,0,0,0,0,0,0,0,0,0
122864,3,1,0,0,0,0,0,0,0,0,0,0
122864,4,1,0,0,0,0,0,0,0,0,0,0
122865,0,1,0,0,0,0,0,0,0,0,0,0
122865,1,1,0,0,0,0,0,0,0,0,0,0
122866,0,1,0,0,0,0,0,0,0,0,0,0
122866,1,1,0,0,0,0,0,0,0,0,0,0
122867,1,1,0,0,0,0,0,0,0,0,0,0
122869,1,1,29,6,13,19,3,8,12,18,20,14
122871,1,1,0,22,0,0,0,0,18,0,0,0
122871,2,1,26,0,0,0,0,0,0,0,0,0
122872,1,1,0,0,13,0,17,0,0,0,0,0
122872,2,1,0,0,0,0,0,25,0,0,0,0
122873,1,1,0,0,0,0,0,0,0,0,0,0
122873,2,1,0,0,0,0,0,0,0,0,0,0
122874,0,1,0,0,0,36,21,0,12,0,0,32
122874,1,1,13,29,19,11,33,19,9,15,20,0
122874,2,1,0,0,0,0,19,0,12,0,0,0
122875,0,1,12,0,0,0,0,8,0,0,0,22
122875,1,1,0,0,0,0,0,0,0,0,0,0
122876,1,1,0,0,0,0,0,0,0,0,0,0
122876,2,1,0,0,0,0,0,0,10,0,0,7
122876,3,1,0,0,0,0,0,0,0,0,26,0
122877,1,1,0,15,18,8,0,3,0,0,0,0
122878,1,1,0,0,19,0,0,0,0,0,26,0
122879,1,1,0,0,0,0,0,0,0,0,0,0
122879,2,1,0,0,0,0,0,0,0,0,0,0
122880,1,1,23,23,23,23,23,23,23,23,23,23
122880,2,1,0,29,0,0,0,11,0,0,0,0
122881,1,1,0,0,0,0,0,0,0,0,0,0
122881,2,1,0,0,0,0,0,0,0,0,0,0
122882,1,1,0,0,0,0,0,0,0,0,0,0
122882,2,1,0,0,0,0,0,0,0,0,0,0
122883,1,1,26,7,0,0,0,11,0,0,35,28
122883,2,1,0,0,0,0,0,0,0,17,0,19
122885,1,1,0,0,0,0,0,0,0,0,0,0
122886,1,1,17,39,23,19,8,17,8,14,18,31
122887,1,1,0,0,0,0,0,0,0,0,0,0
122887,2,1,0,0,0,0,0,0,0,0,0,0
122888,1,1,0,0,0,0,13,20,0,0,0,24
122888,2,1,0,0,0,0,0,0,0,0,0,0
122889,0,1,13,13,13,13,13,13,13,13,13,13
122889,1,1,0,0,0,0,0,0,0,0,0,24
122890,1,1,6,13,15,23,12,14,10,12,12,12
122891,0,1,18,18,18,18,18,18,18,18,18,18
122891,1,1,0,0,0,0,0,0,0,0,0,0
122892,1,1,0,0,0,0,0,0,0,0,0,0
122892,2,1,0,0,0,0,0,0,0,0,0,0
122893,1,1,0,0,0,0,0,14,0,0,0,0
122893,2,1,0,0,0,0,0,0,0,0,0,0
122894,1,1,0,0,15,0,0,0,0,21,0,0
122894,2,1,0,3,0,6,0,0,0,0,0,0
122895,1,1,0,0,0,0,0,0,0,0,0,0
122895,2,1,0,0,0,0,0,0,0,0,0,0
122896,1,1,0,0,0,0,0,0,0,0,0,0
122896,2,1,0,0,0,0,0,0,0,0,0,0
122896,3,1,0,0,0,0,0,0,0,0,0,0
122897,1,1,20,0,29,0,20,0,0,36,14,26
122898,1,1,0,0,21,15,20,0,10,0,0,0
122898,2,1,0,10,0,0,0,0,0,0,0,0
122898,3,1,0,6,0,0,0,0,3,0,0,0
122898,4,1,0,0,0,0,0,0,0,0,0,0
122898,5,1,7,0,0,0,0,0,0,0,0,0
122899,0,1,0,0,0,0,0,0,0,0,0,0
122899,1,1,0,0,0,0,0,0,0,0,0,0
122900,1,1,0,0,0,0,0,9,25,0,18,0
122900,2,1,0,0,0,0,0,0,0,0,0,0
122900,3,1,0,0,0,0,0,0,0,0,0,0
122901,0,1,0,0,12,0,0,0,0,20,19,12
122901,1,1,0,0,0,11,0,0,0,0,0,0
122902,1,1,0,0,0,0,0,0,0,0,0,0
122902,2,1,0,0,0,0,0,0,0,0,0,0
122903,0,1,37,37,37,37,37,37,37,37,37,37
122903,1,1,0,0,0,0,0,0,0,0,0,0
122904,0,1,22,0,0,0,0,0,22,0,0,0
122904,1,1,0,16,12,0,23,0,0,6,0,13
122905,1,1,0,0,0,0,0,0,0,0,0,0
122905,2,1,0,0,0,0,0,0,0,0,0,0
122906,1,1,14,14,14,14,14,14,14,14,14,14
122907,1,1,18,18,18,18,18,18,18,18,18,18
122908,1,1,0,0,0,0,0,0,0,0,0,27
122908,2,1,7,7,7,7,7,7,7,7,7,7
122909,1,1,0,0,0,0,0,0,0,0,0,0
122910,0,1,0,0,0,0,0,0,0,0,14,15
122910,1,1,0,0,0,0,0,19,0,0,0,0
122911,1,1,0,0,0,0,0,17,0,0,0,0
122912,1,1,13,12,10,13,24,2,14,15,0,28
122912,2,1,0,0,0,0,0,0,0,0,20,6
122912,3,1,0,0,0,0,0,0,0,4,0,0
122912,4,1,0,0,0,0,0,0,0,0,0,0
122913,1,1,7,7,7,7,7,7,7,7,7,7
122913,2,1,0,0,0,0,0,0,0,0,0,0
122915,1,1,0,0,0,0,0,0,0,0,0,0
122915,2,1,0,21,0,0,0,0,0,0,0,0
122916,1,1,0,0,0,0,0,0,0,0,0,0
122916,2,1,0,0,0,0,16,0,0,0,24,0
122917,1,1,0,0,0,0,0,0,0,21,0,8
122917,2,1,0,0,0,0,0,0,0,0,0,26
122918,0,1,0,0,0,0,0,0,0,0,0,0
122918,1,1,0,0,0,0,0,0,0,0,0,0
122919,1,1,0,0,0,0,0,0,0,0,0,0
122919,2,1,0,0,0,0,0,0,0,0,0,0
122920,1,1,3,13,34,12,13,0,20,13,0,17
122921,1,1,0,0,0,0,0,0,0,0,0,13
122921,2,1,0,0,0,0,0,0,0,0,0,0
122921,3,1,0,0,0,0,0,0,0,0,0,0
122922,1,1,0,0,0,0,0,0,0,0,0,0
122922,2,1,0,0,0,0,0,0,0,0,0,0
122923,0,1,23,14,0,0,0,0,0,18,0,29
122923,1,1,0,0,0,0,0,26,11,0,0,0
122924,1,1,0,0,0,0,0,0,0,0,0,0
122924,2,1,0,0,0,0,0,0,0,0,0,0
122925,0,1,0,23,34,0,8,0,23,0,0,10
122925,1,1,0,0,0,0,0,0,0,0,0,0
122926,1,1,0,0,0,0,0,0,0,0,0,0
122926,2,1,0,0,0,7,0,0,0,0,0,0
122927,1,1,0,0,0,0,0,16,0,0,0,0
122927,2,1,0,0,0,0,11,0,0,0,6,18
122928,1,1,0,0,0,0,0,0,0,0,0,0
122928,2,1,0,0,0,0,0,0,0,0,0,0
122929,1,1,0,0,0,0,0,0,0,0,0,0
122930,0,1,0,0,0,0,0,0,0,0,0,0
122930,0,2,0,0,0,35,0,0,16,21,0,0
122930,1,1,0,0,0,0,0,0,5,0,0,16
122931,1,1,0,5,0,15,0,7,0,0,11,13
122932,0,1,0,0,0,0,12,0,0,0,0,0
122932,1,1,0,0,0,0,0,0,0,0,0,0
122933,1,1,16,17,10,0,0,0,0,0,21,0
122934,0,1,26,18,11,22,18,10,0,31,25,33
122934,1,1,0,0,0,0,0,0,0,0,0,0
122935,1,1,0,0,0,0,0,0,0,0,0,20
122935,2,1,0,0,0,0,0,0,0,0,0,0
122936,1,1,0,0,0,0,0,0,0,0,0,0
122937,1,1,0,0,0,0,0,0,0,0,0,0
122937,2,1,0,0,0,0,0,0,0,0,0,0
122938,1,1,12,0,19,23,0,25,15,15,18,0
122939,1,1,0,0,0,17,18,0,0,0,0,0
122939,2,1,0,0,0,0,0,0,0,0,0,0
122939,3,1,11,0,0,0,0,0,0,0,0,0
122940,1,1,0,5,15,20,16,11,13,10,7,20
122941,0,1,0,0,0,0,0,0,0,0,0,0
122941,0,2,0,0,0,0,0,0,0,0,0,0
122941,0,3,0,0,0,0,0,0,0,0,0,0
122941,0,4,0,0,0,0,0,0,0,0,0,0
122941,1,1,0,0,0,0,0,0,0,0,0,0
122941,2,1,0,0,0,0,0,0,0,0,0,0
122942,0,1,0,0,0,0,25,0,4,0,8,0
122942,1,1,0,0,12,0,0,8,0,0,0,0
122943,1,1,0,0,0,0,0,0,0,0,0,0
122943,2,1,0,0,0,0,0,0,0,0,0,0
122944,1,1,0,0,0,0,0,0,15,0,0,0
122944,2,1,0,0,0,0,0,0,0,0,0,0
122945,1,1,0,0,0,0,0,19,0,0,0,30
122947,1,1,0,0,0,0,0,0,0,0,0,0
122947,2,1,0,0,0,0,0,0,0,0,0,0
122948,1,1,25,25,25,25,25,25,25,25,25,25
122949,1,1,0,0,0,0,0,0,0,0,0,0
122949,2,1,0,0,0,0,0,0,0,0,0,0
122950,0,1,0,0,0,0,18,0,0,0,0,0
122950,1,1,0,0,0,0,0,0,0,0,0,0
122951,0,1,0,0,0,0,0,0,0,0,29,0
122951,1,1,0,0,0,0,0,0,0,0,0,0
122952,1,1,0,0,0,0,0,0,0,0,0,0
122952,2,1,0,2,0,0,0,0,0,0,0,0
122952,3,1,0,0,0,0,0,0,0,0,0,0
122953,1,1,14,3,7,27,6,16,23,16,11,11
122953,2,1,13,0,0,0,28,0,0,0,0,0
122954,1,1,0,0,0,0,0,0,0,0,0,0
122954,2,1,0,0,0,0,0,0,0,0,0,0
122954,3,1,0,0,0,0,36,0,0,0,0,0
122954,4,1,0,0,0,0,0,0,0,0,0,0
122955,1,1,0,0,0,0,0,0,0,0,0,0
122956,1,1,0,0,0,0,0,0,0,15,0,0
122957,1,1,0,0,16,0,5,0,0,0,19,0
122958,1,1,0,0,16,0,0,0,0,11,0,0
122958,2,1,0,0,0,0,0,0,0,0,0,0
122959,1,1,0,6,19,22,10,17,28,6,29,32
122959,2,1,0,19,0,10,21,0,0,0,12,0
122960,1,1,0,0,0,0,0,8,0,0,0,0
122960,2,1,0,0,0,0,0,0,0,0,0,0
122960,3,1,0,0,0,0,0,0,0,0,0,0
122961,1,1,0,0,0,0,0,0,0,0,0,0
122961,2,1,0,0,0,0,0,0,0,0,0,0
122961,3,1,0,0,0,0,0,0,0,0,0,0
122962,1,1,0,0,0,0,0,0,0,0,0,0
122962,2,1,0,0,0,0,0,0,0,0,0,0
122963,1,1,16,32,35,11,10,13,0,36,4,8
122963,2,1,0,0,0,0,0,0,0,0,0,0
122964,0,1,0,0,0,0,0,0,0,0,0,0
122964,1,1,0,0,0,0,0,0,0,0,0,0
122964,2,1,0,0,0,0,0,0,0,0,0,13
122965,1,1,0,0,0,0,0,0,0,0,0,0
122965,2,1,0,0,0,0,0,0,0,0,0,0
122966,1,1,0,0,0,0,0,0,0,14,0,0
122966,2,1,0,0,0,0,0,0,0,0,0,0
122967,0,1,0,0,0,0,0,0,0,0,0,0
122967,1,1,0,0,0,0,0,0,0,11,0,0
122968,1,1,6,0,5,21,0,0,0,0,0,0
122968,2,1,0,0,0,0,0,0,0,0,0,0
122969,1,1,0,0,0,0,0,0,0,0,0,0
122969,2,1,0,0,0,0,0,0,0,0,0,6
122970,0,1,0,0,0,0,0,0,0,0,0,0
122970,1,1,0,7,0,0,0,0,0,0,0,0
122971,1,1,0,0,0,0,0,0,0,0,0,0
122971,2,1,0,0,0,0,0,0,0,0,0,0
122972,1,1,11,11,11,11,11,11,11,11,11,11
122974,1,1,0,0,0,0,0,0,0,0,0,0
122974,2,1,0,0,0,0,0,0,0,0,0,18
122975,1,1,13,0,0,0,0,0,0,0,0,18
122975,2,1,0,0,0,0,0,0,0,0,0,0
122975,3,1,0,0,0,0,0,0,0,0,0,0
122976,1,1,8,5,13,24,18,8,9,16,12,30
122977,0,1,21,21,21,21,21,21,21,21,21,21
122977,1,1,14,23,13,0,0,0,0,0,0,0
122978,1,1,0,0,0,0,0,0,0,0,0,0
122978,2,1,0,0,0,0,0,0,0,0,0,14
122980,1,1,0,0,0,0,0,0,0,0,0,0
122980,2,1,0,0,25,0,0,0,0,0,0,0
122981,0,1,0,27,0,24,18,0,46,0,15,0
122981,1,1,0,0,0,0,0,0,0,0,0,0
122982,0,1,0,0,0,0,42,29,0,0,19,0
122982,1,1,0,0,0,0,0,0,0,0,0,12
122983,1,1,26,8,0,0,14,0,21,0,34,15
122984,0,1,0,0,0,0,0,0,0,0,0,0
122984,1,1,12,0,0,4,0,13,0,11,0,0
122985,1,1,26,26,26,26,26,26,26,26,26,26
122985,2,1,14,0,6,0,0,22,0,0,0,0
122986,1,1,39,39,39,39,39,39,39,39,39,39
122987,1,1,0,0,0,17,28,0,0,9,0,0
122989,0,1,0,0,0,0,0,0,0,0,0,0
122989,1,1,0,0,0,29,0,0,0,0,0,0
122990,1,1,0,0,0,0,0,0,0,0,0,0
122990,2,1,0,0,0,0,0,0,0,0,0,0
122991,1,1,21,19,19,0,33,12,2,18,9,0
122992,0,1,0,0,0,16,0,21,0,0,0,0
122992,1,1,0,22,0,0,0,0,0,0,0,0
122993,1,1,0,0,0,0,0,0,0,0,0,0
122993,2,1,6,0,0,0,0,0,0,14,12,0
122994,0,1,0,6,12,21,0,5,0,24,0,0
122994,1,1,0,0,0,0,0,0,0,0,28,0
122995,1,1,9,18,0,0,0,12,9,0,13,0
122995,2,1,0,0,0,0,0,0,0,0,0,0
122996,1,1,22,22,22,22,22,22,22,22,22,22
122996,2,1,2,2,2,2,2,2,2,2,2,2
122999,1,1,0,0,0,0,0,0,0,0,0,0
123000,0,1,0,30,0,46,0,19,10,0,19,0
123000,1,1,0,0,0,15,0,0,0,0,0,0
123001,0,1,0,0,0,0,0,0,0,0,0,0
123001,1,1,0,0,0,17,15,0,17,27,0,0
123002,1,1,0,0,0,0,0,7,0,0,0,0
123002,2,1,0,0,0,0,0,0,0,0,0,0
123003,1,1,0,8,3,11,0,7,0,15,0,0
123003,2,1,0,0,0,0,0,0,0,0,0,0
123006,1,1,8,8,8,8,8,8,8,8,8,8
123006,2,1,0,0,0,0,0,0,0,0,0,0
123006,3,1,0,0,0,0,0,0,0,0,0,0
123006,4,1,0,0,0,6,0,0,0,0,0,0
123008,0,1,10,0,0,0,0,0,0,0,0,0
123008,1,1,0,0,0,0,0,0,0,0,0,0
123009,0,1,0,0,17,0,0,7,0,0,25,0
123009,1,1,11,0,8,20,5,19,19,6,23,16
123011,0,1,36,0,0,0,0,0,33,0,0,0
123011,1,1,0,0,24,0,0,0,0,0,0,0
123015,1,1,0,0,0,0,0,0,0,0,0,0
123018,1,1,0,12,0,0,0,0,0,0,8,0
123019,1,1,0,0,0,0,0,0,0,0,0,0
123019,2,1,0,0,0,0,0,0,0,0,0,0
123020,0,1,0,0,0,0,0,0,0,21,0,0
123020,1,1,0,25,8,11,0,0,15,0,13,0
123021,1,1,0,0,0,0,0,0,0,0,0,0
123021,2,1,0,0,7,0,0,0,0,0,0,0
123024,0,1,22,13,30,15,42,29,20,15,15,16
123024,1,1,0,0,0,0,0,26,0,0,0,0
123026,1,1,0,0,0,0,0,0,0,0,0,0