ST_CASE,VEH_NO,PER_NO,P1,P2,P3,P4,P5,P6,P7,P8,P9,P10
123026,2,1,0,0,0,0,0,0,0,0,0,17
123027,1,1,0,0,0,12,0,0,0,0,0,0
123028,1,1,15,15,15,15,15,15,15,15,15,15
123029,0,1,0,0,0,0,0,0,0,0,0,0
123030,1,1,0,0,0,0,0,0,0,0,0,0
123030,2,1,0,0,0,0,0,0,0,0,0,0
123031,1,1,0,0,0,22,0,0,0,0,0,0
123031,2,1,0,0,0,0,0,0,0,0,0,0
123032,1,1,11,21,12,7,0,19,8,21,25,9
123032,2,1,0,15,0,0,0,0,7,0,0,0
123033,1,1,22,22,22,22,22,22,22,22,22,22
123033,2,1,0,0,0,0,0,0,0,0,0,0
123034,1,1,0,0,0,0,11,0,0,0,0,0
123034,2,1,0,0,0,0,0,0,0,0,0,0
123035,1,1,0,7,0,62,25,0,17,39,0,16
123035,2,1,21,0,0,0,0,0,0,0,0,0
123036,1,1,0,30,0,0,0,0,0,0,0,0
123037,0,1,0,0,0,0,0,8,0,0,0,0
123037,1,1,10,0,11,0,27,0,0,18,8,0
123038,0,1,0,0,10,0,0,0,0,0,28,24
123038,0,2,0,23,0,0,0,0,0,0,0,0
123038,1,1,4,0,12,0,0,0,0,0,0,0
123039,0,1,0,25,0,0,0,0,0,0,0,0
123039,1,1,0,0,0,0,7,0,0,0,0,17
123040,0,1,0,0,0,0,18,0,35,0,26,0
123040,1,1,0,0,21,0,11,0,0,0,16,0
123040,2,1,0,0,0,27,0,0,0,0,0,0
123040,3,1,0,0,0,0,0,0,0,0,0,0
123040,4,1,6,0,0,0,0,0,0,30,0,0
123041,0,1,0,30,16,25,0,0,9,12,0,0
123041,1,1,0,0,0,0,0,0,0,0,0,0
123042,1,1,0,0,8,0,0,0,0,0,0,0
123043,1,1,0,0,0,0,0,0,0,0,0,0
123044,1,1,15,16,0,19,0,0,15,15,12,0
123044,2,1,0,0,0,0,0,0,0,0,0,0
123044,3,1,0,0,0,0,0,14,0,0,0,0
123045,1,1,0,0,0,0,0,0,0,0,0,0
123045,2,1,0,0,0,0,0,0,26,0,0,0
123046,1,1,0,0,0,0,0,0,0,16,0,0
123046,2,1,0,0,0,0,0,0,0,0,0,0
123046,3,1,0,0,0,0,0,0,0,0,0,0
123047,0,1,7,0,28,0,0,17,0,47,39,16
123047,1,1,15,15,15,15,15,15,15,15,15,15
123048,0,1,0,0,0,0,0,0,0,0,0,0
123048,1,1,0,0,0,0,0,0,0,0,0,0
123049,1,1,0,0,0,0,0,0,0,0,0,0
123049,2,1,0,0,0,0,0,0,0,0,0,0
123050,1,1,0,2,0,0,0,0,0,0,0,0
123050,2,1,12,0,0,11,0,6,0,0,5,0
123051,0,1,0,0,0,0,0,0,0,0,0,0
123051,1,1,0,0,0,18,0,0,0,0,0,0
123052,1,1,0,0,0,0,0,0,0,0,17,0
123052,2,1,16,0,0,0,0,0,0,0,8,0
123052,3,1,8,0,0,0,7,0,0,0,10,29
123053,1,1,30,30,30,30,30,30,30,30,30,30
123053,2,1,0,21,26,0,0,12,0,30,15,14
123054,1,1,9,6,19,14,27,6,11,0,11,0
123055,0,1,38,0,0,7,42,15,0,0,8,0
123055,1,1,4,5,7,0,0,4,0,0,0,7
123056,0,1,0,9,17,0,0,39,0,0,0,21
123056,1,1,16,10,26,13,30,16,9,0,17,8
123056,2,1,0,16,0,0,11,0,0,0,0,0
123056,3,1,0,0,0,0,0,0,16,0,0,0
123057,1,1,34,0,37,17,0,40,9,26,16,22
123058,0,1,32,20,28,10,17,19,16,30,22,22
123058,1,1,0,0,0,0,0,0,0,0,0,0
123058,2,1,0,0,0,0,0,0,0,0,0,0
123059,1,1,0,0,0,0,0,0,0,0,0,0
123059,2,1,0,0,0,0,0,0,0,0,0,0
123060,0,1,0,9,23,20,0,0,20,0,0,0
123060,1,1,0,0,0,0,0,0,0,0,0,0
123061,0,1,0,20,0,0,16,0,18,0,0,22
123061,1,1,0,0,0,0,13,0,0,0,0,22
123061,2,1,30,0,23,0,0,0,0,0,0,0
123062,0,1,0,0,0,0,0,0,0,0,0,0
123062,1,1,0,0,0,0,0,0,0,0,0,0
123063,0,1,0,0,0,40,0,21,0,0,0,0
123063,1,1,0,0,0,0,0,0,0,0,0,0
123065,1,1,0,0,0,0,0,0,0,0,0,0
123066,1,1,0,0,0,0,0,0,0,0,0,0
123066,2,1,0,0,0,0,0,0,0,0,0,0
123067,1,1,0,29,0,19,0,0,13,5,0,47
123068,1,1,0,0,0,0,0,0,0,0,0,0
123068,2,1,6,0,0,0,0,0,0,0,0,0
123068,3,1,0,0,0,0,0,0,0,0,29,0
123069,1,1,0,0,0,0,0,0,0,0,0,0
123070,1,1,0,0,0,0,0,0,0,0,0,0
123070,2,1,0,0,0,0,0,0,0,0,0,0
123071,1,1,33,33,33,33,33,33,33,33,33,33
123071,2,1,0,0,0,0,0,0,0,0,0,0
123071,3,1,0,0,0,0,0,0,0,0,0,0
123072,1,1,8,0,0,0,0,0,0,0,18,18
123072,2,1,0,0,0,0,0,0,0,0,0,0
123073,0,1,0,0,0,0,0,0,0,0,11,0
123073,1,1,12,9,19,16,0,12,13,18,8,29
123073,2,1,0,0,8,0,0,0,0,5,10,0
123074,1,1,0,0,0,0,0,25,0,12,0,22
123074,2,1,0,0,0,0,0,0,0,0,16,0
123075,1,1,0,0,0,0,10,0,0,0,0,20
123075,2,1,15,0,0,0,6,0,0,10,8,0
123076,0,1,0,0,0,0,0,24,17,0,6,0
123076,1,1,20,0,0,19,0,0,0,0,0,0
123077,1,1,0,0,0,0,0,0,0,0,0,0
123077,2,1,0,0,0,0,0,0,0,0,0,0
123078,0,1,0,0,0,0,13,0,0,0,0,0
123078,1,1,0,0,0,10,0,0,0,0,0,0
123079,1,1,0,0,0,0,0,0,0,0,0,0
123080,0,1,0,0,0,0,0,0,0,0,0,0
123080,1,1,0,0,0,0,0,0,0,0,0,0
123081,1,1,0,0,3,0,13,0,23,9,0,0
123081,2,1,0,0,0,0,0,0,0,0,0,0
123082,1,1,0,0,0,0,0,0,0,0,0,0
123082,2,1,0,0,0,0,0,0,0,0,0,0
123083,1,1,0,15,9,14,17,0,0,0,0,8
123084,0,1,0,0,0,0,0,0,0,0,0,0
123084,1,1,0,0,0,0,0,0,0,0,0,0
123085,1,1,0,0,0,0,0,0,0,0,0,0
123085,2,1,0,0,0,0,0,0,0,0,0,0
123085,3,1,0,0,0,0,0,0,0,0,0,0
123086,0,1,3,3,3,3,3,3,3,3,3,3
123086,1,1,0,14,0,0,0,0,0,0,0,0
123087,1,7,0,0,0,0,10,0,0,9,10,11
123088,1,1,0,0,0,0,0,0,0,0,0,0
123088,2,1,0,0,0,0,0,0,0,0,0,0
123088,3,1,0,0,0,0,0,0,0,0,0,0
123089,1,1,0,14,0,0,0,0,0,0,0,0
123092,1,1,27,0,0,22,12,0,0,0,0,15
123093,1,1,0,0,0,0,0,0,0,0,0,0
123093,2,1,0,0,0,0,0,0,0,0,0,0
123094,1,1,15,0,0,0,0,0,0,0,0,0
123094,2,1,0,0,0,0,0,0,0,0,0,0
123095,1,1,0,0,0,0,0,0,0,0,0,0
123095,2,1,17,17,17,17,17,17,17,17,17,17
123096,0,1,18,18,18,18,18,18,18,18,18,18
123096,1,1,18,18,18,18,18,18,18,18,18,18
123097,1,1,0,0,0,0,20,6,8,0,0,13
123097,2,1,0,0,0,0,0,0,0,0,0,0
123098,1,1,0,0,0,0,0,0,0,0,0,0
123098,2,1,0,0,0,0,0,0,0,0,8,32
123099,1,1,0,0,0,15,10,16,0,2,19,0
123099,2,1,0,0,0,0,0,0,0,0,0,0
123100,1,1,0,0,0,0,0,0,0,0,0,0
123101,1,1,0,0,0,0,0,0,0,0,0,0
123101,2,1,0,19,0,11,27,8,18,12,8,18
123101,3,1,0,0,0,0,0,0,0,0,0,0
123102,1,1,0,0,0,0,0,0,0,0,0,0
123102,2,1,0,8,0,25,0,0,0,0,0,0
123103,1,1,27,30,16,21,18,17,26,6,7,20
123104,0,1,0,0,0,0,0,0,0,0,0,0
123104,1,1,0,13,0,0,0,0,0,13,0,5
123105,1,1,19,0,12,0,0,28,0,0,6,14
123105,2,1,0,0,0,0,0,0,0,0,0,0
123106,1,1,0,0,0,0,0,0,0,16,20,0
123106,2,1,0,0,0,0,0,0,0,0,0,0
123107,1,1,0,9,0,10,0,0,0,16,0,0
123107,2,1,0,0,0,0,0,0,0,0,0,0
123108,0,1,24,24,24,24,24,24,24,24,24,24
123108,1,1,0,0,0,25,0,0,0,0,0,0
123108,2,1,0,0,0,0,16,0,0,0,0,0
123109,1,1,32,0,0,0,17,0,0,0,0,0
123110,0,1,16,37,12,22,29,18,22,16,20,21
123110,1,1,0,0,0,0,0,0,0,0,0,0
123111,1,1,0,0,0,0,0,0,0,0,0,0
123111,2,1,0,0,0,0,0,0,0,0,0,0
123112,1,1,18,11,11,17,18,12,18,0,28,0
123113,1,1,0,21,0,0,0,0,0,0,0,0
123113,2,1,0,0,0,0,0,0,0,0,17,0
123114,0,1,0,0,0,25,0,0,0,0,0,15
123114,1,1,0,19,0,0,0,0,19,0,0,0
123115,1,1,0,0,0,0,0,0,0,0,0,0
123116,1,1,0,0,0,0,18,0,0,0,0,0
123116,2,1,0,0,0,0,0,0,0,0,0,0
130001,1,1,0,0,0,0,12,0,0,0,0,0
130001,2,1,0,0,0,0,0,0,0,0,0,0
130002,1,1,0,0,0,37,13,0,0,0,15,0
130003,1,1,0,0,0,0,0,0,0,0,0,0
130004,1,1,0,0,0,0,0,0,0,0,0,0
130004,2,1,0,0,0,0,0,0,0,0,0,0
130005,1,1,0,0,0,0,0,0,0,0,0,0
130006,1,1,19,19,19,19,19,19,19,19,19,19
130006,2,1,0,0,0,0,0,0,0,0,0,0
130007,1,1,7,7,7,7,7,7,7,7,7,7
130008,1,1,24,27,28,31,13,15,18,25,11,6
130009,1,1,0,0,17,0,0,0,0,0,0,0
130009,2,1,0,0,0,0,0,0,0,0,0,0
130010,2,1,0,0,0,0,0,0,0,0,0,0
130011,0,1,23,23,23,23,23,23,23,23,23,23
130011,1,1,0,0,0,7,0,0,0,0,0,0
130012,1,1,0,0,0,0,0,0,0,0,0,0
130013,0,1,0,0,0,0,0,0,0,0,0,0
130013,1,1,0,0,0,0,0,0,0,0,0,0
130014,0,1,0,0,0,0,0,0,0,0,0,0
130014,1,1,0,0,0,0,0,0,0,0,0,25
130015,1,1,3,8,15,24,13,0,0,0,0,0
130016,0,1,24,24,24,24,24,24,24,24,24,24
130016,1,1,0,0,0,0,0,0,0,15,0,0
130017,1,1,0,0,0,0,0,0,0,0,0,0
130017,2,1,0,0,0,0,0,0,0,0,0,0
130018,1,1,0,0,0,0,0,0,0,0,0,0
130018,2,1,0,0,0,0,0,0,0,0,0,0
130018,3,1,0,0,0,0,0,0,0,0,0,0
130018,4,1,0,0,0,0,0,0,0,0,0,0
130019,1,1,0,0,0,0,0,0,0,0,0,0
130020,1,1,0,0,0,0,0,0,0,0,0,0
130020,2,1,0,0,0,0,0,0,0,0,0,0
130021,1,1,5,5,5,5,5,5,5,5,5,5
130022,1,1,0,0,0,0,0,0,0,0,0,0
130023,0,1,28,28,28,28,28,28,28,28,28,28
130023,1,1,26,23,0,11,0,0,25,6,0,0
130024,1,1,0,11,0,12,28,16,12,16,24,19
130025,1,1,0,0,0,0,14,0,0,0,0,0
130026,1,1,27,27,27,27,27,27,27,27,27,27
130027,1,1,0,0,0,0,0,0,0,0,0,0
130028,1,1,6,27,6,22,7,15,20,4,17,10
130029,1,1,14,14,14,14,14,14,14,14,14,14
130030,1,1,14,14,14,14,14,14,14,14,14,14
130030,2,1,0,0,0,0,0,0,0,0,0,0
130031,1,1,0,0,0,13,0,0,0,0,0,0
130031,2,1,0,0,0,0,0,0,0,0,0,0
130032,1,1,21,30,0,20,0,0,0,0,32,0
130033,1,1,0,0,0,0,0,0,0,0,0,0
130033,2,1,0,0,0,0,0,0,0,0,0,0
130034,1,1,0,0,0,0,0,0,0,0,0,0
130034,2,1,0,0,0,0,0,0,0,0,0,0
130035,1,1,0,0,0,0,0,0,0,0,0,0
130035,2,1,0,0,0,0,0,0,0,0,14,15
130036,1,1,0,0,12,0,0,0,0,0,0,0
130037,0,1,0,0,0,0,0,0,0,0,0,0
130037,1,1,0,0,0,0,0,0,0,0,0,0
130038,1,1,0,0,0,0,0,0,0,0,0,0
130039,1,1,0,0,0,0,0,0,0,0,0,0
130040,1,1,0,23,0,0,0,0,0,0,0,0
130041,0,1,12,12,12,12,12,12,12,12,12,12
130041,1,1,0,0,0,0,0,0,0,0,0,0
130042,1,1,0,0,0,0,0,0,0,0,0,0
130042,2,1,0,0,0,0,0,0,0,0,0,0
130043,1,1,0,0,0,0,0,0,0,0,0,0
130044,1,1,9,0,0,0,0,0,0,0,0,0
130044,2,1,0,0,0,0,0,0,0,0,0,0
130045,0,1,0,0,0,22,0,0,0,0,29,0
130045,1,1,0,0,0,0,0,0,0,0,0,0
130046,1,1,0,0,0,9,0,0,0,0,0,0
130046,2,1,0,0,0,0,0,0,0,0,0,0
130047,1,1,0,0,0,0,0,0,0,0,0,0
130048,1,1,0,0,0,0,0,0,0,0,0,0
130048,2,1,0,0,0,0,0,0,0,0,0,0
130049,1,1,0,0,0,0,0,0,0,0,0,0
130049,2,1,0,0,0,0,0,0,0,0,0,0
130050,0,1,36,36,36,36,36,36,36,36,36,36
130050,1,1,0,0,0,0,0,0,0,0,0,0
130051,1,1,0,0,0,0,0,0,0,0,0,0
130052,1,1,0,0,0,0,0,0,0,0,0,0
130052,2,1,0,0,0,0,0,0,0,0,0,0
130053,1,1,0,0,0,0,0,0,0,0,0,0
130053,2,1,0,0,0,0,0,0,0,0,0,0
130053,3,1,0,0,0,0,0,0,27,11,0,0
130054,1,1,12,12,12,12,12,12,12,12,12,12
130055,1,1,15,15,15,15,15,15,15,15,15,15
130055,2,1,0,0,0,0,0,0,0,0,0,0
130055,3,1,0,0,0,0,0,0,0,11,0,0
130056,1,1,0,0,0,0,0,0,0,0,0,0
130057,1,1,0,0,0,0,0,0,0,0,0,0
130057,2,1,0,0,0,25,0,0,0,0,0,0
130057,3,1,0,0,0,0,0,0,0,0,0,0
130058,1,1,0,0,17,0,0,12,11,0,2,15
130058,2,1,0,0,0,0,0,0,0,0,0,0
130059,0,1,0,17,27,21,0,0,0,10,0,15
130059,1,1,27,0,0,0,0,0,0,0,0,0
130060,1,1,4,4,4,4,4,4,4,4,4,4
130060,2,1,0,5,0,0,0,0,0,0,0,9
130061,1,1,0,0,0,0,0,0,0,0,0,0
130061,2,1,0,0,0,0,0,0,0,0,0,0
130062,1,1,0,0,0,0,0,0,0,0,0,0
130063,0,1,39,39,39,39,39,39,39,39,39,39
130063,1,1,0,0,0,0,0,0,0,0,0,0
130064,1,1,0,0,0,0,0,0,0,0,0,0
130065,1,1,0,0,0,0,0,0,0,0,0,0
130065,2,1,0,0,0,0,0,0,0,0,0,0
130066,1,1,20,20,20,20,20,20,20,20,20,20
130067,1,1,0,0,0,0,0,0,0,0,0,0
130068,0,1,33,0,0,14,0,0,0,0,0,10
130068,1,1,0,0,0,0,0,0,0,0,0,0
130069,1,1,0,0,0,0,0,0,0,0,0,0
130070,1,1,0,12,0,29,0,0,0,0,0,0
130070,2,1,0,0,0,0,0,0,0,0,0,0
130071,1,1,0,0,0,0,0,0,0,0,0,0
130071,2,1,0,0,0,0,0,0,9,0,0,0
130072,1,1,0,0,0,0,0,0,0,0,0,0
130073,0,1,32,0,0,0,0,0,0,0,0,0
130073,1,1,0,0,0,0,0,0,0,0,0,0
130074,1,1,0,0,0,0,0,0,0,0,0,0
130074,2,1,0,0,0,0,0,0,0,0,0,0
130075,1,1,0,0,0,0,19,0,0,0,0,0
130075,2,1,0,0,0,0,0,0,0,0,0,0
130075,3,1,0,0,0,0,0,0,0,0,0,0
130076,1,1,22,22,22,22,22,22,22,22,22,22
130077,1,1,0,0,0,0,0,0,0,0,0,0
130078,0,1,30,22,34,25,12,15,22,17,11,21
130078,1,1,6,0,0,0,0,27,0,0,0,0
130079,1,1,0,0,0,0,0,0,0,0,0,0
130080,1,1,14,14,14,14,14,14,14,14,14,14
130081,1,1,16,16,16,16,16,16,16,16,16,16
130082,1,1,0,0,0,0,0,0,0,0,0,0
130082,2,1,0,0,0,0,0,0,0,0,0,0
130083,1,1,0,0,0,0,0,0,0,0,0,0
130083,2,1,0,0,0,0,0,0,0,0,0,0
130084,0,1,0,0,0,0,0,0,0,23,0,0
130084,1,1,12,0,0,0,0,0,0,0,0,0
130085,1,1,0,0,0,0,0,0,0,0,0,0
130086,1,1,0,0,0,0,0,0,0,0,0,0
130086,2,1,0,10,0,0,0,0,0,0,0,0
130087,0,1,0,0,0,0,0,0,0,0,0,0
130087,1,1,0,0,0,0,0,0,0,0,0,0
130088,1,1,19,0,16,9,6,8,33,22,0,8
130089,1,1,0,6,0,9,0,12,0,0,12,0
130090,1,1,18,0,0,0,0,0,0,0,22,0
130090,2,1,0,0,0,0,0,0,0,0,0,0
130091,1,1,0,0,0,0,0,0,0,0,12,0
130091,2,1,0,0,0,0,0,0,0,0,0,0
130092,1,1,0,0,0,0,0,0,0,0,0,0
130092,2,1,0,0,0,0,0,0,0,0,0,0
130093,0,1,0,0,0,11,0,0,16,21,31,12
130093,1,1,0,12,0,0,0,0,0,0,0,0
130094,0,1,11,11,11,11,11,11,11,11,11,11
130094,1,1,0,0,0,0,0,0,0,0,0,0
130095,1,1,0,0,0,0,0,0,0,0,0,0
130096,1,1,0,0,0,0,0,0,0,0,0,0
130096,2,1,0,0,0,0,0,0,0,0,0,0
130097,1,1,0,0,0,0,0,0,0,0,0,0
130097,2,1,0,0,0,0,0,0,0,0,0,0
130098,1,1,0,0,0,0,0,0,0,0,0,0
130098,2,1,0,0,0,0,0,0,0,0,0,0
130099,1,1,0,0,0,0,0,0,0,0,0,0
130099,2,1,0,0,0,0,11,0,0,0,0,0
130099,3,1,0,0,0,0,0,0,0,0,0,0
130100,1,1,0,0,0,0,0,0,0,0,0,0
130100,2,1,0,0,0,0,0,0,0,0,0,0
130101,1,1,0,0,0,26,9,23,0,14,0,9
130102,1,1,0,0,0,0,0,0,0,0,0,0
130102,2,1,0,0,0,0,0,0,0,0,0,0
130103,1,1,6,6,6,6,6,6,6,6,6,6
130103,2,1,0,0,0,0,0,0,0,0,0,0
130103,3,1,0,0,0,0,0,0,0,34,0,0
130104,1,1,0,0,0,0,0,0,0,0,0,0
130104,2,1,0,0,0,0,0,0,0,0,0,0
130105,1,1,0,0,0,0,0,0,0,0,0,0
130105,2,1,0,0,0,0,0,0,0,0,0,0
130106,1,1,0,0,0,6,0,0,0,13,14,15
130107,0,1,0,0,0,0,0,17,0,0,0,0
130107,0,2,0,0,0,0,0,0,0,0,0,0
130107,1,1,0,0,14,0,0,21,10,7,0,0
130108,1,1,17,17,17,17,17,17,17,17,17,17
130108,2,1,0,0,0,0,0,0,0,0,0,0
130109,1,1,0,0,0,0,0,0,0,0,3,0
130109,2,1,0,0,0,0,0,0,0,0,0,0
130110,0,1,12,12,12,12,12,12,12,12,12,12
130110,1,1,0,0,0,0,0,0,0,0,0,0
130111,1,1,0,0,0,0,0,0,0,0,0,0
130112,1,1,0,0,0,0,0,0,0,0,0,0
130113,1,1,13,13,13,13,13,13,13,13,13,13
130113,2,1,0,0,0,0,0,0,0,0,0,0
130114,0,1,0,0,19,0,0,0,0,0,0,0
130114,1,1,15,0,0,15,0,0,0,0,0,0
130115,0,1,39,39,39,39,39,39,39,39,39,39
130115,1,1,0,0,20,0,0,0,0,0,12,0
130116,1,1,0,0,0,0,0,0,0,0,0,0
130116,2,1,0,0,0,0,0,0,0,0,0,0
130117,1,1,0,0,0,0,0,0,0,0,0,0
130118,1,1,0,0,0,0,0,0,0,0,0,0
130118,2,1,0,0,0,0,0,0,0,0,0,0
130119,1,1,0,0,0,0,0,0,0,0,0,0
130119,2,1,0,0,0,0,0,0,0,0,0,0
130120,1,1,16,16,16,16,16,16,16,16,16,16
130121,1,1,0,0,4,0,0,0,0,0,0,0
130121,2,1,0,0,0,0,0,0,0,0,0,0
130122,1,1,0,0,0,0,0,0,0,0,0,0
130122,2,1,0,0,0,0,0,0,0,0,0,0
130123,1,1,28,18,23,22,7,14,23,10,7,18
130123,2,1,0,0,0,0,0,0,0,0,0,0
130124,1,1,0,0,0,0,0,0,0,0,0,0
130124,2,1,0,0,0,0,0,0,0,0,0,0
130125,1,1,0,0,0,0,0,0,0,0,0,0
130125,2,1,0,0,0,0,0,0,0,0,0,0
130126,1,1,21,3,24,20,17,3,23,11,13,5
130126,2,1,0,0,0,0,0,0,0,0,0,0
130127,1,1,0,0,0,0,0,0,0,0,0,0
130128,1,1,18,18,18,18,18,18,18,18,18,18
130129,0,1,30,30,30,30,30,30,30,30,30,30
130129,1,1,0,0,0,0,0,0,0,0,0,0
130130,1,1,0,10,0,12,21,0,15,0,0,13
130130,2,1,16,0,0,18,8,21,0,0,0,36
130131,1,1,19,19,19,19,19,19,19,19,19,19
130131,2,1,0,0,0,0,0,0,0,0,0,0
130131,3,1,0,0,0,0,0,0,0,0,3,0
130132,1,1,22,22,22,22,22,22,22,22,22,22
130132,2,1,0,0,0,0,0,0,0,0,0,0
130133,1,1,0,0,0,0,0,28,0,0,0,0
130133,2,1,0,0,4,0,0,0,0,0,0,0
130134,1,1,18,18,18,18,18,18,18,18,18,18
130134,2,1,0,0,0,0,0,0,0,0,0,0
130135,1,1,40,40,40,40,40,40,40,40,40,40
130135,2,1,0,0,0,0,17,0,0,0,0,0
130135,3,1,0,0,0,0,28,0,0,0,0,0
130136,0,1,0,12,0,0,0,0,0,0,0,0
130136,1,1,0,0,0,0,35,0,0,0,0,0
130137,1,1,5,5,5,5,5,5,5,5,5,5
130137,2,1,0,0,0,0,0,0,0,0,0,0
130138,0,1,0,0,0,0,0,0,0,0,0,0
130138,1,1,0,0,0,0,0,0,0,0,0,0
130139,1,1,0,0,0,0,0,0,0,0,0,0
130140,1,1,4,4,4,4,4,4,4,4,4,4
130140,2,1,0,0,0,0,0,0,0,0,0,0
130140,3,1,0,0,0,0,15,0,0,0,0,0
130140,4,1,0,0,0,0,0,0,0,0,0,0
130140,5,1,0,0,0,0,0,0,0,0,0,0
130140,6,1,0,0,0,0,0,0,0,0,0,0
130141,1,1,6,6,6,6,6,6,6,6,6,6
130141,2,1,0,0,0,0,0,0,0,0,0,0
130142,1,1,0,0,0,0,0,0,0,0,0,0
130143,1,1,10,10,10,10,10,10,10,10,10,10
130144,1,1,0,0,0,0,0,0,0,0,0,0
130144,2,1,0,0,0,0,0,0,0,0,0,0
130145,1,1,0,0,0,0,0,0,0,0,0,0
130146,1,1,0,0,0,0,0,0,0,0,0,0
130146,2,1,0,0,0,0,0,0,0,0,0,0
130147,1,1,0,0,0,0,0,0,0,0,0,0
130147,2,1,0,0,0,0,0,0,0,0,0,0
130148,1,1,0,0,0,0,0,0,0,0,0,0
130149,1,1,29,29,29,29,29,29,29,29,29,29
130149,2,1,0,22,14,0,0,0,0,0,35,0
130150,1,1,23,12,40,13,28,31,12,9,12,24
130151,1,1,0,0,0,23,0,0,0,0,0,0
130152,1,1,0,6,0,0,0,0,0,0,0,0
130153,0,1,19,0,0,27,0,25,0,16,0,0
130153,1,1,0,0,0,0,0,0,0,0,0,0
130154,1,1,0,0,0,0,0,0,0,0,0,0
130154,2,1,0,0,0,0,0,0,0,0,0,0
130155,1,1,0,0,0,0,0,0,0,0,0,0
130155,2,1,0,0,0,14,0,0,0,0,0,0
130156,1,1,12,12,12,12,12,12,12,12,12,12
130156,2,1,0,0,0,0,4,0,0,0,0,0
130157,1,1,0,12,33,0,0,0,0,20,0,0
130158,0,1,0,0,0,0,0,0,0,0,0,0
130158,1,1,0,0,0,0,6,0,0,0,0,39
130159,1,1,0,0,0,0,0,0,0,31,0,0
130159,2,1,8,8,8,8,8,8,8,8,8,8
130160,1,1,0,0,0,0,26,0,0,0,0,0
130160,2,1,0,0,15,0,0,0,0,0,0,0
130160,3,1,0,0,0,0,0,0,0,0,0,0
130161,1,1,30,30,30,30,30,30,30,30,30,30
130162,0,1,11,41,19,12,20,0,14,17,0,8
130162,1,1,0,0,0,0,0,0,0,0,0,0
130163,1,1,0,0,0,0,0,0,0,0,0,0
130163,2,1,0,0,0,0,0,0,0,0,0,0
130164,1,1,15,0,0,10,0,0,0,0,0,0
130165,1,1,0,0,0,0,0,0,0,0,0,0
130165,2,1,0,0,0,0,0,0,0,0,0,0
130165,3,1,0,0,0,0,0,0,0,0,0,0
130166,1,1,0,0,0,0,0,0,0,0,0,0
130167,0,1,0,0,0,0,0,0,0,0,0,0
130167,1,1,0,0,0,0,0,0,0,0,0,0
130168,1,1,0,0,0,0,0,0,0,0,0,0
130168,2,1,0,8,0,0,0,0,0,0,0,0
130169,1,1,26,35,12,6,15,19,20,7,17,10
130170,1,1,9,0,32,0,0,0,0,0,0,0
130171,1,1,19,23,0,0,24,0,0,0,0,0
130172,1,1,21,21,21,21,21,21,21,21,21,21
130172,2,1,0,0,0,0,0,0,0,0,0,0
130172,3,1,0,0,0,0,0,0,0,0,0,0
130172,4,1,0,0,0,0,0,0,0,0,0,0
130172,5,1,0,0,0,0,0,0,0,0,0,0
130173,0,1,0,0,0,19,0,0,0,0,0,0
130173,1,1,0,0,0,0,0,0,0,9,0,0
130174,1,1,0,0,0,0,0,0,0,0,15,0
130175,1,1,0,0,0,0,0,0,0,0,0,0
130175,2,1,0,0,0,0,0,0,0,0,0,0
130176,1,1,0,0,0,0,0,0,0,0,0,0
130176,2,1,0,0,0,0,0,0,0,0,0,0
130177,1,1,0,0,0,0,0,0,42,0,0,0
130177,2,1,0,0,0,0,0,0,0,0,0,0
130178,1,1,0,0,0,0,0,0,0,0,0,0
130178,2,1,0,0,0,0,0,0,0,0,0,0
130179,1,1,0,0,0,0,0,0,0,0,0,0
130179,2,1,0,0,0,0,0,0,0,0,0,0
130180,1,1,0,0,0,0,9,0,0,0,0,0
130180,2,1,0,0,0,0,0,23,0,0,0,0
130181,1,1,0,0,0,0,6,0,0,0,0,0
130182,1,1,0,0,0,0,0,0,0,0,0,0
130182,2,1,0,12,0,0,0,0,0,0,0,14
130183,1,1,6,6,6,6,6,6,6,6,6,6
130183,2,1,0,0,0,0,14,0,0,0,0,0
130184,1,1,15,15,15,15,15,15,15,15,15,15
130185,1,1,0,0,0,0,0,0,0,0,0,0
130185,2,1,0,0,0,0,0,0,0,0,0,0
130186,1,1,0,0,0,0,0,0,0,0,0,0
130187,1,1,0,0,0,0,0,0,0,0,0,0
130188,0,1,0,0,0,0,0,0,0,0,0,0
130188,1,1,15,0,0,0,0,0,0,0,0,0
130189,1,1,5,5,5,5,5,5,5,5,5,5
130190,0,1,23,23,23,23,23,23,23,23,23,23
130190,1,1,25,0,0,0,0,0,23,0,0,0
130190,2,1,13,0,5,18,0,0,31,22,20,16
130191,1,1,11,11,11,11,11,11,11,11,11,11
130192,1,1,12,12,12,12,12,12,12,12,12,12
130193,1,1,0,0,0,0,0,0,0,0,0,0
130194,1,1,0,0,0,0,0,0,0,0,0,0
130195,1,1,0,0,0,0,0,0,0,0,0,0
130195,2,1,0,0,0,0,0,0,0,0,0,0
130196,1,1,0,0,0,0,0,26,20,0,0,0
130197,1,1,0,0,0,0,0,0,0,0,0,0
130197,2,1,0,0,0,0,0,0,0,0,0,0
130198,1,1,0,0,0,0,0,0,0,0,0,0
130198,2,1,0,0,0,0,0,0,0,0,0,0
130199,1,1,9,9,9,9,9,9,9,9,9,9
130199,2,1,0,0,0,0,0,0,0,0,0,0
130200,0,1,29,29,29,29,29,29,29,29,29,29
130200,1,1,11,15,32,0,0,28,0,15,11,9