ST_CASE,VEH_NO,PER_NO,P1,P2,P3,P4,P5,P6,P7,P8,P9,P10
130504,1,1,0,0,9,0,0,0,0,0,0,0
130504,2,1,0,0,0,5,0,0,0,0,0,0
130504,3,1,0,0,0,0,0,0,0,0,0,0
130504,4,1,0,0,0,0,0,0,0,0,0,0
130505,1,1,21,21,21,21,21,21,21,21,21,21
130505,2,1,0,0,0,0,0,0,0,0,0,0
130506,1,1,0,0,0,0,0,0,0,5,0,0
130506,2,1,0,0,0,0,0,0,0,0,0,0
130507,1,1,19,18,0,0,0,23,21,12,24,0
130508,1,1,33,0,15,30,0,11,13,19,0,15
130509,0,1,24,24,24,24,24,24,24,24,24,24
130509,1,1,0,0,0,0,0,0,0,0,0,0
130510,1,1,0,0,0,0,0,0,0,0,0,0
130510,2,1,0,0,0,0,0,0,0,0,0,0
130511,1,1,0,0,0,0,0,0,0,0,0,0
130511,2,1,0,0,0,0,0,0,0,0,0,0
130512,1,1,0,0,0,0,0,0,13,0,33,0
130512,2,1,0,0,0,0,0,0,0,0,0,0
130513,1,1,0,0,0,0,0,0,0,0,0,0
130514,0,1,26,26,26,26,26,26,26,26,26,26
130514,1,1,0,0,0,0,0,0,0,0,27,30
130515,1,1,15,0,0,0,0,0,0,0,0,0
130515,2,1,0,0,0,0,0,0,0,0,0,0
130516,1,1,0,0,0,0,0,0,0,0,0,0
130517,1,1,0,0,0,0,0,0,0,0,0,0
130517,2,1,0,0,0,0,0,0,0,0,0,0
130518,1,1,6,0,0,17,0,6,13,0,0,0
130518,2,1,0,0,0,0,0,0,0,12,21,0
130519,1,1,17,17,17,17,17,17,17,17,17,17
130520,1,1,0,0,0,0,0,0,0,0,0,0
130520,2,1,0,0,0,0,0,0,0,0,0,0
130521,1,1,0,0,0,0,0,0,0,0,0,0
130521,2,1,0,0,0,0,0,0,0,0,0,0
130522,1,1,0,0,0,0,0,0,0,25,0,0
130522,2,1,0,0,0,0,0,0,0,0,0,0
130523,1,1,0,0,0,0,0,0,0,0,0,0
130524,0,1,17,17,17,17,17,17,17,17,17,17
130524,1,1,0,0,14,0,0,0,0,0,0,24
130525,1,1,0,0,0,0,0,0,0,0,0,0
130526,1,1,12,12,12,12,12,12,12,12,12,12
130527,1,1,16,16,16,16,16,16,16,16,16,16
130527,2,1,0,0,0,0,0,0,0,0,0,0
130528,0,1,0,26,0,17,17,0,0,19,0,10
130528,1,1,0,0,0,0,0,0,0,0,0,0
130529,1,1,0,0,0,0,0,0,0,0,0,0
130530,1,1,36,36,36,36,36,36,36,36,36,36
130531,1,1,0,0,0,0,0,0,0,0,0,0
130531,2,1,0,0,0,0,0,0,0,0,0,0
130532,1,1,0,0,0,0,0,0,0,0,0,0
130532,2,1,0,0,0,0,0,0,0,0,0,0
130533,1,1,0,0,0,0,0,34,0,0,0,0
130534,1,1,0,0,17,0,0,0,0,0,0,0
130534,2,1,0,0,0,0,0,0,0,0,0,0
130535,1,1,18,18,18,18,18,18,18,18,18,18
130536,1,1,35,0,21,0,0,0,0,26,0,0
130537,1,1,20,20,20,20,20,20,20,20,20,20
130537,2,1,0,0,0,0,0,0,0,0,0,0
130538,1,1,0,0,0,0,0,0,0,0,0,0
130539,1,1,9,0,16,0,0,29,23,0,0,0
130539,2,1,0,0,0,0,0,0,0,0,0,0
130540,1,1,18,18,18,18,18,18,18,18,18,18
130541,1,1,0,0,0,0,0,0,0,0,0,0
130541,2,1,0,0,0,0,0,0,0,0,0,0
130541,3,1,0,0,0,0,0,0,0,0,0,0
130542,1,1,0,0,0,0,0,0,0,0,0,0
130542,2,1,0,0,0,0,0,0,0,0,0,0
130543,1,1,4,4,4,4,4,4,4,4,4,4
130544,1,1,0,0,0,0,0,0,0,0,0,0
130545,1,1,16,16,16,16,16,16,16,16,16,16
130545,2,1,0,0,0,0,0,0,0,0,0,0
130546,1,1,0,0,0,0,0,0,0,0,0,0
130547,0,1,20,20,20,20,20,20,20,20,20,20
130547,1,1,0,0,0,0,15,0,0,0,0,0
130548,1,1,0,0,0,0,0,0,0,0,0,0
130548,2,1,0,0,0,0,0,0,0,0,0,0
130549,1,1,19,20,0,23,0,0,0,0,10,0
130549,2,1,32,32,32,32,32,32,32,32,32,32
130550,1,1,0,0,0,0,13,0,0,0,13,0
130551,1,1,17,17,17,17,17,17,17,17,17,17
130552,1,1,0,0,0,0,0,5,0,0,0,0
130552,2,1,0,0,0,0,0,0,0,0,0,0
130553,1,1,0,0,0,0,0,0,0,0,0,0
130553,2,1,0,0,0,0,0,0,0,0,0,0
130554,0,1,16,16,16,16,16,16,16,16,16,16
130554,1,1,0,0,0,0,0,0,0,0,0,0
130554,2,1,9,0,0,0,0,0,0,0,12,0
130555,1,1,0,0,0,0,0,0,0,0,0,0
130555,2,1,14,14,14,14,14,14,14,14,14,14
130556,1,1,0,0,0,0,0,0,0,0,0,0
130557,1,1,11,44,0,16,0,0,16,0,0,19
130558,1,1,31,13,4,10,7,18,19,14,11,2
130559,1,1,2,0,0,0,0,0,0,0,0,0
130559,2,1,0,0,0,10,0,0,0,0,0,0
130560,1,1,0,0,0,0,0,0,0,0,0,0
130560,2,1,0,0,0,0,0,0,0,0,0,0
130561,1,1,0,0,0,0,0,0,0,0,0,0
130562,1,1,0,0,0,0,0,0,0,0,0,0
130563,1,1,0,0,0,0,0,0,0,17,0,0
130563,2,1,0,0,0,0,0,0,0,0,0,0
130564,1,1,0,0,0,0,0,0,0,0,0,0
130564,2,1,0,0,0,0,0,0,0,0,0,0
130565,1,1,0,0,0,0,0,0,0,0,0,0
130565,2,1,0,0,0,0,0,0,0,0,0,0
130566,0,1,0,0,0,0,0,0,0,0,0,0
130566,1,1,0,0,0,0,0,0,0,0,0,0
130567,0,1,0,0,0,0,0,0,0,0,0,0
130567,1,1,0,0,0,0,0,0,0,0,0,0
130568,1,1,0,0,0,0,0,0,0,0,0,0
130568,2,1,0,0,0,0,0,0,0,0,0,0
130569,1,1,0,0,0,0,0,0,0,0,0,0
130569,2,1,0,0,0,0,0,0,0,0,0,0
130570,1,1,0,0,0,0,0,0,0,0,0,0
130570,2,1,0,0,0,0,0,0,0,0,0,0
130571,1,1,0,0,0,0,0,0,0,0,14,0
130571,2,1,0,0,0,0,0,0,0,0,0,0
130571,3,1,37,37,37,37,37,37,37,37,37,37
130571,4,1,0,0,0,0,0,0,0,0,0,0
130572,1,1,0,0,0,0,6,0,0,0,0,0
130572,2,1,0,0,0,0,0,0,0,0,0,0
130573,1,1,21,13,11,12,11,21,30,19,24,14
130574,1,1,0,0,0,0,0,0,0,0,0,16
130574,2,1,0,0,0,0,0,0,0,0,0,0
130574,3,1,0,0,0,0,0,0,0,0,0,0
130575,1,1,0,0,0,0,0,0,0,0,0,0
130575,2,1,0,0,0,0,0,0,0,0,0,0
130576,1,1,0,0,0,0,0,0,0,0,0,0
130576,2,1,0,0,0,0,0,0,0,0,0,0
130577,1,1,16,21,0,0,9,25,0,31,13,0
130578,1,1,0,0,0,0,0,0,0,0,0,0
130578,2,1,0,0,0,0,0,0,0,0,0,0
130578,3,1,0,0,0,0,0,0,0,0,0,0
130579,0,1,0,0,0,0,0,0,0,0,0,0
130579,1,1,0,22,0,0,0,0,0,0,0,0
130580,1,1,15,15,15,15,15,15,15,15,15,15
130580,2,1,0,0,0,0,0,0,0,0,0,0
130581,1,1,30,30,30,30,30,30,30,30,30,30
130582,1,1,0,0,0,0,0,0,0,0,0,0
130582,2,1,0,0,0,0,0,0,0,0,15,0
130583,1,1,22,22,22,22,22,22,22,22,22,22
130584,0,1,0,0,0,0,0,0,0,0,0,0
130584,1,1,0,0,0,0,0,0,0,0,0,0
130585,0,1,0,0,0,0,0,0,0,0,0,0
130585,1,1,0,0,0,0,15,5,0,0,32,0
130585,3,1,0,0,0,0,0,0,17,0,0,0
130586,1,1,19,19,19,19,19,19,19,19,19,19
130587,1,1,0,0,0,17,0,0,0,0,0,0
130588,1,1,0,0,0,0,0,0,0,0,0,0
130589,1,1,20,20,20,20,20,20,20,20,20,20
130590,1,1,23,23,23,23,23,23,23,23,23,23
130591,1,1,31,31,31,31,31,31,31,31,31,31
130592,1,1,0,0,0,0,0,0,0,0,0,0
130592,2,1,0,0,0,0,0,0,0,0,0,0
130593,0,1,36,36,36,36,36,36,36,36,36,36
130593,1,1,0,0,0,0,0,0,0,0,0,9
130595,1,1,0,0,0,0,0,0,0,0,0,0
130595,2,1,0,0,0,0,0,0,0,0,0,0
130596,1,1,0,0,0,0,0,0,0,0,0,0
130597,1,1,6,6,6,6,6,6,6,6,6,6
130598,1,1,0,0,0,0,0,0,0,0,0,0
130598,2,1,0,0,0,0,0,0,0,0,0,0
130598,3,1,0,0,0,0,19,0,0,0,0,0
130599,1,1,0,0,0,0,13,0,0,0,0,0
130599,2,1,0,0,0,0,0,0,0,0,0,0
130600,1,1,0,0,0,0,0,0,0,57,0,0
130600,2,1,0,0,0,0,0,0,0,0,0,0
130600,3,1,0,0,0,0,0,0,0,0,20,0
130600,4,1,0,0,0,0,0,0,0,0,0,0
130600,5,1,0,0,0,0,0,0,0,0,0,0
130600,6,1,0,0,0,0,0,0,0,0,0,0
130600,7,1,0,0,0,0,0,0,0,0,0,0
130601,1,1,9,0,0,12,0,0,0,0,0,0
130601,2,1,0,0,0,0,0,0,0,0,0,0
130602,1,1,0,16,0,0,0,0,0,28,0,17
130603,1,1,0,0,0,0,0,0,0,0,0,0
130603,2,1,0,0,0,0,0,0,0,0,0,0
130604,1,1,21,21,21,21,21,21,21,21,21,21
130604,2,1,0,0,0,0,0,0,0,0,0,0
130605,1,1,0,0,10,0,0,0,0,0,0,0
130605,2,1,0,0,0,27,0,0,0,0,0,0
130606,1,1,0,0,0,0,0,0,0,0,0,18
130607,1,1,0,19,0,0,0,0,0,0,0,0
130607,2,1,0,0,0,0,12,0,0,0,0,0
130608,1,1,0,0,0,0,0,0,0,0,0,0
130608,2,1,0,0,0,0,0,0,0,0,0,0
130609,1,1,10,10,10,10,10,10,10,10,10,10
130609,2,1,0,0,0,0,0,0,11,0,0,0
130610,1,1,21,18,0,0,0,0,0,0,0,0
130610,2,1,0,0,0,0,0,0,0,0,0,0
130611,1,1,0,0,0,0,0,0,0,12,0,8
130611,2,1,0,0,0,0,0,0,0,0,0,0
130612,1,1,0,0,0,0,0,0,0,0,0,0
130612,2,1,0,0,0,0,0,0,0,0,0,0
130612,3,1,0,0,0,0,0,0,0,0,0,0
130613,1,1,0,0,0,0,0,0,0,0,0,0
130614,5,1,0,0,20,0,0,0,30,0,0,0
130615,0,1,19,19,19,19,19,19,19,19,19,19
130615,1,1,23,12,28,20,22,12,0,0,15,0
130616,1,1,0,0,0,14,0,0,0,0,0,0
130617,1,1,0,0,15,0,0,0,25,15,0,0
130618,1,1,0,0,0,0,0,0,0,0,0,0
130619,1,1,0,0,0,0,0,0,0,0,0,0
130619,2,1,0,0,0,0,0,0,0,0,0,0
130620,1,1,0,0,0,0,0,0,0,0,0,0
130620,2,1,0,0,0,0,0,0,0,0,0,0
130621,1,1,0,0,0,0,0,0,0,0,0,0
130621,2,1,0,0,0,0,0,0,0,0,0,0
130622,1,1,0,0,0,0,0,0,0,0,0,0
130622,2,1,0,0,0,0,0,0,0,0,0,0
130623,1,1,0,0,0,0,0,0,0,0,0,0
130623,2,1,0,0,0,0,0,0,0,0,0,0
130623,3,1,0,0,0,0,0,0,0,0,0,0
130624,1,1,0,0,0,0,0,0,0,0,0,0
130624,2,1,0,0,0,0,0,0,0,0,0,0
130625,1,1,0,0,0,0,0,0,0,0,0,14
130626,1,1,17,36,0,16,15,0,0,7,12,11
130627,0,1,38,24,0,0,0,0,0,21,0,0
130627,1,1,0,0,0,23,0,0,0,0,0,0
130628,1,1,0,0,0,0,0,0,0,0,0,0
130629,1,1,26,26,26,26,26,26,26,26,26,26
130630,1,1,0,0,0,0,0,0,0,0,0,0
130631,1,1,0,0,0,0,0,0,0,0,0,0
130631,2,1,0,0,0,0,0,0,0,0,0,0
130632,1,1,0,0,0,13,0,0,9,0,0,30
130632,2,1,0,0,0,0,0,0,0,0,0,0
130633,1,1,0,12,0,0,0,0,0,0,0,0
130633,2,1,0,0,0,0,0,0,0,0,0,0
130634,1,1,25,9,10,16,9,9,35,23,17,34
130635,1,1,0,0,0,0,0,0,0,0,0,0
130635,2,1,0,0,0,0,0,0,0,0,0,0
130635,3,1,0,0,0,0,0,0,0,13,0,0
130636,0,1,0,17,28,0,0,0,23,0,12,0
130636,1,1,0,16,9,25,10,0,7,0,0,8
130637,1,1,21,0,0,0,30,18,24,0,0,0
130637,2,1,19,0,0,0,36,0,0,0,0,3
130637,3,1,0,23,0,0,0,0,0,9,0,0
130638,1,1,16,11,13,15,0,3,17,0,0,13
130639,0,1,0,0,0,0,0,0,0,0,0,0
130639,1,1,0,0,0,0,0,0,0,0,0,0
130640,1,1,0,7,0,0,0,0,0,0,0,0
130641,1,1,0,0,0,0,0,0,0,0,0,0
130641,2,1,0,0,0,0,0,0,0,0,0,0
130642,1,1,16,16,16,16,16,16,16,16,16,16
130643,1,1,0,9,0,0,0,0,0,0,0,0
130643,2,1,0,0,0,0,0,10,0,0,0,0
130643,3,1,0,0,0,0,20,0,0,0,0,0
130643,4,1,0,0,0,0,0,0,0,0,0,0
130643,5,1,0,0,0,0,0,0,0,0,0,0
130643,6,1,0,0,0,0,0,0,0,0,0,0
130643,7,1,0,0,0,0,0,0,0,0,0,0
130643,8,1,0,0,0,0,0,0,0,0,0,0
130645,1,1,0,0,0,0,0,0,0,0,0,0
130645,2,1,0,0,0,0,0,0,0,10,0,0
130646,1,1,35,35,35,35,35,35,35,35,35,35
130647,2,1,0,0,5,16,0,0,0,0,0,0
130648,1,1,18,7,14,7,21,46,10,26,13,5
130648,2,1,0,0,0,14,0,16,25,0,0,0
130649,1,1,0,0,0,0,0,0,0,0,0,19
130650,1,1,0,0,0,0,0,0,0,0,0,0
130650,2,1,0,0,0,0,11,0,0,0,0,0
130651,1,1,0,0,0,0,7,0,0,0,0,0
130651,2,1,0,0,0,0,0,0,0,6,0,0
130652,1,1,13,13,13,13,13,13,13,13,13,13
130652,2,1,0,22,0,0,0,0,11,0,0,0
130652,3,1,15,0,0,18,0,0,0,0,0,0
130653,1,1,0,0,0,0,0,0,0,0,16,0
130654,1,3,17,8,24,32,0,0,0,8,6,0
130655,1,1,28,0,0,0,0,0,0,0,0,0
130656,1,1,0,0,0,0,0,23,0,31,0,31
130657,1,1,0,29,0,0,0,0,0,0,0,0
130657,2,1,0,0,0,0,0,0,0,0,0,0
130658,1,1,0,0,0,0,0,0,0,0,0,0
130658,2,1,0,0,0,0,0,0,0,0,0,0
130659,1,1,3,0,0,0,0,0,0,0,0,0
130660,1,1,0,0,0,0,0,0,0,0,0,0
130660,2,1,0,0,0,0,0,0,0,0,0,0
130661,1,1,7,23,11,15,4,0,14,4,14,0
130662,1,1,23,14,19,14,0,0,0,0,0,0
130663,1,1,0,0,0,0,0,0,0,0,0,0
130663,2,1,0,0,0,0,0,0,0,0,0,0
130664,1,1,0,0,0,0,0,0,0,0,0,0
130664,2,1,0,0,0,0,0,0,0,0,0,0
130665,1,1,0,0,0,0,0,0,0,22,20,0
130666,1,1,0,0,0,0,0,0,0,0,0,0
130667,1,1,0,0,0,0,0,0,0,0,0,0
130668,1,1,0,0,0,0,0,0,0,0,0,0
130669,1,1,40,24,0,0,0,24,44,22,22,17
130670,0,1,0,0,0,0,0,0,0,0,0,0
130670,1,1,0,0,14,0,0,0,0,6,15,0
130671,1,1,0,0,0,0,0,0,0,0,0,0
130671,2,1,0,0,0,0,0,0,0,0,0,0
130672,1,1,0,0,0,0,0,0,25,0,0,0
130672,2,1,0,0,0,14,0,0,0,0,15,11
130673,0,1,0,0,0,0,0,0,0,0,0,0
130673,1,1,0,0,0,0,0,0,0,0,0,0
130673,2,1,0,0,0,0,0,0,0,0,0,0
130674,1,1,0,0,0,0,0,0,0,0,0,0
130674,2,1,0,0,0,0,0,0,0,0,0,0
130675,1,1,0,0,0,0,0,0,0,0,0,0
130676,1,1,0,0,0,0,0,0,21,0,0,0
130676,2,1,0,0,0,0,0,0,0,0,0,0
130677,1,1,8,8,8,8,8,8,8,8,8,8
130678,1,1,6,6,6,6,6,6,6,6,6,6
130679,1,1,0,0,0,5,0,0,0,0,0,0
130679,2,1,0,0,0,0,0,26,0,0,0,0
130679,3,1,0,0,0,0,0,0,0,0,0,0
130680,1,1,0,0,0,0,0,0,0,0,0,0
130681,1,1,0,14,0,0,0,0,0,0,0,0
130681,2,1,0,0,0,0,0,0,0,0,0,0
130681,3,1,0,0,0,0,0,0,0,0,0,0
130682,1,1,31,31,31,31,31,31,31,31,31,31
130683,1,1,0,0,0,0,0,0,0,0,0,0
130683,2,1,0,0,0,0,0,0,0,0,9,0
130684,1,1,15,15,15,15,15,15,15,15,15,15
130684,2,1,0,16,0,0,16,0,0,0,0,24
130685,1,1,16,16,16,16,16,16,16,16,16,16
130685,2,1,0,0,0,0,0,0,0,0,0,0
130686,1,1,0,0,0,0,0,0,0,0,0,0
130687,1,1,0,0,0,0,0,0,0,0,9,0
130687,2,1,0,0,0,0,0,0,0,0,0,0
130688,1,1,0,0,0,0,0,0,0,0,0,0
130689,1,1,0,0,0,0,0,0,0,0,0,0
130690,1,1,0,0,0,36,14,0,0,0,0,0
130690,2,1,0,0,0,0,0,0,0,0,0,0
130691,1,1,0,0,0,0,0,0,0,0,0,0
130691,2,1,0,0,0,0,0,0,0,0,0,0
130692,1,1,13,13,13,13,13,13,13,13,13,13
130693,1,1,30,30,30,30,30,30,30,30,30,30
130693,2,1,0,0,0,0,0,0,0,0,0,0
130694,1,1,0,0,0,0,0,0,0,0,0,0
130694,2,1,0,0,0,0,0,0,0,0,0,0
130695,1,1,0,0,0,0,0,0,0,0,0,0
130695,2,1,0,0,0,0,0,0,0,0,0,0
130696,1,1,0,0,0,0,0,0,0,0,0,0
130696,2,1,0,0,0,0,0,0,0,0,0,0
130697,1,1,0,0,0,0,0,0,0,0,0,0
130697,2,1,0,0,0,0,0,0,0,0,0,0
130697,3,1,0,0,0,0,0,0,0,0,0,0
130698,1,1,0,0,0,0,0,0,0,0,0,0
130698,2,1,0,0,0,0,0,0,0,0,0,0
130698,3,1,20,0,0,0,0,7,0,0,0,0
130699,1,1,0,0,0,0,0,0,0,0,0,0
130699,2,1,0,0,0,0,0,0,0,0,0,0
130700,1,1,0,0,0,0,0,0,0,0,0,0
130700,2,1,0,0,0,0,0,0,0,0,0,0
130701,0,1,0,0,0,0,0,0,0,0,0,0
130701,1,1,0,0,0,0,0,0,0,0,0,0
130702,1,1,0,0,0,0,0,0,0,0,0,0
130703,0,1,0,0,20,0,0,29,0,0,0,0
130703,1,1,14,0,0,0,0,0,0,0,0,29
130704,1,1,0,0,0,0,0,0,0,0,0,0
130704,2,1,0,0,0,0,0,0,0,0,0,0
130705,1,1,0,0,0,0,0,0,0,0,0,0
130706,1,1,19,15,21,8,10,13,14,34,15,7
130706,2,1,5,5,5,5,5,5,5,5,5,5
130706,3,1,0,0,0,0,0,0,0,0,0,0
130707,0,1,0,41,20,0,29,18,0,0,22,35
130707,1,1,6,12,8,20,16,14,9,4,10,18
130708,1,1,34,3,0,9,0,0,0,0,0,14
130708,2,1,0,0,0,0,0,0,37,0,0,0
130709,1,1,0,0,0,0,0,0,0,0,0,0
130710,1,1,8,0,12,8,21,24,8,13,36,21
130711,1,1,0,0,22,0,0,23,18,0,12,0
130711,2,1,0,0,0,0,0,0,0,8,0,0
130712,1,1,35,11,25,18,8,10,13,15,8,12
130713,1,1,0,0,0,0,0,0,0,0,0,0
130713,2,1,0,0,0,0,0,0,0,0,0,0
130714,1,1,13,0,0,0,0,0,0,0,0,0
130715,1,1,0,4,0,15,0,14,9,0,0,0
130716,1,1,0,0,0,0,0,0,0,0,0,0
130716,2,1,0,0,0,0,0,0,0,0,0,0
130717,1,1,0,0,0,0,0,0,0,0,0,0
130718,1,1,0,0,0,0,0,0,0,0,0,0
130718,2,1,0,0,0,0,0,0,0,0,0,0
130719,1,1,0,0,0,0,0,0,0,0,0,0
130720,1,1,0,0,6,0,0,0,0,0,0,0
130720,2,1,0,0,0,0,0,0,8,0,0,0
130720,3,1,0,0,0,7,0,0,0,0,0,0
130721,1,1,0,0,0,0,0,0,18,0,0,0
130721,2,1,0,0,0,0,0,0,0,0,0,0
130722,1,1,19,20,6,22,9,20,9,25,10,18
130722,2,1,0,0,0,0,0,0,0,0,0,0
130723,0,1,0,0,15,0,21,0,13,0,31,0
130723,1,1,0,0,0,0,0,0,0,0,0,0
130724,0,1,19,19,19,19,19,19,19,19,19,19
130724,0,2,0,0,0,0,0,0,0,0,0,26
130724,0,3,0,0,20,0,0,0,30,0,17,0
130724,1,1,0,0,0,0,0,0,0,0,0,0
130725,1,1,0,0,0,0,0,0,0,0,0,0
130725,2,1,0,0,0,0,0,0,0,0,0,0
130726,1,1,0,0,0,0,0,0,0,0,0,0
130727,0,1,0,0,0,0,0,0,0,5,0,0
130727,1,1,0,0,0,0,0,0,0,0,0,0
130728,1,1,13,13,13,13,13,13,13,13,13,13
130729,1,1,6,6,6,6,6,6,6,6,6,6
130730,0,1,0,0,0,0,0,0,0,0,0,0
130730,1,1,0,0,0,0,0,0,0,0,0,0
130731,1,1,0,0,0,0,0,0,0,0,0,0
130731,2,1,5,5,5,5,5,5,5,5,5,5
130732,1,1,18,0,27,18,0,25,0,0,12,0
130733,1,1,18,9,11,7,27,23,12,13,19,8
130734,1,1,0,0,0,0,0,0,0,0,0,0
130734,2,1,0,0,0,0,0,0,0,0,0,0
130735,1,1,10,10,10,10,10,10,10,10,10,10
130735,2,1,0,0,0,0,0,0,0,0,0,0
130735,3,1,0,0,0,0,16,0,0,0,0,0
130736,1,1,0,0,0,0,0,0,0,0,0,0
130737,1,1,0,0,0,0,0,0,0,0,0,0
130738,1,1,0,0,0,0,0,0,0,0,0,0
130738,2,1,0,0,0,0,0,0,4,0,0,0
130739,1,1,0,27,0,0,18,9,20,3,0,16
130740,1,1,0,0,0,0,0,0,0,28,0,0
130740,2,1,0,0,0,0,0,0,0,0,0,0
130741,0,1,0,0,0,0,0,0,0,0,0,0
130741,1,1,0,0,0,0,0,0,0,0,0,0
130742,1,1,0,0,0,0,0,0,0,0,0,0
130742,2,1,0,0,0,0,0,0,0,0,0,0
130743,1,1,0,0,0,0,0,0,0,0,0,0
130744,1,1,27,27,27,27,27,27,27,27,27,27
130745,1,1,0,0,0,0,0,0,0,0,0,0
130745,2,1,0,0,0,0,0,0,0,0,0,0
130745,3,1,0,0,0,0,0,0,0,0,0,0
130746,1,1,0,7,0,20,22,19,0,20,14,14
130747,1,1,15,0,0,0,0,0,0,0,14,21
130747,2,1,0,0,0,0,0,0,0,0,0,0
130748,1,1,7,7,7,7,7,7,7,7,7,7
130749,1,1,0,0,0,0,0,0,0,0,0,0
130749,2,1,0,0,0,0,0,0,0,0,0,0
130750,1,1,0,0,0,0,0,0,0,0,0,0
130751,1,1,0,0,0,0,0,0,0,0,0,0
130751,2,1,0,0,0,0,0,0,0,0,0,0
130752,1,1,0,0,0,0,0,0,0,0,0,0
130753,1,1,0,0,0,0,0,0,0,0,0,0
130753,2,1,0,0,0,0,0,0,0,0,0,0
130754,1,1,0,0,0,0,0,0,0,0,0,0
130754,2,1,0,0,0,0,0,0,0,0,0,0
130754,3,1,0,0,0,0,0,0,0,0,0,0
130754,4,1,51,0,0,0,0,0,0,11,0,0
130754,5,1,0,0,0,0,0,0,0,0,0,0
130754,6,1,0,0,0,0,0,0,0,0,0,0
130754,7,1,0,0,0,0,0,0,0,0,0,0
130754,8,1,0,0,0,0,0,0,0,0,0,0
130754,9,1,0,0,0,0,0,10,0,0,0,0
130755,1,1,0,0,0,18,0,0,0,0,0,10
130755,2,1,0,0,0,0,0,0,0,0,0,0
130756,0,1,0,0,0,0,0,0,0,0,0,0
130756,1,1,0,0,0,0,0,0,0,0,0,0
130756,2,1,0,0,0,0,0,0,0,0,0,0
130757,1,1,0,0,0,0,0,0,0,0,0,0
130757,2,1,0,0,0,0,0,0,0,0,0,0
130758,1,1,12,12,12,12,12,12,12,12,12,12
130759,1,1,0,0,0,0,0,0,0,0,0,0
130759,2,1,0,0,0,0,0,0,0,0,0,0
130760,1,1,0,0,0,0,0,0,0,0,0,0
130760,2,1,0,0,0,0,0,0,0,0,0,0
130760,3,1,1,0,0,0,0,0,0,0,0,0
130761,1,1,0,0,0,0,0,0,0,10,0,0
130761,2,1,0,0,0,0,0,0,0,0,0,0
130762,0,1,0,0,0,0,0,0,0,0,0,0
130762,1,1,0,0,0,0,0,0,8,0,0,0
130763,1,1,18,20,48,7,16,16,40,10,9,21
130764,0,1,0,8,0,26,0,0,0,0,0,15
130764,1,1,0,0,0,0,0,0,0,0,0,0
130765,1,1,0,0,0,0,0,0,0,0,0,0
130765,2,1,0,0,0,0,0,0,0,0,0,0
130765,3,1,0,21,0,0,0,0,0,0,0,0
130766,1,1,0,0,0,0,0,0,0,0,0,0
130767,1,1,0,0,0,0,0,0,0,0,0,0
130767,2,1,0,0,0,0,0,0,0,0,0,0
130768,1,1,14,14,14,14,14,14,14,14,14,14
130768,2,1,0,0,0,0,0,0,0,0,0,0
130769,1,1,0,0,0,0,0,0,0,0,0,0
130770,1,1,15,15,15,15,15,15,15,15,15,15
130771,1,1,0,0,0,0,0,0,0,0,0,0
130772,1,1,3,3,3,3,3,3,3,3,3,3
130772,2,1,0,0,0,0,0,21,0,0,0,0
130773,1,1,0,0,0,0,0,0,0,0,0,0
130774,1,1,20,20,20,20,20,20,20,20,20,20
130775,1,1,0,0,0,0,0,0,0,0,0,0
130776,1,1,0,0,0,0,0,0,0,0,0,0
130776,2,1,0,0,0,24,0,0,0,0,0,13
130777,1,1,0,0,0,0,0,0,0,0,0,0
130778,1,1,17,17,17,17,17,17,17,17,17,17
130778,2,1,0,0,0,0,20,0,0,0,0,0
130779,1,1,13,13,13,13,13,13,13,13,13,13
130779,2,1,0,0,0,0,0,0,0,0,0,0
130780,1,1,0,0,0,0,0,0,0,0,0,0
130780,2,1,34,0,0,0,0,0,0,0,0,0
130781,0,1,0,0,0,0,0,0,0,0,0,0
130781,1,1,0,0,0,0,0,10,0,0,0,0
130782,1,1,0,0,0,0,0,0,0,0,0,0
130782,2,1,0,0,25,0,0,4,0,0,13,0
130783,1,1,0,0,0,0,0,0,0,0,0,0
130783,2,1,0,0,0,0,0,0,0,0,0,0
130784,1,1,5,5,5,5,5,5,5,5,5,5
130784,2,1,0,0,0,0,0,8,0,0,0,0
130785,0,1,0,0,0,0,0,0,0,0,0,0
130785,1,1,0,0,0,0,0,0,0,0,0,0
130786,1,1,0,0,0,0,0,0,21,0,0,0
130786,2,1,0,0,0,0,0,0,0,0,0,0
130786,3,1,0,0,0,0,0,0,0,0,0,0
130787,1,1,0,0,0,0,0,0,0,0,0,0
130788,1,1,0,0,0,0,0,0,0,0,0,0
130788,2,1,0,0,0,0,0,0,0,0,0,0
130789,1,1,0,0,0,0,0,0,0,0,0,0
130790,0,1,0,0,0,0,0,0,0,0,0,0
130790,1,1,0,0,0,9,0,0,0,0,0,20
130791,0,1,37,37,37,37,37,37,37,37,37,37
130791,1,1,8,8,8,8,8,8,8,8,8,8
130792,1,1,0,0,0,0,0,0,0,0,0,0
130793,1,1,0,0,0,0,0,0,6,0,11,0
130793,2,1,0,0,0,0,0,0,0,0,0,0
130793,3,1,0,0,0,0,0,0,0,0,0,0
130794,1,1,19,19,19,19,19,19,19,19,19,19
130794,2,1,0,0,0,0,0,0,0,0,0,0
130795,1,1,0,0,0,0,0,0,0,0,0,0
130795,2,1,11,11,11,11,11,11,11,11,11,11
130796,1,1,0,0,0,0,0,0,0,0,0,0
130796,2,1,0,0,0,0,0,0,0,0,0,0