ST_CASE,VEH_NO,PER_NO,P1,P2,P3,P4,P5,P6,P7,P8,P9,P10
130797,1,1,0,0,0,0,0,0,0,0,0,0
130798,1,1,26,12,0,0,0,0,0,0,17,0
130799,1,1,2,2,2,2,2,2,2,2,2,2
130799,2,1,0,0,0,0,0,0,0,14,0,5
130800,1,1,0,0,0,0,0,0,0,0,0,0
130800,2,1,0,0,0,17,0,0,24,9,0,0
130800,3,1,0,0,0,0,0,0,0,0,0,0
130801,1,1,0,0,0,0,0,0,0,0,0,0
130801,2,1,0,0,0,0,20,0,0,0,0,0
130802,1,1,0,0,20,0,13,0,16,12,3,0
130802,2,1,0,0,0,0,0,0,0,0,0,0
130803,0,1,28,0,19,0,0,0,0,0,0,31
130803,1,1,0,0,0,0,0,0,0,0,0,0
130804,0,1,25,0,16,0,0,0,51,0,0,0
130805,1,1,0,0,0,0,0,0,0,0,0,0
130805,2,1,4,4,4,4,4,4,4,4,4,4
130805,3,1,0,0,0,0,0,0,0,0,0,0
130806,0,1,22,0,0,12,32,0,0,0,0,8
130806,1,1,0,21,23,0,0,7,34,20,0,0
130806,2,1,0,22,0,0,0,0,0,0,0,0
130807,1,1,0,0,9,0,0,24,0,0,0,0
130807,2,1,3,0,0,0,17,0,0,0,0,0
130808,0,1,20,21,0,0,0,0,20,0,19,0
130808,1,1,0,0,0,0,0,0,0,0,0,0
130808,2,1,0,19,0,0,0,0,0,0,0,0
130808,3,1,0,26,34,0,0,0,0,0,14,0
130809,1,1,0,0,0,0,0,0,0,0,0,0
130810,1,1,10,9,16,20,17,24,4,12,21,5
130811,1,1,0,0,0,0,0,0,0,0,0,0
130811,2,1,0,0,0,0,0,0,0,0,0,0
130812,0,1,9,10,12,27,16,18,17,21,23,0
130812,1,1,0,0,0,0,0,0,0,0,0,0
130813,1,1,0,0,0,0,0,0,0,0,0,0
130813,2,1,0,0,0,0,15,0,0,0,0,0
130814,0,1,5,5,5,5,5,5,5,5,5,5
130814,1,1,10,26,15,25,11,13,24,10,14,0
130815,1,1,0,0,0,0,0,0,0,0,0,0
130815,2,1,0,0,18,0,0,0,0,0,0,0
130816,1,1,17,22,7,15,9,7,21,21,21,5
130817,0,1,3,3,3,3,3,3,3,3,3,3
130817,1,1,0,0,0,0,0,0,0,0,0,0
130818,1,1,0,15,0,0,0,0,0,0,0,0
130819,1,1,14,14,14,14,14,14,14,14,14,14
130819,2,1,0,20,0,13,0,0,0,0,0,0
130820,1,1,22,0,30,0,16,20,0,0,0,0
130821,1,1,22,22,22,22,22,22,22,22,22,22
130821,2,1,0,0,0,0,26,15,10,9,45,0
130822,1,1,0,0,0,0,0,0,0,0,0,0
130822,2,1,0,9,0,0,8,0,12,12,0,0
130823,1,1,17,21,19,11,8,22,24,31,29,21
130824,1,1,0,0,0,0,0,11,0,0,0,0
130824,2,1,0,0,0,0,0,0,0,0,0,0
130825,1,1,0,0,0,0,0,0,0,0,0,0
130825,2,1,0,0,0,0,0,0,0,0,0,0
130826,1,1,19,0,0,0,0,0,0,0,0,0
130827,1,1,0,0,0,0,0,0,0,0,0,0
130827,2,1,0,0,0,0,0,0,0,0,0,0
130828,1,1,0,0,0,0,0,0,0,0,0,0
130829,1,1,0,0,0,0,0,0,0,0,23,32
130830,1,1,3,0,22,0,26,16,13,12,22,12
130831,1,1,0,0,0,0,0,0,0,0,0,0
130832,1,1,0,0,17,0,16,0,0,0,0,0
130833,1,1,23,23,23,23,23,23,23,23,23,23
130834,1,1,0,16,0,0,0,0,0,0,12,0
130835,1,1,0,0,0,0,0,0,0,0,0,0
130836,1,1,25,0,0,0,0,0,0,0,0,0
130837,1,1,0,0,0,0,0,0,0,0,0,0
130838,0,1,29,29,29,29,29,29,29,29,29,29
130838,1,1,0,0,0,0,0,0,0,0,0,0
130839,1,1,0,0,0,0,0,0,0,0,0,0
130839,2,1,0,0,0,0,2,0,0,21,0,0
130840,0,1,0,0,0,0,0,0,0,0,0,0
130840,1,1,0,0,0,0,0,0,0,0,0,0
130841,1,1,0,0,0,0,0,0,0,0,0,0
130842,1,1,0,0,0,0,0,0,0,0,9,0
130842,2,1,0,0,0,0,0,0,0,0,0,0
130842,3,1,0,0,0,0,0,0,0,0,0,0
130842,4,1,0,0,0,0,0,0,3,0,0,0
130842,5,1,0,0,0,0,0,0,0,0,0,0
130843,1,1,17,17,17,17,17,17,17,17,17,17
130844,0,1,0,0,0,20,0,27,0,0,0,0
130844,1,1,0,0,0,0,0,0,0,0,0,0
130845,1,1,6,0,0,0,0,0,0,0,0,0
130846,1,1,0,0,0,0,0,0,0,0,0,0
130847,0,1,0,25,7,27,0,0,0,18,22,0
130847,1,1,0,0,0,0,0,0,0,0,0,0
130848,1,1,0,0,0,0,0,0,0,0,0,0
130848,2,1,0,0,0,0,0,0,0,0,0,0
130849,0,1,20,20,20,20,20,20,20,20,20,20
130849,1,1,19,26,16,22,0,0,20,20,20,6
130850,0,1,0,0,0,0,0,16,0,0,19,0
130850,1,1,0,14,0,0,0,0,0,0,0,0
130851,1,1,0,0,0,0,0,0,0,0,0,0
130851,2,1,0,0,0,0,0,0,0,0,0,0
130852,1,1,0,0,0,0,0,0,0,0,0,0
130853,1,1,0,0,0,0,0,0,0,0,0,0
130853,2,1,0,0,0,0,0,0,0,0,0,0
130854,1,1,11,11,11,11,11,11,11,11,11,11
130855,1,1,15,17,13,11,11,5,22,7,27,22
130856,0,1,22,0,30,27,14,18,17,6,11,16
130856,1,1,0,0,0,0,0,0,0,0,0,0
130857,1,1,0,0,0,0,0,0,0,0,0,0
130857,2,1,0,0,0,0,0,0,0,0,0,0
130858,1,1,11,11,11,11,11,11,11,11,11,11
130858,2,1,0,24,0,0,0,0,0,0,0,0
130859,1,1,0,0,27,0,0,0,0,0,0,0
130859,2,1,0,0,0,0,0,0,0,0,0,0
130860,1,1,0,0,0,0,0,0,0,0,0,0
130860,2,1,0,0,0,0,0,0,0,0,0,0
130861,0,1,0,0,8,27,14,21,25,0,33,14
130861,1,1,0,0,0,0,0,0,0,0,0,0
130862,1,1,35,35,35,35,35,35,35,35,35,35
130862,2,1,0,0,0,0,0,0,0,0,0,0
130862,3,1,0,0,0,0,0,0,0,0,0,0
130862,4,1,0,0,0,0,0,0,0,0,0,0
130862,5,1,0,0,0,0,0,0,0,0,0,0
130863,1,1,33,26,31,15,30,6,19,12,41,4
130864,1,1,0,0,0,0,0,0,0,0,0,0
130864,2,1,0,0,0,0,0,0,0,0,0,0
130865,1,1,0,0,0,0,0,0,0,0,0,0
130865,2,1,0,0,0,0,0,0,0,0,0,0
130866,1,1,16,16,16,16,16,16,16,16,16,16
130867,1,1,0,0,0,0,0,0,0,0,0,0
130867,2,1,0,0,0,0,0,0,0,0,0,0
130868,1,1,0,0,0,0,0,0,0,0,0,0
130868,2,1,0,0,0,0,0,0,23,0,0,0
130868,3,1,0,0,0,0,0,0,0,0,0,0
130869,1,1,0,0,0,0,0,0,0,0,0,0
130869,2,1,0,0,0,0,0,0,0,0,0,0
130869,3,1,0,0,0,17,0,0,0,0,0,0
130869,4,1,0,0,0,0,0,0,0,0,0,0
130870,1,1,0,0,0,0,0,0,0,0,0,0
130870,2,1,0,0,0,0,0,0,0,0,0,0
130871,1,1,0,0,0,0,0,0,0,0,0,0
130872,1,1,0,0,0,0,0,0,0,0,0,0
130872,2,1,0,29,0,0,0,0,0,0,0,0
130872,3,1,0,0,0,0,0,16,0,0,0,0
130873,1,1,0,0,0,0,0,0,0,0,0,0
130874,0,1,0,0,0,0,0,0,0,0,0,0
130874,0,2,0,0,0,0,0,0,0,0,0,0
130874,1,1,0,0,0,0,0,0,0,0,0,0
130875,0,1,0,0,0,0,0,0,0,0,0,0
130875,1,1,3,3,3,3,3,3,3,3,3,3
130876,1,1,0,0,0,0,0,0,0,0,0,0
130876,2,1,0,0,0,0,0,0,0,0,0,0
130876,3,1,0,0,0,0,0,0,0,0,0,0
130876,4,1,0,0,15,0,0,0,0,14,0,0
130877,1,1,0,0,0,0,0,0,0,0,0,0
130877,2,1,0,0,0,0,0,0,0,0,0,0
130878,1,1,21,21,21,21,21,21,21,21,21,21
130879,1,1,0,0,0,0,0,0,0,0,0,0
130879,2,1,0,0,0,0,0,0,0,0,0,0
130880,1,1,0,0,0,0,0,0,0,0,0,0
130880,2,1,0,0,0,2,0,7,0,10,0,0
130881,0,1,0,36,0,12,23,0,0,0,0,0
130881,1,1,8,7,9,4,29,36,20,0,15,23
130882,0,1,0,0,0,0,0,0,0,0,0,0
130882,1,1,0,0,0,0,0,0,0,0,0,0
130883,1,1,0,0,0,0,0,0,0,0,0,0
130884,1,1,17,10,19,19,19,19,24,20,26,17
130885,0,1,0,0,0,0,0,0,0,0,0,0
130885,1,1,0,0,0,0,0,0,0,0,0,0
130886,1,1,0,0,0,0,0,0,0,0,0,0
130886,2,1,0,0,0,0,0,0,0,0,0,0
130887,1,1,0,0,0,0,0,0,0,0,0,0
130888,1,1,0,0,0,0,5,0,34,18,16,24
130889,1,1,10,36,0,4,0,0,0,12,0,0
130890,0,1,0,0,0,0,0,0,0,0,0,0
130890,1,1,0,0,0,0,0,0,0,0,0,0
130891,1,1,6,6,6,6,6,6,6,6,6,6
130892,1,1,10,24,0,0,36,20,0,0,0,0
130893,1,1,0,0,0,0,0,0,0,0,0,0
130893,2,1,0,0,0,0,0,0,0,0,0,0
130894,1,1,0,0,0,0,0,0,0,0,0,0
130895,1,1,0,29,0,0,0,0,0,0,0,0
130895,2,1,0,0,0,0,17,0,0,20,0,0
130896,1,1,0,0,0,0,0,0,0,0,0,0
130896,2,1,0,0,0,0,0,0,0,0,0,0
130897,1,1,20,20,20,20,20,20,20,20,20,20
130898,1,1,0,0,0,0,0,0,0,0,0,0
130898,2,1,0,0,0,0,0,0,0,0,0,0
130898,3,1,0,5,0,0,0,0,0,0,0,0
130899,1,1,6,0,0,0,0,0,0,0,0,0
130899,2,1,0,0,0,0,0,0,0,0,0,0
130899,3,1,0,0,0,0,0,0,0,0,0,0
130900,1,1,0,0,0,0,0,0,0,0,0,0
130901,0,1,0,0,0,0,0,0,0,0,0,0
130901,1,1,0,0,0,0,0,0,12,0,0,0
130902,0,1,0,0,0,0,0,0,0,0,0,0
130902,1,1,0,0,0,0,0,0,9,0,0,0
130903,1,1,0,0,0,0,0,0,0,0,0,0
130904,0,1,23,23,23,23,23,23,23,23,23,23
130904,1,1,0,0,0,0,0,0,0,0,0,0
130904,2,1,8,8,11,0,0,0,0,0,12,0
130905,1,1,0,0,0,0,0,0,0,0,0,0
130905,2,1,0,0,0,0,0,0,0,0,0,0
130906,1,1,0,21,0,0,0,0,0,0,0,0
130906,2,1,0,0,0,0,0,0,0,0,0,0
130907,0,1,0,0,0,0,0,0,0,0,0,0
130907,1,1,0,0,0,0,0,0,0,0,0,0
130908,0,1,0,0,0,0,0,0,0,0,37,0
130908,0,2,0,0,0,0,0,0,0,0,0,0
130908,0,3,0,0,0,0,0,14,0,0,0,0
130908,1,1,0,0,0,0,0,0,0,0,0,0
130908,2,1,0,0,0,0,0,0,0,0,0,0
130909,1,1,0,0,0,24,0,0,0,0,0,0
130909,2,1,0,0,0,0,0,0,0,0,0,0
130909,3,1,0,0,0,0,0,0,0,0,0,0
130909,4,1,0,0,0,0,0,0,0,0,0,0
130910,1,1,20,28,8,0,0,0,20,0,0,0
130911,0,1,0,0,0,0,0,0,0,0,0,0
130911,1,1,27,27,27,27,27,27,27,27,27,27
130912,1,1,0,0,0,23,0,0,0,23,0,0
130912,2,1,0,0,0,0,0,0,0,0,0,0
130913,1,1,0,0,0,0,0,0,0,0,0,0
130913,2,1,0,0,0,0,0,0,0,0,0,0
130914,1,1,0,0,0,0,0,0,0,0,0,0
130915,0,1,0,0,0,0,0,16,0,18,0,20
130915,1,1,0,0,0,0,0,0,0,0,0,0
130916,1,1,0,0,0,0,12,0,5,11,19,6
130917,1,1,0,0,0,0,15,0,0,0,0,12
130918,1,1,17,17,17,17,17,17,17,17,17,17
130919,1,1,0,0,0,0,0,0,0,0,0,0
130919,2,1,0,0,0,25,0,0,10,0,0,0
130920,1,1,0,0,0,0,0,0,0,0,0,0
130921,1,1,0,0,0,0,0,0,0,0,0,0
130921,2,1,0,0,0,0,0,0,0,0,0,0
130922,1,1,0,0,0,19,0,0,0,0,0,10
130922,2,1,0,0,0,0,0,0,0,0,0,0
130923,1,1,20,18,6,20,16,12,20,17,6,7
130924,1,1,12,0,0,13,0,0,26,0,0,0
130924,2,1,0,0,0,0,0,0,0,0,0,0
130925,1,1,0,0,0,0,0,0,0,0,0,0
130926,1,1,0,0,0,0,0,0,0,0,0,0
130927,1,1,0,0,0,0,0,0,0,0,0,0
130927,2,1,0,0,0,0,45,0,0,0,0,0
130928,1,1,0,11,0,0,0,5,38,0,0,0
130929,0,1,0,0,0,0,0,0,0,0,0,0
130929,1,1,0,0,0,0,0,0,0,0,0,0
130930,1,1,0,0,0,0,0,0,0,0,27,0
130931,1,1,0,0,0,0,0,0,0,0,0,0
130931,2,1,0,0,0,0,0,0,0,4,0,0
130932,0,1,0,0,0,0,33,0,17,0,0,0
130932,0,2,0,0,0,0,8,0,0,0,0,0
130932,1,1,0,0,0,0,0,7,0,0,0,0
130933,1,1,20,20,20,20,20,20,20,20,20,20
130934,1,1,0,0,0,0,0,0,0,0,0,0
130935,1,1,15,15,15,15,15,15,15,15,15,15
130935,2,1,9,9,9,9,9,9,9,9,9,9
130936,1,1,0,0,0,0,0,0,0,0,0,0
130936,2,1,0,0,0,0,0,0,0,0,0,0
130937,1,1,0,0,0,0,0,0,0,0,0,0
130937,2,1,0,0,0,0,0,0,0,0,0,0
130938,1,1,17,17,17,17,17,17,17,17,17,17
130939,1,1,10,10,10,10,10,10,10,10,10,10
130940,1,1,15,15,15,15,15,15,15,15,15,15
130940,2,1,0,0,0,0,0,0,0,0,0,0
130941,1,1,0,0,0,0,0,0,0,0,0,0
130942,1,1,24,26,22,25,12,7,18,18,0,21
130943,1,1,0,11,15,0,0,30,0,0,0,0
130944,1,1,25,25,25,25,25,25,25,25,25,25
130945,0,1,0,0,0,0,0,0,0,0,0,0
130945,2,1,0,0,0,0,0,0,0,0,0,0
130946,1,1,5,5,5,5,5,5,5,5,5,5
130946,2,1,0,0,0,0,0,0,0,0,0,0
130947,1,1,0,0,0,0,0,0,0,0,0,0
130947,2,1,0,0,0,0,0,0,7,0,0,0
130948,1,1,0,0,25,0,35,30,12,0,20,0
130948,2,1,22,0,0,0,0,0,20,0,0,0
130949,1,1,0,0,0,0,0,0,0,0,0,0
130949,2,1,0,0,0,0,0,0,0,0,0,0
130950,1,1,0,0,0,0,0,0,0,0,0,0
130950,2,1,0,0,0,0,0,0,0,0,0,0
130950,3,1,0,0,0,0,0,0,0,0,0,0
130951,1,1,15,15,15,15,15,15,15,15,15,15
130952,1,1,0,0,0,0,0,0,0,0,0,0
130952,2,1,0,0,0,0,0,0,0,0,0,0
130953,0,1,16,34,12,18,25,54,13,21,0,0
130953,1,1,0,0,0,0,0,0,0,0,0,0
130954,1,1,0,0,0,0,0,0,0,0,0,0
130954,2,1,0,0,0,0,0,0,0,0,0,0
130954,3,1,0,0,0,0,0,0,0,0,0,0
130954,4,1,0,0,0,0,0,0,0,0,0,0
130955,1,1,0,0,21,0,0,0,0,0,0,0
130955,2,1,0,0,0,0,0,0,0,0,0,0
130955,3,1,0,0,0,0,0,0,0,0,18,0
130956,0,1,0,0,0,0,0,0,0,0,0,0
130956,1,1,15,0,0,0,0,0,0,0,0,0
130957,1,1,0,0,0,0,0,0,0,0,0,0
130957,2,1,0,0,5,0,18,0,0,0,0,0
130958,1,1,0,17,0,0,0,0,0,0,0,0
130959,1,1,19,19,19,19,19,19,19,19,19,19
130960,0,1,0,33,14,0,0,9,4,0,0,0
130960,1,1,0,7,14,0,0,0,49,0,0,0
130961,0,1,0,26,0,0,0,12,40,0,0,0
130961,0,2,25,11,18,0,0,0,0,0,0,0
130961,1,1,7,7,7,7,7,7,7,7,7,7
130961,3,1,0,0,0,0,0,0,0,0,0,0
130962,0,1,0,0,0,0,0,0,0,0,0,0
130962,1,1,0,0,0,0,0,0,0,0,0,0
130963,1,1,0,0,0,0,0,0,0,0,0,0
130963,2,1,0,0,0,0,0,0,0,0,0,0
130964,1,1,12,13,20,3,6,17,15,9,16,12
130964,2,1,13,13,13,13,13,13,13,13,13,13
130965,1,1,28,28,28,28,28,28,28,28,28,28
130965,2,1,0,0,0,0,0,0,0,0,0,0
130966,1,1,0,0,0,0,0,0,0,0,0,0
130966,2,1,0,0,0,0,0,0,0,0,0,0
130967,1,1,20,15,24,18,20,16,18,29,10,18
130968,1,1,33,33,33,33,33,33,33,33,33,33
130969,0,1,40,40,40,40,40,40,40,40,40,40
130969,1,1,7,0,0,0,0,0,23,0,18,0
130970,1,1,0,0,0,0,0,0,0,0,0,0
130971,1,1,0,17,10,14,0,18,0,0,12,13
130971,2,1,0,0,0,0,0,0,0,0,0,0
130972,0,1,22,22,22,22,22,22,22,22,22,22
130972,1,1,0,0,0,0,0,11,0,17,0,0
130973,1,1,0,0,0,0,0,0,0,0,0,0
130973,2,1,0,0,0,0,0,0,0,0,0,0
130974,1,1,0,0,0,0,0,0,0,0,0,0
130974,2,1,0,0,0,0,0,0,0,0,0,0
130975,0,1,2,2,2,2,2,2,2,2,2,2
130975,1,1,0,0,0,0,0,0,0,0,0,0
130976,1,1,0,0,16,0,0,0,0,0,0,0
130976,2,1,0,0,0,0,0,0,0,0,0,0
130977,1,1,0,0,0,0,0,0,0,0,0,0
130978,0,1,8,8,8,8,8,8,8,8,8,8
130978,1,1,0,0,0,0,0,0,0,0,0,0
130979,1,1,0,0,0,0,0,0,0,0,0,0
130979,2,1,0,0,0,0,0,0,0,0,0,0
130980,1,1,0,0,0,0,0,0,0,0,0,0
130980,2,1,0,0,15,0,0,0,0,0,24,0
130981,1,1,28,28,28,28,28,28,28,28,28,28
130982,1,1,0,0,0,0,0,0,0,0,0,0
130983,1,1,0,0,0,0,0,0,0,0,0,0
130983,2,1,0,0,0,0,0,0,0,0,0,0
130984,1,1,0,0,0,0,0,0,0,0,0,0
130984,2,1,0,0,0,0,0,0,0,0,0,0
130985,0,1,0,0,0,0,0,0,0,0,0,0
130985,1,1,0,0,0,0,0,0,0,0,0,0
130986,1,1,0,0,0,0,0,0,0,0,0,0
130986,2,1,0,0,0,0,2,0,0,0,0,0
130987,1,1,0,0,0,0,0,0,0,0,0,0
130988,1,1,0,0,0,0,0,0,0,0,0,0
130988,2,1,0,0,0,0,0,0,0,0,0,0
130989,1,1,13,13,13,13,13,13,13,13,13,13
130989,2,1,0,0,0,0,0,0,0,0,0,0
130990,0,1,22,0,0,0,0,0,0,0,28,0
130990,1,1,0,0,0,0,0,0,0,0,8,0
130991,1,1,0,0,0,0,0,0,0,0,0,0
130992,0,1,0,0,0,0,0,0,0,0,0,0
130992,0,2,0,42,0,15,0,14,18,10,18,0
130992,0,3,0,0,0,0,0,0,0,21,0,0
130992,1,1,0,0,0,0,0,0,0,0,0,0
130993,1,1,12,0,0,0,0,34,0,0,0,0
130993,2,1,0,0,0,0,0,0,0,0,0,0
130993,3,1,0,0,0,0,11,0,0,0,0,0
130994,1,1,31,31,31,31,31,31,31,31,31,31
130994,2,1,0,0,5,0,11,28,0,0,0,19
130995,1,1,0,0,0,0,0,0,0,0,0,0
130996,1,1,18,17,11,17,9,4,19,13,15,7
130996,2,1,0,0,0,0,0,0,0,0,0,0
130997,1,1,0,0,18,0,22,0,25,0,0,0
130998,0,1,0,0,13,0,0,0,29,20,33,26
130998,1,1,0,0,0,0,0,0,0,0,0,0
130999,0,1,10,10,10,10,10,10,10,10,10,10
130999,1,1,9,0,20,31,4,6,0,23,14,14
131000,1,1,12,0,0,0,20,0,0,0,0,0
131001,1,1,0,0,5,0,17,0,0,11,0,0
131002,1,1,12,12,12,12,12,12,12,12,12,12
131003,1,1,0,0,0,0,0,0,0,0,0,0
131003,2,1,0,0,0,0,18,0,0,0,0,0
131003,3,1,0,0,0,0,0,0,0,0,0,0
131003,4,1,0,0,0,12,0,0,0,0,0,0
131004,0,1,0,0,0,0,0,0,0,0,0,0
131004,1,1,0,14,0,0,0,0,0,0,0,0
131005,1,1,0,0,0,0,0,0,0,0,0,12
131005,2,1,0,0,0,0,0,0,0,0,0,0
131005,3,1,0,0,0,0,0,0,0,0,0,0
131005,4,1,0,0,0,0,0,0,0,0,0,0
131006,1,1,0,0,0,0,0,18,0,0,0,0
131006,2,1,0,0,0,0,0,0,0,0,0,0
131008,1,1,0,0,0,0,0,0,0,0,0,0
131009,0,1,0,0,0,21,0,21,0,0,26,0
131009,1,1,0,0,0,0,0,0,0,0,0,0
131010,1,1,0,0,0,0,0,18,0,0,0,0
131010,2,1,0,0,0,0,0,0,0,0,0,0
131011,0,1,0,0,0,0,0,0,0,0,0,0
131011,1,1,0,0,0,0,0,0,0,0,0,0
131012,1,1,0,0,0,0,8,0,24,0,16,0
131013,1,1,0,0,0,0,0,0,0,0,0,0
131014,1,1,0,0,0,0,0,0,0,0,0,0
131014,2,1,0,0,0,0,0,0,0,0,0,0
131015,0,1,0,0,0,0,0,0,0,0,0,0
131015,1,1,15,15,15,15,15,15,15,15,15,15
131016,1,1,0,0,0,0,0,0,0,0,0,0
131016,2,1,0,0,0,0,0,0,0,0,0,0
131016,3,1,0,0,0,0,9,0,0,0,0,0
131016,4,1,0,0,0,0,0,0,0,0,0,0
131017,1,1,28,28,28,28,28,28,28,28,28,28
131017,2,1,0,0,0,0,0,0,0,0,0,0
131018,1,1,0,0,0,0,0,0,0,0,0,0
131018,2,1,0,0,0,0,0,0,0,0,0,0
131019,1,1,0,0,0,0,0,0,0,0,0,0
131019,2,1,0,0,0,0,0,0,17,0,0,0
131019,3,1,0,0,0,0,0,0,0,4,0,0
131019,4,1,27,0,0,0,8,0,0,0,0,0
131020,1,1,26,26,26,26,26,26,26,26,26,26
131021,1,1,0,0,0,0,0,0,0,0,0,0
131021,2,1,0,0,0,0,0,0,0,0,0,0
131021,3,1,0,0,0,0,0,0,0,0,0,0
131022,1,1,26,26,26,26,26,26,26,26,26,26
131022,2,1,22,0,0,0,0,0,0,0,0,0
131023,1,1,0,0,0,0,0,0,0,0,0,0
131023,2,1,0,0,0,0,0,0,0,0,0,0
131024,0,1,0,0,0,0,0,0,0,0,0,0
131024,1,1,0,0,0,0,0,0,5,20,45,0
131025,1,1,0,12,0,0,0,0,0,14,0,31
131026,1,1,17,17,17,17,17,17,17,17,17,17
131027,0,1,18,18,18,18,18,18,18,18,18,18
131027,1,1,0,0,0,0,0,0,0,0,0,0
131028,1,1,0,0,0,0,0,0,0,0,0,0
131028,2,1,0,0,0,0,0,0,0,0,0,0
131029,1,1,0,0,0,0,0,0,0,0,0,0
131030,0,1,0,0,0,0,0,0,0,0,27,0
131030,1,1,0,0,0,0,0,0,0,0,0,0
131031,1,1,0,0,0,0,0,0,0,0,0,0
131031,2,1,30,0,0,0,0,0,0,0,0,0
131032,1,1,0,0,0,0,0,0,0,0,0,0
131032,2,1,0,0,0,0,0,0,0,0,0,0
131033,1,1,0,0,11,0,0,0,0,0,0,0
131033,2,1,0,12,0,0,0,0,0,0,0,0
131034,1,1,29,29,29,29,29,29,29,29,29,29
131035,1,1,20,20,20,20,20,20,20,20,20,20
131036,1,1,11,0,0,0,0,0,0,0,0,0
131036,2,1,0,0,0,0,0,0,0,0,0,0
131037,0,1,0,0,0,0,0,0,0,0,0,0
131037,1,1,0,0,0,0,0,0,0,0,0,0
131038,1,1,0,0,0,0,0,0,0,0,0,0
131038,2,1,0,0,0,0,0,0,0,0,0,0
131039,1,1,0,0,0,0,0,0,0,0,0,0
131039,2,1,0,0,0,0,0,0,0,0,0,0
131040,1,1,0,0,0,0,0,0,0,0,0,18
131041,0,1,0,0,0,0,0,0,0,42,0,0
131041,1,1,0,0,0,0,0,0,0,0,0,0
131042,0,1,0,28,0,0,6,33,0,32,37,8
131042,1,1,0,0,0,0,0,0,0,0,0,0
131043,0,1,0,0,0,0,0,0,0,0,0,0
131043,1,1,0,0,0,0,0,0,0,0,0,0
131044,1,1,16,16,16,16,16,16,16,16,16,16
131045,1,1,6,18,18,20,35,0,0,24,14,14
131046,0,1,0,0,0,0,0,0,0,0,0,0
131046,1,1,15,15,15,15,15,15,15,15,15,15
131046,2,1,0,0,0,0,0,0,27,0,0,0
131047,1,1,16,16,16,16,16,16,16,16,16,16
131047,2,1,0,12,0,0,0,0,0,0,0,0
131048,1,1,0,0,0,22,0,0,0,0,0,0
131048,2,1,0,0,0,0,0,0,0,0,0,0
131048,3,1,0,0,0,0,0,0,0,0,0,0
131049,1,1,0,0,0,0,0,0,0,0,0,0
131049,2,1,0,0,0,0,0,0,0,6,5,0
131050,0,1,0,0,0,27,0,0,0,17,18,0
131050,1,1,0,0,0,0,0,0,0,0,0,0
131051,1,1,0,0,0,0,0,0,0,0,0,0
131052,0,1,0,35,0,0,0,9,0,0,0,0
131052,1,1,0,19,0,0,8,0,0,0,0,0
131053,0,1,0,19,38,0,26,13,0,0,19,0
131053,1,1,0,0,0,9,0,0,0,22,0,0
131053,2,1,0,0,0,0,0,0,0,0,0,0
131053,3,1,0,0,0,0,0,0,0,0,0,0
131053,4,1,0,0,0,0,0,0,0,0,0,0
131054,0,1,0,0,0,0,0,0,0,0,0,0
131054,1,1,0,0,0,0,0,0,0,0,0,0
131055,1,1,0,0,0,0,0,0,0,0,0,0
131056,0,1,0,0,0,0,0,0,0,0,0,0
131056,0,2,0,0,0,0,0,0,0,0,0,0
131056,1,1,7,7,7,7,7,7,7,7,7,7
131057,1,1,0,0,0,0,0,0,0,0,0,0
131058,1,1,0,0,0,0,0,0,0,0,0,0
131058,2,1,0,0,0,0,0,0,0,0,0,0
131059,1,1,0,0,0,0,0,0,0,0,0,0
131059,2,1,0,0,0,0,0,0,0,0,0,0
131059,3,1,0,0,0,0,0,21,0,0,0,0
131059,4,1,0,14,0,0,0,11,0,0,0,0
131060,0,1,54,6,12,19,18,15,15,36,23,10
131060,1,1,0,0,0,0,0,0,0,0,0,0
131061,1,1,0,0,0,0,0,0,0,0,0,0
131062,1,1,0,7,0,22,0,14,0,0,0,0
131062,2,1,0,0,30,0,0,0,0,0,0,11
131063,1,1,0,0,0,0,0,0,0,0,0,0
131063,2,1,0,0,0,0,0,0,0,0,0,0
131064,1,1,0,0,0,21,0,0,0,0,0,0
131065,1,1,0,0,0,0,0,0,0,0,0,0
131066,0,1,0,0,0,0,0,0,0,0,0,0
131066,1,1,0,16,0,0,17,21,0,0,0,0
131067,1,1,0,0,0,0,0,0,0,0,0,0
131067,2,1,0,0,0,0,0,0,0,0,0,0
131068,0,1,32,32,32,32,32,32,32,32,32,32
131068,1,1,0,0,0,0,0,0,0,0,0,0
131069,1,1,0,0,0,0,0,0,0,0,0,0
131069,2,1,0,0,0,0,0,0,0,0,0,0
131070,1,1,0,0,0,0,0,0,0,0,0,0
131070,2,1,0,0,0,0,0,0,0,0,0,0
131071,1,1,0,0,0,0,0,0,0,0,0,0
131071,2,1,0,0,0,0,0,0,0,0,0,0
131072,0,1,19,19,19,19,19,19,19,19,19,19
131072,1,1,0,0,3,15,0,0,23,0,27,0
131073,0,1,0,0,0,0,0,0,0,0,0,0
131073,1,1,0,0,0,0,0,0,0,0,0,0
131074,0,1,39,17,34,23,0,16,28,34,7,0
131074,1,1,0,0,0,0,0,0,0,0,0,0
131075,1,1,0,0,0,0,0,0,0,0,0,0
131075,2,1,0,0,0,0,0,0,0,0,0,0
131076,1,1,0,0,0,0,0,0,0,0,0,0
131077,0,1,0,0,26,0,0,20,9,0,22,0
131077,0,2,0,0,0,0,0,0,0,0,25,20
131077,1,1,0,0,0,0,0,0,0,0,0,0