ST_CASE,VEH_NO,PER_NO,P1,P2,P3,P4,P5,P6,P7,P8,P9,P10
131078,1,1,13,0,22,3,19,0,0,0,0,8
131079,1,1,0,0,0,0,0,0,0,0,0,0
131079,2,1,12,12,12,12,12,12,12,12,12,12
131080,1,1,18,18,18,18,18,18,18,18,18,18
131080,2,1,0,0,0,0,0,9,0,0,18,26
131081,1,1,22,22,22,22,22,22,22,22,22,22
131082,0,1,22,6,0,12,15,4,18,19,19,0
131082,1,1,0,21,0,0,0,0,0,0,0,0
131083,0,1,0,0,0,0,0,0,0,0,0,0
131083,1,1,0,14,7,11,13,15,0,0,6,6
131083,2,1,0,30,0,0,0,0,0,0,0,0
131083,3,1,0,0,36,0,0,0,0,0,0,0
131084,0,1,29,29,29,29,29,29,29,29,29,29
131084,1,1,0,0,0,0,0,0,0,12,0,0
131085,1,1,0,10,0,0,0,0,0,0,0,0
131086,1,1,23,23,23,23,23,23,23,23,23,23
131087,1,1,0,0,0,0,0,0,0,0,0,0
131088,1,1,7,7,7,7,7,7,7,7,7,7
131090,1,1,0,0,0,0,0,26,0,0,0,0
131091,0,1,0,0,0,0,0,0,0,0,0,0
131091,1,1,0,0,0,0,0,0,0,0,0,0
131091,2,1,16,16,16,16,16,16,16,16,16,16
131092,1,1,0,0,0,0,0,0,0,0,0,0
131092,2,1,0,0,0,0,0,0,0,0,0,0
131093,1,1,0,0,0,0,0,0,0,0,0,0
131093,2,1,25,0,0,0,0,0,0,0,0,0
131094,0,1,0,0,0,0,0,0,0,0,0,0
131094,1,1,0,0,0,0,0,28,0,0,0,0
131095,1,1,0,0,0,0,0,0,0,0,0,0
131095,2,1,0,0,0,0,0,0,0,0,0,0
131096,1,1,0,0,0,0,0,0,0,0,0,0
131097,1,1,0,0,0,0,0,0,0,0,0,0
131097,2,1,0,0,0,0,0,0,0,16,0,0
131098,0,1,0,0,0,0,0,0,0,0,0,0
131098,1,1,0,0,0,0,0,0,0,0,0,0
131099,0,1,0,0,0,0,0,0,0,0,0,0
131099,1,1,0,0,0,0,0,0,0,0,0,0
131099,2,1,0,0,0,0,0,27,0,0,0,0
131100,1,1,13,0,0,0,0,0,27,0,6,0
131101,0,1,0,0,0,17,0,7,0,10,0,0
131101,1,1,0,14,0,0,0,5,20,0,0,5
131102,1,1,0,0,0,0,0,0,0,0,0,0
131103,1,1,0,0,0,0,0,0,0,0,0,0
131104,1,1,37,10,32,29,15,17,30,28,28,24
131105,1,1,0,0,0,0,0,0,0,0,0,0
131105,2,1,0,0,0,0,0,0,0,0,11,0
131106,1,1,0,0,0,0,0,0,0,0,0,0
131106,2,1,0,0,0,0,0,0,0,0,0,0
131107,0,1,0,0,0,0,0,0,0,0,0,0
131107,1,1,0,0,0,0,0,0,0,0,0,0
131108,1,1,11,14,0,43,33,15,0,20,27,6
131109,0,1,0,0,0,0,0,0,0,0,0,0
131109,1,1,9,15,0,24,19,0,0,10,5,0
131110,1,1,30,0,0,31,0,3,0,0,0,0
131111,1,1,0,0,0,0,0,0,0,0,0,13
131111,2,1,0,0,0,0,0,0,0,0,0,0
131111,3,1,0,0,25,0,0,0,0,0,0,10
131112,1,1,14,14,14,14,14,14,14,14,14,14
131112,2,1,0,0,0,0,0,0,0,0,0,0
131113,1,1,0,0,0,0,14,0,0,0,0,0
131114,1,1,0,0,0,0,0,0,0,0,0,0
131114,2,1,0,0,0,0,0,0,0,0,0,0
131115,0,1,0,0,0,0,0,0,0,0,0,0
131115,1,1,0,0,0,0,0,0,0,0,0,0
131116,1,1,0,0,0,0,0,0,0,0,0,0
131117,1,1,0,0,21,0,0,15,0,0,15,23
131118,1,1,14,0,0,0,0,0,0,0,0,0
131118,2,1,0,0,0,0,0,0,0,0,0,0
131119,0,1,0,0,17,0,0,0,0,0,0,0
131119,1,1,27,0,0,8,0,0,0,10,0,14
131120,0,1,0,0,0,0,0,0,0,0,0,0
131120,1,1,0,0,0,0,0,0,0,0,0,0
131121,1,1,0,0,0,0,0,25,0,0,0,13
131121,2,1,0,0,0,0,0,0,0,0,0,0
131122,1,1,25,25,25,25,25,25,25,25,25,25
131122,3,1,0,0,0,0,0,20,0,0,0,0
131122,4,1,0,0,21,0,0,0,19,0,0,22
131122,5,1,31,22,7,0,0,15,0,0,0,0
131123,1,1,0,0,0,0,0,0,0,0,0,0
131124,1,1,0,0,0,0,0,0,0,0,0,0
131125,1,1,0,0,0,19,0,0,0,0,0,0
131125,2,1,0,0,0,0,0,0,0,0,0,20
131125,3,1,0,0,0,0,0,0,0,0,0,0
131126,1,1,7,0,21,0,0,0,0,0,0,0
131127,1,1,0,33,0,0,0,0,0,0,0,0
131127,2,1,0,0,0,0,0,0,0,0,0,0
131128,1,1,16,16,7,22,16,24,25,4,10,29
131129,1,1,0,0,0,0,0,0,0,0,0,0
131129,2,1,14,0,0,0,16,0,0,0,0,0
131130,1,1,12,12,12,12,12,12,12,12,12,12
131131,1,1,0,0,0,0,0,0,0,0,0,0
131132,0,1,0,0,0,0,0,0,0,0,0,0
131132,1,1,0,0,0,0,0,15,0,0,0,0
131133,1,1,20,20,20,20,20,20,20,20,20,20
131134,1,1,0,0,0,0,0,0,0,0,0,0
131134,2,1,0,0,0,0,0,0,0,0,0,0
131135,0,1,51,32,0,10,15,0,8,0,15,0
131135,1,1,0,0,0,0,0,0,0,0,0,0
131136,1,1,0,0,0,0,0,0,0,0,0,0
131136,2,1,0,0,0,0,0,0,0,0,0,0
131137,1,1,0,0,0,0,0,0,0,0,4,0
131137,2,1,0,0,16,0,0,0,13,0,0,0
131138,1,1,0,0,0,0,0,0,0,0,0,0
131138,2,1,0,0,0,0,0,0,0,0,0,0
131139,1,1,0,0,0,0,0,0,0,0,0,0
131139,2,1,0,0,0,0,0,0,0,0,0,0
131140,0,1,0,0,16,0,21,0,0,0,0,0
131140,1,1,0,18,34,15,14,21,0,0,18,0
131141,1,1,0,0,0,0,0,0,0,0,0,0
131141,2,1,0,0,0,0,0,0,0,0,0,0
131142,1,1,0,0,0,0,0,0,0,14,8,0
131143,1,1,0,17,0,0,0,0,0,0,0,0
131144,1,1,0,0,0,0,0,0,0,0,0,0
131144,2,1,0,0,0,0,0,0,0,0,0,0
131145,1,1,18,18,18,18,18,18,18,18,18,18
131146,1,1,0,0,0,0,0,14,0,0,14,0
131146,2,1,0,0,0,0,0,0,0,0,0,0
131147,1,1,7,0,0,17,17,11,0,0,35,0
131148,1,1,0,0,0,0,0,0,0,0,0,0
131149,1,1,0,0,0,0,0,0,0,0,0,0
131149,2,1,0,0,0,0,0,0,0,0,0,0
131150,1,1,0,15,0,23,0,0,0,0,0,0
131151,1,1,0,0,0,0,0,0,0,0,0,0
131151,2,1,0,0,0,0,0,0,0,0,0,0
131152,1,1,18,9,20,13,14,12,17,37,23,10
131153,0,1,0,0,0,0,0,0,0,0,0,0
131153,1,1,0,0,0,0,0,0,0,0,0,0
131153,2,1,0,0,0,0,0,0,0,0,0,0
131154,1,1,0,0,0,0,0,0,0,0,0,0
131155,1,1,0,0,0,0,0,0,0,0,0,0
131155,2,1,0,0,0,0,0,0,0,0,0,0
131156,1,1,0,0,0,0,0,0,0,0,0,0
131156,2,1,11,0,0,0,0,0,0,0,0,0
131157,0,1,0,0,0,0,0,0,0,0,0,0
131157,1,1,3,0,0,0,0,6,0,0,0,0
131158,1,1,0,0,0,0,0,0,0,0,0,0
131158,2,1,0,0,0,0,0,0,0,0,0,0
131159,1,1,0,0,0,0,0,0,0,0,20,0
131160,1,1,0,0,0,0,0,0,0,0,0,0
131160,2,1,4,0,0,0,0,21,0,0,4,0
131161,0,1,4,4,4,4,4,4,4,4,4,4
131161,1,1,0,0,0,0,0,0,0,0,0,0
131162,1,1,27,27,27,27,27,27,27,27,27,27
131163,1,1,0,0,0,0,0,0,0,8,0,0
131163,2,1,0,0,0,0,0,0,0,0,0,0
131164,1,1,0,0,0,0,12,0,0,0,0,19
131164,2,1,0,0,0,0,0,0,0,0,0,0
131165,1,1,0,0,0,0,0,0,0,0,0,0
131165,2,1,0,0,0,0,0,0,0,0,0,0
131166,1,1,0,0,0,0,0,0,0,0,0,0
131166,2,1,0,0,0,0,0,0,0,0,0,0
131166,3,1,0,0,0,0,0,0,0,0,0,0
131166,4,1,0,0,0,0,0,0,0,0,0,0
131166,5,1,0,0,0,0,0,0,0,0,0,0
131167,0,1,27,23,18,24,34,28,21,13,20,21
131167,1,1,38,0,0,0,0,0,0,0,0,0
131168,1,1,0,0,0,0,0,0,0,0,0,0
131169,1,1,0,0,0,0,0,0,0,0,0,0
131169,2,1,0,0,0,0,0,0,0,0,0,0
131170,1,1,0,0,0,0,0,0,0,0,0,0
131170,2,1,0,0,0,0,0,0,0,0,0,0
131171,1,1,24,0,0,0,0,0,0,0,0,0
131171,2,1,0,0,0,0,0,0,0,0,0,0
131172,1,1,10,11,20,24,11,17,9,7,21,18
131173,0,1,0,0,13,15,0,0,0,0,0,0
131173,1,1,0,0,0,0,0,0,0,0,0,0
131173,2,1,15,0,0,0,0,0,0,0,0,0
131174,1,1,0,16,0,0,0,29,0,0,26,0
131175,0,1,0,0,0,0,0,0,0,0,0,0
131175,1,1,0,0,0,0,0,0,0,0,0,0
131175,2,1,0,0,0,0,0,0,0,0,0,0
131175,3,1,0,0,0,0,0,0,0,0,0,0
131175,4,1,0,0,0,0,0,0,0,0,0,0
131175,5,1,0,0,0,0,0,0,0,0,0,0
131176,1,1,0,0,0,0,0,0,0,0,0,0
131176,2,1,0,0,0,0,0,0,0,0,0,0
131177,0,1,0,0,0,0,0,0,0,0,0,0
131177,1,1,0,0,6,0,0,0,0,0,0,0
131178,0,1,19,19,19,19,19,19,19,19,19,19
131178,1,1,0,0,0,0,22,0,0,0,0,0
131179,1,1,17,14,11,11,29,20,7,14,16,12
131180,1,1,0,0,0,0,0,0,0,0,0,0
131180,2,1,15,15,15,15,15,15,15,15,15,15
131181,1,1,0,0,0,0,0,0,0,0,0,0
131181,2,1,0,0,0,0,0,0,0,0,0,0
131182,1,1,0,0,0,0,0,0,0,0,0,0
131183,0,1,0,0,0,0,0,0,0,0,0,0
131183,1,1,0,11,22,6,0,22,0,0,19,13
131183,2,1,0,0,0,0,0,0,0,0,0,0
131184,1,1,0,0,0,0,0,0,0,0,0,0
131184,2,1,0,0,0,0,0,0,0,0,0,0
131185,1,1,0,0,22,0,0,0,0,0,0,0
131185,2,1,0,0,0,0,0,0,0,0,0,0
131186,1,1,4,4,4,4,4,4,4,4,4,4
131186,2,1,0,0,0,0,3,0,4,0,0,0
131187,0,1,0,0,0,0,0,0,0,0,0,0
131187,1,1,17,0,0,0,0,0,0,0,0,0
131188,1,1,0,0,0,0,0,0,0,0,0,0
131188,2,1,0,0,0,0,0,0,0,0,0,0
131190,1,1,0,0,0,0,0,0,0,0,0,0
131190,2,1,0,0,0,0,0,0,0,0,0,0
131191,1,1,0,0,0,0,0,0,0,0,0,0
131192,1,1,0,0,0,0,0,0,0,0,0,0
131193,1,1,14,14,14,14,14,14,14,14,14,14
131193,2,1,0,0,0,0,0,0,0,0,0,0
131194,0,1,0,0,0,0,0,0,0,0,0,0
131194,1,1,0,0,0,0,0,0,0,0,0,0
131195,1,1,0,0,0,0,0,0,0,0,0,0
131196,1,1,0,0,0,0,0,0,0,0,0,0
131196,2,1,0,0,0,0,0,0,0,0,0,0
131197,0,1,14,19,10,0,17,16,20,19,11,0
131197,1,1,0,0,0,0,0,0,0,0,0,0
131198,1,1,0,0,26,0,12,11,16,0,0,0
131199,1,1,0,0,0,0,0,0,0,0,0,0
131199,2,1,0,0,0,0,0,0,0,0,0,0
131200,1,1,7,15,16,24,11,28,14,22,9,14
131201,1,1,23,23,23,23,23,23,23,23,23,23
131202,1,1,0,0,0,0,0,0,0,0,0,0
131202,2,1,0,0,14,0,18,24,0,0,0,0
131203,1,1,0,14,25,0,0,0,0,0,11,0
131204,1,1,0,0,0,0,0,0,0,0,0,0
131205,1,1,0,0,0,0,0,0,0,0,0,0
131205,2,1,0,0,0,0,0,0,0,0,0,0
131206,0,1,0,0,36,0,0,0,32,11,0,0
131206,1,1,6,0,0,0,0,0,0,0,0,0
131207,1,1,36,0,19,0,0,0,0,0,0,0
131208,0,1,0,0,0,0,0,0,0,16,0,6
131208,1,1,0,0,0,0,0,0,0,0,0,0
131209,0,1,0,0,0,0,0,0,0,0,0,0
131209,1,1,0,0,0,0,0,0,0,0,0,0
131210,1,1,0,0,0,0,0,29,0,0,0,0
131211,1,1,0,0,0,0,0,0,0,0,0,0
131212,1,1,0,0,0,0,0,0,0,0,0,0
131212,2,1,0,0,0,0,0,0,0,23,0,0
131213,1,1,10,0,0,0,0,0,0,0,0,0
131213,2,1,0,0,0,0,0,0,0,0,0,0
131214,0,1,0,0,0,0,0,0,0,0,0,0
131214,1,1,0,0,0,0,0,0,0,0,0,0
131215,0,1,0,0,0,0,0,0,0,31,0,0
131215,1,1,0,0,0,0,0,0,0,0,0,0
131216,1,1,16,16,16,16,16,16,16,16,16,16
131217,1,1,0,0,0,0,0,0,0,0,0,0
131218,1,1,0,28,0,12,0,0,0,0,0,0
131218,2,1,0,0,0,0,0,0,0,0,0,0
131219,0,1,0,18,0,0,30,0,0,0,0,34
131219,1,1,17,0,29,10,29,17,0,0,18,19
131220,1,1,0,0,0,0,0,0,0,0,0,0
131220,2,1,0,0,0,0,0,0,0,0,0,0
131221,1,1,21,21,21,21,21,21,21,21,21,21
131222,1,1,0,0,0,0,0,0,0,0,0,0
131222,2,1,0,0,0,0,0,0,0,0,0,14
131223,1,1,0,0,0,0,0,0,0,0,0,0
131223,2,1,0,0,0,0,0,0,0,0,0,0
131224,1,1,14,14,14,14,14,14,14,14,14,14
131224,2,1,0,0,0,0,0,0,0,0,0,0
131225,0,1,0,0,0,0,0,0,0,13,0,12
131225,1,1,0,0,0,0,0,0,0,0,0,0
131226,1,1,8,9,12,15,5,3,8,28,13,13
131226,2,1,0,0,0,0,0,0,0,0,0,0
131227,0,1,25,0,11,0,0,14,0,24,0,0
131227,1,1,14,0,0,0,0,0,0,0,0,0
131228,0,1,0,0,0,0,0,0,0,0,0,0
131228,1,1,0,0,0,0,0,0,0,0,0,0
131229,0,1,34,21,0,0,7,0,0,0,0,0
131229,0,2,0,0,0,0,0,0,0,0,0,19
131229,0,3,0,0,0,0,0,0,18,0,0,30
131229,1,1,20,0,0,0,0,0,0,0,0,0
131230,1,1,24,18,15,0,0,0,0,24,0,0
131231,1,1,0,0,0,0,0,11,0,0,0,3
131231,2,1,0,0,0,0,0,0,16,0,0,0
131231,3,1,0,0,0,0,0,0,0,0,0,0
131231,4,1,13,0,0,0,0,0,0,0,0,0
131231,5,1,0,0,0,0,0,0,0,0,0,0
131231,6,1,0,0,0,16,0,0,0,0,0,0
131232,0,1,0,0,0,0,0,0,0,0,0,0
131232,1,1,10,0,0,0,0,0,0,0,19,0
131233,1,1,0,0,0,0,0,0,0,0,0,0
131233,2,1,0,0,0,0,0,0,0,0,0,0
131234,1,1,0,0,0,0,0,0,0,0,0,0
131235,1,1,0,0,0,0,0,0,0,0,0,0
131236,1,1,0,0,0,0,0,0,0,0,0,0
131237,0,1,0,21,0,23,0,0,0,0,1,0
131237,2,1,0,0,0,0,0,0,0,0,0,0
131238,1,1,0,0,0,0,0,0,0,0,0,0
131239,1,1,0,0,0,0,0,0,0,0,0,0
131239,2,1,0,0,0,0,0,0,0,0,0,0
131240,1,1,0,0,0,0,0,0,0,0,0,0
131241,1,1,24,24,24,24,24,24,24,24,24,24
131242,0,1,4,4,4,4,4,4,4,4,4,4
131242,1,1,0,0,0,0,0,0,0,0,0,0
131243,0,1,0,0,0,0,0,0,0,0,0,0
131243,1,1,0,24,0,0,10,0,0,0,0,0
131244,1,1,0,0,0,0,0,0,0,0,0,0
131245,1,1,0,0,23,11,14,17,15,0,0,0
131246,1,1,9,0,0,24,0,0,0,0,0,0
131247,1,1,16,16,16,16,16,16,16,16,16,16
131248,1,1,0,0,0,0,0,0,0,0,0,0
131248,2,1,0,0,0,2,0,0,5,0,0,0
131248,3,1,0,0,0,0,0,0,0,0,0,0
131249,0,1,0,0,14,0,0,12,32,33,0,11
131249,1,1,0,0,0,0,0,0,17,0,0,0
131250,1,1,0,0,0,0,0,0,0,0,0,0
131250,2,1,0,0,0,0,0,0,0,0,0,0
131251,1,1,0,0,0,0,0,0,0,0,0,0
131251,2,1,0,0,0,0,0,0,0,0,0,0
131252,0,1,0,0,0,0,0,0,0,0,0,0
131252,1,1,8,0,0,0,14,0,13,16,0,0
131253,0,1,23,23,23,23,23,23,23,23,23,23
131253,1,1,0,0,0,0,21,0,0,28,5,0
131254,1,1,0,11,0,0,0,0,0,0,11,0
131254,2,1,19,0,0,0,0,0,0,0,18,14
131255,1,1,0,0,0,0,0,0,0,0,0,0
131255,2,1,0,0,0,0,0,0,0,0,0,0
131256,1,1,0,0,0,0,0,0,0,0,11,0
131256,2,1,0,0,0,0,0,0,0,0,0,0
131257,1,1,0,0,0,0,0,0,0,0,0,0
131257,2,1,6,0,0,0,0,0,0,24,0,0
131258,1,1,0,0,0,0,0,0,0,0,0,0
131259,1,1,0,0,0,0,0,0,0,0,0,0
131259,2,1,0,0,16,0,32,0,0,0,0,0
131259,3,1,0,0,0,0,0,0,0,0,0,0
131259,4,1,0,0,0,0,0,0,0,0,0,0
131259,5,1,0,0,0,0,0,0,0,0,7,0
131259,6,1,0,0,0,0,0,0,0,0,0,0
131259,7,1,0,0,0,0,0,0,0,0,0,0
131259,8,1,0,0,0,0,0,0,17,0,0,0
131259,9,1,0,0,0,0,0,0,0,20,0,0
131259,10,1,0,0,0,0,0,0,0,0,0,0
131259,11,1,0,0,0,0,0,0,0,0,0,0
131260,1,1,0,0,0,0,0,0,0,0,0,0
131261,0,1,13,32,0,0,0,0,0,0,0,0
131261,1,1,0,0,0,0,0,0,0,14,0,0
131262,1,1,0,0,0,0,0,0,0,0,0,0
131263,1,1,5,0,14,10,18,0,13,17,0,13
131263,2,1,0,20,0,0,0,0,0,0,0,0
131264,1,1,8,8,8,8,8,8,8,8,8,8
131264,2,1,0,0,0,0,0,0,0,0,0,0
131265,1,1,25,21,12,9,24,7,25,36,10,23
131266,1,1,0,0,0,0,0,0,0,0,0,0
131266,2,1,0,0,0,0,0,0,0,0,0,0
131266,3,1,0,0,0,0,0,0,0,0,0,0
131267,1,1,21,21,21,21,21,21,21,21,21,21
131268,1,1,0,0,0,0,0,0,0,0,6,0
131268,2,1,0,0,0,0,0,0,0,0,0,0
131269,1,1,0,0,20,0,8,0,0,0,0,0
131269,2,1,17,0,0,0,0,0,0,0,0,0
131270,1,1,0,0,0,0,0,0,0,0,0,0
131271,0,1,5,0,0,16,0,0,18,19,0,0
131271,1,1,0,7,0,0,0,0,0,0,0,0
131271,2,1,0,0,17,0,0,7,0,0,0,0
131272,1,1,0,0,0,0,0,0,0,0,0,0
131273,1,1,0,0,0,0,0,0,0,0,0,0
131273,2,1,0,0,0,0,0,0,0,0,0,0
131274,0,1,0,0,0,0,0,0,0,0,0,0
131274,1,1,0,0,0,16,0,0,0,0,0,0
131275,1,1,0,0,0,0,0,0,0,0,0,0
131275,2,1,0,0,0,0,0,0,0,0,0,0
131276,0,1,0,0,0,0,0,0,0,0,0,0
131276,1,1,0,0,0,0,0,0,0,0,0,9
131277,0,1,0,28,0,0,0,7,0,0,11,0
131277,1,1,0,22,0,0,23,0,0,0,0,6
131278,0,1,0,0,0,0,0,0,0,0,0,0
131278,1,1,0,0,0,0,0,0,0,0,0,0
131279,1,1,0,0,0,0,0,0,0,0,0,0
131279,2,1,0,0,0,15,0,0,0,0,0,18
131280,1,1,0,0,0,0,0,0,0,0,0,0
131281,1,1,37,19,13,14,24,36,12,21,18,45
131281,2,1,0,0,0,0,0,0,0,0,0,0
131282,1,1,0,10,21,0,0,22,0,30,0,21
131282,2,1,0,29,40,0,0,0,0,13,0,0
131283,0,1,0,0,0,0,0,0,0,0,0,0
131283,1,1,0,0,0,0,0,0,0,0,0,0
131284,1,1,0,0,0,0,11,0,0,0,0,0
131285,0,1,39,5,0,12,0,0,0,0,27,17
131285,1,1,0,0,0,0,0,0,0,0,0,0
131286,1,1,0,0,0,0,0,0,0,0,0,0
131287,1,1,0,0,0,0,0,0,0,0,0,0
131287,2,1,0,0,0,0,0,0,0,0,0,0
131288,0,1,23,23,23,23,23,23,23,23,23,23
131288,1,1,0,0,0,0,0,0,0,0,0,14
131289,1,1,0,0,0,0,0,0,0,0,0,0
131289,2,1,22,22,22,22,22,22,22,22,22,22
131290,1,1,0,0,0,0,0,0,0,0,0,0
131291,1,1,32,32,32,32,32,32,32,32,32,32
131291,2,1,0,0,0,0,0,0,0,0,0,0
131291,3,1,0,0,0,0,0,0,0,0,0,0
131292,1,1,0,0,0,0,0,0,0,0,0,0
131292,2,1,0,0,0,0,0,0,0,0,0,0
131292,3,1,0,0,0,0,0,0,0,0,0,0
131293,1,1,0,0,0,0,0,0,0,0,0,0
131293,2,1,0,0,0,0,0,0,0,0,0,0
131294,1,1,0,0,0,0,0,0,0,0,0,0
131294,2,1,0,0,0,0,0,0,0,0,0,0
131294,3,1,0,0,0,0,0,0,0,0,0,0
131295,0,1,0,0,0,0,0,0,0,0,0,0
131295,1,1,0,0,0,0,0,0,0,0,0,0
131296,1,1,0,0,0,0,0,0,0,0,0,0
131297,1,1,0,0,0,0,0,0,0,0,20,0
131298,1,1,18,20,25,14,17,9,8,9,19,16
131298,2,1,0,0,0,0,0,0,0,0,0,0
131299,1,1,0,0,0,0,0,0,0,0,0,0
131299,2,1,0,0,0,0,0,0,0,0,0,0
131300,1,1,0,0,28,0,0,22,0,0,0,0
131300,2,1,0,0,3,0,0,0,0,0,0,0
131301,1,1,0,0,0,0,0,0,0,0,0,0
131301,2,1,0,0,0,0,0,0,0,0,0,0
131301,3,1,0,0,0,16,0,0,0,0,0,0
131301,4,1,0,0,0,0,0,0,0,0,0,0
131302,1,1,0,0,0,0,0,0,0,0,0,0
131303,1,1,11,0,19,8,12,21,15,29,9,22
131304,0,1,0,0,0,0,0,0,0,0,0,0
131304,1,1,0,0,0,0,0,0,0,0,0,0
131305,1,1,0,16,0,0,0,0,0,0,0,0
131305,2,1,0,0,6,0,0,0,0,0,0,0
131306,0,1,0,0,0,0,0,20,8,0,0,0
131306,0,2,0,0,28,12,0,0,23,0,6,0
131306,1,1,17,17,17,17,17,17,17,17,17,17
131307,1,1,0,0,0,0,0,0,0,0,0,0
131308,0,1,0,0,0,16,35,13,0,27,0,17
131308,1,1,0,0,0,0,0,0,0,0,0,0
131309,1,1,20,27,0,28,12,0,0,0,0,0
131309,2,1,0,0,0,0,0,0,0,0,23,20
131310,1,1,0,0,0,0,0,0,0,17,0,0
131311,0,1,0,23,14,0,0,0,10,0,22,28
131311,1,1,0,0,15,0,0,0,0,0,0,14
131312,1,1,0,0,0,0,0,0,0,0,0,0
131312,2,1,0,0,0,0,0,0,0,0,0,0
131312,3,1,0,26,0,0,0,0,0,0,0,0
131312,4,1,0,0,0,0,0,0,0,0,0,0
131312,5,1,0,0,0,0,0,0,0,0,0,0
131313,1,1,0,0,8,0,8,0,0,0,0,0
131313,2,1,0,0,0,0,0,0,0,0,0,0
131313,3,1,0,0,0,0,0,0,0,0,0,0
131314,1,1,0,0,0,0,0,0,0,0,0,0
131314,2,1,0,0,0,0,0,0,0,0,0,0
131314,3,1,0,0,0,0,0,0,0,0,0,0
131315,1,1,0,0,0,27,0,0,0,0,0,0
131315,2,1,0,0,0,0,0,0,0,0,0,0
131315,3,1,0,0,0,0,0,0,3,0,0,0
131316,1,1,0,0,0,0,0,0,0,18,0,0
131316,2,1,0,0,0,0,0,0,6,0,0,0
131316,3,1,0,0,0,0,0,0,0,0,0,0
131317,1,1,0,0,0,0,0,0,0,0,0,0
131317,2,1,0,0,0,0,0,0,0,0,0,0
131318,0,1,0,0,0,0,0,0,0,0,0,0
131318,1,1,0,0,0,0,0,0,0,0,0,0
131319,1,1,0,0,0,0,0,0,0,0,0,0
131319,2,1,0,0,0,0,0,0,0,0,0,0
131319,3,1,0,0,0,0,0,0,0,0,0,0
131320,1,1,0,0,0,0,0,0,0,0,0,0
131321,1,1,0,0,0,0,0,0,0,0,0,0
131321,2,1,0,0,0,0,0,0,0,0,0,0
131322,1,1,0,0,0,0,0,0,0,0,0,0
131322,2,1,0,0,0,0,0,0,0,0,0,0
131323,0,1,0,0,15,0,0,0,0,0,0,0
131323,1,1,0,0,0,0,0,0,0,0,0,0
131324,0,1,0,0,0,0,0,0,0,0,0,0
131324,1,1,0,0,0,0,0,0,0,0,0,0
131325,1,1,0,0,27,0,18,0,0,0,0,0
131326,1,1,0,0,24,0,0,0,0,0,15,0
131326,2,1,0,0,0,0,0,0,0,0,0,0
131327,1,1,0,0,0,0,0,0,0,0,0,0
131328,1,1,0,0,0,0,0,0,0,0,0,0
131328,2,1,0,0,0,0,0,0,0,0,13,0
131329,1,1,0,0,9,25,37,31,17,0,26,0
131330,1,1,6,6,6,6,6,6,6,6,6,6
131331,1,1,0,0,0,0,0,0,0,0,0,0
131331,2,1,12,0,0,0,0,0,0,0,0,22
131331,3,1,0,0,0,0,14,0,0,0,0,0
131331,4,1,0,0,0,0,0,0,15,0,0,0
131331,5,1,0,0,0,0,0,0,0,0,0,0
131331,6,1,0,0,0,0,0,0,0,0,0,0
131332,0,1,30,14,8,0,23,18,31,0,0,8
131332,1,1,0,0,0,0,0,16,0,0,0,0
131333,1,1,0,0,0,0,0,24,0,0,17,0
131333,2,1,0,0,0,0,0,0,0,0,0,0
131334,1,1,0,0,0,0,0,0,0,10,0,16
131335,0,1,0,0,0,0,0,0,0,0,0,0
131335,1,1,0,0,0,0,0,0,0,0,0,0
131336,1,1,0,9,0,38,21,0,0,18,0,0
131337,1,1,11,11,11,11,11,11,11,11,11,11
131338,1,1,0,0,0,0,0,0,0,12,0,0
131339,0,1,0,0,0,0,0,0,0,0,0,0
131339,1,1,0,0,0,0,0,0,0,0,0,0
131340,1,1,0,0,0,0,0,0,0,0,0,0
131341,1,1,0,0,0,0,12,0,0,0,0,6
131341,2,1,0,0,0,0,0,0,0,0,0,0
131342,1,1,0,0,0,13,0,0,0,0,0,0
131343,1,1,0,0,0,0,0,0,0,0,9,0
131343,2,1,0,0,0,0,0,0,0,0,0,0
131344,1,1,0,0,0,0,0,0,0,0,0,0
131345,1,1,0,0,0,0,0,0,0,0,0,0
131345,2,1,0,0,0,0,0,0,0,0,0,0
131345,3,1,0,0,0,0,0,0,0,0,0,0
131346,0,1,0,0,0,0,0,0,0,0,0,0
131346,1,1,0,0,0,0,0,0,0,0,0,0
131347,0,1,0,24,27,0,0,20,28,37,0,5
131347,1,1,18,0,11,27,0,0,0,0,21,14
131348,0,1,0,0,0,0,0,0,0,0,0,0
131348,1,1,0,0,0,0,0,0,0,0,0,0
131350,1,1,0,0,0,0,0,0,0,0,0,0
131350,2,1,13,0,0,0,0,0,0,30,0,8
131350,3,1,0,0,0,0,25,0,0,0,0,0
131351,1,1,0,0,0,0,0,0,0,0,0,0
131352,1,1,0,0,0,0,0,0,0,0,0,0
131353,1,1,0,0,0,0,0,0,0,0,0,0
131353,2,1,9,0,0,0,0,0,0,0,0,0
131354,1,1,0,0,0,0,0,0,0,0,0,0
131354,2,1,0,0,0,0,0,0,0,0,0,0
131355,1,1,8,20,0,0,0,0,0,0,0,0
131356,1,1,0,0,0,0,0,0,37,0,0,0
131357,1,1,0,0,0,0,0,0,0,0,0,0
131357,2,1,0,0,0,0,0,0,0,0,0,0
131358,1,1,0,0,0,0,0,0,0,0,0,23
131359,1,1,0,0,0,0,0,0,0,0,0,0
131359,2,1,0,0,0,0,0,0,0,0,0,0
131360,1,1,0,0,0,0,0,0,0,0,0,0
131360,2,1,0,0,0,0,0,0,0,0,0,9
131361,1,1,19,19,19,19,19,19,19,19,19,19
131362,1,1,0,0,0,0,0,0,0,0,0,0
131362,2,1,0,0,0,0,0,0,0,0,0,0
131362,3,1,0,0,0,0,0,0,0,0,0,0
131363,1,1,0,0,0,0,0,0,0,0,0,0