ST_CASE,VEH_NO,PER_NO,P1,P2,P3,P4,P5,P6,P7,P8,P9,P10
131363,2,1,0,0,0,0,0,0,0,0,0,0
131363,3,1,0,0,0,0,0,0,0,0,0,0
131364,1,1,22,22,22,22,22,22,22,22,22,22
131365,1,1,12,12,12,12,12,12,12,12,12,12
131366,1,1,0,0,0,0,0,0,0,0,0,0
131366,2,1,0,0,0,0,0,0,0,0,0,7
131367,1,1,0,0,0,0,0,0,0,0,0,0
131368,0,1,0,0,0,0,0,0,0,0,0,0
131368,1,1,0,0,0,0,0,0,0,0,0,0
131369,1,1,0,0,0,0,0,0,0,0,0,0
131369,2,1,0,0,0,0,0,0,0,0,0,0
131370,1,1,0,13,14,0,0,9,25,0,0,0
131371,1,1,0,0,0,0,0,0,0,0,0,0
131371,2,1,0,0,0,0,0,0,0,0,0,0
131372,1,1,0,0,0,20,0,0,0,0,0,0
131372,2,1,0,0,0,0,0,0,0,0,0,0
131373,1,1,27,0,0,0,0,0,0,0,0,0
131374,1,1,0,0,0,0,0,0,0,0,0,0
131374,2,1,0,0,0,0,0,0,0,0,0,0
131375,1,1,25,25,25,25,25,25,25,25,25,25
131376,1,1,0,0,0,0,0,0,0,0,0,0
131377,0,1,0,21,0,0,0,0,0,0,0,0
131377,1,1,0,0,0,0,0,0,0,0,0,0
131378,0,1,12,12,12,12,12,12,12,12,12,12
131378,1,1,0,0,0,0,0,0,0,0,0,0
131379,1,1,0,0,0,0,0,0,0,0,0,0
131379,2,1,0,0,0,0,0,23,0,0,0,0
131380,1,1,7,0,0,0,0,5,0,0,0,0
131381,0,1,16,16,16,16,16,16,16,16,16,16
131381,1,1,0,0,0,0,0,0,0,0,0,0
131382,1,1,0,0,0,0,0,0,11,0,0,0
131383,1,1,0,0,0,0,0,0,0,0,0,0
131384,1,1,0,0,0,0,0,0,0,0,0,0
131384,2,1,0,0,0,0,0,0,0,0,0,0
131385,1,1,0,0,0,0,0,0,0,0,0,0
131385,2,1,0,0,0,0,0,0,0,0,0,0
131386,0,1,0,0,0,0,0,0,0,0,0,0
131386,1,1,0,20,0,0,0,0,0,0,0,0
131387,1,1,24,24,24,24,24,24,24,24,24,24
131388,1,1,0,0,0,0,0,0,0,0,0,0
131388,2,1,0,0,0,0,0,0,0,0,0,0
131389,1,1,0,0,0,16,0,21,0,20,0,39
131389,2,1,0,0,0,0,7,0,0,24,0,0
131389,3,1,24,0,0,0,5,0,0,0,10,0
131389,4,1,0,0,8,0,0,0,0,0,0,0
131389,5,1,0,0,0,0,6,0,11,0,0,0
131390,1,1,0,0,0,0,0,0,0,0,0,0
131390,2,1,0,0,0,0,0,0,0,0,0,0
131391,1,1,0,0,0,0,0,0,0,0,0,0
131391,2,1,0,0,0,0,0,0,0,0,0,0
131392,0,1,0,0,0,0,0,0,13,0,25,0
131392,1,1,0,0,9,0,0,0,0,0,0,0
131393,1,1,0,0,0,0,0,0,0,0,0,0
131393,2,1,0,0,0,0,0,0,0,0,0,0
131393,3,1,0,0,0,0,0,0,0,0,0,0
131393,4,1,0,0,0,0,0,0,0,0,0,0
131394,1,1,24,13,21,19,16,17,6,29,21,13
131395,1,1,27,27,27,27,27,27,27,27,27,27
131395,2,1,0,0,0,0,0,0,0,0,0,0
131396,1,1,0,0,0,0,0,0,0,0,0,0
131397,1,1,8,0,12,0,0,11,0,0,0,0
131398,1,1,0,0,0,0,0,0,0,27,0,0
131398,2,1,0,0,0,0,0,0,0,0,0,0
131398,3,1,0,0,0,0,0,0,0,0,0,0
131399,1,1,22,22,22,22,22,22,22,22,22,22
131400,1,1,0,0,0,0,0,0,0,0,0,0
131400,2,1,0,0,0,0,0,0,0,0,0,0
131401,0,1,28,28,28,28,28,28,28,28,28,28
131401,1,1,0,0,0,20,0,0,0,0,0,0
131402,0,1,33,19,0,0,0,0,0,14,0,35
131402,0,2,0,0,0,0,0,0,0,0,0,0
131402,1,1,0,0,0,0,0,0,0,0,0,0
131403,0,1,0,0,0,0,0,0,0,0,0,0
131403,1,1,0,0,0,0,0,0,0,0,0,0
131404,1,1,0,0,0,0,0,0,0,0,0,0
131404,2,1,0,0,0,0,0,0,0,0,0,0
131405,1,1,0,0,0,0,0,0,0,0,0,0
131406,1,1,0,0,0,0,0,0,0,0,0,0
131406,2,1,0,0,0,0,0,0,0,0,0,0
131407,1,1,14,14,14,14,14,14,14,14,14,14
131407,2,1,0,0,0,0,0,0,0,0,0,0
131408,1,1,0,0,0,0,0,0,0,0,0,0
131408,2,1,0,0,0,0,0,16,0,0,15,0
131409,0,1,0,0,0,0,0,0,0,0,0,0
131409,1,1,0,0,0,0,0,0,0,0,0,0
131410,1,1,0,0,0,19,0,0,0,0,0,0
131411,0,1,0,0,0,0,0,0,0,0,0,0
131411,1,1,0,0,0,0,0,0,0,0,0,0
131412,1,1,0,0,0,0,0,0,0,0,0,0
131412,2,1,0,0,0,13,0,0,0,0,0,0
131413,1,1,16,16,16,16,16,16,16,16,16,16
131413,2,1,0,0,0,0,0,0,0,0,0,0
131413,3,1,0,0,0,0,0,0,0,0,0,0
131414,0,1,16,16,16,16,16,16,16,16,16,16
131414,0,2,0,0,0,0,0,0,0,0,0,0
131414,1,1,0,0,0,0,0,0,0,0,0,0
131415,0,1,10,14,0,4,29,0,0,0,0,24
131415,1,1,0,0,0,0,0,0,0,0,0,0
131416,1,1,30,30,30,30,30,30,30,30,30,30
131417,1,1,9,10,19,3,27,6,8,7,36,23
131418,1,1,0,0,0,0,0,0,0,0,0,0
131419,1,1,12,0,0,0,0,0,0,0,0,28
131419,2,1,0,12,0,0,0,0,0,0,0,0
131420,1,1,0,0,0,0,0,0,0,0,0,0
131420,2,1,0,0,0,0,0,17,0,0,0,0
131421,0,1,0,0,0,9,15,0,13,0,35,23
131421,1,1,23,13,0,0,0,0,0,7,0,0
131422,1,1,0,9,0,0,0,0,0,0,0,0
131422,2,1,4,4,4,4,4,4,4,4,4,4
131423,1,1,0,0,0,0,0,0,0,0,0,0
131423,2,1,0,0,0,0,0,0,0,0,0,0
131424,1,1,0,0,0,0,0,0,14,0,0,0
131425,1,1,0,0,0,0,0,0,0,5,0,0
131425,2,1,0,0,0,0,0,0,0,0,0,0
131425,3,1,0,0,0,0,0,0,0,0,0,0
131426,1,1,0,0,0,0,0,0,0,0,0,25
131426,2,1,0,0,0,0,0,0,0,0,0,0
131426,3,1,0,0,0,0,0,0,0,0,0,0
131427,1,1,0,0,0,0,0,0,0,0,0,0
131428,1,1,0,0,0,0,0,0,0,0,0,0
131428,2,1,0,0,0,0,0,0,0,0,0,0
131429,1,1,0,0,0,0,0,0,0,0,0,0
131429,2,1,0,20,0,0,0,0,0,0,0,0
131430,1,1,0,0,0,0,0,0,0,0,0,0
131431,1,1,0,0,0,0,0,0,0,0,0,0
131431,2,1,25,25,25,25,25,25,25,25,25,25
131432,1,1,0,0,0,20,18,0,16,0,0,0
131433,1,1,0,0,0,0,0,0,0,0,0,0
131433,2,1,0,0,0,0,0,0,0,0,0,0
131434,1,1,0,0,0,0,0,0,0,0,0,0
131434,2,1,0,0,0,0,0,0,0,0,0,0
131435,0,1,0,0,0,0,0,13,0,0,0,0
131435,1,1,0,0,0,0,15,0,0,0,0,0
131436,1,1,0,30,0,13,0,0,0,0,0,10
131436,2,1,4,0,0,0,0,0,0,0,0,0
131437,1,1,21,16,5,4,18,19,20,18,7,18
131438,1,1,0,0,11,11,0,0,22,0,22,0
131439,1,1,0,0,0,0,0,0,0,0,0,0
131439,2,1,0,0,0,0,0,0,0,0,13,0
131439,3,1,7,0,0,0,0,0,0,0,0,0
131440,1,1,0,0,0,0,0,0,0,0,0,0
131441,1,1,16,16,16,16,16,16,16,16,16,16
131442,1,1,0,28,9,0,7,31,0,0,0,21
131442,2,1,6,6,6,6,6,6,6,6,6,6
131443,1,1,0,0,0,0,0,0,0,0,0,0
131443,2,1,0,0,0,0,0,0,0,0,0,0
131443,3,1,0,0,0,15,0,0,0,0,0,0
131444,0,1,10,10,10,10,10,10,10,10,10,10
131444,1,1,0,0,0,0,0,0,0,0,19,0
131444,2,1,0,0,0,0,0,0,0,23,0,0
131444,3,1,8,0,0,0,0,0,0,0,0,0
131444,4,1,0,0,0,0,0,0,0,0,0,0
131444,5,1,0,0,0,0,0,0,0,0,0,0
131445,1,1,0,0,0,39,0,0,0,0,0,0
131446,1,1,24,24,24,24,24,24,24,24,24,24
150001,1,1,28,0,0,0,0,0,0,0,0,0
150001,2,1,15,15,15,15,15,15,15,15,15,15
150002,1,1,0,0,0,0,0,0,0,0,0,0
150002,2,1,0,0,0,0,0,0,0,0,0,0
150004,1,1,14,14,14,14,14,14,14,14,14,14
150005,0,1,0,0,0,0,0,0,0,0,0,0
150005,1,1,2,2,2,2,2,2,2,2,2,2
150006,0,1,0,0,0,0,0,0,0,0,0,0
150006,1,1,0,0,0,0,0,0,14,0,33,0
150007,1,1,16,16,16,16,16,16,16,16,16,16
150008,1,1,16,16,16,16,16,16,16,16,16,16
150009,1,1,0,0,0,0,0,0,0,0,0,0
150009,2,1,0,0,0,0,15,0,0,0,25,17
150010,0,1,0,0,0,10,0,0,0,0,0,0
150010,1,1,0,0,0,0,17,0,0,0,9,0
150011,0,1,0,0,0,0,0,0,0,0,0,0
150011,1,1,0,0,0,0,0,0,0,0,0,0
150012,1,1,0,0,0,0,0,0,0,0,0,0
150013,1,1,0,0,0,0,0,0,0,0,0,0
150013,2,1,0,0,0,0,0,0,0,0,0,0
150013,3,1,0,0,0,0,0,0,0,0,0,0
150014,1,1,0,0,18,23,0,0,0,18,0,0
150015,1,1,0,0,0,0,0,0,0,0,0,0
150015,2,1,0,0,0,0,0,0,0,0,0,0
150016,1,1,0,0,0,0,0,0,0,0,0,0
150017,1,1,0,8,25,0,9,0,25,35,23,12
150018,1,1,23,23,23,23,23,23,23,23,23,23
150019,1,1,23,23,23,23,23,23,23,23,23,23
150019,2,1,22,4,17,0,0,0,0,0,0,0
150019,3,1,27,25,23,30,0,0,0,0,0,0
150020,1,1,0,18,0,0,4,0,0,0,0,0
150021,1,1,15,15,15,15,15,15,15,15,15,15
150023,1,1,14,14,14,14,14,14,14,14,14,14
150023,2,1,0,0,0,0,0,0,0,0,0,0
150024,1,1,0,0,0,0,0,0,0,0,0,0
150025,1,1,0,0,9,0,3,5,0,0,0,0
150026,1,1,0,0,0,0,0,0,0,0,0,0
150026,2,1,2,0,0,0,0,0,0,0,0,0
150027,1,1,0,0,0,0,0,0,0,0,0,0
150027,2,1,0,0,0,0,0,0,0,0,0,0
150028,1,1,21,21,21,21,21,21,21,21,21,21
150029,1,1,16,0,20,16,13,12,0,16,0,10
150029,2,1,0,0,0,0,0,24,0,0,0,0
150029,3,1,0,0,0,29,0,0,0,0,23,0
150030,1,1,0,9,0,10,0,0,0,0,0,0
150031,1,1,0,0,0,0,0,0,0,0,0,0
150031,2,1,2,2,2,2,2,2,2,2,2,2
150032,1,1,22,22,22,22,22,22,22,22,22,22
150033,1,1,0,0,0,0,0,0,0,0,9,0
150033,2,1,6,6,6,6,6,6,6,6,6,6
150034,1,1,0,0,0,0,0,0,0,0,0,0
150034,2,1,0,0,0,0,0,0,0,0,0,0
150035,1,1,27,27,27,27,27,27,27,27,27,27
150036,1,1,13,13,13,13,13,13,13,13,13,13
150036,2,1,0,0,0,0,0,0,0,0,0,0
150037,1,1,0,0,0,0,0,0,0,0,0,0
150038,1,1,0,0,0,0,0,0,0,0,0,0
150038,2,1,19,16,0,0,21,9,13,0,0,28
150039,1,1,30,6,0,37,22,18,12,0,13,15
150040,1,1,24,24,24,24,24,24,24,24,24,24
150040,2,1,0,0,0,0,0,0,0,0,0,0
150041,1,1,0,0,0,0,0,0,0,0,0,0
150041,2,1,0,0,0,0,0,0,0,0,8,26
150042,1,1,0,0,0,0,0,0,0,0,0,0
150042,2,1,0,0,0,0,0,0,0,0,0,0
150043,1,1,0,0,0,0,0,0,6,0,0,0
150043,2,1,0,0,0,0,0,0,0,18,0,0
150044,1,1,0,0,0,0,0,0,0,0,0,0
150045,1,1,0,0,0,0,0,0,0,0,0,0
150045,2,1,0,0,0,17,0,0,0,0,0,0
150046,1,1,0,0,0,0,0,0,0,0,0,0
150046,2,1,0,0,0,0,0,0,0,0,0,0
150047,1,1,10,10,10,10,10,10,10,10,10,10
150048,1,1,0,0,0,0,0,0,0,0,0,0
150048,2,1,0,0,0,0,0,0,0,0,0,0
150049,1,1,0,0,0,0,0,0,0,0,0,0
150049,2,1,0,0,0,0,0,0,0,8,0,0
150049,3,1,0,10,0,0,5,0,0,0,18,0
150050,1,1,10,10,10,10,10,10,10,10,10,10
150051,1,1,8,8,8,8,8,8,8,8,8,8
150052,1,1,0,0,0,0,0,0,0,0,0,22
150053,1,1,13,13,13,13,13,13,13,13,13,13
150054,1,1,0,0,0,0,0,0,0,0,0,0
150054,2,1,0,0,0,0,0,0,0,0,0,0
150055,1,1,0,0,0,0,21,14,0,0,0,0
150055,2,1,18,18,18,18,18,18,18,18,18,18
150056,0,1,21,21,21,21,21,21,21,21,21,21
150056,1,1,0,0,0,0,0,0,0,0,0,0
150057,1,1,0,0,0,0,0,0,0,0,0,0
150057,2,1,0,0,0,0,0,0,0,0,0,0
150058,1,1,0,0,0,0,0,0,0,0,0,0
150059,1,1,0,0,0,0,0,0,0,0,0,0
150060,0,1,25,25,25,25,25,25,25,25,25,25
150060,1,1,0,0,0,0,0,0,0,0,0,0
150061,0,1,0,0,0,0,0,0,0,0,0,0
150061,1,1,0,0,0,0,0,0,16,0,0,0
150062,1,1,0,0,0,0,25,0,0,0,0,0
150062,2,1,0,0,0,0,0,0,0,0,0,0
150063,1,1,13,12,21,18,12,28,14,12,14,21
150064,1,1,0,0,0,0,17,0,0,4,0,0
150064,2,1,3,3,3,3,3,3,3,3,3,3
150065,1,1,0,11,0,0,0,0,0,0,0,0
150065,2,1,0,0,0,0,0,0,0,0,0,0
150066,1,1,11,11,11,11,11,11,11,11,11,11
150067,0,1,0,0,0,0,0,15,0,0,0,0
150067,1,1,0,0,17,0,0,0,0,0,0,0
150069,1,1,7,42,14,15,7,11,1,20,16,19
150070,1,1,0,0,0,0,0,0,0,0,0,0
150071,1,1,0,0,0,0,0,0,0,0,0,0
150071,2,1,0,0,0,0,0,0,0,0,0,0
150072,0,1,12,12,12,12,12,12,12,12,12,12
150072,1,1,34,3,19,0,13,15,16,0,0,0
150073,1,1,25,25,25,25,25,25,25,25,25,25
150073,2,1,13,0,0,0,0,0,0,8,0,31
150073,3,1,0,0,0,0,0,0,0,0,0,0
150073,4,1,0,0,0,0,0,7,0,0,12,0
150073,5,1,0,0,0,0,21,0,15,13,0,0
150074,1,1,31,31,31,31,31,31,31,31,31,31
150075,1,1,0,4,0,0,0,0,0,0,0,0
150076,1,1,0,0,0,0,0,0,0,0,0,0
150076,2,1,0,0,0,14,0,0,0,0,0,0
150077,1,1,24,24,24,24,24,24,24,24,24,24
150078,1,1,20,20,20,20,20,20,20,20,20,20
150079,0,1,0,0,0,0,0,0,0,0,0,0
150079,1,1,0,7,0,0,0,0,0,17,0,0
150080,1,1,17,17,17,17,17,17,17,17,17,17
150080,2,1,0,0,0,0,23,0,0,31,22,0
150081,1,1,14,0,6,0,0,0,0,0,0,13
150081,2,1,25,0,0,0,0,16,0,0,0,0
150082,1,1,0,0,0,0,0,0,0,0,0,0
150082,2,1,8,8,8,8,8,8,8,8,8,8
150083,0,1,0,0,0,0,0,0,0,0,0,0
150083,0,2,0,0,0,0,0,0,42,0,0,0
150083,1,1,0,0,0,0,0,0,0,0,0,0
150084,0,1,22,22,22,22,22,22,22,22,22,22
150084,1,1,0,0,0,0,0,0,0,0,10,0
150085,0,1,4,0,0,0,24,13,0,0,0,0
150085,1,1,25,0,0,0,0,0,0,0,0,0
150086,0,1,0,23,5,0,0,0,6,16,20,0
150086,1,1,0,0,0,0,0,0,0,0,0,0
150087,0,1,0,0,0,0,0,0,0,0,0,0
150087,1,1,0,0,0,0,0,0,0,0,0,0
150088,1,1,0,0,0,0,0,0,0,0,7,9
150088,2,1,0,0,0,0,0,0,0,0,0,0
150089,0,1,13,0,35,0,0,0,20,0,21,0
150089,1,1,0,0,0,0,0,0,0,0,0,0
150090,0,1,0,0,0,0,0,0,0,0,0,0
150090,1,1,0,0,0,0,0,0,0,0,0,0
150091,1,1,4,4,4,4,4,4,4,4,4,4
150092,1,1,0,0,0,0,0,0,0,4,0,0
150092,2,1,0,0,0,0,0,3,10,5,0,0
150093,0,1,0,0,0,11,0,0,0,0,0,0
150093,0,2,29,0,0,37,9,0,27,0,0,0
150093,1,1,0,33,0,7,0,0,0,0,0,16
150094,1,1,17,0,0,0,0,0,0,0,0,0
150094,2,1,0,0,0,0,0,12,0,0,0,0
150095,0,1,0,0,0,0,0,0,0,0,0,0
150095,1,1,3,3,3,3,3,3,3,3,3,3
150096,1,1,0,0,0,0,0,0,0,0,0,0
150096,2,1,0,0,0,0,0,0,0,18,4,0
150097,0,1,0,0,19,0,13,0,0,0,0,15
150097,1,1,0,0,0,0,0,11,0,0,0,0
150098,1,1,18,0,0,0,28,29,13,20,0,0
150098,2,1,4,0,18,0,0,3,8,0,0,0
150098,3,1,0,0,0,0,0,0,0,0,13,0
150099,0,1,0,0,0,0,0,21,0,9,0,0
150099,1,1,19,11,14,0,0,22,21,17,24,8
160001,0,1,10,10,10,10,10,10,10,10,10,10
160001,0,2,0,23,0,0,12,0,0,0,26,0
160001,1,1,6,6,6,6,6,6,6,6,6,6
160001,2,1,0,0,0,0,0,0,0,0,0,0
160002,1,1,0,0,0,0,0,0,0,0,0,0
160003,1,1,0,0,0,0,0,0,0,0,0,0
160003,2,1,0,0,0,0,0,0,0,0,0,0
160004,1,1,0,0,0,0,0,0,0,0,0,0
160004,2,1,0,0,0,0,0,0,0,0,0,5
160005,1,1,0,0,0,0,0,0,0,0,0,0
160005,2,1,0,0,0,0,0,0,0,0,0,0
160006,0,1,0,0,0,0,0,0,0,0,0,0
160007,1,1,0,0,0,0,0,0,0,0,0,0
160007,2,1,0,0,0,0,0,0,0,0,0,0
160008,1,1,0,0,0,0,0,0,0,0,0,17
160009,1,1,0,0,0,0,0,0,0,0,0,0
160010,1,1,0,0,0,0,0,0,0,0,0,0
160011,1,1,0,0,0,0,0,0,0,0,0,0
160011,2,1,0,0,0,0,0,0,0,0,0,0
160012,1,1,0,0,0,0,0,0,0,0,0,0
160012,2,1,0,0,0,0,0,0,0,0,0,0
160013,1,1,0,0,0,0,0,0,0,0,0,0
160013,2,1,0,0,0,0,0,0,0,0,0,0
160014,1,1,0,0,0,0,0,0,0,0,0,0
160014,2,1,0,0,0,0,0,0,0,0,0,0
160015,0,1,3,0,0,17,0,0,0,0,16,0
160015,1,1,0,0,0,0,0,0,0,0,0,0
160016,1,1,0,0,0,0,0,0,0,0,0,0
160016,2,1,0,0,0,0,0,0,0,0,0,0
160016,3,1,0,0,0,0,0,0,0,0,0,0
160017,1,1,23,23,23,23,23,23,23,23,23,23
160018,1,1,0,0,0,0,0,0,0,0,25,0
160019,1,1,0,0,0,0,0,0,0,0,0,0
160019,2,1,0,0,0,0,0,0,0,0,13,0
160019,3,1,0,0,0,0,0,0,0,0,0,0
160020,1,1,23,23,23,23,23,23,23,23,23,23
160020,2,1,0,0,0,0,0,0,0,0,0,0
160021,1,1,0,0,0,0,0,10,0,0,0,0
160021,2,1,0,0,0,0,0,0,0,0,0,0
160022,1,1,0,0,19,0,0,0,0,0,0,0
160023,1,1,5,5,5,5,5,5,5,5,5,5
160024,1,1,9,9,9,9,9,9,9,9,9,9
160024,2,1,0,0,0,0,28,0,0,0,0,0
160025,1,1,6,6,6,6,6,6,6,6,6,6
160026,1,1,0,0,0,0,0,0,0,0,0,0
160026,2,1,4,4,4,4,4,4,4,4,4,4
160027,1,1,0,0,0,0,0,0,0,0,0,0
160028,1,1,0,0,0,0,0,0,0,0,0,0
160029,1,1,0,0,0,0,0,0,0,0,0,0
160030,1,1,0,0,0,0,0,0,0,0,0,0
160030,2,1,0,0,0,0,0,0,0,0,0,0
160031,1,1,0,0,0,0,0,0,10,21,0,0
160031,2,1,0,0,0,0,0,0,0,0,0,0
160032,1,1,0,0,0,0,0,0,0,0,0,34
160032,2,1,0,0,0,0,0,0,0,0,0,0
160033,1,1,0,0,0,0,0,0,0,0,0,0
160034,1,1,21,21,21,21,21,21,21,21,21,21
160035,1,1,0,0,0,0,0,0,0,0,0,0
160035,2,1,0,0,0,0,0,0,0,0,18,0
160036,1,1,0,0,0,0,0,0,0,0,0,0
160036,2,1,0,0,0,0,0,0,0,0,0,0
160037,1,1,0,0,0,0,0,0,0,7,0,0
160038,1,1,0,0,0,0,17,0,0,0,0,0
160039,1,1,18,18,18,18,18,18,18,18,18,18
160040,1,1,0,0,0,0,0,0,0,0,0,0
160040,2,1,0,0,0,0,0,0,0,0,0,0
160041,1,1,0,0,0,0,0,0,0,0,0,0
160042,1,1,0,0,0,0,0,0,0,0,0,0
160042,2,1,0,0,0,0,0,0,0,4,0,0
160043,1,1,0,0,0,0,0,0,0,0,0,0
160044,0,1,0,0,0,8,0,0,0,0,0,0
160044,1,1,0,0,0,0,0,0,0,0,0,0
160045,1,1,12,20,2,29,0,0,7,0,16,27
160046,1,1,0,0,0,0,0,0,0,0,0,0
160047,1,1,0,0,0,0,0,0,0,0,0,0
160048,1,1,0,0,0,0,0,0,0,0,0,0
160048,2,1,1,1,1,1,1,1,1,1,1,1
160049,1,1,0,0,25,0,0,0,0,0,0,0
160050,1,1,0,0,0,0,0,0,0,0,0,0
160051,0,1,14,0,22,0,0,0,0,21,0,27
160052,1,1,19,19,19,19,19,19,19,19,19,19
160052,2,1,0,16,0,0,0,0,0,0,0,0
160053,1,1,0,19,0,0,15,0,9,28,0,19
160054,1,1,17,17,17,17,17,17,17,17,17,17
160055,1,1,0,0,0,0,0,0,0,0,0,0
160056,1,1,1,1,1,1,1,1,1,1,1,1
160057,1,1,7,7,7,7,7,7,7,7,7,7
160058,1,1,0,0,0,0,0,0,0,0,0,0
160058,2,1,0,0,0,0,0,0,0,0,0,0
160059,1,1,0,0,0,0,0,0,0,0,0,0
160060,1,1,0,0,0,15,16,20,0,0,0,0
160061,0,1,0,0,0,0,0,0,0,0,31,0
160061,1,1,0,0,0,0,19,0,0,0,0,0
160062,1,1,17,17,17,17,17,17,17,17,17,17
160063,1,1,19,19,19,19,19,19,19,19,19,19
160064,1,1,14,14,14,14,14,14,14,14,14,14
160065,0,1,13,13,13,13,13,13,13,13,13,13
160065,1,1,0,0,0,0,0,0,0,0,0,0
160066,0,1,0,0,0,0,0,0,0,0,0,0
160066,1,1,0,0,0,0,0,0,0,0,0,0
160067,1,1,0,0,0,0,0,0,0,0,0,0
160067,2,1,0,0,0,0,0,0,0,23,0,0
160067,3,1,0,0,0,0,0,0,0,0,0,0
160068,1,1,24,24,24,24,24,24,24,24,24,24
160069,1,1,0,0,0,0,0,0,0,0,0,0
160070,1,1,0,0,0,22,0,0,0,0,0,0
160071,1,1,27,0,0,0,0,0,27,31,0,0
160072,1,1,0,0,0,0,0,0,0,0,0,0
160072,2,1,0,0,0,0,0,0,0,0,0,0
160073,1,1,19,19,19,19,19,19,19,19,19,19
160074,1,1,0,0,0,0,0,0,0,0,0,0
160074,2,1,0,0,0,0,0,0,0,0,0,0
160075,1,1,0,0,0,19,0,0,0,0,0,0
160075,2,1,0,0,0,0,0,0,0,0,0,0
160076,1,1,0,0,0,0,0,0,0,0,0,0
160077,1,1,10,10,10,10,10,10,10,10,10,10
160078,1,1,0,0,0,0,0,0,0,0,0,0
160079,1,1,0,0,0,0,0,0,0,0,22,0
160080,1,1,0,0,0,0,0,0,0,0,0,0
160081,1,1,0,0,0,0,0,0,0,0,0,0
160081,2,1,0,0,0,0,0,0,0,0,0,0
160082,1,1,0,0,0,0,0,0,0,0,0,0
160082,2,1,0,0,0,0,0,0,0,0,4,0
160083,1,1,0,0,0,0,0,0,0,0,0,0
160083,2,1,0,0,0,0,0,0,0,0,0,0
160084,1,1,0,0,0,0,0,0,0,0,0,0
160084,2,1,0,0,0,0,0,0,0,0,0,0
160085,1,1,0,0,0,0,0,0,17,0,9,0
160085,2,1,0,0,0,0,0,11,0,0,0,0
160086,1,1,20,20,20,20,20,20,20,20,20,20
160087,1,1,0,0,0,0,0,0,0,0,0,0
160088,1,1,0,0,0,0,0,0,0,0,0,0
160088,2,1,0,0,0,0,0,0,0,0,0,0
160089,1,1,0,0,0,0,0,0,0,0,0,0
160090,1,1,0,0,0,0,0,0,0,0,0,0
160091,1,1,0,0,0,0,0,0,0,0,0,0
160091,2,1,0,0,0,0,0,0,0,0,0,0
160092,1,1,17,17,17,17,17,17,17,17,17,17
160092,2,1,0,0,0,0,0,0,4,0,0,0
160093,0,1,17,0,25,20,0,17,0,0,19,0
160093,1,1,0,0,0,0,0,0,0,0,0,0
160094,1,1,0,0,0,31,0,0,0,0,0,29
160095,1,1,18,18,18,18,18,18,18,18,18,18
160095,2,1,0,0,0,0,0,0,0,0,0,0
160096,1,1,15,15,15,15,15,15,15,15,15,15
160097,1,1,5,5,5,5,5,5,5,5,5,5
160098,1,1,0,0,0,0,0,0,0,0,0,0
160099,1,1,0,0,0,0,0,0,0,0,0,0
160099,2,1,0,0,0,0,0,0,0,0,0,0
160100,1,1,0,0,0,0,0,0,0,0,0,0
160100,2,1,0,0,0,0,0,0,0,0,0,0
160101,1,1,0,12,0,0,0,0,0,0,0,0
160102,1,1,0,0,0,0,0,0,0,0,0,0
160102,2,1,0,0,0,0,0,0,0,0,0,0
160103,1,1,0,0,0,0,0,0,0,0,0,0
160103,2,1,0,0,0,0,0,0,0,0,0,0
160104,1,1,0,0,0,0,0,0,0,0,0,0
160104,2,1,0,0,0,0,0,0,0,0,0,0
160105,1,1,0,0,0,0,0,0,0,14,0,0
160106,1,1,5,0,0,0,0,0,0,0,10,0
160106,2,1,0,0,0,0,0,0,0,0,0,0
160107,1,1,27,20,0,0,12,0,0,0,0,0
160108,1,1,0,0,0,0,0,0,0,0,0,0
160109,1,1,0,0,0,0,0,0,0,0,0,0
160110,1,1,0,0,0,0,0,0,0,0,0,0
160110,2,1,19,19,19,19,19,19,19,19,19,19
160111,1,1,0,33,0,0,0,0,0,0,0,0
160112,1,1,0,0,0,0,0,0,0,0,0,0
160113,1,1,0,0,0,0,0,0,0,0,0,0
160113,2,1,0,0,0,0,0,0,0,0,0,0
160113,3,1,0,0,0,0,0,0,0,0,0,0
160114,1,1,0,0,0,0,0,0,0,0,0,0
160114,2,1,0,0,0,0,0,0,0,0,0,0
160115,1,1,11,11,11,11,11,11,11,11,11,11
160116,1,1,0,0,0,0,0,0,0,25,0,0
160117,1,1,0,0,0,0,0,0,0,0,0,0
160117,2,1,0,0,0,0,0,0,0,0,0,0
160118,1,1,0,0,0,0,0,0,0,0,0,0
160118,2,1,0,0,0,0,0,0,0,0,0,0
160119,1,1,20,20,20,20,20,20,20,20,20,20
160120,1,1,23,23,23,23,23,23,23,23,23,23
160121,1,1,20,20,20,20,20,20,20,20,20,20
160122,1,1,0,0,30,0,0,0,0,0,0,0
160122,2,1,0,0,0,0,0,0,0,0,0,0
160123,1,1,0,0,21,0,0,0,16,0,0,0
160123,2,1,0,0,0,0,0,0,0,0,0,0
160124,1,1,0,0,0,0,0,0,0,0,0,0
160125,1,1,29,29,29,29,29,29,29,29,29,29
160126,1,1,15,15,15,15,15,15,15,15,15,15
160127,1,1,0,0,0,0,0,0,0,0,0,0
160128,1,1,22,22,22,22,22,22,22,22,22,22
160129,1,1,7,7,7,7,7,7,7,7,7,7