ST_CASE,VEH_NO,PER_NO,P1,P2,P3,P4,P5,P6,P7,P8,P9,P10
160130,1,1,0,0,0,0,0,0,0,0,0,0
160131,1,1,0,0,0,0,0,0,0,0,0,0
160132,1,1,0,0,0,0,0,0,0,0,0,0
160132,2,1,7,0,11,0,0,0,0,0,0,0
160133,1,1,0,0,0,0,0,0,0,0,0,0
160134,1,1,0,0,0,0,0,0,0,0,0,0
160135,1,1,9,9,9,9,9,9,9,9,9,9
160136,1,1,0,0,0,0,0,0,0,0,0,0
160137,1,1,0,0,0,0,0,0,0,0,0,0
160138,1,1,0,0,0,0,0,0,0,0,0,0
160138,2,1,0,0,0,0,0,0,0,0,0,0
160139,0,1,0,0,0,0,0,0,0,0,0,0
160139,1,1,0,0,0,0,0,0,0,0,0,0
160140,1,1,16,16,16,16,16,16,16,16,16,16
160141,0,1,47,15,36,5,6,25,24,17,19,17
160141,1,1,0,0,0,0,0,0,0,0,0,0
160141,2,1,0,0,0,0,0,0,0,0,0,0
160141,3,1,0,0,0,0,0,0,0,0,0,0
160142,1,1,19,19,19,19,19,19,19,19,19,19
160142,2,1,0,0,0,0,0,0,0,0,0,0
160143,1,1,0,0,0,0,0,0,0,0,0,0
160144,1,1,5,5,5,5,5,5,5,5,5,5
160145,1,1,0,0,0,0,0,0,0,0,0,0
160145,2,1,18,18,18,18,18,18,18,18,18,18
160146,1,1,15,0,0,0,0,0,0,0,0,0
160146,2,1,0,0,0,0,0,0,0,0,0,0
160146,3,1,0,0,0,0,0,0,0,0,0,0
160146,4,1,0,0,0,0,0,0,0,0,0,0
160147,1,1,0,0,0,0,0,0,0,0,0,3
160147,2,1,0,0,0,0,0,0,0,0,0,0
160148,1,1,0,0,0,0,0,0,0,0,0,0
160149,1,1,0,0,0,0,0,0,0,0,0,0
160150,1,1,0,0,0,0,0,0,0,0,0,0
160150,2,1,0,0,0,0,0,0,0,0,0,0
160151,1,1,15,15,15,15,15,15,15,15,15,15
160152,1,1,0,0,0,0,0,0,0,0,0,0
160152,2,1,0,0,0,0,0,0,0,0,0,0
160152,3,1,0,0,0,0,0,0,0,0,0,0
160153,1,1,0,16,23,0,0,41,0,0,15,30
160154,1,1,6,6,6,6,6,6,6,6,6,6
160154,2,1,0,0,0,0,0,0,0,0,0,0
160155,1,1,0,0,0,0,0,0,0,0,0,0
160156,1,1,27,27,27,27,27,27,27,27,27,27
160156,2,1,35,0,0,0,0,0,0,9,0,0
160157,1,1,0,0,0,0,0,15,0,0,0,16
160157,2,1,0,0,0,0,0,0,0,0,0,0
160158,0,1,0,0,0,0,0,0,0,0,18,8
160158,1,1,0,0,13,0,0,0,0,0,0,1
160159,1,1,0,0,0,0,0,0,0,0,0,0
160159,2,1,0,0,0,0,0,0,0,0,0,0
160159,3,1,0,0,0,0,0,0,0,0,0,0
160159,4,1,0,0,0,0,0,0,0,5,0,0
160160,1,1,9,9,9,9,9,9,9,9,9,9
160161,1,1,0,0,0,0,0,0,0,0,0,0
160161,2,1,0,0,0,0,0,0,0,0,0,0
160162,1,1,6,5,0,0,0,0,0,0,0,0
160162,2,1,0,0,0,0,0,0,0,0,0,0
160163,1,1,0,0,0,0,0,0,0,0,0,0
160163,2,1,0,0,0,0,0,0,0,0,0,0
160164,1,1,0,0,0,0,0,0,0,0,0,0
160164,2,1,0,0,0,0,0,0,0,0,0,0
160165,1,1,0,0,0,0,0,0,0,0,0,0
160165,2,1,0,0,0,0,0,0,0,0,0,10
160165,3,1,0,8,0,0,0,0,0,0,0,0
160166,1,1,0,0,0,0,0,0,0,0,0,0
160167,1,1,0,0,0,0,0,0,0,0,0,0
160167,2,1,0,0,0,0,0,0,0,0,0,0
160167,3,1,0,0,0,0,0,0,0,0,0,0
160168,1,1,16,16,16,16,16,16,16,16,16,16
160168,2,1,0,0,0,0,0,0,13,0,0,0
160169,0,1,0,0,0,0,0,0,0,0,0,42
160169,1,1,0,0,0,0,0,0,0,0,0,0
160170,1,1,0,0,0,0,0,0,0,0,0,0
160171,1,1,0,0,0,0,0,0,0,0,0,0
160172,0,1,0,0,0,0,0,0,0,0,0,0
160172,1,1,0,19,0,0,17,0,0,0,0,0
160173,1,1,0,0,0,0,0,0,0,0,0,0
160173,2,1,0,0,0,0,0,0,0,0,0,0
160174,0,1,21,21,21,21,21,21,21,21,21,21
160174,1,1,0,0,0,0,0,0,0,0,0,0
160175,1,1,16,16,16,16,16,16,16,16,16,16
160176,1,1,0,0,0,0,0,0,0,0,0,0
160177,1,1,0,0,0,0,0,0,0,0,0,0
160177,2,1,0,0,0,0,0,0,0,0,0,0
160177,3,1,0,0,0,0,0,0,0,0,0,0
160178,1,1,0,0,0,0,0,0,0,0,26,0
160179,1,1,0,0,0,0,0,0,0,0,0,0
160179,2,1,0,0,0,0,0,0,0,0,0,0
160179,3,1,0,0,0,0,0,0,0,0,0,0
160180,0,1,17,17,17,17,17,17,17,17,17,17
160180,1,1,0,0,0,0,0,0,0,0,0,0
160181,1,1,29,29,29,29,29,29,29,29,29,29
160181,2,1,0,0,0,0,0,0,0,0,0,0
160182,1,1,25,25,25,25,25,25,25,25,25,25
160182,2,1,0,0,0,0,0,0,0,0,0,0
160183,1,1,0,0,0,0,20,0,0,0,0,0
160184,1,1,0,0,0,0,0,0,0,0,0,0
160185,1,1,0,0,0,0,15,0,0,0,0,0
160185,2,1,0,0,0,0,0,0,0,0,0,0
160186,1,1,0,0,0,0,0,0,0,0,0,0
160186,2,1,0,0,0,0,0,0,0,0,0,0
160187,1,1,0,0,0,0,0,0,0,0,0,0
160188,1,1,30,30,30,30,30,30,30,30,30,30
160189,1,1,0,0,0,0,0,0,0,0,0,0
160189,2,1,0,0,0,0,0,0,0,0,0,0
160190,1,1,24,24,24,24,24,24,24,24,24,24
160191,1,1,0,0,0,0,0,0,0,0,0,0
160192,1,1,0,0,0,19,0,0,0,0,0,0
160192,2,1,0,0,0,0,0,0,0,0,0,0
160193,1,1,0,0,0,0,0,0,0,0,0,0
160194,1,1,17,17,17,17,17,17,17,17,17,17
160194,2,1,0,0,0,0,0,0,0,0,0,0
160195,1,1,17,17,17,17,17,17,17,17,17,17
160196,1,1,0,0,0,0,0,0,0,0,0,0
160197,1,1,0,0,0,0,0,0,0,0,0,0
160197,2,1,0,0,0,0,0,0,0,0,0,0
160197,3,1,0,26,0,0,0,0,0,0,0,0
160198,1,1,0,0,0,0,0,0,0,0,0,0
160199,1,1,0,0,0,0,0,0,0,0,0,0
160199,2,1,0,0,0,0,0,0,0,0,0,0
160200,1,1,0,0,0,0,0,0,0,0,0,0
160201,1,1,6,6,6,6,6,6,6,6,6,6
160202,0,1,0,0,0,30,0,16,0,0,0,0
160202,0,2,0,18,0,0,0,0,0,0,32,0
160202,1,1,0,0,0,0,0,0,0,0,0,0
160203,1,1,0,0,0,0,0,0,0,0,0,0
160203,2,1,0,0,0,2,0,0,0,0,0,0
160204,1,1,0,0,0,0,0,0,0,0,0,0
160205,1,1,27,27,27,27,27,27,27,27,27,27
160206,1,1,21,21,21,21,21,21,21,21,21,21
160206,2,1,0,0,0,0,0,0,0,0,0,0
160207,1,1,0,0,0,12,0,0,0,7,0,0
160208,1,1,0,0,0,0,0,0,0,0,0,0
160209,0,1,0,0,0,0,0,0,0,0,34,0
160209,1,1,0,0,0,0,0,0,0,0,0,0
160210,1,1,0,0,0,0,0,24,0,0,0,0
160211,1,1,0,0,0,0,0,0,0,0,0,0
160212,1,1,0,0,0,0,0,0,0,0,0,0
160212,2,1,0,0,0,0,0,0,0,0,0,0
160213,1,1,24,24,24,24,24,24,24,24,24,24
160214,1,1,0,0,0,0,0,0,0,0,0,0
160214,2,1,9,0,0,0,0,6,0,0,0,0
160215,1,1,14,14,14,14,14,14,14,14,14,14
160216,1,1,0,0,0,0,0,0,0,0,0,0
160216,2,1,0,0,0,0,0,0,0,4,0,0
160217,0,1,23,23,23,23,23,23,23,23,23,23
160217,1,1,21,21,21,21,21,21,21,21,21,21
160218,1,1,0,0,0,0,0,0,0,0,0,0
160219,1,1,0,0,0,0,0,0,0,0,0,0
160219,2,1,0,0,0,0,0,0,0,0,0,0
160220,1,1,15,15,15,15,15,15,15,15,15,15
160221,1,1,0,0,0,0,0,0,0,0,0,0
160221,2,1,17,17,17,17,17,17,17,17,17,17
160222,0,1,0,0,0,0,0,0,0,0,0,0
160222,1,1,0,0,0,0,0,0,0,0,0,0
160223,1,1,26,26,26,26,26,26,26,26,26,26
170002,1,1,15,15,15,15,15,15,15,15,15,15
170002,2,1,3,3,3,3,3,3,3,3,3,3
170004,1,1,0,0,0,0,0,0,0,0,0,0
170006,1,1,18,18,18,18,18,18,18,18,18,18
170007,1,1,7,7,7,7,7,7,7,7,7,7
170008,1,1,14,14,14,14,14,14,14,14,14,14
170009,1,1,17,17,17,17,17,17,17,17,17,17
170010,1,1,0,0,0,0,0,0,0,0,0,0
170011,1,1,0,0,0,0,0,0,0,0,0,0
170012,0,1,34,34,34,34,34,34,34,34,34,34
170012,1,1,0,0,0,0,0,0,0,0,0,0
170013,1,1,0,0,0,0,0,0,0,0,0,0
170014,1,1,0,0,0,0,0,0,0,0,0,0
170015,1,1,0,0,0,0,0,0,0,0,0,0
170016,1,1,0,0,0,0,0,0,0,0,0,0
170017,0,1,0,0,15,0,0,0,15,5,0,0
170017,1,1,18,28,0,11,8,0,0,0,0,0
170018,1,1,0,0,0,0,0,0,0,0,0,0
170019,1,1,9,9,9,9,9,9,9,9,9,9
170019,2,1,0,0,0,0,0,0,0,0,0,0
170019,3,1,0,0,0,14,0,0,0,0,0,0
170020,1,1,15,9,0,0,15,0,7,5,14,12
170021,1,1,0,0,0,0,0,0,0,0,0,0
170022,1,1,0,0,0,0,0,0,0,0,0,0
170023,0,1,13,13,13,13,13,13,13,13,13,13
170023,1,1,0,0,0,0,0,0,0,0,0,14
170024,1,1,18,18,18,18,18,18,18,18,18,18
170025,1,1,0,0,0,0,0,0,0,0,0,0
170025,2,1,0,0,0,0,18,0,0,0,0,0
170025,3,1,0,0,0,0,0,0,0,0,0,0
170026,1,1,21,0,0,0,0,0,0,0,0,35
170027,1,1,4,5,4,19,15,10,0,22,10,19
170028,1,1,0,0,0,0,0,0,0,0,0,0
170028,2,1,0,0,0,0,0,0,0,0,0,0
170029,1,1,0,0,0,0,0,0,0,0,0,0
170029,2,1,0,0,0,0,0,0,0,0,0,0
170030,1,1,12,12,12,12,12,12,12,12,12,12
170030,2,1,0,0,0,0,0,0,15,0,0,0
170030,3,1,0,0,0,0,0,0,0,0,0,0
170030,4,1,0,0,0,0,0,0,13,0,0,0
170031,1,1,26,26,26,26,26,26,26,26,26,26
170032,1,1,0,0,0,0,0,0,0,0,0,0
170033,1,1,0,4,0,0,0,0,0,0,0,0
170033,2,1,0,0,0,0,0,0,0,0,0,0
170034,1,1,10,10,10,10,10,10,10,10,10,10
170034,2,1,0,0,0,0,0,0,0,0,0,0
170035,0,1,34,34,34,34,34,34,34,34,34,34
170035,1,1,0,0,0,0,0,0,0,0,0,0
170036,1,1,20,20,20,20,20,20,20,20,20,20
170037,1,1,0,0,0,0,0,0,0,0,0,0
170037,2,1,0,0,0,0,0,0,0,0,0,0
170038,1,1,0,0,0,0,0,0,0,0,0,0
170039,1,1,10,10,10,10,10,10,10,10,10,10
170040,1,1,0,0,0,0,0,0,0,0,0,0
170040,2,1,0,0,0,0,0,0,0,0,0,0
170041,1,1,0,0,0,0,0,0,0,0,0,0
170042,0,1,0,0,0,0,0,0,0,0,0,0
170042,1,1,10,0,0,0,0,0,0,0,0,0
170043,0,1,28,28,28,28,28,28,28,28,28,28
170043,1,1,0,0,0,0,0,0,0,0,0,0
170044,0,1,0,0,0,0,0,0,0,0,0,0
170044,1,1,0,0,0,0,0,0,0,0,0,0
170045,1,1,0,0,0,0,0,0,0,0,0,0
170045,2,1,0,0,0,0,0,0,0,0,0,0
170046,1,1,0,0,0,0,0,0,0,0,0,0
170046,2,1,0,0,0,0,0,0,0,0,0,0
170046,3,1,0,0,0,0,0,0,0,13,0,0
170047,1,1,0,0,0,0,0,0,0,0,0,0
170047,2,1,0,0,0,0,0,0,0,0,0,0
170048,0,1,0,0,0,0,0,0,0,0,0,0
170048,1,1,0,0,0,0,0,0,0,0,0,0
170050,1,1,20,21,9,6,19,22,9,18,19,13
170050,2,1,0,0,0,0,0,0,0,0,0,0
170051,1,1,0,0,0,0,0,0,0,0,0,0
170051,2,1,0,0,0,0,0,0,0,0,0,0
170053,1,1,19,19,19,19,19,19,19,19,19,19
170054,1,1,0,0,0,0,0,0,0,0,0,0
170055,0,1,16,14,16,0,0,0,0,0,0,0
170055,1,1,0,0,0,0,0,0,0,0,0,18
170056,0,1,12,0,12,0,26,19,0,10,13,0
170056,1,1,24,0,0,1,0,0,0,0,0,0
170057,1,1,0,0,0,0,0,0,0,0,0,0
170058,0,1,0,0,0,0,0,0,0,13,0,0
170058,1,1,0,0,0,0,0,0,0,0,0,0
170059,1,1,18,0,0,0,0,0,0,0,0,16
170059,3,1,0,0,0,0,0,0,20,21,0,0
170060,1,1,0,0,0,0,0,0,0,0,0,0
170061,0,1,29,29,29,29,29,29,29,29,29,29
170061,1,1,0,0,0,0,0,0,0,0,0,0
170062,1,1,22,22,22,22,22,22,22,22,22,22
170062,2,1,0,0,0,0,0,0,0,0,0,0
170063,1,1,0,0,0,0,0,0,0,0,0,0
170063,2,1,0,0,0,0,15,0,0,0,0,0
170064,1,1,0,0,0,0,0,0,0,0,0,0
170064,2,1,0,7,0,0,0,0,0,0,0,0
170065,0,1,0,0,0,0,0,0,0,0,0,0
170065,1,1,0,0,0,0,0,0,0,0,0,0
170066,1,1,0,0,0,0,0,0,0,0,0,0
170067,1,1,27,27,27,27,27,27,27,27,27,27
170067,2,1,0,0,0,0,0,0,0,0,0,0
170068,1,1,0,0,0,0,0,0,0,0,0,0
170068,2,1,6,10,0,0,0,0,16,0,0,0
170069,1,1,8,8,8,8,8,8,8,8,8,8
170070,1,1,0,0,0,0,0,0,0,0,0,0
170070,2,1,0,0,0,0,0,0,0,0,0,0
170071,0,1,16,16,16,16,16,16,16,16,16,16
170071,1,1,0,0,0,0,0,0,0,0,0,0
170072,1,1,1,1,1,1,1,1,1,1,1,1
170072,2,1,0,0,0,0,0,0,0,0,0,0
170073,1,1,0,0,0,0,0,0,0,0,0,0
170073,2,1,0,11,0,0,0,0,0,0,0,0
170074,1,1,0,0,0,0,0,0,0,0,0,0
170074,2,1,0,0,0,0,0,0,0,0,0,0
170076,1,1,0,0,0,0,0,0,0,0,0,0
170077,1,1,0,0,0,0,0,0,0,0,0,0
170077,2,1,0,0,0,0,0,0,0,0,0,0
170078,1,1,16,16,16,16,16,16,16,16,16,16
170078,2,1,0,0,0,0,0,0,0,0,0,0
170079,0,1,0,0,0,0,0,0,0,0,0,0
170079,1,1,0,0,6,0,0,0,0,0,0,9
170080,0,1,19,19,19,19,19,19,19,19,19,19
170080,1,1,0,0,0,0,0,0,0,0,0,0
170081,1,1,0,0,0,0,0,0,0,0,0,0
170081,2,1,25,25,25,25,25,25,25,25,25,25
170082,1,1,4,4,4,4,4,4,4,4,4,4
170082,2,1,0,0,0,0,0,0,0,0,0,0
170082,3,1,0,0,0,0,0,0,0,0,0,0
170084,1,1,1,1,1,1,1,1,1,1,1,1
170084,2,1,6,6,6,6,6,6,6,6,6,6
170085,1,1,0,0,0,0,0,0,0,0,0,0
170086,0,1,0,0,0,0,0,0,0,0,0,0
170086,1,1,0,17,0,0,0,0,10,0,0,8
170087,1,1,20,20,20,20,20,20,20,20,20,20
170088,1,1,29,29,29,29,29,29,29,29,29,29
170088,2,1,0,0,0,0,0,0,0,0,17,15
170089,1,1,0,0,0,0,0,0,0,0,0,0
170089,2,1,0,0,0,0,0,0,0,0,0,0
170090,1,1,0,0,0,0,0,0,0,0,0,0
170090,2,1,21,21,21,21,21,21,21,21,21,21
170090,3,1,7,0,0,0,0,0,0,0,0,0
170091,0,1,0,0,0,0,0,0,0,0,0,0
170091,1,1,0,0,0,0,0,0,0,0,0,0
170092,1,1,0,0,0,0,0,0,0,0,0,0
170092,2,1,0,0,0,0,0,0,0,0,0,0
170093,1,1,20,20,20,20,20,20,20,20,20,20
170094,1,1,17,17,17,17,17,17,17,17,17,17
170095,1,1,9,9,9,9,9,9,9,9,9,9
170096,1,1,24,24,24,24,24,24,24,24,24,24
170097,0,1,45,0,0,0,18,0,0,0,0,14
170097,1,1,0,0,0,0,0,0,0,0,0,0
170099,1,1,0,0,0,0,0,0,0,0,0,0
170099,2,1,0,0,0,0,0,0,0,0,0,0
170100,1,1,0,0,0,0,0,0,0,0,0,0
170100,2,1,0,0,0,0,0,0,0,0,0,0
170101,1,1,0,0,0,0,0,0,0,0,0,0
170102,0,1,0,0,0,0,0,0,0,0,0,0
170102,0,2,0,0,9,0,0,0,0,0,0,0
170102,1,1,0,0,0,0,0,0,0,0,0,3
170103,0,1,0,0,0,0,0,0,0,0,0,0
170103,1,1,0,10,0,0,0,12,17,0,0,0
170104,1,1,15,15,15,15,15,15,15,15,15,15
170105,1,1,34,21,9,0,0,0,0,0,0,0
170105,2,1,0,0,0,0,0,0,0,0,0,0
170106,1,1,0,0,0,0,0,0,0,0,0,0
170107,1,1,0,0,0,0,0,0,0,0,0,0
170108,1,1,29,29,29,29,29,29,29,29,29,29
170108,2,1,0,18,0,0,0,0,0,0,30,0
170108,3,1,0,0,13,16,0,0,0,0,0,0
170109,1,1,0,0,0,0,0,0,0,0,0,0
170109,2,1,0,0,0,0,0,0,0,0,0,0
170110,0,1,15,0,0,30,0,15,0,0,0,0
170110,1,1,0,0,0,0,0,0,0,0,0,0
170110,2,1,0,0,0,0,0,0,0,0,0,0
170111,1,1,0,0,0,12,0,0,11,0,0,0
170111,2,1,0,0,0,0,0,0,0,0,0,0
170111,3,1,0,25,0,7,0,0,0,0,0,0
170112,0,1,31,27,31,22,0,13,14,25,34,0
170112,1,1,27,27,27,27,27,27,27,27,27,27
170114,1,1,0,0,15,0,0,0,0,0,0,0
170114,2,1,0,0,0,0,0,0,0,0,0,0
170115,0,1,36,36,36,36,36,36,36,36,36,36
170115,1,1,0,25,0,0,0,0,0,0,0,0
170116,1,1,0,0,0,20,0,0,0,15,14,0
170117,1,1,0,0,0,0,0,0,0,0,0,0
170117,2,1,0,0,0,0,0,0,0,0,0,0
170118,1,1,0,0,0,0,0,0,0,0,0,0
170119,1,1,7,15,5,8,20,0,0,0,8,0
170119,2,1,0,9,0,26,0,0,0,0,0,15
170120,1,1,16,16,16,16,16,16,16,16,16,16
170120,2,1,0,0,0,0,0,0,0,0,0,0
170121,1,1,0,0,0,0,0,0,0,0,0,0
170121,2,1,0,0,0,22,0,0,0,5,23,0
170122,1,1,27,27,27,27,27,27,27,27,27,27
170123,0,1,0,0,0,0,0,0,0,0,0,0
170123,1,1,19,0,11,0,32,0,0,19,0,29
170124,0,1,0,0,0,0,0,0,0,0,0,0
170124,1,1,0,0,0,0,0,0,0,0,0,0
170124,2,1,0,0,0,0,0,0,5,0,0,0
170125,1,1,0,0,0,0,0,0,0,0,0,0
170125,2,1,0,0,0,0,0,0,0,0,0,0
170126,1,1,0,0,7,0,0,0,19,0,0,0
170127,1,1,0,0,0,0,0,0,0,0,0,0
170128,1,1,0,0,0,0,0,0,0,0,0,0
170128,2,1,0,0,0,0,0,0,0,0,0,0
170129,1,1,8,8,19,19,19,14,15,18,19,15
170129,2,1,0,0,0,0,0,0,0,0,0,0
170131,1,1,0,0,0,0,0,0,0,0,0,0
170131,2,1,0,0,0,0,0,0,0,0,0,0
170133,1,1,15,15,15,15,15,15,15,15,15,15
170133,2,1,0,0,0,0,0,0,0,0,0,0
170134,1,1,13,13,13,13,13,13,13,13,13,13
170135,0,1,0,0,21,13,0,0,20,0,0,0
170135,1,1,0,0,0,0,0,0,0,0,22,0
170137,1,1,27,5,11,0,4,12,0,0,0,18
170137,2,1,0,0,0,0,0,0,0,0,0,0
170137,3,1,0,0,0,0,0,0,0,21,0,0
170138,0,1,0,0,0,0,0,0,0,0,0,0
170138,1,1,0,0,0,0,0,12,0,0,0,0
170139,1,1,0,0,0,0,0,0,0,0,11,0
170140,1,1,0,0,0,0,0,0,0,0,0,0
170140,2,1,0,0,0,0,0,0,0,0,0,0
170141,0,1,1,1,1,1,1,1,1,1,1,1
170141,1,1,0,0,0,0,0,0,0,0,0,0
170142,0,1,22,0,0,0,0,0,0,0,18,0
170142,1,1,18,0,0,0,19,0,0,19,22,0
170143,1,1,0,0,0,0,0,0,0,0,0,0
170144,0,1,32,32,32,32,32,32,32,32,32,32
170144,1,1,0,0,0,0,0,0,0,0,0,0
170145,1,1,0,0,0,0,0,0,0,0,0,0
170146,1,1,0,0,0,0,0,0,0,0,0,0
170146,2,1,0,0,0,0,0,0,0,0,0,4
170147,1,1,0,0,0,0,0,29,0,0,0,0
170147,2,1,0,0,0,0,0,0,0,0,0,0
170147,3,1,0,0,0,0,0,0,0,0,0,0
170148,1,1,0,0,0,0,0,0,0,0,0,0
170149,1,1,14,14,14,14,14,14,14,14,14,14
170149,2,1,0,0,0,0,0,0,0,0,0,0
170150,1,1,0,0,0,0,0,0,0,0,0,0
170150,2,1,0,0,0,0,0,0,0,0,0,0
170150,3,1,0,0,0,0,0,0,12,0,0,0
170151,1,1,0,0,0,0,0,0,0,0,0,0
170151,2,1,0,0,0,0,0,0,0,0,0,0
170152,1,1,0,0,0,0,0,0,0,0,0,0
170152,2,1,0,0,0,0,0,0,0,0,0,0
170153,1,1,0,0,0,0,0,0,0,0,0,0
170153,2,1,0,0,0,0,0,0,0,0,0,0
170155,0,1,16,16,16,16,16,16,16,16,16,16
170155,1,1,0,0,0,0,0,0,0,0,0,0
170155,2,1,21,0,29,0,0,0,12,0,8,0
170156,1,1,0,0,7,0,0,0,7,0,0,32
170156,2,1,0,0,0,0,0,0,0,0,0,0
170157,1,1,0,0,0,0,0,0,0,0,0,0
170158,1,1,0,0,0,0,0,0,0,0,0,0
170158,2,1,0,0,0,0,0,0,0,0,0,0
170159,1,1,0,0,0,0,0,0,0,0,0,0
170160,1,1,0,0,0,0,0,0,0,0,0,0
170160,2,1,0,0,0,0,0,0,0,0,0,0
170160,3,1,0,14,9,0,0,0,0,0,20,0
170161,1,1,0,4,0,0,16,0,0,0,0,0
170161,2,1,0,0,7,0,0,0,0,23,0,0
170161,3,1,0,0,0,0,0,9,0,0,0,0
170162,1,1,0,0,0,0,0,19,0,0,0,0
170162,2,1,0,0,0,0,0,0,0,0,0,0
170162,3,1,0,0,0,0,0,0,0,0,0,0
170163,1,1,5,5,5,5,5,5,5,5,5,5
170164,1,1,22,22,22,22,22,22,22,22,22,22
170164,2,1,0,0,0,0,0,0,0,0,0,0
170165,1,1,29,29,29,29,29,29,29,29,29,29
170166,0,1,0,0,0,0,0,0,0,0,0,0
170166,1,1,0,0,0,0,0,0,0,0,0,0
170168,1,1,19,19,19,19,19,19,19,19,19,19
170169,1,1,0,0,0,0,0,0,0,0,0,0
170170,1,1,32,0,21,0,0,0,0,0,0,0
170170,2,1,0,0,0,0,0,0,0,0,0,0
170171,1,1,13,13,13,13,13,13,13,13,13,13
170172,1,1,22,22,22,22,22,22,22,22,22,22
170173,1,1,33,33,33,33,33,33,33,33,33,33
170174,1,1,0,0,0,8,0,0,0,0,0,0
170175,1,1,0,0,0,0,0,0,0,0,0,0
170176,1,1,24,24,24,24,24,24,24,24,24,24
170176,2,1,0,0,0,0,0,0,0,0,0,31
170177,1,1,19,19,19,19,19,19,19,19,19,19
170178,1,1,0,0,0,0,0,0,0,0,0,0
170178,2,1,0,0,0,0,0,0,0,0,0,0
170179,1,1,27,27,27,27,27,27,27,27,27,27
170181,1,1,0,0,0,0,0,0,0,0,0,0
170182,1,1,0,0,0,0,0,0,0,0,0,0
170182,2,1,0,0,0,0,0,0,0,0,0,0
170182,3,1,0,0,0,0,0,0,0,0,0,0
170183,1,1,3,3,3,3,3,3,3,3,3,3
170183,2,1,19,0,0,0,0,0,10,0,0,0
170184,0,1,0,16,0,0,0,0,0,0,0,0
170184,1,1,0,0,0,0,0,0,0,0,0,0
170185,0,1,0,0,0,0,0,0,0,0,0,0
170185,1,1,0,5,18,0,0,0,0,15,0,0
170186,0,1,0,0,0,0,0,0,0,0,0,0
170186,1,1,0,0,0,0,0,0,0,0,0,0
170187,1,1,0,0,0,0,0,0,0,0,0,0
170187,2,1,0,0,0,0,0,0,0,0,0,0
170188,1,1,0,0,0,0,0,0,0,0,0,0
170188,2,1,0,0,0,0,0,0,0,0,0,0
170189,1,1,0,0,0,0,0,0,0,0,0,0
170189,2,1,0,0,0,0,0,0,0,0,0,0
170190,1,1,0,0,0,0,0,0,0,0,0,0
170191,1,1,0,0,0,0,0,0,0,0,0,0
170191,2,1,0,0,0,17,0,0,0,0,0,0
170191,3,1,0,0,0,0,0,0,0,0,0,0
170193,1,1,0,0,0,0,0,0,0,0,0,0
170194,1,1,10,10,10,10,10,10,10,10,10,10
170195,1,1,0,0,0,0,0,0,0,0,0,0
170195,2,1,0,0,0,0,0,0,0,0,0,0
170197,1,1,0,0,0,0,0,0,0,17,0,0
170197,2,1,0,0,0,0,0,0,0,0,0,0
170199,0,1,0,0,0,0,0,0,0,0,0,0
170199,1,1,0,0,0,0,0,0,0,0,0,0
170200,1,1,0,0,0,0,0,0,0,0,0,0
170200,2,1,0,0,0,0,0,0,0,0,0,0
170201,1,1,0,0,0,0,0,0,0,0,0,0
170202,1,1,18,0,0,0,26,0,11,11,22,0
170202,2,1,13,16,0,0,0,0,0,0,0,0
170203,1,1,0,0,0,0,0,0,0,0,3,0
170203,2,1,0,0,0,0,0,0,0,0,0,0
170204,1,1,0,0,0,0,0,0,0,0,0,0
170204,2,1,0,0,0,0,0,0,0,0,0,0
170205,1,1,0,0,0,0,0,0,0,0,0,0
170206,1,1,0,0,0,0,0,0,0,0,0,0
170207,1,1,0,0,0,0,0,0,0,0,0,0
170208,1,1,18,18,18,18,18,18,18,18,18,18
170209,1,1,28,28,28,28,28,28,28,28,28,28
170210,1,1,18,18,18,18,18,18,18,18,18,18
170211,1,1,0,0,0,0,0,0,0,0,0,0
170211,2,1,0,0,0,0,0,0,0,0,0,0
170212,1,1,0,0,0,0,23,0,0,0,0,0
170212,2,1,0,0,0,0,0,0,0,0,0,0
170213,1,1,20,20,20,20,20,20,20,20,20,20
170214,1,1,0,0,0,18,0,0,0,18,0,8
170215,1,1,0,0,0,0,0,0,0,0,0,0
170216,0,1,0,0,0,0,0,0,0,0,0,0
170216,1,1,0,9,0,0,0,0,0,0,0,0
170217,0,1,0,5,0,0,22,24,0,23,39,6
170217,1,1,0,18,0,23,18,13,0,0,10,4
170218,1,1,23,23,23,23,23,23,23,23,23,23
170219,1,1,19,19,19,19,19,19,19,19,19,19
170220,0,1,0,0,0,0,0,0,0,0,36,0
170220,1,1,0,0,0,0,0,0,0,0,0,0
170220,2,1,0,0,0,0,0,0,0,0,0,0
170221,1,1,0,0,0,0,0,35,21,0,0,0
170222,1,1,0,0,0,8,0,19,0,0,0,0
170223,1,1,0,0,0,0,0,0,0,0,0,0
170224,1,1,0,0,27,0,0,0,0,0,0,0
170224,2,1,0,0,22,0,0,0,12,0,6,9
170225,1,1,11,16,15,25,22,6,18,16,20,0
170226,0,1,0,0,0,0,0,0,0,0,0,0
170226,0,2,0,0,0,0,0,0,0,0,0,0
170226,1,1,0,0,0,0,0,0,0,0,0,0
170227,1,1,18,18,18,18,18,18,18,18,18,18
170228,1,1,0,0,0,0,0,0,0,0,0,0