ST_CASE,VEH_NO,PER_NO,P1,P2,P3,P4,P5,P6,P7,P8,P9,P10
170228,2,1,0,0,0,0,0,0,0,0,29,0
170229,1,1,0,0,0,0,0,0,0,0,0,0
170229,2,1,0,0,0,0,0,0,0,0,0,0
170230,1,1,0,7,0,0,0,0,0,0,0,3
170230,2,1,0,0,0,0,0,0,0,0,0,0
170231,1,1,0,0,0,0,0,0,0,0,0,0
170231,2,1,3,3,3,3,3,3,3,3,3,3
170232,1,1,31,31,31,31,31,31,31,31,31,31
170233,1,1,0,7,12,0,0,0,27,0,0,9
170234,1,1,9,9,9,9,9,9,9,9,9,9
170235,0,1,15,0,0,20,28,0,20,0,0,0
170235,0,2,31,0,0,26,0,0,0,0,0,0
170235,1,1,0,0,0,0,0,0,0,0,0,0
170236,1,1,0,0,0,0,0,0,0,0,0,0
170237,1,1,0,0,0,0,0,0,12,0,0,0
170237,2,1,14,0,0,0,0,0,10,0,0,0
170238,1,1,14,14,14,14,14,14,14,14,14,14
170239,1,1,0,0,0,0,0,0,0,0,0,0
170240,1,1,0,0,0,0,0,0,0,0,0,0
170242,1,1,0,20,18,0,20,0,0,0,0,0
170243,1,1,0,19,0,0,0,0,11,0,0,3
170244,1,1,0,0,0,0,0,0,0,0,0,0
170245,1,1,0,0,0,0,0,0,0,0,0,0
170245,2,1,0,0,0,0,0,0,0,0,0,0
170246,1,1,16,16,16,16,16,16,16,16,16,16
170247,1,1,20,20,20,20,20,20,20,20,20,20
170248,1,1,0,0,0,0,0,0,0,0,0,0
170248,2,1,0,0,0,0,0,0,0,0,0,0
170249,1,1,13,13,13,13,13,13,13,13,13,13
170250,1,1,0,0,0,0,0,0,0,0,0,0
170250,2,1,0,0,0,0,0,0,0,0,0,0
170251,1,1,0,0,0,0,22,0,0,7,25,13
170252,1,1,0,0,0,0,0,0,0,0,0,0
170253,1,1,0,20,0,0,2,11,0,0,0,0
170253,2,1,0,0,0,0,0,0,0,0,0,0
170254,1,1,0,0,0,0,0,0,0,0,0,0
170255,1,1,0,0,0,0,0,0,0,0,0,0
170255,2,1,0,0,0,0,0,0,0,0,0,0
170256,0,1,0,0,0,0,0,26,18,19,21,0
170256,0,2,21,21,21,21,21,21,21,21,21,21
170256,1,1,5,19,0,0,0,10,6,38,6,0
170257,1,1,19,19,19,19,19,19,19,19,19,19
170258,1,1,16,16,16,16,16,16,16,16,16,16
170258,2,1,21,0,10,0,0,0,20,25,14,0
170259,1,1,0,0,0,0,0,0,0,0,0,0
170259,2,1,0,0,0,0,0,0,0,0,0,0
170259,3,1,0,0,0,0,0,0,0,0,0,0
170259,4,1,0,0,0,0,0,0,0,0,0,0
170259,5,1,0,0,0,0,0,0,0,0,0,0
170259,6,1,0,0,0,0,0,0,0,0,0,0
170260,1,1,0,0,0,0,0,0,0,0,0,0
170260,2,1,0,0,0,0,0,0,0,0,0,0
170261,0,1,0,40,26,0,0,27,26,17,22,0
170261,1,1,6,6,6,6,6,6,6,6,6,6
170262,1,1,15,9,11,10,4,18,24,23,0,29
170262,2,1,0,11,17,0,14,0,20,0,18,0
170262,3,1,0,0,0,0,0,0,0,7,0,0
170263,1,1,0,0,0,0,0,0,0,0,0,0
170263,2,1,0,0,0,0,0,0,0,0,0,0
170264,1,1,0,0,0,0,0,0,0,0,0,0
170265,1,1,9,9,9,9,9,9,9,9,9,9
170265,2,1,0,0,0,0,0,0,0,0,0,0
170266,1,1,0,22,30,24,10,14,17,0,18,14
170267,1,1,8,8,8,8,8,8,8,8,8,8
170267,2,1,0,0,0,0,0,0,0,0,0,0
170268,1,1,24,24,24,24,24,24,24,24,24,24
170269,1,1,14,14,14,14,14,14,14,14,14,14
170270,1,1,0,0,0,13,0,0,0,0,0,0
170270,2,1,0,0,0,0,0,0,0,0,0,0
170271,1,1,14,14,14,14,14,14,14,14,14,14
170272,1,1,0,0,0,0,0,0,0,0,0,0
170272,2,1,0,0,0,0,0,0,0,0,0,0
170273,1,1,0,0,0,0,0,0,0,0,0,0
170273,2,1,0,0,0,0,0,0,0,0,0,0
170274,1,1,0,0,0,0,0,0,0,0,0,0
170274,2,1,0,0,0,0,0,0,0,0,0,0
170275,1,1,19,19,19,19,19,19,19,19,19,19
170275,2,1,0,7,22,33,0,0,3,24,0,0
170276,1,1,17,17,17,17,17,17,17,17,17,17
170277,1,1,0,0,0,0,0,0,0,0,0,0
170277,2,1,0,0,0,0,0,0,0,0,0,0
170278,1,1,11,11,11,11,11,11,11,11,11,11
170279,1,1,0,0,0,0,0,0,0,0,0,0
170280,1,1,0,0,0,0,0,0,0,0,0,0
170280,2,1,0,0,0,0,0,0,0,0,0,0
170280,3,1,0,0,0,0,0,0,0,0,0,0
170281,1,1,0,0,0,0,0,0,0,0,0,0
170281,2,1,0,0,0,0,0,0,16,0,0,0
170282,1,1,0,0,0,0,0,0,0,0,0,0
170282,2,1,0,0,0,0,0,0,10,0,0,0
170283,1,1,0,0,0,0,0,0,0,0,0,0
170283,2,1,3,3,3,3,3,3,3,3,3,3
170284,1,1,18,18,18,18,18,18,18,18,18,18
170284,2,1,0,0,0,0,9,0,0,0,0,0
170285,1,1,0,0,0,0,0,0,0,0,0,0
170285,2,1,0,0,0,0,0,0,0,0,0,0
170286,1,1,0,0,0,0,0,0,0,0,0,0
170287,1,1,2,2,2,2,2,2,2,2,2,2
170287,2,1,0,0,0,0,0,0,0,0,0,0
170288,1,1,22,22,22,22,22,22,22,22,22,22
170289,1,1,0,0,0,0,0,0,0,0,0,0
170289,2,1,0,0,0,0,0,0,0,0,0,0
170290,1,1,0,0,0,0,16,0,0,0,0,0
170290,2,1,0,0,0,0,0,0,0,0,0,0
170291,1,1,15,15,15,15,15,15,15,15,15,15
170292,1,1,0,0,0,0,0,0,0,0,0,0
170292,2,1,0,15,0,0,11,9,0,0,0,0
170293,1,1,0,0,0,20,0,0,0,0,0,0
170293,2,1,0,0,0,0,0,0,0,0,0,0
170294,0,1,0,0,0,0,0,0,0,0,0,0
170294,1,1,0,0,0,0,0,0,0,0,0,0
170295,1,1,22,22,22,22,22,22,22,22,22,22
170295,2,1,0,0,0,0,0,0,0,0,0,0
170296,1,1,6,0,0,0,0,10,37,0,0,13
170296,2,1,0,0,0,0,0,0,0,0,0,0
170297,1,1,0,0,0,0,0,0,0,0,0,0
170298,1,1,2,2,2,2,2,2,2,2,2,2
170299,1,1,0,0,0,0,0,0,0,0,0,0
170299,2,1,0,0,0,0,0,0,0,0,0,0
170299,3,1,0,0,0,0,0,0,0,0,0,0
170300,1,1,1,1,1,1,1,1,1,1,1,1
170300,2,1,0,0,0,0,0,0,0,0,0,0
170301,1,1,0,0,0,0,0,0,0,0,0,0
170301,2,1,0,0,0,0,0,0,0,13,0,0
170301,3,1,0,22,0,28,7,14,0,0,21,0
170302,0,1,23,23,23,23,23,23,23,23,23,23
170302,1,1,0,0,0,0,0,0,0,0,0,0
170303,1,1,19,19,19,19,19,19,19,19,19,19
170304,1,1,26,26,26,26,26,26,26,26,26,26
170304,2,1,0,0,0,20,0,0,0,0,14,0
170305,1,1,0,8,0,0,5,0,0,16,0,0
170305,2,1,0,0,0,0,0,0,14,0,0,0
170306,0,1,0,6,0,19,0,0,0,0,16,0
170306,1,1,0,0,0,0,12,0,0,0,0,0
170307,1,1,0,0,23,0,0,31,0,0,6,6
170307,2,1,0,0,0,0,0,0,0,0,0,0
170308,0,1,32,32,32,32,32,32,32,32,32,32
170308,1,1,0,7,0,21,21,12,0,9,0,37
170309,1,1,15,15,15,15,15,15,15,15,15,15
170310,1,1,0,0,0,0,0,0,0,0,0,0
170310,2,1,0,0,0,0,0,0,0,0,0,0
170311,1,1,14,8,10,0,0,16,28,0,0,0
170312,1,1,0,9,0,0,8,19,0,0,0,0
170313,1,1,0,0,0,0,0,0,0,0,0,0
170314,1,1,0,0,0,0,17,6,0,6,0,0
170314,2,1,0,0,0,0,0,0,0,0,0,0
170316,1,1,0,0,0,0,0,0,0,0,0,0
170316,2,1,0,0,0,0,0,0,0,0,0,0
170316,3,1,0,0,0,0,0,0,0,0,0,0
170317,1,1,0,0,0,0,0,0,0,0,0,0
170318,1,1,26,26,26,26,26,26,26,26,26,26
170319,1,1,6,6,6,6,6,6,6,6,6,6
170319,2,1,0,0,0,0,0,0,0,0,0,0
170320,1,1,21,21,21,21,21,21,21,21,21,21
170321,1,1,0,0,0,0,0,0,0,0,0,0
170322,0,1,0,0,0,0,0,0,0,0,0,0
170322,1,1,0,3,0,0,13,0,0,0,0,0
170323,1,1,0,0,11,0,0,0,0,0,0,25
170323,2,1,0,0,0,0,0,0,0,0,0,0
170324,1,1,0,0,0,0,0,0,0,0,0,0
170325,1,1,0,0,0,0,0,0,0,0,0,0
170325,2,1,0,0,0,0,0,0,0,0,0,0
170325,3,1,0,0,0,0,0,0,0,0,0,0
170326,1,1,22,22,22,22,22,22,22,22,22,22
170327,1,1,0,0,0,0,0,0,0,0,0,0
170328,0,1,20,20,20,20,20,20,20,20,20,20
170328,1,1,0,0,0,0,0,0,0,0,0,0
170329,1,1,10,10,10,10,10,10,10,10,10,10
170330,1,1,0,0,0,21,0,0,0,0,21,21
170330,2,1,0,0,27,0,0,9,0,0,9,0
170331,1,1,15,15,15,15,15,15,15,15,15,15
170332,1,1,0,0,22,0,0,0,0,0,0,0
170332,2,1,0,0,0,0,0,0,0,0,0,0
170333,1,1,27,27,27,27,27,27,27,27,27,27
170334,1,1,0,0,0,0,0,0,0,0,0,0
170334,2,1,0,0,0,0,0,0,0,0,0,0
170335,1,1,0,0,0,0,0,0,0,0,0,0
170335,2,1,0,0,13,0,0,0,0,0,0,0
170336,1,1,15,15,15,15,15,15,15,15,15,15
170337,1,1,0,0,0,0,0,0,0,0,0,0
170337,2,1,0,0,0,0,0,0,0,0,0,0
170337,3,1,0,0,0,0,0,0,0,0,0,0
170337,4,1,0,0,0,0,0,0,0,0,0,0
170338,1,1,14,14,14,14,14,14,14,14,14,14
170338,2,1,1,1,1,1,1,1,1,1,1,1
170339,1,1,0,0,0,0,0,0,0,0,0,0
170339,2,1,0,0,0,0,0,0,0,0,0,0
170340,0,1,0,6,0,0,0,0,0,0,0,0
170340,1,1,0,0,0,0,0,0,0,0,0,0
170341,1,1,4,4,4,4,4,4,4,4,4,4
170341,2,1,0,0,0,0,0,0,0,0,0,0
170342,1,1,0,0,0,0,0,0,0,0,0,0
170342,2,1,0,0,0,0,0,0,0,0,0,0
170343,1,1,5,5,5,5,5,5,5,5,5,5
170343,2,1,0,0,0,0,0,0,0,0,0,0
170344,0,1,0,0,0,0,5,30,0,0,13,0
170344,1,1,0,0,0,0,0,0,0,0,0,0
170345,1,1,0,0,0,0,0,0,0,0,0,0
170345,2,1,0,0,0,19,0,0,0,0,0,9
170346,0,1,0,0,0,0,0,0,0,0,0,0
170346,1,1,0,0,21,0,0,0,13,0,0,8
170347,1,1,15,15,15,15,15,15,15,15,15,15
170347,2,1,0,0,0,0,0,0,0,0,0,16
170348,0,1,0,0,0,0,23,0,0,0,0,0
170348,1,1,0,0,0,0,0,0,0,0,0,0
170349,1,1,0,0,0,0,0,0,0,0,0,0
170349,2,1,0,0,0,0,0,0,0,0,0,0
170350,1,1,0,0,0,0,0,9,0,0,0,0
170350,2,1,0,0,0,0,0,0,0,0,0,0
170351,1,1,4,4,4,4,4,4,4,4,4,4
170352,0,1,0,0,0,0,0,0,0,0,0,0
170352,1,1,0,0,0,0,0,0,0,0,0,0
170352,2,1,0,0,0,0,0,0,0,0,0,0
170353,1,1,0,0,0,0,0,0,0,0,0,0
170354,1,1,0,0,0,19,0,0,0,0,0,0
170355,0,1,0,0,0,0,0,0,0,0,0,0
170355,1,1,0,0,0,0,0,18,0,0,0,0
170356,0,1,0,29,4,0,0,0,19,6,18,0
170356,1,1,0,0,0,0,0,0,0,0,0,0
170357,1,1,0,9,0,0,0,0,0,0,0,0
170357,2,1,0,0,0,0,0,0,0,0,0,0
170358,1,1,7,7,7,7,7,7,7,7,7,7
170359,0,1,0,0,0,0,0,22,0,11,0,0
170359,1,1,0,0,0,0,13,0,0,0,0,0
170360,1,1,18,18,18,18,18,18,18,18,18,18
170361,0,1,0,0,0,0,0,0,0,0,0,0
170361,1,1,0,0,0,0,0,0,0,0,0,0
170362,1,1,0,0,0,0,0,0,0,0,0,0
170362,2,1,0,9,0,0,0,0,0,0,0,0
170362,3,1,0,0,0,0,0,0,0,6,0,0
170363,1,1,0,0,0,0,9,9,0,0,0,0
170363,2,1,4,4,4,4,4,4,4,4,4,4
170364,1,1,18,18,18,18,18,18,18,18,18,18
170365,1,1,0,0,0,0,0,0,0,0,0,0
170366,1,1,0,0,0,0,0,0,0,0,0,0
170366,2,1,0,0,0,0,0,0,0,0,0,0
170368,1,1,0,0,0,0,0,21,0,0,0,0
170369,1,1,30,30,30,30,30,30,30,30,30,30
170370,1,1,19,19,19,19,19,19,19,19,19,19
170371,1,1,21,21,21,21,21,21,21,21,21,21
170372,1,1,0,0,0,0,8,0,0,9,0,0
170373,1,1,0,0,19,22,0,0,12,5,14,5
170374,1,1,0,0,0,0,0,0,0,0,0,0
170374,2,1,0,0,0,0,0,0,0,0,0,0
170375,1,1,0,0,0,4,0,11,0,0,0,0
170375,2,1,0,0,0,0,0,0,0,0,0,0
170375,3,1,10,8,0,12,0,4,0,0,7,0
170376,1,1,0,0,0,0,0,0,0,0,0,0
170376,2,1,0,0,0,0,0,0,0,0,0,0
170377,1,1,0,0,0,0,0,0,0,0,0,0
170377,2,1,8,0,11,4,13,0,21,1,16,0
170378,1,1,0,0,0,0,0,0,0,0,0,0
170378,2,1,0,0,0,0,0,0,0,0,0,0
170379,1,1,0,0,0,0,26,0,0,0,0,0
170379,2,1,0,0,0,25,0,0,0,0,0,0
170380,0,1,3,3,3,3,3,3,3,3,3,3
170380,1,1,6,6,6,6,6,6,6,6,6,6
170381,1,1,26,26,26,26,26,26,26,26,26,26
170382,1,1,0,0,0,0,0,0,0,0,0,0
170382,2,1,0,0,0,0,0,0,0,0,0,0
170383,1,1,0,0,0,0,0,0,0,0,0,0
170384,0,1,0,0,0,0,0,0,0,0,0,0
170384,1,1,0,0,0,0,0,0,0,0,0,0
170385,1,1,0,33,0,13,12,0,12,16,24,0
170386,0,1,11,0,0,0,41,15,19,0,0,31
170386,1,1,0,0,0,0,22,0,0,0,0,0
170387,0,1,0,0,0,0,0,0,0,0,0,0
170387,1,1,0,0,0,0,0,0,0,0,0,0
170388,1,1,24,24,24,24,24,24,24,24,24,24
170389,1,1,0,0,0,0,0,0,0,0,0,0
170389,2,1,0,0,0,0,0,0,0,0,0,0
170390,1,1,0,18,14,0,0,0,0,0,0,0
170391,1,1,0,0,0,0,0,0,0,0,0,0
170391,2,1,0,0,0,0,0,0,0,0,0,0
170392,1,1,0,0,0,0,0,0,0,0,0,0
170392,2,1,0,0,0,0,0,0,0,0,0,0
170393,1,1,0,0,0,0,0,0,0,0,0,0
170394,1,1,0,0,0,0,0,0,0,0,0,0
170395,1,1,9,9,9,9,9,9,9,9,9,9
170396,1,1,0,0,0,0,0,0,0,0,0,0
170396,2,1,0,0,0,0,31,0,12,0,0,0
170396,3,1,10,0,0,0,0,0,0,0,0,0
170397,1,1,0,0,0,0,0,0,0,0,0,0
170397,2,1,0,0,0,0,0,0,0,0,0,0
170398,1,1,0,0,12,0,0,0,0,0,0,0
170399,1,1,0,0,0,0,0,0,0,0,0,0
170399,2,1,0,0,0,0,0,0,0,0,0,0
170400,0,1,29,0,16,0,0,0,0,0,0,22
170400,0,2,19,0,0,0,28,0,0,18,0,3
170400,1,1,18,0,0,0,0,0,0,0,23,22
170400,2,1,0,0,0,0,0,0,21,0,0,0
170401,1,1,0,0,0,0,0,0,0,0,0,0
170402,1,1,0,0,0,0,0,0,0,0,0,0
170403,1,1,22,22,22,22,22,22,22,22,22,22
170404,1,1,0,0,0,0,0,0,0,0,0,0
170404,2,1,0,0,0,0,0,0,0,0,0,0
170405,1,1,29,29,29,29,29,29,29,29,29,29
170406,1,1,0,0,0,0,0,0,0,0,0,0
170406,2,1,0,0,0,0,0,0,0,0,0,0
170407,1,1,0,0,0,0,0,0,0,0,0,0
170407,2,1,0,0,0,0,0,0,0,0,0,0
170408,1,1,0,0,0,0,0,0,0,0,0,0
170408,2,1,16,16,16,16,16,16,16,16,16,16
170409,1,1,0,0,0,0,0,0,0,0,0,0
170409,2,1,0,0,0,0,0,0,0,0,0,0
170410,1,1,0,0,0,0,0,0,0,0,0,0
170411,1,1,0,0,10,0,0,0,0,26,0,0
170412,1,1,0,0,0,0,0,0,0,0,0,0
170412,2,1,0,0,0,0,0,0,0,0,0,0
170413,1,1,26,26,26,26,26,26,26,26,26,26
170414,1,1,0,0,0,0,0,0,0,0,0,0
170414,2,1,0,0,0,0,0,0,0,0,0,0
170415,1,1,0,0,0,0,0,0,0,0,0,0
170416,0,1,12,12,12,12,12,12,12,12,12,12
170416,1,1,10,10,10,10,10,10,10,10,10,10
170417,1,1,29,29,29,29,29,29,29,29,29,29
170418,1,1,26,26,26,26,26,26,26,26,26,26
170419,1,1,0,0,0,0,0,0,0,0,0,0
170420,0,1,0,0,0,0,0,0,0,0,0,0
170420,1,1,0,0,0,0,0,0,0,0,0,0
170421,1,1,0,0,0,0,0,0,0,0,0,0
170421,2,1,0,0,0,0,0,0,0,0,0,0
170422,1,1,0,0,0,0,0,0,0,0,0,0
170423,1,1,0,0,9,0,0,21,13,0,0,23
170424,0,1,21,0,11,16,16,25,16,5,3,34
170424,1,1,0,0,0,0,0,0,0,0,0,0
170425,1,1,0,0,0,0,0,0,0,0,0,0
170426,1,1,0,0,0,0,0,0,0,0,0,0
170427,1,1,0,0,0,0,0,0,0,0,0,0
170428,1,1,14,14,14,14,14,14,14,14,14,14
170428,2,1,0,0,0,0,0,0,0,0,0,0
170429,1,1,0,0,26,0,0,0,0,0,22,31
170430,1,1,0,0,0,0,0,0,0,0,0,0
170430,2,1,0,0,0,0,0,0,0,0,0,0
170431,1,1,0,0,11,0,0,0,0,0,0,0
170432,1,1,0,0,0,0,0,0,0,0,0,0
170433,1,1,2,2,2,2,2,2,2,2,2,2
170433,2,1,0,0,0,0,0,0,0,0,0,0
170434,1,1,30,14,21,5,28,23,18,13,10,0
170434,2,1,0,0,0,0,0,0,0,0,0,0
170435,1,1,19,19,19,19,19,19,19,19,19,19
170436,1,1,0,0,0,0,0,0,0,0,0,0
170436,2,1,0,0,8,0,0,0,0,17,0,0
170437,1,1,10,10,10,10,10,10,10,10,10,10
170437,2,1,0,0,0,0,0,0,0,0,0,0
170438,1,1,11,11,11,11,11,11,11,11,11,11
170438,2,1,0,6,0,0,0,0,0,0,17,0
170438,3,1,0,0,0,0,0,0,0,0,0,0
170439,1,1,0,0,0,0,0,0,0,0,0,0
170440,1,1,19,19,19,19,19,19,19,19,19,19
170441,1,1,16,16,16,16,16,16,16,16,16,16
170442,1,1,0,10,17,22,11,14,5,0,13,0
170442,2,1,0,0,0,0,0,0,0,0,0,0
170443,1,1,0,0,0,0,0,0,0,0,0,0
170443,2,1,0,0,0,0,0,0,0,0,0,0
170444,1,1,0,0,0,0,0,0,0,0,0,0
170444,2,1,25,0,0,0,0,0,0,0,0,0
170445,1,1,0,0,0,0,0,0,0,0,0,8
170446,1,1,0,0,0,0,0,0,0,0,0,0
170446,2,1,0,0,0,0,0,0,0,0,0,0
170447,1,1,0,0,0,0,0,0,0,0,0,0
170447,2,1,0,0,0,0,0,0,0,0,0,0
170448,1,1,0,10,0,0,0,29,0,7,14,6
170449,1,1,11,0,12,34,8,16,0,0,21,5
170450,1,1,0,0,0,0,0,0,0,0,0,0
170450,2,1,0,0,0,0,0,0,0,0,0,0
170451,1,1,10,10,10,10,10,10,10,10,10,10
170451,2,1,0,0,0,0,0,0,24,0,0,0
170452,0,1,26,26,26,26,26,26,26,26,26,26
170452,1,1,0,9,0,0,0,0,0,19,0,10
170453,1,1,0,0,0,0,0,0,0,0,0,0
170454,1,1,0,0,0,0,0,0,0,0,0,0
170454,2,1,0,0,0,0,0,0,0,0,0,0
170455,1,1,0,0,0,0,0,0,0,7,0,0
170456,1,1,8,10,38,0,0,21,16,16,27,22
170457,1,1,25,25,25,25,25,25,25,25,25,25
170458,0,1,0,0,0,0,0,0,0,0,0,0
170458,1,1,0,0,0,0,0,0,0,0,0,0
170459,1,1,0,0,0,0,0,0,0,0,0,0
170459,2,1,0,0,0,0,0,0,0,0,0,0
170460,1,1,0,0,0,0,0,0,0,0,0,0
170460,2,1,0,0,0,0,0,15,0,10,0,0
170461,1,1,0,0,0,0,0,0,0,0,0,0
170461,2,1,0,0,0,0,0,0,22,0,0,0
170462,1,1,13,22,18,0,16,0,28,10,17,0
170462,2,1,0,0,0,0,0,0,0,0,0,0
170462,3,1,17,0,0,0,0,0,0,0,0,0
170462,5,1,0,0,0,0,0,0,0,20,0,7
170463,1,1,0,0,0,0,0,0,0,0,0,0
170463,2,1,0,0,0,0,0,0,0,0,0,0
170463,3,1,0,0,0,0,0,0,41,14,0,0
170464,0,1,0,0,0,0,0,0,0,0,0,0
170464,1,1,0,0,0,0,0,0,0,0,0,0
170465,1,1,0,0,0,0,0,0,0,0,0,0
170465,2,1,0,0,0,0,0,0,0,0,0,0
170465,3,1,0,0,29,0,0,0,0,0,0,0
170465,4,1,0,0,0,0,0,0,0,0,0,0
170466,0,1,0,0,0,0,0,0,0,0,0,0
170466,1,1,0,0,0,0,0,0,0,0,0,0
170467,1,1,9,22,0,0,14,4,0,0,0,0
170468,0,1,20,20,20,20,20,20,20,20,20,20
170468,1,1,0,0,0,0,0,0,0,0,0,0
170469,0,1,0,0,0,37,0,0,0,0,0,0
170469,1,1,0,0,0,0,0,0,0,0,0,0
170470,1,1,15,15,15,15,15,15,15,15,15,15
170470,2,1,0,0,0,0,0,0,0,0,0,0
170470,3,1,0,0,33,0,0,0,0,0,0,0
170471,0,1,0,0,0,0,0,0,0,0,0,0
170471,1,1,0,0,0,0,0,0,0,0,0,0
170472,1,1,0,0,0,0,0,0,0,0,0,0
170472,2,1,0,0,0,0,0,0,0,0,0,0
170472,3,1,0,0,0,0,0,0,0,0,0,0
170473,1,1,0,0,0,0,0,0,0,0,0,0
170474,1,1,0,0,0,0,0,0,0,0,0,0
170474,2,1,0,0,0,0,0,0,0,0,0,0
170474,3,1,0,0,0,0,0,0,0,0,0,0
170475,1,1,18,18,18,18,18,18,18,18,18,18
170476,1,1,0,0,0,19,0,0,0,0,0,0
170476,2,1,0,0,0,0,0,0,0,0,0,0
170477,1,1,0,0,0,0,0,0,0,0,0,0
170477,2,1,0,0,0,0,0,0,0,0,0,0
170477,3,1,0,0,0,0,0,0,0,0,0,0
170478,1,1,0,0,0,0,0,0,0,0,0,0
170479,1,1,0,0,0,0,0,0,0,0,0,0
170479,2,1,0,0,0,0,0,0,0,0,0,0
170480,1,1,14,14,14,14,14,14,14,14,14,14
170480,2,1,0,0,0,0,0,0,0,0,0,0
170481,1,1,0,0,0,0,33,27,0,7,0,19
170481,2,1,12,0,21,14,0,0,18,0,18,0
170482,1,1,0,9,6,0,7,0,0,0,0,6
170483,1,1,20,0,0,0,0,0,0,10,0,0
170483,2,1,4,4,4,4,4,4,4,4,4,4
170484,0,1,0,0,0,0,0,0,0,0,0,0
170484,1,1,0,0,0,0,0,0,0,0,0,0
170485,1,1,0,0,0,0,0,0,0,0,0,0
170486,0,1,0,22,0,8,0,0,18,17,16,0
170486,1,1,11,18,0,38,0,0,0,5,36,24
170487,1,1,13,0,7,0,0,0,14,0,11,0
170487,2,1,0,0,0,0,0,0,0,0,0,0
170488,1,1,0,0,0,0,0,0,0,0,0,0
170488,2,1,22,0,0,14,0,10,24,26,5,0
170489,1,1,0,0,0,0,0,0,0,0,0,0
170489,2,1,0,0,0,0,0,0,0,0,0,0
170490,1,1,0,0,0,0,0,0,0,0,0,0
170490,2,1,0,0,0,0,0,0,0,0,0,0
170491,1,1,23,23,23,23,23,23,23,23,23,23
170492,1,1,0,0,0,0,0,0,0,0,0,0
170493,1,1,12,12,12,12,12,12,12,12,12,12
170494,0,1,35,35,35,35,35,35,35,35,35,35
170494,1,1,0,0,0,0,0,0,0,0,0,0
170495,1,1,0,0,19,0,0,0,0,0,0,0
170495,2,1,0,0,0,0,0,0,8,0,0,17
170496,1,1,17,17,17,17,17,17,17,17,17,17
170497,1,1,7,20,0,0,0,0,0,6,0,0
170497,2,1,1,1,1,1,1,1,1,1,1,1
170498,1,1,0,0,0,0,0,0,0,0,0,0
170498,2,1,0,0,0,0,0,0,0,0,0,0
170499,1,1,0,0,0,0,0,0,0,0,0,0
170499,2,1,0,0,0,0,0,0,0,0,0,0
170500,1,1,0,0,0,0,0,0,0,0,0,0
170500,2,1,0,0,0,0,0,0,0,0,0,0
170501,0,1,0,0,0,0,0,0,0,0,0,0
170501,1,1,0,0,0,0,0,0,0,0,0,0
170502,1,1,0,0,0,0,0,0,0,0,0,0
170502,2,1,0,0,0,0,0,0,0,0,0,0
170503,1,1,0,0,0,0,0,0,0,0,0,0
170504,1,1,0,0,0,0,0,0,0,0,0,0
170504,2,1,0,0,8,8,0,0,0,0,0,0
170505,1,1,0,0,0,0,0,0,0,0,0,0
170505,2,1,0,0,29,0,0,0,0,0,0,0
170506,0,1,26,16,36,15,9,13,13,15,17,6
170506,1,1,0,0,0,0,0,0,0,0,0,0
170507,1,1,3,3,3,3,3,3,3,3,3,3
170509,1,1,13,16,15,6,9,25,26,0,5,9
170510,1,1,7,7,7,7,7,7,7,7,7,7
170510,2,1,2,0,0,0,0,0,0,0,0,0
170511,0,1,0,0,0,0,0,0,0,0,0,0
170511,1,1,0,0,0,0,0,0,0,0,0,0
170512,1,1,4,4,4,4,4,4,4,4,4,4
170513,1,1,2,2,2,2,2,2,2,2,2,2
170514,0,1,0,0,0,0,0,3,0,21,0,0
170514,1,1,0,0,0,0,0,0,0,0,0,0
170515,1,1,16,16,16,16,16,16,16,16,16,16
170516,1,1,0,0,0,0,0,0,0,0,0,0
170516,2,1,0,0,0,0,0,0,0,0,0,0
170516,3,1,0,0,0,0,0,0,0,0,0,0
170517,1,1,0,0,0,0,0,0,0,0,0,0
170518,1,1,0,0,0,0,0,0,0,0,0,0
170518,2,1,0,0,0,0,0,0,0,0,0,0
170518,3,1,0,0,0,0,0,0,0,0,0,0
170519,1,1,41,41,41,41,41,41,41,41,41,41
170520,1,1,10,10,10,10,10,10,10,10,10,10
170520,2,1,0,0,0,0,0,0,0,0,0,0
170521,0,1,0,0,0,0,0,0,0,0,0,0
170521,1,1,0,0,0,0,0,0,0,0,0,0
170522,1,1,0,0,0,0,0,0,0,0,0,0
170523,1,1,0,0,0,0,0,0,0,0,0,0
170524,1,1,0,19,20,0,17,8,19,16,10,9
170525,1,1,0,0,0,0,0,0,0,0,0,0
170525,2,1,0,0,0,0,0,0,0,0,0,0
170527,1,1,0,0,0,0,0,0,0,0,0,0
170528,1,1,0,0,0,0,0,0,0,0,0,0
170528,2,1,0,0,0,0,18,0,0,0,0,0
170528,3,1,0,0,0,0,0,0,0,0,0,0
170529,0,1,10,10,10,10,10,10,10,10,10,10
170529,1,1,15,29,24,10,16,21,6,27,12,3
170530,1,1,3,3,3,3,3,3,3,3,3,3
170531,1,1,14,14,14,14,14,14,14,14,14,14
170531,2,1,0,0,0,0,0,0,0,0,0,0
170532,1,1,0,0,0,0,0,0,0,0,0,0
170532,2,1,0,0,0,0,0,0,0,0,0,0
170533,1,1,26,26,26,26,26,26,26,26,26,26
170534,1,1,15,15,15,15,15,15,15,15,15,15