ST_CASE,VEH_NO,PER_NO,P1,P2,P3,P4,P5,P6,P7,P8,P9,P10
170535,0,1,31,31,31,31,31,31,31,31,31,31
170535,1,1,0,0,0,0,0,0,0,0,0,0
170536,1,1,13,14,6,14,20,20,14,17,15,15
170537,1,1,0,0,0,0,0,0,0,0,0,0
170537,2,1,0,0,0,0,0,0,0,0,0,0
170537,3,1,0,0,0,0,0,0,0,0,0,0
170538,1,1,0,0,0,0,0,0,0,0,0,0
170538,2,1,0,0,0,0,0,0,0,0,0,0
170539,1,1,0,0,0,0,0,0,0,0,0,0
170539,2,1,0,0,0,0,0,0,0,0,0,0
170540,0,1,0,25,16,32,10,0,0,27,0,0
170540,1,1,22,0,18,0,0,0,0,0,0,38
170541,1,1,0,0,0,0,0,0,0,0,0,0
170541,2,1,0,0,0,0,0,0,0,0,0,0
170541,3,1,0,0,0,0,0,0,0,0,0,0
170542,1,1,0,0,0,0,0,0,0,0,0,0
170542,2,1,0,0,0,0,0,0,0,0,0,0
170543,1,1,0,0,0,0,0,0,0,0,0,0
170544,1,1,27,0,0,0,10,0,0,0,7,0
170545,1,1,0,0,0,0,0,0,0,0,0,0
170545,2,1,0,12,0,0,16,0,0,2,11,0
170546,1,1,5,5,5,5,5,5,5,5,5,5
170547,1,1,7,7,7,7,7,7,7,7,7,7
170547,2,1,0,0,0,0,0,0,0,0,0,0
170547,3,1,0,0,0,0,0,0,0,0,0,0
170548,1,1,15,15,15,15,15,15,15,15,15,15
170548,2,1,0,0,0,0,0,2,0,0,0,0
170548,3,1,0,0,0,0,0,0,0,12,0,0
170549,1,1,0,0,0,0,0,0,0,0,0,0
170549,2,1,0,0,0,0,0,0,0,0,0,0
170550,1,1,0,0,0,0,0,0,0,0,0,0
170550,2,1,0,0,0,0,0,0,0,0,0,0
170551,1,1,0,0,0,0,0,0,0,0,0,0
170552,0,1,6,6,6,6,6,6,6,6,6,6
170552,0,2,0,18,0,0,21,20,15,17,0,0
170552,1,1,0,13,0,0,0,0,0,0,0,0
170554,1,1,0,0,0,0,0,0,0,0,0,0
170554,2,1,0,0,0,0,0,0,0,0,0,0
170555,1,1,10,10,10,10,10,10,10,10,10,10
170556,1,1,0,22,20,2,5,17,12,20,17,17
170557,1,1,21,21,21,21,21,21,21,21,21,21
170557,2,1,0,12,18,9,0,27,20,0,13,16
170557,3,1,5,0,0,0,0,14,0,4,0,10
170557,4,1,0,0,0,0,0,0,0,13,0,0
170558,1,1,7,7,7,7,7,7,7,7,7,7
170558,2,1,27,27,27,27,27,27,27,27,27,27
170559,1,1,60,60,60,60,60,60,60,60,60,60
170560,1,1,10,10,10,10,10,10,10,10,10,10
170561,0,1,0,0,0,0,0,3,0,0,0,0
170561,1,1,0,0,0,0,0,0,0,0,0,0
170562,1,1,24,24,24,24,24,24,24,24,24,24
170562,2,1,8,0,0,0,0,0,0,0,0,0
170563,1,1,0,0,0,0,18,0,0,0,0,0
170563,2,1,0,0,0,0,0,0,0,11,0,0
170563,3,1,0,0,0,0,0,0,0,0,0,0
170565,1,1,2,2,2,2,2,2,2,2,2,2
170566,1,1,0,0,0,0,0,0,0,0,0,0
170567,1,1,0,0,0,0,0,0,0,0,0,0
170567,2,1,0,0,0,19,0,0,0,0,0,0
170567,3,1,0,0,0,0,0,0,0,0,0,0
170568,1,1,20,20,20,20,20,20,20,20,20,20
170569,1,1,16,16,16,16,16,16,16,16,16,16
170570,1,1,0,0,0,0,0,0,0,0,0,0
170571,1,1,24,24,24,24,24,24,24,24,24,24
170572,1,1,0,0,0,0,0,0,0,0,0,0
170572,2,1,1,1,1,1,1,1,1,1,1,1
170573,1,1,0,0,0,0,0,0,0,0,9,7
170573,2,1,0,0,0,0,0,0,0,0,0,0
170574,1,1,2,2,2,2,2,2,2,2,2,2
170574,2,1,0,0,0,0,0,0,0,0,0,0
170574,3,1,0,0,0,0,0,0,0,0,0,0
170575,1,1,11,11,11,11,11,11,11,11,11,11
170576,1,1,20,20,20,20,20,20,20,20,20,20
170577,1,1,30,0,13,7,0,0,14,0,0,0
170577,2,1,0,0,0,0,0,0,0,0,0,0
170578,0,1,0,0,0,0,0,0,0,14,0,0
170578,1,1,0,0,0,0,0,0,0,0,0,0
170579,1,1,23,23,23,23,23,23,23,23,23,23
170580,0,1,0,40,0,0,0,0,0,0,24,23
170580,1,1,0,0,0,0,0,0,0,0,0,0
170581,0,1,0,0,0,0,0,0,0,0,0,0
170581,1,1,0,0,14,0,0,20,0,0,0,0
170582,1,1,0,0,0,0,0,0,0,0,0,0
170583,1,1,0,0,0,0,0,0,0,0,12,0
170583,2,1,5,5,5,5,5,5,5,5,5,5
170584,1,1,21,21,21,21,21,21,21,21,21,21
170585,1,1,0,0,0,0,0,0,0,0,0,0
170585,2,1,0,0,0,0,0,0,0,0,0,0
170585,3,1,0,0,0,0,0,0,0,0,0,0
170585,4,1,0,0,0,0,0,0,0,0,0,0
170586,0,1,0,0,0,0,0,0,0,0,0,0
170586,1,1,0,0,0,0,0,0,0,0,0,0
170587,1,1,0,0,0,0,0,0,0,0,0,0
170587,2,1,0,16,0,0,0,0,0,0,0,0
170588,1,1,0,0,0,0,0,0,0,0,0,0
170588,2,1,17,17,17,17,17,17,17,17,17,17
170589,0,1,30,30,30,30,30,30,30,30,30,30
170589,1,1,0,0,21,0,0,0,35,14,18,18
170590,1,1,0,0,0,0,0,0,0,0,0,0
170591,1,1,0,0,0,0,0,0,0,0,0,0
170591,2,1,0,0,0,0,0,0,0,0,0,0
170592,1,1,57,57,57,57,57,57,57,57,57,57
170593,1,1,10,10,10,10,10,10,10,10,10,10
170594,1,1,0,0,0,0,0,0,0,0,0,0
170595,1,1,0,0,0,0,0,0,0,0,0,0
170596,1,1,16,16,16,16,16,16,16,16,16,16
170597,0,1,11,11,11,11,11,11,11,11,11,11
170597,1,1,5,7,0,11,0,8,0,0,14,0
170598,1,1,0,0,0,0,0,0,0,0,0,0
170598,2,1,0,0,0,0,0,0,0,0,0,0
170599,1,1,14,14,14,14,14,14,14,14,14,14
170600,1,1,0,0,0,0,0,0,0,0,0,0
170600,2,1,0,0,0,9,0,0,0,0,0,0
170600,3,1,6,0,0,0,0,19,0,0,0,0
170601,0,1,11,11,11,11,11,11,11,11,11,11
170601,1,1,0,0,0,0,0,0,0,0,0,0
170602,1,1,10,10,10,10,10,10,10,10,10,10
170603,1,1,0,0,0,0,0,0,0,0,0,0
170603,2,1,0,0,2,0,0,0,0,0,0,0
170604,1,1,7,7,7,7,7,7,7,7,7,7
170605,1,1,6,0,0,0,0,13,12,0,12,0
170605,2,1,0,0,0,0,8,0,0,0,0,0
170606,1,1,0,0,0,0,0,0,0,0,0,0
170607,1,1,0,0,0,0,0,0,0,0,0,0
170607,2,1,0,0,0,0,0,0,0,0,0,0
170607,3,1,0,7,0,0,0,0,0,0,0,0
170607,4,1,0,0,0,0,0,0,4,0,0,0
170607,5,1,0,0,0,0,0,0,0,0,0,0
170607,6,1,0,0,0,0,0,0,0,41,0,0
170607,7,1,0,7,0,0,0,0,0,0,0,0
170608,1,1,21,21,21,21,21,21,21,21,21,21
170609,1,1,14,14,14,14,14,14,14,14,14,14
170609,2,1,0,0,0,0,0,0,0,0,0,0
170610,1,1,0,0,0,0,0,0,0,0,0,0
170611,1,1,18,25,9,8,7,23,13,0,11,0
170611,2,1,0,0,0,0,0,0,0,0,0,0
170612,1,1,24,24,24,24,24,24,24,24,24,24
170613,1,1,23,23,23,23,23,23,23,23,23,23
170613,2,1,0,0,0,0,0,0,0,0,0,0
170613,3,1,0,0,0,0,0,0,0,0,0,0
170614,1,1,0,0,0,0,0,0,0,0,0,0
170614,2,1,1,1,1,1,1,1,1,1,1,1
170615,1,1,0,0,0,0,0,0,0,0,0,0
170615,2,1,0,0,0,0,0,0,0,0,0,0
170616,1,1,0,0,0,0,0,0,0,0,0,0
170616,2,1,0,0,0,0,0,0,0,0,0,0
170616,3,1,0,0,0,0,0,0,0,0,7,0
170617,1,1,0,0,0,0,0,0,0,0,0,0
170617,2,1,8,0,0,0,0,0,0,0,0,0
170617,3,1,0,0,0,0,0,0,0,0,0,0
170617,4,1,0,0,0,0,0,0,0,0,0,0
170618,1,1,0,0,0,0,0,0,0,0,0,0
170618,2,1,0,0,0,0,0,0,0,0,0,0
170619,1,1,14,14,14,14,14,14,14,14,14,14
170619,2,1,0,0,0,0,0,11,0,0,14,0
170620,0,1,0,0,0,0,0,0,0,0,0,0
170620,1,1,0,0,0,0,0,0,0,0,0,0
170621,1,1,0,0,0,0,0,0,0,0,0,0
170621,2,1,0,0,19,0,0,0,0,0,0,15
170622,0,1,0,0,0,0,0,0,0,0,0,0
170622,1,1,10,0,26,20,35,0,11,12,0,0
170623,1,1,26,0,25,23,41,0,13,0,19,5
170624,1,1,20,20,20,20,20,20,20,20,20,20
170624,2,1,0,0,0,0,0,0,0,0,0,0
170625,0,1,0,0,0,0,14,0,0,0,0,0
170625,1,1,15,18,0,16,22,0,0,0,0,0
170626,1,1,6,6,6,6,6,6,6,6,6,6
170626,2,1,0,0,0,0,0,0,0,0,0,0
170627,1,1,19,0,0,0,0,0,0,0,0,0
170627,2,1,0,0,0,0,0,0,0,0,0,0
170628,1,1,0,0,0,0,0,0,0,0,0,0
170628,2,1,0,0,0,0,0,0,0,0,0,0
170629,1,1,0,0,0,0,0,0,0,0,0,0
170630,1,1,0,0,0,0,0,0,0,0,0,0
170631,1,1,13,13,13,13,13,13,13,13,13,13
170632,1,1,0,0,0,0,0,0,0,0,0,0
170632,2,1,0,0,0,0,0,0,0,0,0,0
170633,0,1,0,0,0,0,0,0,0,0,0,0
170633,1,1,0,0,0,0,0,0,0,0,0,0
170634,1,1,0,0,0,0,0,0,0,0,0,0
170634,2,1,0,0,0,0,0,0,0,0,0,0
170635,1,1,0,0,0,0,0,0,0,0,0,0
170635,2,1,0,0,0,0,0,0,0,0,0,0
170636,1,1,3,0,0,0,0,0,25,0,0,0
170636,2,1,0,0,0,0,0,0,0,0,0,0
170637,1,1,11,0,0,0,9,0,0,0,0,16
170638,1,1,16,16,16,16,16,16,16,16,16,16
170639,1,1,0,0,0,0,0,0,0,0,0,0
170639,2,1,0,0,0,19,0,0,0,0,7,0
170640,1,1,4,4,4,4,4,4,4,4,4,4
170641,1,1,18,18,18,18,18,18,18,18,18,18
170642,0,1,0,0,0,0,0,0,0,0,0,0
170642,1,1,0,0,0,0,0,0,0,0,0,0
170643,0,1,0,0,0,0,0,0,0,0,0,0
170643,1,1,0,0,0,0,0,0,0,0,0,0
170644,1,1,0,0,0,0,0,0,0,0,0,0
170644,2,1,0,0,0,0,0,0,0,0,0,0
170645,1,1,0,0,22,0,0,0,0,0,0,0
170645,2,1,0,0,0,0,0,0,0,0,0,0
170645,3,1,0,0,0,0,0,0,0,0,0,0
170646,1,1,0,0,0,0,0,0,0,0,0,0
170646,2,1,0,0,0,0,0,0,0,0,0,0
170647,1,1,11,11,11,11,11,11,11,11,11,11
170648,1,1,0,0,0,0,0,0,0,0,0,0
170649,1,1,24,24,24,24,24,24,24,24,24,24
170650,1,1,0,0,0,0,0,0,0,0,0,0
170650,2,1,0,0,0,0,0,0,0,0,0,0
170651,1,1,0,0,0,0,0,0,0,0,0,0
170652,1,1,22,22,22,22,22,22,22,22,22,22
170652,2,1,27,12,0,0,0,23,0,14,11,9
170653,1,1,26,26,26,26,26,26,26,26,26,26
170654,1,1,0,0,0,0,0,0,0,0,0,0
170655,1,1,0,0,0,0,0,0,0,0,0,0
170655,2,1,0,0,0,0,0,0,0,0,0,0
170656,1,1,0,0,0,0,0,0,0,0,0,0
170656,2,1,0,0,0,0,0,0,0,0,0,0
170657,1,1,0,0,0,0,0,0,0,0,0,0
170657,2,1,0,0,0,0,0,0,0,0,0,0
170658,1,1,0,0,0,0,0,0,0,0,0,0
170658,2,1,2,2,2,2,2,2,2,2,2,2
170659,1,1,0,0,0,0,0,0,0,0,0,0
170660,1,1,0,0,0,0,0,0,0,0,0,0
170661,0,1,4,4,4,4,4,4,4,4,4,4
170661,1,1,0,0,0,0,7,0,0,4,0,0
170662,1,1,0,0,0,9,0,0,17,0,0,0
170663,1,1,17,17,17,17,17,17,17,17,17,17
170664,1,1,0,0,0,0,0,0,0,0,0,0
170665,1,1,0,0,0,0,0,0,0,0,0,0
170665,2,1,0,0,0,0,0,0,0,0,0,0
170666,0,1,16,16,16,16,16,16,16,16,16,16
170666,1,1,0,0,14,0,0,44,29,0,13,0
170667,1,1,0,0,0,0,0,0,0,0,0,0
170667,2,1,0,0,0,0,0,0,0,0,0,0
170668,1,1,0,0,0,0,0,0,0,0,0,0
170668,2,1,0,0,0,0,0,0,0,0,0,0
170669,1,1,38,38,38,38,38,38,38,38,38,38
170670,1,1,18,18,18,18,18,18,18,18,18,18
170671,1,1,0,0,0,0,0,0,0,0,0,0
170671,2,1,0,0,0,0,0,0,0,0,0,0
170672,1,1,0,0,0,0,0,0,0,0,0,0
170672,2,1,0,0,0,0,0,0,0,0,0,0
170673,1,1,32,32,32,32,32,32,32,32,32,32
170673,2,1,0,21,0,0,0,0,18,21,0,0
170674,1,1,14,17,28,0,0,0,0,19,0,21
170675,1,1,8,0,21,0,0,0,0,0,20,0
170675,2,1,0,0,6,0,24,0,15,0,14,0
170676,1,1,0,0,0,0,0,0,0,0,0,0
170677,1,1,17,0,0,0,0,0,0,0,0,0
170677,2,1,0,0,0,0,0,0,0,0,0,0
170678,1,1,0,0,0,0,0,0,0,0,0,0
170678,2,1,0,0,0,0,0,0,0,0,0,0
170679,1,1,0,0,0,0,0,0,0,0,0,0
170679,2,1,0,0,0,0,0,0,0,0,0,0
170680,0,1,0,0,0,0,0,0,0,0,0,0
170680,1,1,0,0,0,0,0,0,0,0,0,0
170681,1,1,0,0,0,0,0,0,0,0,0,0
170682,1,1,16,16,16,16,16,16,16,16,16,16
170683,1,1,9,25,6,0,17,26,10,25,6,15
170683,2,1,5,8,21,15,0,0,0,0,28,14
170684,1,1,16,16,16,16,16,16,16,16,16,16
170684,2,1,0,0,0,0,0,0,0,0,0,0
170685,1,1,0,0,0,0,0,0,0,0,0,0
170685,2,1,0,0,0,0,0,0,0,0,0,0
170686,1,1,0,0,0,0,0,0,0,0,0,0
170686,2,1,0,0,0,0,0,0,0,16,0,0
170687,1,1,0,0,0,0,0,0,0,0,0,0
170687,2,1,0,0,0,0,0,0,17,0,17,0
170688,1,1,0,0,0,0,0,0,0,0,0,0
170689,1,1,5,5,5,5,5,5,5,5,5,5
170690,0,1,0,0,0,0,0,0,0,0,0,0
170690,1,1,0,0,0,0,0,0,0,0,0,0
170691,1,1,24,24,24,24,24,24,24,24,24,24
170691,2,1,0,0,0,0,0,0,0,0,0,0
170692,1,1,0,25,0,14,13,0,24,24,0,0
170693,1,1,0,18,0,0,15,4,0,0,0,0
170693,2,1,0,0,0,0,20,9,0,0,0,0
170694,1,1,18,18,18,18,18,18,18,18,18,18
170695,1,1,0,0,0,0,0,0,0,0,0,0
170696,1,1,13,15,27,0,27,30,4,7,19,20
170696,2,1,0,0,0,0,0,0,0,0,0,0
170698,1,1,0,0,0,0,0,0,0,0,0,0
170699,0,1,0,0,0,0,0,0,0,0,0,0
170699,1,1,0,0,0,0,0,0,0,0,0,9
170700,0,1,0,0,0,0,0,0,0,0,0,0
170700,1,1,0,0,0,0,0,0,0,0,0,0
170701,1,1,22,22,22,22,22,22,22,22,22,22
170701,2,1,7,0,0,0,0,0,0,0,0,0
170702,1,1,0,0,0,0,0,0,0,0,0,0
170702,2,1,9,9,9,9,9,9,9,9,9,9
170703,1,1,0,0,0,0,0,0,0,0,0,0
170703,2,1,0,0,0,0,0,0,0,0,0,0
170704,1,1,0,0,0,0,0,0,0,0,0,0
170704,2,1,0,0,0,0,0,0,0,0,0,0
170705,1,1,0,0,0,15,0,20,0,28,0,0
170705,2,1,0,0,0,0,0,0,0,0,0,0
170706,1,1,0,0,0,0,0,0,0,0,0,0
170707,1,1,4,7,7,3,21,10,14,17,7,20
170708,1,1,0,0,0,0,0,0,0,0,0,0
170708,2,1,0,0,0,0,0,0,0,0,0,0
170709,1,1,2,2,2,2,2,2,2,2,2,2
170709,2,1,0,0,22,0,0,0,0,0,0,0
170710,1,1,14,14,14,14,14,14,14,14,14,14
170710,2,1,0,0,0,0,0,0,0,0,0,0
170711,0,1,23,11,26,10,19,15,31,13,17,13
170711,1,1,0,0,0,0,0,0,0,0,0,0
170712,1,1,0,0,0,0,0,0,0,0,0,0
170712,2,1,0,0,0,0,0,0,0,0,0,0
170713,1,1,0,0,0,0,0,0,0,0,0,0
170713,2,1,0,0,22,0,0,0,8,0,0,0
170714,0,1,0,0,0,0,0,0,0,0,0,0
170714,1,1,0,0,0,0,0,0,0,0,0,0
170715,1,1,0,0,0,0,0,0,0,0,0,0
170715,2,1,0,0,0,0,0,0,0,0,0,0
170716,1,1,2,2,2,2,2,2,2,2,2,2
170717,0,1,0,0,0,0,0,0,0,0,0,0
170717,1,1,0,0,0,0,0,0,0,0,0,0
170718,1,1,14,14,14,14,14,14,14,14,14,14
170719,1,1,0,0,0,0,0,0,0,0,0,0
170720,0,1,0,0,0,0,0,0,0,0,0,0
170720,1,1,0,0,0,0,0,0,0,0,0,0
170721,1,1,0,0,0,0,0,0,0,0,0,0
170721,2,1,0,11,0,0,0,0,0,0,0,0
170721,3,1,0,0,0,0,0,0,0,0,0,0
170722,1,1,22,22,22,22,22,22,22,22,22,22
170723,0,1,0,0,0,0,0,0,0,0,0,0
170723,1,1,0,0,0,0,0,0,0,0,0,0
170724,1,1,29,29,29,29,29,29,29,29,29,29
170725,1,1,0,0,0,0,0,0,0,0,0,0
170725,2,1,0,0,0,0,0,16,0,0,0,0
170726,1,1,0,0,0,0,0,0,0,0,0,0
170726,2,1,0,0,0,0,0,0,0,0,0,0
170727,1,1,5,0,17,12,13,0,12,15,13,4
170727,2,1,0,13,0,0,0,0,0,0,0,0
170728,1,1,0,0,0,0,0,0,0,0,0,0
170729,1,1,0,0,0,0,0,0,0,0,0,0
170729,2,1,0,0,0,0,0,0,0,0,0,0
170730,1,1,0,0,0,0,0,0,0,0,0,0
170730,2,1,0,0,0,0,0,0,0,0,0,0
170731,0,1,0,0,0,0,0,0,0,0,0,0
170731,1,1,0,0,5,0,0,0,0,10,0,0
170732,0,1,0,0,0,0,0,0,0,0,0,0
170732,1,1,0,0,0,0,0,0,0,4,0,0
170733,1,1,0,0,0,0,0,0,0,0,0,0
170733,2,1,0,0,0,0,3,0,0,0,0,0
170734,1,1,0,0,0,0,0,0,0,0,0,0
170734,2,1,0,0,0,0,0,0,0,0,0,0
170734,3,1,0,0,0,0,0,0,0,0,0,0
170735,1,1,0,0,0,0,0,0,0,0,0,0
170736,1,1,0,0,0,0,0,0,0,0,0,0
170736,2,1,0,0,0,0,0,0,0,0,0,0
170737,1,1,0,0,23,10,0,0,0,0,23,0
170737,2,1,11,20,0,0,0,0,0,0,11,0
170738,1,1,11,11,11,11,11,11,11,11,11,11
170739,1,1,33,25,22,24,22,10,15,0,24,16
170739,2,1,0,0,0,0,0,0,0,0,0,0
170740,1,1,0,0,0,0,0,0,0,0,0,0
170741,1,1,0,0,0,0,0,0,0,0,0,0
170741,2,1,5,0,0,0,0,4,3,0,12,0
170742,1,1,0,0,0,0,0,0,0,0,0,0
170742,2,1,10,10,10,10,10,10,10,10,10,10
170743,1,1,11,11,11,11,11,11,11,11,11,11
170744,1,1,0,0,0,0,0,0,0,0,0,0
170744,2,1,0,0,0,0,0,0,0,0,19,0
170745,0,1,0,0,0,0,0,0,0,0,0,0
170745,1,1,0,0,0,0,0,0,0,0,0,0
170746,1,1,0,0,0,0,0,0,0,0,0,0
170746,2,1,0,0,0,0,0,0,0,0,0,0
170747,1,1,0,0,0,0,0,0,0,0,0,0
170748,0,1,0,0,0,0,0,0,0,0,0,0
170748,1,1,0,0,0,0,0,0,0,0,0,0
170749,1,1,27,6,0,9,9,0,0,0,12,19
170749,2,1,0,0,0,0,0,0,0,0,0,0
170750,1,1,0,0,0,0,0,0,0,0,0,0
170751,1,1,0,0,0,0,0,0,0,0,0,0
170751,2,1,0,0,0,0,0,0,0,0,0,0
170752,1,1,0,0,0,0,0,0,0,0,0,0
170752,2,1,0,0,0,0,0,0,0,0,0,0
170753,1,1,20,20,20,20,20,20,20,20,20,20
170754,1,1,18,18,18,18,18,18,18,18,18,18
170754,2,1,0,0,0,0,0,0,0,0,0,0
170755,0,1,0,0,0,0,0,0,0,0,0,0
170755,1,1,0,0,0,0,0,0,0,0,0,0
170755,2,1,0,0,0,0,0,0,0,0,22,0
170755,3,1,0,0,0,0,0,0,0,0,0,0
170756,1,1,0,0,0,0,0,0,0,0,0,0
170757,1,1,0,0,0,0,0,0,0,0,0,0
170758,1,1,0,0,0,0,0,0,0,0,0,0
170759,1,1,0,0,0,0,0,0,0,0,0,0
170760,1,1,24,24,24,24,24,24,24,24,24,24
170761,1,1,29,29,29,29,29,29,29,29,29,29
170762,1,1,21,21,21,21,21,21,21,21,21,21
170763,1,1,0,16,0,0,0,0,0,0,0,0
170764,1,1,0,0,0,0,0,0,0,0,0,0
170764,2,1,0,0,3,0,20,18,0,0,0,30
170765,1,1,24,24,24,24,24,24,24,24,24,24
170765,6,1,0,0,0,0,18,25,0,0,0,0
170766,0,1,0,0,0,0,0,0,5,0,0,0
170766,1,1,5,6,4,23,0,17,12,0,11,0
170767,0,1,0,0,0,0,0,19,15,0,0,0
170767,1,1,0,0,0,0,0,0,0,0,0,0
170768,1,1,0,0,0,0,0,0,0,0,0,0
170768,2,1,0,0,0,0,0,0,0,0,0,0
170769,1,1,0,0,0,0,0,0,0,0,0,0
170769,2,1,0,0,0,0,0,0,0,0,0,0
170770,0,1,0,0,0,0,0,0,0,0,0,0
170771,1,1,0,0,0,0,0,0,0,0,0,0
170772,0,1,0,0,0,0,0,0,0,0,0,0
170772,1,1,0,0,0,19,0,0,25,0,0,0
170773,1,1,0,0,0,0,0,0,0,0,0,0
170773,2,1,0,0,0,0,0,0,0,0,0,0
170774,1,1,0,0,0,0,0,0,0,0,0,0
170774,2,1,0,0,0,0,0,0,0,0,0,0
170775,1,1,0,0,35,0,17,15,0,34,0,0
170775,2,1,0,0,0,0,0,2,0,0,0,0
170776,1,1,0,0,0,0,0,0,0,0,0,0
170776,2,1,0,0,0,0,0,0,0,0,0,0
170777,0,1,0,0,14,0,0,7,11,15,0,18
170777,1,1,0,18,0,0,0,0,0,0,0,0
170778,1,1,9,9,9,9,9,9,9,9,9,9
170779,0,1,8,8,8,8,8,8,8,8,8,8
170779,1,1,0,0,0,0,0,0,0,0,26,0
170780,1,1,31,30,16,15,15,41,10,11,9,35
170781,1,1,0,0,0,0,0,0,0,19,18,0
170781,2,1,0,0,0,0,0,0,0,0,0,0
170782,0,1,0,0,0,0,0,0,0,0,0,0
170782,1,1,26,15,15,16,7,0,0,0,0,5
170783,1,1,15,35,0,0,0,0,25,0,0,0
170784,0,1,16,16,16,16,16,16,16,16,16,16
170784,1,1,0,0,0,0,0,0,0,0,0,0
170785,1,1,32,26,0,0,0,18,0,0,30,0
170786,0,1,0,30,0,0,0,0,0,9,0,0
170786,1,1,0,0,0,0,0,0,18,0,0,0
170786,2,1,0,0,12,0,0,0,0,0,0,0
170787,1,1,0,0,18,0,0,0,0,0,0,10
170787,2,1,0,0,0,0,0,0,0,0,0,0
170788,1,1,23,3,18,16,16,12,27,14,17,22
170789,1,1,0,0,0,0,0,0,0,0,0,0
170789,2,1,0,0,0,0,0,0,0,0,0,0
170789,3,1,0,0,0,0,0,0,0,0,0,0
170790,1,1,0,0,8,0,0,0,0,0,0,0
170790,2,1,0,0,0,0,0,0,0,0,0,0
170791,1,1,0,0,0,0,0,0,0,0,0,0
170792,1,1,0,0,0,0,0,0,0,0,0,0
170792,2,1,0,0,0,0,0,0,0,0,0,0
170793,1,1,0,0,0,14,5,0,0,0,16,0
170793,2,1,12,12,12,12,12,12,12,12,12,12
170794,1,1,0,0,0,0,0,0,0,0,32,0
170795,1,1,0,0,0,0,0,0,0,0,0,0
170795,2,1,0,0,0,0,5,0,0,0,0,0
170796,1,1,0,0,0,0,0,0,0,0,0,0
170796,2,1,0,0,0,0,0,0,0,0,0,0
170797,1,1,0,0,0,0,0,0,0,0,0,0
170797,2,1,5,5,5,5,5,5,5,5,5,5
170798,1,1,0,0,0,0,0,0,0,0,0,0
170799,0,1,0,0,0,19,0,0,0,0,12,0
170799,1,1,0,0,0,0,0,0,0,0,0,0
170800,1,2,0,0,0,0,0,0,0,0,0,0
170801,1,1,22,0,0,8,0,10,19,10,0,19
170802,1,1,10,0,12,7,0,17,16,0,0,0
170803,1,1,18,18,18,18,18,18,18,18,18,18
170804,1,1,0,0,0,0,0,0,0,0,0,0
170804,2,1,0,0,0,0,0,0,0,0,0,0
170805,1,1,0,0,0,0,0,0,0,0,0,0
170805,2,1,0,0,0,0,0,0,27,0,0,0
170807,1,1,25,25,25,25,25,25,25,25,25,25
170808,1,1,0,0,0,0,0,0,0,0,0,0
170808,2,1,0,0,0,0,0,0,0,0,0,0
170809,1,1,9,14,19,28,25,10,10,0,0,0
170809,2,1,0,0,0,0,0,0,0,0,0,0
170810,1,1,0,0,0,0,0,0,0,0,0,0
170811,0,1,0,0,0,0,0,0,0,0,0,0
170811,1,1,11,11,11,11,11,11,11,11,11,11
170812,1,1,0,0,0,0,0,0,0,0,0,0
170812,2,1,0,0,0,0,0,0,0,0,0,0
170813,1,1,0,0,0,0,0,0,0,0,0,0
170814,1,1,18,18,18,18,18,18,18,18,18,18
170815,1,1,13,13,13,29,15,7,5,4,21,13
170815,2,1,0,0,0,0,0,0,0,0,0,0
170816,1,1,0,0,0,0,0,0,0,0,0,0
170816,2,1,0,0,0,0,0,0,0,0,0,0
170817,1,1,9,9,9,9,9,9,9,9,9,9
170817,2,1,27,20,17,17,9,5,31,38,18,18
170818,0,1,2,2,2,2,2,2,2,2,2,2
170818,1,1,0,0,0,0,0,0,0,0,0,0
170819,0,1,22,22,22,22,22,22,22,22,22,22
170819,1,1,0,0,0,0,0,0,0,0,0,0
170820,1,1,0,0,0,0,0,0,0,0,0,0
170821,0,1,0,0,0,0,0,0,0,0,0,0
170821,1,1,0,0,18,0,0,3,0,0,0,0
170822,0,1,0,0,0,0,29,0,0,11,0,0
170822,1,1,0,0,0,0,0,0,0,0,0,0
170823,0,1,26,19,0,24,0,0,11,0,20,16
170823,1,1,0,0,0,0,0,18,0,0,0,0
170824,0,1,0,26,0,0,0,0,0,0,0,0
170824,1,1,0,0,0,9,0,0,0,0,0,0
170825,0,1,0,0,0,0,0,0,0,0,0,0
170825,1,1,0,0,0,0,0,0,0,0,0,0
170826,1,1,11,0,0,0,0,18,0,15,0,0
170826,2,1,0,0,0,0,0,0,0,0,0,0
170827,1,1,19,19,19,19,19,19,19,19,19,19
170828,0,1,0,0,0,0,0,0,0,0,0,0
170828,0,2,0,0,0,0,0,14,0,0,0,0
170828,1,1,0,0,0,0,0,0,11,0,0,0
170829,1,1,22,22,22,22,22,22,22,22,22,22
170829,2,1,0,0,0,0,0,0,0,0,0,0
170830,1,1,0,0,0,0,0,0,0,0,0,0
170830,2,1,0,0,0,0,0,0,0,0,0,0
170831,1,1,25,25,25,25,25,25,25,25,25,25
170831,2,1,0,0,0,0,0,0,0,0,0,0
170832,1,1,0,0,0,0,0,0,0,0,0,0
170832,2,1,0,0,0,0,0,0,0,0,0,0
170833,1,1,0,0,0,0,0,0,0,0,0,0
170833,2,1,12,0,0,0,4,7,16,10,10,5
170834,0,1,4,0,0,0,27,15,0,0,10,0