ST_CASE,VEH_NO,PER_NO,P1,P2,P3,P4,P5,P6,P7,P8,P9,P10
170834,1,1,0,0,3,19,0,0,0,22,8,0
170835,1,1,13,29,0,0,0,14,21,10,5,0
170835,2,1,31,0,0,0,0,0,0,0,15,25
170836,1,1,0,0,0,0,0,0,0,0,0,0
170836,2,1,0,0,0,0,0,0,0,0,0,0
170837,1,1,0,0,0,0,0,0,0,0,0,0
170838,0,1,20,20,20,20,20,20,20,20,20,20
170838,1,1,0,0,0,0,0,0,0,0,0,0
170839,1,1,0,0,0,0,0,0,0,0,0,0
170839,2,1,0,0,0,0,0,0,0,0,0,0
170840,1,1,0,0,0,0,0,0,0,0,0,0
170840,2,1,0,0,0,0,0,0,0,0,0,0
170841,1,1,0,0,11,0,0,26,0,9,0,0
170841,2,1,0,0,0,0,0,0,0,0,0,0
170842,0,1,0,0,0,28,0,0,0,0,30,0
170842,1,1,0,0,0,0,0,0,0,0,0,0
170843,1,1,0,0,0,0,0,0,0,0,0,23
170844,1,1,0,0,0,0,0,0,0,0,0,0
170846,1,1,18,18,18,18,18,18,18,18,18,18
170847,1,1,0,0,0,0,0,0,0,0,0,0
170847,2,1,0,0,0,0,2,5,0,0,0,4
170848,1,1,0,0,0,0,0,0,0,0,0,0
170849,1,1,20,20,20,20,20,20,20,20,20,20
170850,0,1,29,29,29,29,29,29,29,29,29,29
170850,1,1,0,0,0,0,0,0,0,0,0,0
170851,1,1,0,0,0,0,0,0,0,0,0,0
170852,1,1,3,3,3,3,3,3,3,3,3,3
170853,1,1,0,0,0,0,0,0,0,0,0,0
170853,2,1,0,0,0,0,0,0,0,0,0,0
170854,1,1,14,14,14,14,14,14,14,14,14,14
170855,1,1,0,16,0,12,0,0,0,15,0,0
170856,1,1,0,0,0,0,0,0,0,0,0,0
170856,2,1,0,0,0,0,0,0,0,0,0,0
170857,1,1,3,3,3,3,3,3,3,3,3,3
170858,0,1,7,7,7,7,7,7,7,7,7,7
170858,1,1,0,0,15,0,0,21,14,0,0,8
170859,1,1,16,6,0,13,0,0,5,0,15,0
170860,1,1,0,22,0,0,16,0,0,0,0,0
170861,1,1,0,0,0,0,0,0,0,0,0,0
170861,2,1,0,0,0,0,0,0,0,0,0,0
170862,1,1,0,0,0,0,0,0,0,0,0,0
170862,2,1,0,0,0,0,0,0,0,0,0,0
170863,1,1,16,0,26,0,0,0,0,0,0,0
170863,2,1,0,0,0,0,0,0,0,0,0,0
170864,1,1,27,0,0,0,0,0,0,0,0,0
170864,2,1,8,8,8,8,8,8,8,8,8,8
170865,1,1,0,0,0,0,0,0,0,0,0,0
170865,2,1,0,0,0,0,0,0,0,0,0,0
170866,1,1,15,15,15,15,15,15,15,15,15,15
170866,2,1,16,0,13,10,9,18,0,0,10,6
170867,1,1,0,0,0,0,0,0,0,0,0,0
170867,2,1,0,0,0,0,0,0,0,0,0,0
170867,3,1,0,0,0,0,0,0,0,0,0,0
170867,4,1,0,0,0,0,0,0,0,0,0,0
170867,5,1,0,0,0,0,0,0,22,0,0,0
170867,6,1,0,0,0,0,0,0,0,0,0,0
170867,7,1,0,0,0,0,0,0,0,0,0,0
170867,8,1,0,0,0,0,0,0,0,0,0,0
170867,9,1,0,0,0,0,0,0,0,0,0,0
170868,1,1,25,25,25,25,25,25,25,25,25,25
170869,1,1,9,0,12,17,10,18,8,27,12,7
170869,2,1,0,0,0,0,0,0,0,0,0,0
170870,1,1,0,0,0,0,0,0,0,0,0,0
170871,1,1,0,0,0,0,0,0,0,0,0,0
170871,2,1,0,0,0,0,0,0,0,0,0,0
170872,1,1,18,18,18,18,18,18,18,18,18,18
170873,1,1,22,22,22,22,22,22,22,22,22,22
170873,2,1,0,0,0,0,10,0,0,0,0,0
170874,1,1,0,0,0,0,0,0,0,0,0,0
170874,2,1,0,0,0,0,0,0,0,0,5,0
170875,1,1,0,0,0,0,0,0,0,0,0,0
170875,2,1,0,0,0,0,0,0,0,0,0,0
170876,1,1,0,0,0,0,0,0,0,0,0,0
170877,0,1,0,0,0,0,0,0,0,0,0,0
170877,1,1,0,0,0,0,0,0,0,0,0,0
170878,1,1,0,0,0,0,0,0,0,0,0,0
170878,2,1,0,26,0,0,22,8,0,28,0,19
170878,3,1,0,0,0,0,12,0,10,0,0,9
170879,1,1,0,0,0,0,0,0,0,0,0,0
170880,0,1,0,0,0,0,0,0,0,0,0,0
170880,1,1,0,0,0,0,0,0,0,0,0,0
170881,1,1,0,24,0,27,0,21,11,0,15,0
170881,2,1,0,0,0,0,0,0,0,0,0,43
170882,1,1,13,13,13,13,13,13,13,13,13,13
170883,1,1,0,0,0,0,0,0,0,0,0,0
170883,2,1,0,0,0,0,0,11,0,0,0,5
170884,1,1,0,0,0,0,0,0,0,0,3,0
170885,0,1,17,0,0,12,9,10,0,15,0,9
170885,1,1,0,0,0,6,0,0,14,0,10,0
170886,1,1,0,0,0,0,0,0,0,0,0,0
170886,2,1,0,0,0,0,0,0,0,0,0,0
170887,1,1,22,22,22,22,22,22,22,22,22,22
170887,2,1,0,0,0,0,0,0,0,28,0,0
170887,3,1,0,0,0,0,11,0,0,0,0,0
170888,1,1,0,0,0,0,0,0,0,0,0,0
170889,1,1,12,12,12,12,12,12,12,12,12,12
170890,1,1,0,0,0,15,0,6,0,0,0,0
170891,0,1,25,25,25,25,25,25,25,25,25,25
170891,1,1,0,0,0,0,25,0,14,0,0,5
170892,1,1,0,0,0,0,0,0,0,0,0,0
170893,1,1,0,0,0,0,0,0,0,0,0,0
170893,2,1,0,0,0,0,0,0,0,0,0,0
170893,3,1,0,0,0,0,0,0,22,0,0,0
170895,1,1,0,0,0,0,0,0,0,0,0,0
170895,2,1,0,0,0,0,0,0,0,0,0,0
170896,1,1,29,0,0,8,17,12,0,0,0,0
170897,1,1,6,6,6,6,6,6,6,6,6,6
170898,1,1,10,10,10,10,10,10,10,10,10,10
170899,1,1,0,0,0,0,0,0,0,0,0,0
170899,2,1,0,0,0,0,0,0,0,0,0,0
170899,3,1,0,0,0,0,0,0,0,0,0,0
170900,1,1,12,12,12,12,12,12,12,12,12,12
170900,2,1,0,0,0,0,0,0,0,0,0,0
170901,1,1,0,0,0,0,0,0,0,0,0,0
170902,1,1,0,0,0,0,0,0,0,0,0,0
170902,2,1,0,0,0,0,0,0,0,0,0,0
170902,3,1,0,0,0,0,0,0,0,0,0,0
170903,1,1,0,0,0,0,0,0,0,0,0,0
170904,1,1,0,0,0,0,0,0,0,0,0,0
170905,1,1,0,0,13,0,0,0,0,0,0,0
170905,2,1,0,0,0,0,0,0,0,0,0,0
170906,1,1,8,8,8,8,8,8,8,8,8,8
170906,2,1,0,0,0,0,0,0,0,0,0,0
170907,1,1,0,0,0,17,3,24,18,0,0,0
170907,2,1,0,0,0,0,0,0,0,0,0,0
170907,3,1,0,0,0,0,0,0,0,0,0,0
170907,4,1,0,0,0,0,0,0,0,0,0,0
170908,1,1,25,0,18,0,0,0,0,20,0,20
170909,1,1,23,23,23,23,23,23,23,23,23,23
170910,1,1,0,0,0,0,7,0,0,0,0,0
170911,1,1,9,9,9,9,9,9,9,9,9,9
170912,1,1,0,0,0,0,18,0,0,0,0,0
170914,1,1,0,0,0,0,0,0,0,0,0,0
170916,1,1,28,28,28,28,28,28,28,28,28,28
170917,1,1,0,0,0,0,0,0,0,0,0,0
170917,2,1,0,0,0,0,0,0,0,0,0,0
170917,3,1,0,0,0,0,0,0,0,0,0,0
170917,4,1,0,0,0,0,0,0,0,0,0,0
170917,5,1,0,0,0,0,0,0,0,0,0,0
170917,6,1,0,0,0,0,0,0,0,0,0,0
170917,7,1,0,0,0,0,0,0,0,0,0,0
170917,8,1,0,0,0,0,0,0,0,0,0,0
170917,9,1,0,0,0,0,0,0,0,0,0,0
170917,10,1,14,0,0,0,0,0,0,0,0,0
170918,0,1,0,0,0,0,0,0,0,0,0,0
170918,1,1,0,0,0,0,0,0,0,0,0,0
170919,0,1,0,0,0,0,0,0,0,0,0,0
170919,1,1,0,0,0,0,0,0,0,0,0,0
170920,1,1,17,17,17,17,17,17,17,17,17,17
170921,0,1,3,3,3,3,3,3,3,3,3,3
170921,1,1,0,0,0,0,0,0,0,0,0,0
170922,0,1,28,28,28,28,28,28,28,28,28,28
170922,1,1,0,0,0,0,0,0,0,21,0,0
170923,1,1,0,0,0,0,0,0,0,0,0,0
170923,2,1,0,0,0,0,0,13,0,32,0,0
170923,3,1,0,0,0,0,0,0,13,0,0,0
170924,1,1,0,15,21,29,0,7,15,13,12,0
170925,1,1,0,0,0,0,0,0,0,0,0,0
170925,2,1,0,17,0,8,0,0,0,0,0,0
170925,3,1,0,0,0,0,0,0,0,0,0,0
170925,4,1,0,19,0,28,0,0,0,0,0,0
170926,1,1,0,0,0,0,0,0,0,0,0,0
170926,2,1,0,0,0,22,0,0,0,0,14,0
170927,1,1,26,26,26,26,26,26,26,26,26,26
170927,2,1,0,0,0,0,0,0,0,0,0,0
170927,3,1,0,0,0,0,0,0,0,0,0,0
170928,0,1,0,0,0,0,0,0,0,0,0,0
170928,1,1,0,0,0,0,0,0,0,0,0,0
170929,1,1,0,0,0,0,0,0,0,0,0,0
170929,2,1,0,0,0,0,0,0,0,0,0,0
170929,3,1,24,0,0,0,0,0,0,0,0,0
170929,4,1,0,0,0,0,0,0,0,21,0,0
170929,5,1,0,0,0,0,0,0,0,0,0,0
170930,0,1,30,0,0,0,0,0,11,0,0,0
170930,1,1,0,0,0,0,0,0,0,0,8,0
170932,0,1,0,0,0,0,0,0,0,0,0,0
170932,1,1,0,0,0,0,0,0,0,0,0,0
170933,1,1,18,18,18,18,18,18,18,18,18,18
170934,0,1,0,26,0,0,12,0,12,27,0,0
170934,1,1,0,0,0,0,0,0,0,17,0,0
170934,2,1,0,0,9,0,11,0,0,0,3,0
170935,0,1,0,0,0,0,0,0,0,0,0,0
170935,1,1,0,0,0,0,0,0,0,0,0,0
170935,2,1,0,0,0,0,0,0,0,0,17,0
170936,1,1,0,0,0,0,0,0,0,0,25,0
170936,2,1,0,0,0,0,0,0,0,0,0,0
170937,1,1,0,0,0,0,0,0,0,0,0,0
170937,2,1,0,0,0,0,0,0,0,0,0,0
170937,3,1,0,0,0,0,0,0,0,0,0,0
170938,1,1,0,0,0,0,0,0,0,0,0,0
170938,2,1,0,0,19,0,0,0,0,0,0,0
170939,1,1,15,11,9,0,0,10,0,0,0,0
170939,2,1,0,0,0,0,0,0,0,0,0,0
170939,3,1,0,0,0,0,0,0,0,0,0,13
170939,4,1,0,0,0,0,0,0,0,0,0,0
170940,0,1,0,0,0,0,0,0,0,0,0,0
170940,1,1,0,0,0,0,0,0,0,0,0,0
170941,1,1,0,17,0,0,0,0,0,0,0,0
170941,2,1,0,0,0,0,0,0,0,0,0,0
170942,1,1,0,0,0,0,0,0,0,0,0,0
170942,2,1,0,0,0,0,0,0,0,0,0,0
170943,1,1,0,0,0,0,0,0,0,14,12,8
170943,2,1,0,0,0,0,0,0,0,0,0,0
170944,1,1,0,0,0,0,0,0,0,0,0,0
170944,2,1,0,0,0,0,0,0,0,0,0,0
170945,1,1,5,5,5,5,5,5,5,5,5,5
170946,1,1,26,26,26,26,26,26,26,26,26,26
170946,2,1,0,0,0,0,0,0,0,0,0,0
170947,1,1,13,0,0,0,0,0,31,0,0,0
170948,0,1,21,0,25,0,0,0,17,11,0,13
170948,1,1,0,0,0,0,0,14,0,0,0,37
170949,1,1,0,0,0,0,0,0,0,0,0,0
170949,2,1,0,0,0,0,0,0,0,0,0,0
170950,0,1,16,22,0,0,0,51,0,0,0,8
170950,0,2,0,0,11,0,0,0,12,0,0,0
170950,1,1,0,0,0,0,0,0,0,0,0,0
170951,1,1,24,24,24,24,24,24,24,24,24,24
170952,1,1,0,0,0,0,0,0,0,0,0,0
170952,2,1,34,34,34,34,34,34,34,34,34,34
170953,1,1,31,31,31,31,31,31,31,31,31,31
170954,1,1,0,0,0,0,0,0,0,0,0,0
170954,2,1,0,0,0,0,30,0,0,0,40,0
170955,1,1,0,0,0,0,0,0,0,0,0,0
170956,0,1,0,0,0,0,0,0,0,0,0,0
170956,0,2,0,0,0,0,0,0,0,0,0,0
170956,1,1,25,0,0,0,0,0,0,0,0,0
170957,1,1,0,0,14,0,0,0,13,0,0,0
170957,2,1,0,0,12,0,0,0,14,0,11,0
170958,1,1,0,0,0,0,0,0,0,0,0,0
170958,2,1,0,5,0,25,0,0,11,0,23,0
170959,1,1,24,0,0,0,0,0,0,11,0,0
170959,2,1,0,0,10,0,0,7,0,0,0,0
170960,0,1,0,0,0,0,0,0,0,0,0,0
170960,1,1,0,0,0,0,0,0,0,0,0,0
170961,1,1,19,19,19,19,19,19,19,19,19,19
170962,1,1,0,0,0,0,0,0,0,0,0,0
170963,1,1,0,0,0,0,0,7,0,0,0,0
170964,1,1,0,0,0,0,0,0,0,0,0,0
170965,1,1,5,5,5,5,5,5,5,5,5,5
170966,1,1,21,21,21,21,21,21,21,21,21,21
170967,1,1,0,0,0,0,0,0,0,0,0,0
170967,2,1,0,0,0,0,0,0,0,0,0,0
170968,1,1,0,0,0,0,0,0,0,0,0,0
170969,1,1,8,22,18,27,0,13,0,6,28,9
170969,2,1,0,0,0,0,0,0,0,0,0,0
170970,1,1,30,30,30,30,30,30,30,30,30,30
170971,0,1,0,0,0,0,0,0,0,0,0,0
170971,1,1,0,0,0,0,0,0,0,0,0,0
170972,0,1,0,0,9,0,0,0,0,7,11,0
170972,1,1,0,0,0,0,27,0,0,0,8,11
170973,0,1,0,0,0,0,0,0,0,0,0,0
170973,1,1,0,0,0,0,0,0,0,0,0,0
170974,1,1,15,15,15,15,15,15,15,15,15,15
170975,0,1,0,0,0,0,0,0,0,0,0,0
170975,1,1,0,0,0,0,0,0,0,0,0,0
170976,1,1,8,8,8,8,8,8,8,8,8,8
170977,1,1,20,20,20,20,20,20,20,20,20,20
170977,2,1,0,0,0,0,0,0,0,0,0,0
170978,1,1,19,19,19,19,19,19,19,19,19,19
170978,2,1,0,0,0,0,0,0,0,0,0,0
170979,1,1,0,0,0,0,0,0,0,0,0,0
170980,1,1,0,0,0,0,0,0,0,0,0,0
170980,2,1,0,0,0,0,0,0,0,0,0,0
170981,0,1,0,0,0,0,0,0,0,0,0,0
170981,1,1,0,0,0,0,0,0,0,0,0,0
170982,1,1,0,0,0,0,21,0,0,0,20,16
170982,2,1,0,0,0,0,0,0,0,0,0,0
170982,3,1,0,0,0,0,0,0,0,0,0,0
170982,4,1,0,0,0,0,0,0,0,0,0,0
170982,5,1,0,0,0,0,0,0,0,0,0,0
170982,6,1,0,0,0,0,0,0,0,0,0,0
170982,7,1,0,0,14,0,0,0,0,0,0,0
170982,8,1,0,0,0,0,0,0,0,0,0,0
170982,9,1,0,0,0,10,0,0,0,0,0,0
170982,10,1,0,0,0,0,0,21,0,0,0,0
170983,1,1,18,0,0,0,0,0,22,0,23,4
170984,1,1,15,0,0,0,0,0,0,0,0,0
170984,2,1,0,0,0,0,0,0,0,0,0,0
170985,1,1,0,0,0,0,0,0,0,0,0,0
170985,2,1,0,0,0,0,0,0,0,0,0,0
170986,0,1,0,0,0,0,0,0,0,0,0,0
170986,1,1,0,0,0,0,0,0,0,0,0,0
170987,1,1,0,0,0,0,0,0,0,0,0,0
170988,1,1,13,13,13,13,13,13,13,13,13,13
170988,2,1,0,0,0,0,0,0,15,26,0,0
170989,1,1,0,0,0,0,0,0,0,0,0,0
170989,2,1,0,0,0,0,0,0,0,0,0,0
170990,1,1,20,20,20,20,20,20,20,20,20,20
170990,2,1,0,0,0,0,0,0,0,0,0,0
170991,1,1,17,8,15,0,0,0,0,18,18,19
170992,1,1,0,0,0,0,0,0,0,0,0,0
170992,2,1,0,0,0,0,0,5,0,11,12,0
170993,0,1,0,0,0,0,0,0,0,0,0,0
170993,1,1,0,0,0,0,0,0,0,0,0,0
170994,1,1,20,20,20,20,20,20,20,20,20,20
170995,1,1,0,19,0,0,11,0,0,24,0,13
170996,1,1,26,26,26,26,26,26,26,26,26,26
170996,2,1,5,5,5,5,5,5,5,5,5,5
170997,1,1,0,0,0,18,0,0,0,0,0,0
170998,1,1,8,8,8,8,8,8,8,8,8,8
170999,1,1,7,0,37,15,0,0,11,0,0,0
171000,1,1,0,0,0,0,0,0,0,0,0,0
171001,1,1,0,0,0,0,0,0,0,0,0,0
171001,2,1,0,0,0,16,0,0,0,0,0,0
171002,0,1,0,23,0,0,0,8,21,0,0,0
171002,1,1,0,11,0,0,0,0,0,28,13,0
171003,0,1,10,25,9,33,0,0,0,0,13,0
171003,1,1,0,0,0,0,0,0,0,0,0,0
171004,1,1,14,14,14,14,14,14,14,14,14,14
171005,1,1,0,18,27,17,6,15,0,0,0,17
171006,1,1,0,0,0,0,16,0,19,0,0,0
171007,1,1,0,0,0,0,0,16,0,0,0,25
171008,1,1,12,12,12,12,12,12,12,12,12,12
171009,1,1,12,0,0,0,0,0,0,31,0,0
171009,2,1,0,0,0,0,0,0,10,0,0,0
171010,1,1,0,0,0,0,0,0,0,0,0,0
171010,2,1,0,0,0,0,0,0,0,0,0,0
171011,0,1,0,0,12,0,0,0,0,0,0,0
171011,1,1,0,0,0,0,0,0,0,0,0,0
171012,1,1,15,15,15,15,15,15,15,15,15,15
171012,2,1,0,0,0,37,0,0,0,21,0,21
171013,1,1,0,0,0,0,0,0,0,0,0,0
171013,2,1,5,0,0,0,0,0,0,0,0,0
171013,3,1,0,0,0,0,0,0,0,0,0,0
171013,4,1,0,0,0,0,0,0,0,0,0,0
171014,1,1,0,0,0,0,0,0,23,0,0,0
171014,2,1,8,5,25,0,0,0,13,0,7,0
171014,3,1,0,0,0,0,0,0,0,0,0,0
171015,1,1,25,25,25,25,25,25,25,25,25,25
171016,1,1,0,0,0,0,8,8,15,28,0,0
171017,1,1,0,0,0,0,0,0,0,0,0,0
171017,2,1,0,0,0,0,0,0,0,0,0,24
171018,1,1,31,11,8,31,8,20,20,10,27,35
171019,1,1,0,0,0,0,0,0,0,0,0,0
171019,2,1,0,0,0,0,0,0,0,0,0,0
171020,1,1,27,0,0,0,0,0,20,0,17,0
171020,2,1,0,3,0,3,0,0,6,0,16,0
171020,3,1,0,0,0,0,0,0,0,0,0,0
171021,1,1,0,0,0,14,0,9,0,0,0,0
171021,2,1,0,0,0,0,30,0,0,0,0,0
171021,3,1,0,0,23,0,0,0,0,0,0,0
171022,1,1,0,0,0,0,0,0,0,0,0,0
171022,2,1,0,0,0,0,0,0,0,0,0,0
171022,3,1,0,0,0,6,0,0,0,0,0,0
171022,4,1,0,0,0,0,0,0,0,0,0,0
171023,1,1,23,13,15,16,30,14,9,36,25,15
171028,1,1,0,0,0,0,0,0,0,0,0,0
171029,0,1,0,0,0,0,0,17,0,0,0,0
171029,1,1,0,22,19,12,0,0,0,0,0,16
171030,1,1,0,0,0,0,0,10,0,0,0,0
171030,2,1,0,0,0,0,0,0,0,0,0,0
171031,1,1,24,24,24,24,24,24,24,24,24,24
171031,2,1,0,0,0,0,0,0,0,0,0,0
171032,1,1,0,0,0,0,0,0,0,0,0,0
171032,2,1,0,0,0,0,0,0,0,0,0,0
171033,1,1,10,10,10,10,10,10,10,10,10,10
171034,1,1,0,0,0,12,30,10,0,12,0,14
171034,2,1,0,0,0,0,0,0,0,0,0,0
171035,0,1,25,25,25,25,25,25,25,25,25,25
171035,1,1,0,0,0,0,0,0,0,0,0,21
171036,0,1,0,0,24,0,0,0,0,0,19,0
171036,0,2,0,0,0,0,0,0,0,0,0,0
171036,1,1,23,0,18,25,0,13,17,6,16,24
171037,1,1,0,0,0,0,0,0,0,0,0,0
171038,0,1,22,22,22,22,22,22,22,22,22,22
171038,1,1,23,0,6,10,15,18,14,0,14,0
171039,0,1,38,38,38,38,38,38,38,38,38,38
171039,1,1,0,0,0,0,0,0,0,16,0,0
171040,0,1,0,0,0,0,0,26,17,10,2,0
171040,1,1,0,0,0,22,21,17,0,16,19,0
171041,0,1,0,0,0,0,0,0,9,0,0,0
171041,1,1,18,10,12,0,12,9,24,0,4,18
180001,1,1,0,0,0,0,0,0,0,0,0,0
180001,2,1,0,0,0,0,0,0,0,0,0,0
180002,0,1,0,0,32,0,0,33,0,0,0,35
180002,1,1,0,0,0,0,0,0,0,0,0,0
180003,0,1,0,0,0,0,0,0,0,0,0,0
180003,1,1,0,0,0,0,0,0,0,0,0,0
180004,0,1,0,0,24,0,0,0,0,0,23,0
180004,1,1,0,0,0,0,0,0,0,0,0,0
180005,1,1,0,0,0,0,0,0,0,0,0,0
180005,2,1,0,16,0,0,0,14,0,0,0,0
180006,1,1,18,18,18,18,18,18,18,18,18,18
180007,0,1,0,0,0,0,0,0,0,0,0,40
180007,1,1,0,0,0,0,0,0,0,0,0,0
180008,1,1,0,0,0,0,0,0,0,0,0,0
180009,1,1,2,2,2,2,2,2,2,2,2,2
180009,2,1,16,16,16,16,16,16,16,16,16,16
180010,0,1,0,0,0,0,0,0,0,0,0,31
180010,1,1,8,8,8,8,8,8,8,8,8,8
180010,2,1,0,0,0,0,0,0,0,0,0,0
180012,1,1,0,0,0,0,0,22,0,48,0,0
180012,2,1,0,0,15,0,0,30,0,0,0,0
180012,3,1,0,0,0,0,0,0,0,0,0,0
180013,1,1,0,0,0,0,0,0,0,0,0,0
180014,1,1,8,18,18,19,19,35,0,18,23,20
180015,1,1,0,0,0,0,0,0,0,0,24,0
180017,1,1,0,0,0,0,0,0,0,0,0,0
180017,2,1,0,0,0,0,0,0,0,0,0,0
180018,1,1,0,0,0,0,0,0,0,0,0,0
180018,2,1,0,0,0,0,0,0,0,0,0,0
180019,1,1,0,0,0,0,0,0,0,0,0,0
180020,1,1,0,0,16,24,0,0,0,0,0,0
180021,0,1,40,0,15,0,0,0,0,24,0,0
180021,1,1,0,0,0,0,0,0,0,0,0,0
180022,1,1,0,0,0,0,0,0,0,0,0,0
180022,2,1,0,0,0,0,0,0,0,0,0,0
180023,1,1,10,10,10,10,10,10,10,10,10,10
180023,2,1,0,0,0,0,0,0,0,0,0,0
180023,3,1,0,0,0,0,0,0,0,0,0,0
180024,1,1,0,0,0,0,0,0,0,0,0,0
180025,1,1,0,0,0,0,0,0,0,0,0,0
180025,2,1,0,0,0,0,0,0,0,0,0,0
180025,3,1,0,0,0,0,0,0,0,0,0,0
180025,4,1,0,0,0,0,0,0,0,0,0,0
180027,1,1,0,0,7,0,0,16,0,0,0,11
180028,1,1,11,0,0,0,0,12,0,0,19,0
180029,0,1,0,0,0,0,0,0,0,0,0,0
180029,1,1,0,0,0,0,0,0,0,0,0,0
180030,1,1,0,0,0,0,0,0,16,0,21,0
180031,1,1,0,0,0,0,0,0,0,14,0,0
180032,0,1,0,0,0,0,0,0,0,0,0,0
180032,1,1,0,0,0,0,0,0,0,0,0,0
180033,1,1,0,0,0,0,0,0,0,0,0,0
180034,1,1,0,0,0,0,0,0,0,0,0,0
180035,1,1,0,0,0,0,0,0,0,0,0,0
180036,1,1,25,0,0,0,0,0,0,0,0,0
180037,1,1,0,0,0,0,0,0,0,0,0,0
180037,2,1,0,0,0,0,0,0,0,0,0,0
180038,1,1,0,0,0,0,0,0,0,0,0,0
180038,2,1,0,0,0,0,0,0,0,0,13,0
180039,1,1,0,0,0,0,0,0,0,0,0,0
180039,2,1,1,1,1,1,1,1,1,1,1,1
180040,1,1,0,0,0,0,0,0,0,0,0,0
180040,2,1,0,0,0,0,0,0,0,0,0,0
180041,1,1,0,0,0,0,0,0,0,24,0,0
180042,1,1,0,0,0,0,0,19,0,0,0,0
180043,1,1,5,5,5,5,5,5,5,5,5,5
180044,1,1,19,11,18,34,26,20,16,2,7,32
180045,1,1,0,0,0,0,0,0,0,0,0,0
180045,2,1,0,0,0,0,0,0,0,0,0,0
180046,1,1,9,0,0,0,0,0,0,0,0,0
180046,2,1,0,0,0,0,0,0,0,0,0,0
180047,1,1,22,22,22,22,22,22,22,22,22,22
180048,1,1,0,0,0,0,0,0,0,0,0,0
180049,1,1,0,22,0,0,0,0,0,0,0,7
180049,2,1,0,0,0,0,0,0,0,0,0,0
180050,1,1,19,19,19,19,19,19,19,19,19,19
180050,2,1,0,0,0,0,0,0,0,0,0,0
180051,1,1,0,0,0,0,0,0,0,0,0,0
180052,1,1,0,0,0,0,0,0,0,0,0,0
180053,1,1,0,0,30,0,0,16,21,14,0,0
180054,1,1,19,0,0,0,0,0,0,0,0,0
180054,2,1,0,0,0,0,0,0,0,0,0,0
180055,1,1,0,0,0,0,0,0,0,0,0,0
180056,1,1,0,0,0,0,0,0,9,0,0,13
180057,1,1,0,0,0,0,0,0,0,0,0,0
180057,2,1,0,0,0,0,0,0,0,0,0,0
180058,0,1,0,0,0,0,0,0,0,0,0,0
180058,1,1,0,0,0,0,0,22,0,0,0,35
180059,1,1,0,0,0,0,0,0,19,0,0,0
180061,1,1,18,18,18,18,18,18,18,18,18,18
180061,2,1,5,5,5,5,5,5,5,5,5,5
180062,1,1,0,13,24,0,31,0,0,10,7,17
180063,1,1,0,0,0,0,0,0,0,0,0,0
180064,1,1,0,0,0,0,0,0,0,0,0,0
180065,1,1,0,0,0,19,11,0,0,9,9,14
180066,1,1,0,0,0,0,0,0,0,0,0,0
180066,2,1,0,0,0,0,0,0,29,0,0,0
180066,3,1,0,6,0,0,0,0,0,0,0,0
180067,1,1,0,0,0,0,0,0,0,0,0,0
180067,2,1,0,0,0,0,0,0,0,0,0,0
180068,1,1,18,15,23,0,11,14,27,7,0,20
180069,0,1,0,0,0,0,0,0,0,0,0,0
180069,1,1,0,0,0,0,0,0,0,0,0,0
180070,1,1,14,14,14,14,14,14,14,14,14,14
180071,1,1,25,25,25,25,25,25,25,25,25,25
180072,1,1,0,0,0,0,0,0,0,0,26,0
180072,2,1,0,0,0,0,0,0,0,0,0,0
180073,0,1,0,0,0,0,0,0,0,0,0,0
180073,1,1,0,0,0,0,0,14,0,0,0,0
180074,1,1,0,0,0,0,0,0,21,0,0,0
180075,1,1,22,22,22,22,22,22,22,22,22,22
180077,1,1,0,0,0,0,0,0,0,0,0,0
180077,2,1,0,0,0,0,0,0,0,0,0,0
180078,1,1,23,23,23,23,23,23,23,23,23,23
180078,2,1,0,0,22,0,0,0,0,0,0,16
180079,1,1,10,10,10,10,10,10,10,10,10,10
180079,2,1,0,0,0,0,0,0,0,0,21,0
180079,3,1,0,0,7,0,0,0,0,0,0,0
180080,1,1,0,0,0,0,0,0,0,0,0,0
180080,2,1,0,0,0,0,0,0,0,0,0,0
180081,1,1,5,0,18,0,8,0,0,0,0,0
180082,1,1,19,19,19,19,19,19,19,19,19,19
180083,0,1,0,0,0,0,0,0,0,0,0,0
180083,1,1,0,0,0,0,0,0,0,0,0,0
180084,0,1,0,0,0,0,0,0,0,0,0,24
180084,1,1,0,0,0,0,0,0,0,0,0,0
180084,2,1,0,0,20,10,0,0,20,0,4,0
180085,1,1,38,38,38,38,38,38,38,38,38,38
180086,1,1,0,0,0,0,0,0,0,0,0,0
180086,2,1,0,0,0,0,0,0,0,0,0,0
180087,1,1,0,0,12,10,0,11,0,0,0,0
180088,0,1,11,10,0,10,0,0,0,0,0,19
180088,1,1,0,0,0,0,0,0,0,0,14,0
180089,1,1,0,0,0,0,0,0,0,0,0,0
180089,2,1,0,0,0,0,0,0,0,0,0,0
180090,1,1,0,0,0,0,0,0,0,0,0,0
180090,2,1,0,0,0,0,0,0,0,0,0,0
180091,0,1,0,0,0,0,0,40,0,0,0,0
180091,1,1,0,0,0,0,0,0,9,0,0,0
180091,2,1,0,0,0,0,0,0,0,0,0,0
180091,3,1,0,0,0,0,0,21,0,0,0,0
180092,1,1,0,0,0,0,0,0,0,0,0,0
180093,0,1,0,0,0,0,0,0,0,17,0,0