ST_CASE,VEH_NO,PER_NO,P1,P2,P3,P4,P5,P6,P7,P8,P9,P10
180093,1,1,0,0,0,0,0,0,0,0,0,0
180094,1,1,13,0,0,0,0,0,0,0,0,0
180095,1,1,0,0,0,0,0,0,0,0,0,0
180095,2,1,0,0,0,0,39,14,0,0,0,0
180095,3,1,0,0,0,0,0,0,0,0,0,0
180095,4,1,0,0,0,0,0,0,0,0,0,0
180095,5,1,0,0,0,0,0,0,0,0,0,0
180095,6,1,0,0,0,0,0,0,0,0,0,0
180096,0,1,0,0,0,0,0,45,0,0,0,0
180096,1,1,0,0,0,0,0,0,0,0,0,0
180097,1,1,0,0,0,0,0,0,0,0,0,0
180098,0,1,0,0,0,0,0,0,0,0,0,0
180098,1,1,0,0,0,0,0,0,0,0,0,0
180099,1,1,21,21,21,21,21,21,21,21,21,21
180100,1,1,0,0,0,0,0,0,11,0,0,0
180101,1,1,0,0,0,0,0,0,0,0,0,0
180102,1,1,0,0,0,0,0,0,0,0,0,0
180102,2,1,0,0,0,0,0,0,0,0,0,0
180103,1,1,0,0,0,0,0,0,0,16,0,0
180103,2,1,0,0,0,0,0,0,0,0,0,0
180104,1,1,0,0,0,0,0,3,0,14,7,0
180105,1,1,25,25,25,25,25,25,25,25,25,25
180106,1,1,0,0,0,0,0,0,0,0,7,0
180106,2,1,0,0,0,0,0,0,0,0,0,0
180107,1,1,9,25,11,23,24,11,24,11,20,18
180108,1,1,0,0,16,0,16,0,6,0,0,0
180109,1,1,0,0,0,0,0,0,0,0,0,0
180110,1,1,0,0,0,0,0,0,0,0,0,0
180110,2,1,0,0,0,0,0,0,0,0,0,0
180111,1,1,0,0,8,0,0,13,25,15,0,0
180111,2,1,0,0,0,0,0,0,0,0,0,0
180111,3,1,0,0,0,0,0,0,0,0,0,0
180112,1,1,0,0,0,0,0,0,0,0,0,0
180113,1,1,0,0,0,0,0,0,0,9,0,0
180114,1,1,0,13,6,0,0,0,0,0,0,14
180114,2,1,0,0,0,0,0,0,0,0,0,0
180115,0,1,25,25,25,25,25,25,25,25,25,25
180115,1,1,0,0,0,0,0,0,0,0,0,0
180116,1,1,0,0,0,0,0,0,0,0,0,0
180117,1,1,0,0,0,0,0,0,0,0,0,0
180118,1,1,0,0,0,0,0,0,0,0,0,0
180118,2,1,0,0,0,0,0,0,0,0,0,0
180118,3,1,0,0,0,0,0,0,0,0,0,0
180119,0,1,0,0,0,0,0,0,0,0,0,0
180119,1,1,0,0,0,0,0,0,0,0,0,0
180119,2,1,0,0,0,0,0,0,0,0,0,0
180120,1,1,0,0,0,0,0,0,0,0,0,0
180120,2,1,0,0,0,0,0,0,0,0,0,0
180121,0,1,0,0,9,0,0,0,0,0,0,0
180121,1,1,0,27,0,0,0,21,0,0,0,0
180122,0,1,0,22,0,0,0,0,0,0,0,0
180122,1,1,0,0,0,0,0,0,0,0,0,0
180123,1,1,0,0,0,0,0,0,0,0,0,16
180124,1,1,0,0,0,0,0,0,0,0,0,0
180124,2,1,0,0,0,0,0,0,0,0,0,0
180125,1,1,0,0,0,0,0,0,0,0,0,0
180125,2,1,6,0,17,0,0,0,13,6,0,16
180126,0,1,0,0,0,0,27,0,0,0,0,0
180126,1,1,0,0,0,0,0,0,0,0,0,0
180127,1,1,0,0,0,0,0,0,0,0,0,0
180128,1,1,0,0,0,0,0,0,0,0,0,0
180128,2,1,0,0,0,0,0,0,0,0,0,0
180129,1,1,0,0,0,0,0,0,0,0,0,0
180129,2,1,0,0,0,0,0,0,0,0,0,0
180130,0,1,0,0,0,0,0,0,0,0,0,0
180130,1,1,0,0,0,0,0,0,0,0,0,0
180130,2,1,0,0,0,0,0,0,0,0,0,0
180131,0,1,0,0,0,0,14,0,31,34,33,0
180131,1,1,0,0,0,0,0,0,0,0,0,0
180132,1,1,23,23,23,23,23,23,23,23,23,23
180132,2,1,6,6,6,6,6,6,6,6,6,6
180132,3,1,0,0,0,0,0,0,0,0,0,0
180133,1,1,0,0,0,0,0,0,0,0,0,0
180133,2,1,0,0,0,0,0,0,0,0,0,0
180134,1,1,0,0,0,0,0,0,0,0,0,0
180134,2,1,0,0,0,0,0,0,0,0,0,0
180134,3,1,0,0,0,0,0,0,0,0,0,0
180135,0,1,0,0,0,0,0,0,0,0,0,0
180135,1,1,0,0,0,0,0,0,0,0,0,0
180137,0,1,4,4,4,4,4,4,4,4,4,4
180137,1,1,0,0,0,0,0,0,0,0,0,0
180138,1,1,0,21,42,20,0,0,0,0,0,0
180139,1,1,0,0,0,0,0,0,0,0,0,0
180140,1,1,0,0,11,0,19,0,0,0,0,0
180140,2,1,0,0,0,0,0,0,0,0,0,0
180141,1,1,0,0,0,0,0,0,0,0,0,0
180141,2,1,0,0,0,0,0,0,0,0,0,0
180142,1,1,0,0,0,0,0,0,0,0,0,0
180143,1,1,0,0,0,0,0,0,0,0,0,0
180143,2,1,0,0,0,0,0,0,0,0,0,0
180144,1,1,15,15,15,15,15,15,15,15,15,15
180145,1,1,34,34,34,34,34,34,34,34,34,34
180146,0,1,0,0,10,7,0,0,0,0,0,5
180146,1,1,0,0,0,0,0,0,0,0,0,0
180147,1,1,0,0,0,0,0,0,0,0,0,0
180147,2,1,26,26,26,26,26,26,26,26,26,26
180148,1,1,0,0,26,0,0,0,19,0,12,0
180149,1,1,0,0,0,0,0,0,0,0,0,16
180149,2,1,0,0,0,0,0,0,0,25,0,0
180150,1,1,22,22,22,22,22,22,22,22,22,22
180151,0,1,17,0,0,0,0,0,0,21,0,0
180151,0,2,0,0,0,0,0,0,17,44,0,0
180151,1,1,0,0,0,0,0,0,0,0,0,0
180152,1,1,0,0,0,0,0,0,0,0,0,0
180153,1,1,14,0,0,0,0,0,0,0,0,0
180153,2,1,0,0,0,0,0,0,0,0,0,0
180154,1,1,19,19,19,19,19,19,19,19,19,19
180155,1,1,0,0,0,0,0,0,0,0,0,0
180155,2,1,0,0,0,0,0,0,17,0,0,0
180156,1,1,0,0,16,0,0,0,0,0,0,0
180156,2,1,0,0,0,0,0,0,0,0,0,0
180157,0,1,0,0,0,0,0,0,0,0,0,0
180157,1,1,0,0,0,0,0,0,0,0,0,0
180158,1,1,0,0,0,0,0,0,0,0,0,0
180159,1,1,0,0,0,0,0,0,0,0,0,0
180159,2,1,0,0,0,0,0,0,0,0,0,0
180160,0,1,0,8,0,0,0,0,0,16,0,11
180160,1,1,23,23,23,23,23,23,23,23,23,23
180161,1,1,20,18,7,4,19,11,27,22,10,13
180162,1,1,0,0,0,0,0,0,0,0,0,0
180162,2,1,0,0,0,0,0,29,0,0,0,0
180163,1,1,19,0,0,0,0,16,17,0,0,0
180163,2,1,0,0,0,0,0,0,0,0,0,0
180164,0,1,0,0,28,33,0,0,0,17,0,0
180164,1,1,0,0,0,0,0,0,0,0,0,0
180165,1,1,0,31,0,0,0,0,0,8,0,0
180166,0,1,39,39,39,39,39,39,39,39,39,39
180166,1,1,0,0,0,0,0,0,20,0,12,15
180166,2,1,0,0,0,0,0,0,0,38,0,0
180167,1,1,12,12,12,12,12,12,12,12,12,12
180168,1,1,0,0,0,0,0,0,0,0,0,0
180168,2,1,0,0,0,0,0,0,0,0,0,0
180168,3,1,0,0,0,0,0,0,0,0,0,0
180169,1,1,24,24,24,24,24,24,24,24,24,24
180169,2,1,0,0,0,0,0,0,0,0,0,0
180170,1,1,0,0,0,0,0,0,0,0,0,0
180171,1,1,0,0,0,0,0,0,0,0,0,0
180171,2,1,0,38,0,0,0,0,0,18,0,0
180172,1,1,0,0,0,0,0,0,0,0,13,0
180172,2,1,11,0,6,0,0,0,26,0,31,10
180173,1,1,14,0,0,0,0,0,9,15,0,0
180173,2,1,0,0,0,0,0,0,0,0,0,0
180174,1,1,14,0,28,12,9,7,18,19,0,27
180174,2,1,0,0,0,0,0,0,0,0,0,0
180175,0,1,0,0,0,6,27,0,0,0,34,0
180175,1,1,11,6,16,36,0,0,0,0,0,26
180176,1,1,1,1,1,1,1,1,1,1,1,1
180176,2,1,0,0,0,0,0,0,0,0,0,0
180177,0,1,0,0,0,0,0,0,0,0,0,0
180177,1,1,10,10,10,10,10,10,10,10,10,10
180177,2,1,0,0,0,0,0,0,0,0,0,0
180178,1,1,0,0,0,0,0,0,0,0,0,0
180179,1,1,8,8,8,8,8,8,8,8,8,8
180179,2,1,0,0,0,0,11,0,0,0,0,8
180180,1,1,0,0,0,0,0,0,0,0,19,0
180181,1,1,11,11,11,11,11,11,11,11,11,11
180181,2,1,0,0,0,0,0,0,0,0,0,0
180182,1,1,0,10,23,0,17,0,31,0,17,0
180183,1,1,0,0,0,0,0,0,0,0,0,0
180184,1,1,22,22,22,22,22,22,22,22,22,22
180184,2,1,0,0,0,0,0,0,0,0,0,0
180185,1,1,0,0,16,0,0,13,0,9,0,27
180186,1,1,0,5,0,0,17,0,0,0,9,0
180187,1,1,14,14,14,14,14,14,14,14,14,14
180187,2,1,0,0,0,0,0,0,0,0,0,0
180188,1,1,9,9,9,9,9,9,9,9,9,9
180189,1,1,0,0,0,0,0,0,0,0,0,0
180189,2,1,0,0,0,0,0,0,0,0,0,0
180189,3,1,0,0,0,0,0,0,0,0,0,0
180189,4,1,0,8,3,0,0,0,0,0,0,0
180190,1,1,0,0,0,0,0,0,0,0,0,0
180191,1,1,0,0,0,0,0,0,0,0,0,0
180191,2,1,0,0,0,0,0,0,0,0,0,0
180192,1,1,0,0,0,0,0,0,0,0,0,0
180193,1,1,15,29,0,32,0,19,23,19,0,0
180194,1,1,26,7,0,5,0,0,13,0,17,0
180194,2,1,3,9,0,0,0,0,0,9,0,0
180195,0,1,0,0,0,0,32,0,0,0,0,0
180195,1,1,0,0,0,0,0,0,0,0,0,0
180195,2,1,0,0,0,0,0,0,0,0,0,0
180196,1,1,22,22,22,22,22,22,22,22,22,22
180196,2,1,0,0,0,0,0,0,0,0,8,0
180197,1,1,0,0,0,0,0,25,0,0,0,0
180197,2,1,0,0,0,0,0,0,0,0,0,0
180198,1,1,0,0,0,0,0,0,0,0,6,0
180199,1,1,17,0,8,0,12,0,0,0,0,0
180200,1,1,0,0,0,0,0,0,0,0,0,0
180201,1,1,0,0,0,0,0,0,0,0,0,0
180201,2,1,0,0,0,0,0,0,0,0,0,0
180202,1,1,0,0,0,0,0,0,0,0,0,0
180202,2,1,0,0,10,0,0,12,13,0,22,0
180203,1,1,0,0,0,0,0,12,0,11,0,0
180204,1,1,0,0,0,0,0,0,0,0,0,0
180204,2,1,0,0,0,0,0,0,0,0,0,0
180205,1,1,0,0,0,0,0,0,0,0,0,0
180206,1,1,14,14,14,14,14,14,14,14,14,14
180206,2,1,11,11,11,11,11,11,11,11,11,11
180207,1,1,0,0,0,0,0,0,0,0,0,0
180207,2,1,0,0,0,0,0,0,0,0,0,0
180208,0,1,0,0,0,0,0,0,0,0,0,0
180208,1,1,0,0,0,0,0,0,0,0,0,0
180209,1,1,0,0,0,0,0,0,0,0,0,0
180209,2,1,0,0,0,0,0,0,0,0,10,0
180210,1,1,14,0,0,0,0,0,0,0,21,0
180210,2,1,0,0,0,0,0,0,0,0,0,0
180210,3,1,0,0,0,15,0,0,0,0,0,0
180211,1,1,22,22,22,22,22,22,22,22,22,22
180212,1,1,0,0,0,10,0,0,0,0,7,0
180212,2,1,0,0,0,0,0,0,0,0,0,0
180212,3,1,0,0,0,0,0,0,0,0,0,0
180212,4,1,0,0,0,0,0,0,0,0,0,0
180213,0,1,0,0,0,0,0,0,45,19,0,17
180213,1,1,0,0,0,0,0,0,0,0,0,0
180214,1,1,0,0,0,0,0,0,0,0,0,0
180214,2,1,0,0,0,0,0,0,0,0,0,0
180215,1,1,0,0,0,0,0,0,25,0,0,0
180216,1,1,0,0,0,0,0,0,0,0,0,0
180218,0,1,0,12,0,0,0,21,0,0,21,0
180218,1,1,0,0,0,0,0,0,0,0,0,0
180219,1,1,16,0,0,0,0,0,0,0,0,0
180219,2,1,0,0,0,0,0,0,0,0,0,0
180220,1,1,0,0,0,0,0,0,0,0,0,0
180221,1,1,12,25,12,27,19,13,27,20,0,17
180221,2,1,0,0,0,0,0,4,0,0,0,0
180222,1,1,0,0,0,0,0,0,0,0,0,0
180222,2,1,0,0,0,0,0,0,0,0,0,0
180223,1,1,0,0,0,0,0,0,0,0,0,0
180223,2,1,0,0,0,0,0,0,0,0,0,0
180224,1,1,0,0,0,0,0,0,0,0,0,0
180225,0,1,0,17,0,0,0,0,0,0,0,0
180225,1,1,0,0,0,34,0,28,5,0,0,0
180226,1,1,0,0,0,0,0,0,0,0,0,0
180226,2,1,0,0,0,0,0,0,0,0,0,0
180226,3,1,0,0,0,0,0,0,0,0,0,0
180227,1,1,0,0,0,0,0,0,0,0,0,0
180228,0,1,0,0,0,0,0,0,0,0,0,0
180228,1,1,0,0,0,0,0,0,0,0,0,0
180229,0,1,36,0,0,0,3,17,0,22,0,0
180229,1,1,0,0,0,0,0,0,0,0,0,0
180230,1,1,0,0,0,0,0,0,0,0,0,0
180231,1,1,40,40,40,40,40,40,40,40,40,40
180232,1,1,3,3,3,3,3,3,3,3,3,3
180233,1,1,0,0,0,0,0,0,0,0,0,0
180233,2,1,0,0,0,0,0,0,0,0,0,0
180234,1,1,0,0,0,0,0,0,14,0,0,0
180234,2,1,0,0,0,8,0,0,0,0,0,0
180235,0,1,0,17,0,0,0,0,36,0,0,0
180235,1,1,10,0,10,12,17,18,21,19,23,8
180236,1,1,26,26,26,26,26,26,26,26,26,26
180236,2,1,0,0,0,0,0,0,0,0,0,0
180237,0,1,0,0,0,0,0,0,0,0,0,0
180237,1,1,0,0,0,0,0,0,0,0,0,0
180238,1,1,0,0,0,0,0,0,0,0,0,0
180238,2,1,0,0,0,0,0,0,0,0,0,0
180239,1,1,0,0,0,0,0,0,0,0,0,0
180239,2,1,0,0,0,0,0,0,0,0,0,0
180240,1,1,0,16,0,0,0,0,30,0,0,0
180241,1,1,14,14,14,14,14,14,14,14,14,14
180242,1,1,0,0,0,0,0,0,13,0,0,0
180243,1,1,0,0,0,0,0,0,0,0,0,0
180243,2,1,0,0,0,0,0,0,0,0,0,0
180244,1,1,0,0,0,0,0,0,0,0,0,0
180244,2,1,0,0,0,0,0,0,0,0,0,0
180245,1,1,0,0,0,0,0,0,12,0,0,0
180246,0,1,0,0,0,0,0,0,0,0,0,0
180246,1,1,34,13,25,8,6,25,13,15,10,25
180247,1,1,26,26,26,26,26,26,26,26,26,26
180248,1,1,0,0,23,0,0,0,0,16,22,17
180249,1,1,29,29,29,29,29,29,29,29,29,29
180249,2,1,0,0,0,0,0,0,0,0,0,0
180250,1,1,0,0,0,0,0,0,0,21,13,0
180251,1,1,13,13,13,13,13,13,13,13,13,13
180252,1,1,0,0,18,16,0,0,0,0,0,17
180253,1,1,0,0,0,0,0,0,0,0,0,0
180253,2,1,0,0,0,0,0,0,0,0,0,0
180253,3,1,0,0,0,0,0,0,0,0,0,0
180253,4,1,0,0,0,0,0,0,0,0,0,0
180254,1,1,0,0,0,0,0,0,0,0,0,0
180254,2,1,0,0,0,0,0,0,0,0,0,0
180255,1,1,0,0,0,0,0,0,0,0,0,0
180255,2,1,0,0,0,0,0,0,0,0,0,0
180256,1,1,22,22,22,22,22,22,22,22,22,22
180256,2,1,0,0,0,8,0,0,3,0,0,0
180257,1,1,0,0,0,0,0,0,0,0,0,0
180258,1,1,0,0,0,0,0,0,0,0,0,0
180259,1,1,16,12,0,10,0,19,22,10,0,0
180260,1,1,0,0,0,0,0,0,0,0,0,0
180260,2,1,0,13,0,0,0,5,0,0,0,4
180260,3,1,8,0,22,11,0,0,6,0,0,0
180261,1,1,8,8,8,8,8,8,8,8,8,8
180262,1,1,0,0,0,0,0,0,0,0,0,0
180262,2,1,0,0,0,0,0,0,6,0,0,0
180263,0,1,0,13,0,0,0,0,0,0,0,0
180263,0,2,0,0,0,0,22,0,0,0,0,0
180263,1,1,0,0,0,27,0,0,0,0,0,0
180264,1,1,0,0,0,0,0,0,0,0,0,0
180265,1,1,0,0,0,0,0,0,0,0,0,0
180265,2,1,0,0,0,0,0,0,0,0,0,0
180266,1,5,0,0,0,0,0,26,10,0,13,0
180266,2,1,0,0,0,0,0,0,0,0,0,0
180267,1,1,0,0,0,0,0,0,0,0,0,0
180267,2,1,0,0,0,0,0,0,0,0,0,0
180267,3,1,0,0,0,0,0,0,0,0,0,0
180268,1,1,2,0,25,0,0,0,0,0,0,0
180269,0,1,0,0,24,0,0,0,0,0,22,0
180269,1,1,0,25,15,2,0,0,27,8,0,23
180270,1,1,0,0,0,0,0,0,0,0,0,0
180271,1,1,0,0,0,0,0,0,0,0,0,0
180271,2,1,0,0,0,0,0,0,0,0,0,0
180272,1,1,0,0,0,0,17,13,0,0,0,0
180272,2,1,8,0,0,0,0,0,0,0,0,0
180273,1,1,0,0,0,0,6,0,0,0,0,0
180273,2,1,0,0,0,0,0,0,0,0,0,0
180274,1,1,0,0,0,0,0,0,26,0,0,0
180275,1,1,0,0,0,0,0,0,0,0,0,0
180275,2,1,0,0,0,0,0,8,0,51,30,0
180276,1,1,0,0,0,0,0,0,0,0,0,0
180276,2,1,0,0,0,0,0,0,0,0,0,0
180277,1,1,0,0,0,0,0,0,0,0,0,0
180278,1,1,0,0,0,0,0,0,0,0,0,0
180278,2,1,0,0,0,0,0,0,0,0,0,0
180279,1,1,0,42,0,0,0,0,0,0,0,0
180280,1,1,0,0,0,0,0,0,0,0,0,0
180280,2,1,0,0,0,0,0,0,0,0,0,0
180281,1,1,0,0,0,0,0,0,0,0,0,0
180281,2,1,0,0,0,0,0,0,0,0,0,0
180282,1,1,0,0,0,0,21,0,0,0,8,0
180282,2,1,0,0,0,0,0,0,0,0,0,0
180283,1,1,0,0,0,0,0,0,0,0,0,0
180284,1,1,12,0,16,0,17,0,0,6,0,17
180285,1,1,0,0,0,0,0,0,0,0,0,13
180285,2,1,0,0,0,0,0,0,0,0,0,0
180286,1,1,15,15,15,15,15,15,15,15,15,15
180287,1,1,0,0,0,0,0,0,0,0,0,0
180287,2,1,0,0,0,0,0,0,0,0,0,0
180288,1,1,0,0,0,0,0,0,0,0,0,0
180288,2,1,0,0,0,0,0,0,0,0,0,0
180289,1,1,0,0,12,0,0,0,0,0,0,0
180289,2,1,0,0,0,0,0,0,0,0,0,0
180290,1,1,0,0,0,0,0,0,0,0,0,0
180290,2,1,0,0,0,0,11,0,0,7,0,0
180290,3,1,0,0,3,0,0,0,0,0,0,0
180291,1,1,0,13,0,0,0,0,0,0,22,0
180292,1,1,0,0,0,0,0,0,0,0,0,0
180292,2,1,0,0,0,0,0,0,0,0,0,0
180293,1,1,0,0,0,0,0,23,0,24,0,8
180294,0,1,0,0,0,0,0,0,0,7,27,0
180294,1,1,0,11,0,0,0,0,0,0,0,0
180295,1,1,0,0,0,0,0,0,0,0,0,0
180295,2,1,0,0,0,0,0,0,0,0,0,0
180295,3,1,0,0,26,0,0,0,0,0,0,0
180296,1,1,22,20,17,14,21,11,18,16,0,25
180296,2,1,0,0,0,0,0,0,0,0,0,0
180297,0,1,0,0,0,0,0,0,0,0,0,0
180297,1,1,0,0,0,0,0,0,0,0,0,0
180298,1,1,0,0,0,0,0,0,0,0,0,0
180299,1,1,0,0,22,0,19,0,0,0,0,0
180299,2,1,0,0,0,0,0,0,0,0,0,0
180301,0,1,0,0,0,0,0,0,0,20,0,0
180301,1,1,0,0,0,0,0,0,0,0,0,0
180302,0,1,0,0,0,0,0,19,0,0,0,0
180302,1,1,14,14,14,14,14,14,14,14,14,14
180303,1,1,22,22,22,22,22,22,22,22,22,22
180304,1,1,0,0,0,0,0,0,0,0,0,0
180304,2,1,0,0,0,0,0,0,0,0,0,0
180305,1,1,0,0,0,0,0,0,0,0,0,0
180305,2,1,0,0,0,0,0,0,0,0,11,0
180306,1,1,0,0,7,0,0,15,0,0,10,0
180306,2,1,0,0,0,0,0,0,0,0,0,0
180307,1,1,8,31,18,8,20,15,32,15,16,16
180308,1,1,0,0,0,0,0,0,0,0,0,0
180308,2,1,0,0,0,0,0,0,0,0,0,0
180310,1,1,18,19,16,7,15,11,5,14,18,22
180311,1,1,0,0,0,0,0,0,0,0,0,0
180311,2,1,0,0,0,0,0,0,0,0,0,0
180312,1,1,0,15,0,0,7,0,0,22,16,0
180313,1,1,0,0,0,0,0,0,0,5,0,0
180313,2,1,0,0,0,0,0,0,0,0,0,0
180314,1,1,13,13,13,13,13,13,13,13,13,13
180315,1,1,15,15,15,15,15,15,15,15,15,15
180316,1,1,0,0,0,0,0,0,0,0,0,0
180317,1,1,22,22,22,22,22,22,22,22,22,22
180317,2,1,0,0,0,0,0,0,0,0,0,0
180318,1,1,0,0,0,0,0,0,0,0,0,0
180318,2,1,0,0,0,0,9,0,0,0,0,0
180319,1,1,0,0,22,0,0,0,0,0,0,0
180319,2,1,0,0,0,0,0,0,0,0,0,0
180320,1,1,0,0,0,0,0,0,0,0,0,0
180321,1,1,0,8,0,0,0,28,0,0,0,0
180321,2,1,0,0,0,0,0,0,0,0,0,0
180322,1,1,44,13,0,0,8,0,0,22,6,0
180322,2,1,0,0,0,0,0,0,0,0,0,30
180323,0,1,0,0,0,0,0,0,0,0,0,0
180323,1,1,0,15,0,0,0,0,0,0,0,0
180324,1,1,18,18,18,18,18,18,18,18,18,18
180325,1,1,0,0,0,0,0,0,0,0,0,0
180325,2,1,0,0,0,0,0,0,0,0,0,0
180326,1,1,8,16,20,13,15,12,21,12,13,28
180326,2,1,0,0,0,0,0,0,0,0,0,0
180327,0,1,0,0,0,0,0,0,33,0,0,0
180327,1,1,0,0,0,0,0,0,0,0,0,0
180328,0,1,0,0,0,0,0,0,0,0,0,29
180328,1,1,0,0,0,0,0,0,0,0,0,0
180329,1,1,0,17,9,13,11,0,14,0,0,33
180330,1,1,0,0,0,0,0,0,0,0,0,0
180330,2,1,0,0,0,0,0,0,0,0,0,0
180331,1,1,10,10,10,10,10,10,10,10,10,10
180331,2,1,0,0,0,0,0,0,0,0,0,0
180332,1,1,0,0,18,30,0,0,25,0,0,0
180332,2,1,0,0,0,0,0,0,0,0,0,0
180333,1,1,0,0,0,0,0,0,0,0,0,0
180333,2,1,0,0,0,0,0,0,0,0,0,0
180334,1,1,18,18,18,18,18,18,18,18,18,18
180335,1,1,0,0,0,0,0,0,0,0,0,0
180335,2,1,0,17,0,0,0,0,0,0,0,0
180336,1,1,0,0,0,29,0,0,0,24,28,18
180336,2,1,0,0,0,0,0,0,0,0,0,0
180337,0,1,0,0,0,0,0,0,0,0,0,0
180337,1,1,0,0,0,0,0,0,0,0,0,0
180338,0,1,0,0,0,0,0,0,0,0,0,0
180338,1,1,0,6,0,0,6,0,0,0,0,0
180339,1,1,0,0,0,0,0,0,0,0,0,0
180339,2,1,0,0,0,0,0,0,0,0,0,0
180340,1,1,0,0,0,0,0,0,0,0,0,0
180340,2,1,0,0,35,0,0,0,0,0,0,0
180341,1,1,0,0,0,0,0,0,0,0,0,0
180341,2,1,0,0,13,0,0,0,0,0,0,0
180342,1,1,0,0,0,0,0,0,0,0,0,0
180343,1,1,15,0,0,0,0,0,0,0,0,0
180343,2,1,0,0,0,0,0,0,2,0,0,0
180344,1,1,0,0,0,0,0,0,0,0,0,0
180344,2,1,0,0,0,0,0,0,0,0,19,0
180345,1,1,0,0,0,0,0,0,0,0,0,0
180345,2,1,0,0,0,0,0,0,0,0,0,0
180346,0,1,0,0,38,0,0,15,24,0,0,0
180346,1,1,0,0,0,0,0,0,0,0,0,0
180347,0,1,0,0,0,0,19,0,0,0,0,0
180347,1,1,14,3,15,19,7,16,16,11,3,28
180348,1,1,0,0,0,0,0,0,0,0,0,0
180348,2,1,0,25,0,0,0,0,0,0,3,0
180349,1,1,0,0,0,0,0,0,0,0,0,0
180349,2,1,0,0,0,0,0,0,0,0,0,0
180350,1,1,0,0,0,0,0,0,0,0,0,0
180350,2,1,0,0,0,0,0,0,0,0,0,0
180351,1,1,18,18,18,18,18,18,18,18,18,18
180352,1,1,0,0,0,0,0,0,0,0,0,0
180353,1,1,0,0,0,0,0,0,0,0,0,0
180353,2,1,27,0,0,0,0,0,0,0,0,16
180354,1,1,0,0,0,0,13,0,0,0,0,0
180354,2,1,0,0,0,0,0,0,0,0,0,0
180355,1,1,0,0,0,0,0,0,0,0,0,0
180356,1,1,0,0,0,0,0,0,0,0,0,0
180356,2,1,0,0,0,0,0,0,0,7,0,0
180357,1,1,0,0,0,0,0,0,0,0,0,0
180357,2,1,0,0,0,0,0,0,0,0,0,0
180357,3,1,0,0,0,0,0,0,0,0,0,0
180357,4,1,0,0,0,0,0,0,0,0,0,0
180357,5,1,0,0,0,0,0,0,0,0,0,0
180358,0,1,0,17,0,0,0,7,0,0,0,0
180358,1,1,0,0,0,0,0,0,0,0,0,0
180359,1,1,0,0,0,0,0,14,0,0,0,0
180359,2,1,0,0,0,0,0,0,0,0,0,0
180360,0,1,0,0,0,0,0,0,0,0,0,0
180360,0,2,0,17,0,0,0,0,0,12,7,0
180360,0,3,0,0,0,0,0,0,0,25,0,0
180360,1,1,0,0,0,0,0,0,0,0,0,0
180361,0,1,34,24,0,31,0,11,14,0,0,0
180361,1,1,10,0,0,12,12,14,16,31,38,18
180362,1,1,0,0,0,0,0,0,0,0,0,0
180362,2,1,0,0,0,0,0,0,0,0,0,0
180363,1,1,0,0,0,0,0,0,0,0,0,0
180364,1,1,0,0,0,0,0,0,0,0,0,0
180364,2,1,0,0,0,0,0,0,0,0,0,0
180365,1,1,0,0,0,0,0,0,0,0,0,0
180365,2,1,0,0,0,0,0,0,0,0,0,0
180366,1,1,10,10,10,10,10,10,10,10,10,10
180367,1,1,10,10,10,10,10,10,10,10,10,10
180367,2,1,0,0,0,0,0,0,0,0,0,0
180368,0,1,0,0,0,0,0,0,0,0,0,0
180368,1,1,0,0,0,0,35,0,0,0,6,0
180369,1,1,0,0,0,0,0,0,0,0,0,0
180369,2,1,0,0,0,0,15,0,0,0,0,0
180370,1,1,0,0,0,0,0,0,0,0,0,0
180371,1,1,0,6,0,0,0,0,0,0,0,0
180371,2,1,0,0,12,0,0,0,9,0,0,0
180372,1,1,14,0,0,0,0,0,0,0,0,0
180372,2,1,0,0,0,0,0,0,0,0,0,0
180373,1,1,0,0,0,0,0,0,0,0,0,0
180373,2,1,0,17,0,11,0,0,0,26,0,0
180374,1,1,0,0,0,0,0,0,0,0,0,0
180374,2,1,0,0,0,0,0,0,0,0,0,0
180375,1,1,16,16,16,16,16,16,16,16,16,16
180376,1,1,0,0,0,0,0,0,0,0,0,0
180376,2,1,37,0,0,0,0,0,42,0,0,0
180376,3,1,0,0,0,0,0,0,0,0,0,0
180377,1,1,25,9,5,11,26,10,15,15,10,9
180377,2,1,0,0,20,0,0,0,0,0,0,0
180378,1,1,0,0,17,0,0,15,0,0,0,14
180379,1,1,0,0,0,0,0,0,0,0,0,0
180379,2,1,0,0,0,0,0,0,0,0,0,0
180379,3,1,0,0,0,0,0,0,0,0,13,0
180379,4,1,0,0,0,0,0,0,0,0,0,0
180379,5,1,0,0,0,0,4,0,0,0,0,0
180380,1,1,0,0,0,0,0,0,0,0,0,0
180381,1,1,0,32,14,0,0,0,0,0,0,0
180381,2,1,0,0,11,18,0,0,0,0,0,0
180382,0,1,14,33,11,16,23,0,6,19,52,22
180382,1,1,0,0,0,0,0,0,0,0,0,0
180383,1,1,0,0,0,0,0,0,0,0,0,0
180383,2,1,0,0,18,0,0,0,0,0,0,0
180384,1,1,0,0,0,0,0,0,0,0,0,0
180384,2,1,0,0,0,0,0,0,0,0,0,0
180385,1,1,0,0,0,0,0,20,0,0,29,0
180386,1,1,0,0,0,0,0,0,0,0,0,12
180387,1,1,0,0,0,0,0,0,0,0,0,0
180387,2,1,10,10,10,10,10,10,10,10,10,10
180388,1,1,0,0,0,0,0,0,0,0,0,0
180388,2,1,0,0,0,13,0,0,0,0,0,0
180389,1,1,13,13,13,13,13,13,13,13,13,13
180390,1,1,0,0,0,0,0,0,0,0,0,0