ST_CASE,VEH_NO,PER_NO,P1,P2,P3,P4,P5,P6,P7,P8,P9,P10
180390,2,1,0,0,0,0,0,0,0,0,0,0
180391,1,1,0,0,0,0,0,0,0,0,0,0
180392,1,1,0,0,0,0,0,0,0,0,0,0
180392,2,1,0,0,0,0,0,0,0,0,0,0
180393,1,1,0,0,0,19,0,0,15,0,23,0
180394,1,1,0,0,0,0,0,0,0,0,0,0
180394,2,1,0,0,0,0,0,0,0,0,0,0
180395,1,1,27,27,27,27,27,27,27,27,27,27
180395,2,1,0,0,0,0,0,0,0,0,0,0
180396,1,1,21,21,21,21,21,21,21,21,21,21
180396,2,1,25,0,0,0,0,0,12,0,13,8
180397,1,1,0,0,0,0,0,0,0,0,0,0
180397,2,1,0,0,0,0,0,0,0,0,0,0
180398,1,1,0,0,0,0,0,0,0,0,0,0
180399,1,1,13,0,11,0,30,17,0,0,0,0
180401,1,1,0,0,0,0,0,0,0,0,0,0
180401,2,1,0,0,0,0,0,0,0,0,0,13
180402,1,1,0,0,0,0,0,0,0,0,0,0
180402,2,1,0,0,0,0,0,0,0,0,0,0
180403,0,1,0,0,0,0,0,0,0,0,0,13
180403,1,1,19,15,15,18,19,17,0,24,15,20
180404,0,1,9,0,25,0,0,0,0,9,0,0
180404,1,1,0,0,0,0,0,0,0,0,0,0
180405,1,1,20,20,20,20,20,20,20,20,20,20
180406,1,1,0,0,0,8,0,0,0,0,0,0
180406,2,1,0,0,0,0,0,0,0,0,0,0
180407,0,1,26,0,15,0,41,0,0,0,31,43
180407,1,1,0,0,0,0,0,0,0,0,0,0
180408,1,1,30,0,0,0,0,0,0,0,0,0
180408,2,1,0,0,0,0,0,0,0,0,0,0
180409,1,1,0,0,0,0,6,0,0,0,0,0
180409,2,1,0,0,0,0,0,0,0,0,0,0
180409,3,1,0,0,0,0,0,0,0,0,0,0
180410,1,1,23,17,16,0,15,0,38,0,3,0
180411,1,1,0,9,0,12,23,14,0,10,0,0
180412,1,1,0,0,0,0,0,0,10,0,0,0
180412,2,1,0,0,0,0,0,0,0,0,0,0
180413,1,1,3,3,3,3,3,3,3,3,3,3
180413,2,1,0,0,0,0,0,0,0,0,0,0
180414,1,1,0,0,0,0,0,0,0,0,0,0
180414,2,1,0,0,0,0,0,0,0,0,0,0
180415,1,1,0,0,0,0,0,0,0,0,0,0
180415,2,1,0,0,0,0,0,0,0,0,0,0
180416,1,1,20,20,20,20,20,20,20,20,20,20
180417,1,1,0,0,0,23,0,0,0,0,0,0
180418,1,1,21,21,21,21,21,21,21,21,21,21
180418,2,1,0,0,0,0,0,0,0,0,0,0
180419,1,1,0,0,0,4,0,0,0,0,0,0
180419,2,1,0,0,0,0,0,0,0,0,0,0
180420,1,1,0,0,0,0,0,0,0,0,0,0
180420,2,1,0,0,0,0,0,0,0,0,0,0
180421,0,1,0,0,0,0,0,0,0,0,0,0
180421,0,2,0,0,0,0,0,0,0,0,0,0
180421,0,3,0,0,0,0,30,5,8,13,17,4
180421,1,1,0,0,0,14,0,0,0,0,0,0
180422,1,1,18,0,0,0,0,0,0,0,0,0
180422,2,1,0,0,0,0,0,0,0,0,0,0
180422,3,1,0,0,0,0,0,0,0,0,0,0
180422,4,1,0,0,0,0,0,0,0,0,0,0
180423,1,1,0,0,0,0,0,0,0,0,0,0
180423,2,1,0,0,0,0,0,0,0,0,0,0
180424,0,1,0,13,0,8,17,0,0,0,0,0
180424,1,1,0,11,16,25,9,45,18,0,6,27
180425,1,1,0,0,0,0,0,0,0,0,0,0
180426,1,1,16,12,9,0,0,19,25,6,23,24
180427,1,1,0,0,0,0,0,0,0,0,0,0
180427,2,1,0,0,0,0,0,0,0,0,0,0
180428,1,1,0,0,0,0,0,0,0,0,0,0
180429,1,1,0,0,0,0,0,0,0,0,0,0
180429,2,1,0,0,0,0,0,0,0,0,0,0
180429,3,1,0,0,0,0,0,0,0,0,0,0
180430,1,1,0,0,0,0,0,0,0,0,0,0
180430,2,1,0,0,0,0,0,0,0,0,0,0
180431,1,1,18,18,18,18,18,18,18,18,18,18
180431,2,1,0,0,0,0,0,4,0,0,0,0
180432,2,1,0,0,0,0,0,0,0,0,0,0
180433,1,1,14,0,0,8,6,11,5,5,18,13
180433,2,1,0,0,0,0,2,0,0,0,0,0
180434,1,1,0,0,0,0,0,0,0,0,0,0
180434,2,1,0,0,0,0,0,0,0,0,0,0
180435,1,1,0,0,0,28,0,0,0,0,0,0
180435,2,1,0,0,0,0,0,0,0,11,0,0
180436,1,1,23,0,0,0,0,0,0,0,0,0
180437,1,1,0,0,0,0,0,0,0,17,0,0
180437,2,1,0,0,0,0,0,0,0,0,0,0
180438,1,1,1,1,1,1,1,1,1,1,1,1
180439,1,1,0,0,0,0,0,0,0,0,0,0
180440,1,1,4,4,4,4,4,4,4,4,4,4
180440,2,1,0,0,0,0,0,0,0,0,0,0
180441,0,1,0,0,13,11,0,0,0,0,0,0
180441,1,1,9,0,24,0,0,0,0,0,0,0
180442,1,1,16,16,16,16,16,16,16,16,16,16
180443,1,1,0,0,0,0,12,0,0,0,0,0
180443,2,1,0,0,0,0,0,0,0,0,0,3
180444,1,1,11,0,0,0,0,0,0,0,0,0
180444,2,1,0,0,0,0,0,0,0,0,0,0
180445,1,1,0,0,0,0,0,0,0,0,0,6
180445,2,1,6,16,22,17,14,11,8,14,2,13
180446,0,1,0,0,0,0,0,0,0,16,0,0
180446,1,1,3,0,0,4,16,6,3,5,0,0
180447,1,1,0,18,0,0,0,0,0,20,8,24
180448,1,1,0,0,0,0,0,0,0,0,0,0
180448,2,1,6,0,0,13,0,16,0,0,13,19
180449,1,1,0,0,0,0,0,0,0,0,0,0
180449,2,1,0,0,0,0,0,0,0,0,0,0
180449,3,1,0,0,0,0,0,0,0,0,0,0
180449,4,1,0,0,0,0,0,0,0,0,0,0
180449,5,1,0,0,0,0,0,0,0,0,0,0
180450,1,1,0,0,0,0,0,0,0,0,0,0
180451,1,1,0,0,0,0,0,22,0,0,0,0
180451,2,1,0,0,0,0,0,0,0,0,0,0
180452,1,1,0,0,0,0,0,0,0,0,0,0
180452,2,1,0,11,0,0,0,0,0,0,0,0
180453,0,1,0,0,0,0,0,0,0,0,0,10
180453,1,1,0,0,24,0,0,0,0,0,0,0
180454,1,1,0,0,0,44,0,0,0,0,0,0
180454,2,1,0,0,0,0,0,0,0,0,0,0
180455,1,1,0,0,0,0,0,0,0,0,0,0
180456,1,1,0,0,0,0,0,0,0,0,0,0
180456,2,1,0,0,0,0,0,0,0,0,0,0
180457,1,1,0,0,0,0,0,0,0,0,0,0
180457,2,1,0,0,0,0,0,0,0,0,0,0
180458,1,1,20,0,0,9,22,0,0,0,0,0
180459,1,1,0,0,0,0,0,0,0,0,0,0
180459,2,1,0,0,0,0,0,18,0,0,0,0
180460,1,1,0,0,0,0,0,0,0,0,0,0
180460,2,1,0,0,0,0,0,0,0,0,0,0
180461,1,1,0,0,0,0,0,0,0,0,0,0
180462,1,1,4,15,0,0,0,0,0,0,0,21
180463,1,1,0,13,0,0,0,0,0,0,0,0
180463,2,1,0,0,0,0,0,0,0,0,21,0
180464,1,1,0,0,0,0,0,0,0,0,0,0
180464,2,1,0,0,0,13,0,4,0,0,0,0
180465,0,1,0,0,0,0,0,0,0,0,0,0
180465,1,1,0,0,0,0,0,0,0,0,0,0
180466,1,1,0,0,0,0,0,0,0,0,0,0
180466,2,1,0,0,0,0,0,0,0,0,0,0
180467,1,1,0,0,0,0,0,0,0,0,0,0
180467,2,1,0,0,0,0,0,0,0,0,0,0
180467,3,1,0,0,0,0,0,0,0,0,0,0
180467,4,1,0,0,0,0,0,0,0,0,0,0
180467,5,1,0,0,0,0,0,0,0,0,0,0
180467,6,1,0,0,0,0,0,0,0,0,0,0
180467,7,1,0,5,0,0,0,0,0,21,0,0
180468,1,1,32,32,32,32,32,32,32,32,32,32
180469,1,1,0,0,0,0,16,0,0,0,0,0
180470,1,1,0,0,0,0,0,0,0,0,0,0
180470,2,1,0,0,0,0,0,0,0,0,0,0
180471,1,1,33,25,8,22,15,8,22,11,0,12
180472,1,1,0,0,0,27,12,0,0,0,0,10
180473,1,1,0,0,0,0,0,0,0,0,0,0
180474,0,1,10,10,10,10,10,10,10,10,10,10
180474,1,1,0,0,0,0,0,0,0,0,0,0
180475,1,1,0,0,0,0,0,0,0,0,0,0
180476,1,1,0,0,0,0,0,0,0,0,0,0
180476,2,1,6,0,0,0,3,0,0,0,0,0
180477,1,1,1,1,1,1,1,1,1,1,1,1
180478,1,1,0,0,0,0,0,0,0,0,0,0
180479,1,1,0,0,0,0,0,0,0,0,0,0
180479,2,1,2,0,0,35,0,0,15,0,22,0
180480,1,1,0,0,0,0,0,0,0,0,0,0
180480,2,1,0,0,0,0,0,0,0,0,0,0
180480,3,1,0,0,0,0,0,0,0,0,0,0
180481,1,1,9,7,8,19,35,3,27,20,4,18
180482,1,1,3,0,0,0,0,0,0,0,0,0
180482,2,1,0,9,0,0,0,0,0,0,25,0
180483,0,1,0,0,0,0,0,0,0,0,0,0
180483,1,1,0,0,0,0,0,0,0,0,0,0
180484,1,1,0,0,0,0,0,0,0,0,0,0
180484,2,1,0,0,13,0,0,0,0,0,0,0
180485,1,1,27,0,9,0,0,0,0,0,19,24
180485,2,1,0,0,0,0,0,0,0,0,0,0
180486,1,1,0,0,0,0,0,0,0,0,23,0
180486,2,1,0,0,0,0,0,0,0,0,0,0
180487,1,1,0,0,0,0,0,0,0,0,0,0
180488,1,1,0,0,0,0,0,0,0,0,0,0
180488,2,1,0,0,0,0,0,0,0,0,0,0
180488,3,1,0,0,0,0,0,0,0,0,0,0
180489,1,1,0,0,0,0,0,0,0,0,0,0
180490,0,1,0,0,0,0,0,0,0,0,0,0
180490,1,1,0,0,0,0,0,0,0,0,0,0
180491,1,1,0,0,0,0,0,0,0,0,0,0
180491,2,1,0,0,0,0,0,0,0,0,0,0
180492,1,1,0,0,0,0,0,0,0,0,0,0
180492,2,1,0,0,0,0,0,0,16,0,0,0
180493,1,1,1,1,1,1,1,1,1,1,1,1
180493,2,1,0,0,0,0,0,0,0,0,0,0
180494,1,1,0,0,0,0,0,0,0,0,0,0
180494,2,1,0,0,0,0,0,0,0,0,0,0
180495,1,1,0,0,19,0,0,0,0,0,0,0
180495,2,1,0,0,0,0,0,0,0,0,0,0
180496,1,1,0,0,0,0,0,0,0,0,0,0
180497,0,1,0,19,0,23,0,0,17,0,0,0
180497,0,2,28,0,0,0,0,0,19,0,0,0
180497,0,3,15,0,11,0,0,0,13,0,10,0
180497,0,4,0,0,0,0,0,0,0,0,0,0
180497,0,5,0,0,0,0,0,0,0,0,0,0
180497,1,1,0,17,0,0,0,0,0,0,0,0
180498,1,1,0,0,0,0,0,0,0,0,0,0
180498,2,1,0,0,0,0,0,0,0,0,0,0
180499,1,1,0,0,0,0,0,0,0,0,0,0
180499,2,1,0,0,0,8,0,0,0,0,0,0
180500,1,1,17,17,17,17,17,17,17,17,17,17
180501,1,1,0,0,0,0,0,0,0,0,0,11
180501,2,1,0,0,0,0,0,0,0,0,0,1
180502,1,1,0,0,0,0,0,0,0,0,0,0
180502,2,1,0,0,0,0,0,14,0,0,0,0
180503,1,1,0,0,0,0,0,0,0,0,0,0
180503,2,1,0,0,0,0,0,0,0,0,0,0
180504,0,1,0,0,0,0,0,0,0,0,0,0
180504,1,1,0,0,0,0,0,0,5,0,0,0
180505,1,1,0,0,0,22,0,0,0,0,0,0
180505,2,1,0,0,0,0,0,0,0,0,0,0
180506,1,1,0,0,0,0,0,0,0,0,0,0
180507,1,1,0,17,0,0,18,0,0,0,6,0
180508,1,1,0,0,0,23,7,17,0,0,0,16
180509,1,1,31,29,19,14,14,15,15,20,18,45
180509,2,1,0,0,0,0,0,0,0,0,0,0
180510,1,1,16,0,20,9,20,15,22,13,17,10
180511,1,1,32,32,32,32,32,32,32,32,32,32
180511,2,1,0,8,10,0,15,9,0,0,0,0
180512,1,1,0,0,0,0,0,0,0,0,0,0
180513,1,1,6,15,30,8,8,15,16,14,21,13
180514,1,1,11,0,0,0,0,11,23,24,11,0
180515,1,1,0,0,0,0,0,0,0,0,0,0
180515,2,1,0,0,0,0,0,0,0,0,0,0
180515,3,1,0,0,0,0,0,0,0,0,0,0
180516,1,1,0,0,0,0,0,0,0,0,0,0
180516,2,1,0,0,0,0,0,0,0,0,0,0
180517,1,1,0,0,0,0,0,0,0,0,0,7
180517,2,1,0,0,0,0,0,0,0,0,0,0
180518,1,1,0,33,0,0,0,0,0,0,0,0
180519,1,1,0,0,0,0,0,33,0,0,0,10
180520,1,1,0,0,0,0,0,0,0,0,25,13
180521,1,1,0,0,0,0,0,0,0,0,0,0
180521,2,1,0,0,0,0,0,0,0,0,0,0
180522,1,1,0,0,10,0,0,0,0,0,0,0
180523,1,1,0,0,0,0,0,0,0,0,26,0
180524,1,1,0,0,0,0,0,0,0,0,0,0
180525,1,1,0,0,19,0,14,14,9,0,0,0
180526,1,1,0,0,0,0,0,0,0,0,0,0
180526,2,1,0,0,0,0,0,0,0,0,0,0
180527,1,1,0,0,0,0,0,0,0,0,0,0
180527,2,1,0,0,0,0,0,0,0,0,0,0
180528,1,1,0,0,0,0,0,0,0,0,0,0
180528,2,1,13,0,0,0,0,0,0,11,0,9
180529,1,1,0,0,0,0,0,0,0,0,0,0
180529,2,1,0,0,0,0,0,0,0,0,0,0
180530,1,1,10,0,0,0,0,0,0,0,0,20
180531,1,1,0,0,0,0,0,0,0,0,0,0
180531,2,1,0,0,5,0,0,0,18,0,0,12
180532,1,1,0,0,0,0,0,0,0,0,0,0
180533,1,1,0,0,0,0,0,0,0,0,0,0
180533,2,1,8,0,22,5,0,0,0,4,0,0
180534,1,1,4,0,0,0,0,0,0,0,0,0
180535,1,1,24,24,24,24,24,24,24,24,24,24
180536,1,1,0,0,0,0,0,0,0,0,0,0
180536,2,1,0,0,0,0,0,0,0,0,0,0
180537,1,1,20,20,20,20,20,20,20,20,20,20
180538,1,1,8,28,18,13,0,0,26,19,10,14
180538,2,1,0,0,0,0,0,0,0,0,0,0
180540,1,1,0,0,0,0,0,0,0,0,0,23
180540,2,1,0,0,0,0,0,0,0,0,3,0
180542,1,1,11,0,0,0,0,0,0,0,17,0
180543,1,1,0,0,0,0,0,0,0,0,0,0
180544,0,1,0,0,0,0,0,0,0,22,0,0
180544,1,1,0,0,0,0,0,0,0,0,0,0
180544,2,1,0,0,0,0,0,0,0,0,20,0
180545,0,1,0,0,0,0,0,0,0,0,0,0
180545,1,1,0,0,13,0,0,0,0,0,0,0
180546,0,1,0,0,0,0,0,0,0,27,0,0
180546,0,2,0,0,0,0,0,0,0,0,0,0
180546,0,3,0,0,0,27,0,0,0,0,0,0
180546,0,4,0,0,0,0,0,0,0,0,0,0
180546,0,5,0,0,0,0,0,0,0,22,0,23
180546,1,1,8,0,13,13,11,0,0,0,0,10
180546,2,1,0,11,0,0,0,0,0,0,0,0
180546,3,1,0,0,0,0,0,6,0,0,0,0
180547,0,1,0,0,0,0,0,0,0,0,19,0
180547,1,1,0,0,0,0,0,0,0,0,0,0
180548,1,1,0,0,0,0,0,0,0,0,0,0
180549,1,1,0,0,0,8,0,23,11,0,22,0
180550,1,1,10,10,10,10,10,10,10,10,10,10
180550,2,1,0,0,0,0,0,0,0,0,0,0
180551,1,1,0,0,0,0,0,0,0,0,0,0
180552,1,1,0,0,0,0,0,0,0,0,0,0
180553,1,1,0,0,0,0,0,0,0,0,0,0
180553,2,1,0,0,0,0,0,0,0,0,0,0
180554,1,1,5,5,5,5,5,5,5,5,5,5
180555,1,1,0,0,0,0,0,0,0,0,0,0
180556,1,1,20,20,20,20,20,20,20,20,20,20
180556,2,1,5,5,5,5,5,5,5,5,5,5
180557,1,1,19,19,19,19,19,19,19,19,19,19
180557,2,1,0,0,0,0,0,0,0,0,0,0
180558,1,1,0,0,0,0,0,0,0,0,0,0
180558,2,1,0,0,0,0,0,0,0,0,0,0
180559,1,1,0,0,0,0,0,0,0,0,0,0
180559,2,1,0,0,0,0,0,0,0,0,0,16
180560,1,1,0,0,0,0,0,0,0,0,0,0
180560,2,1,0,0,0,0,0,0,0,0,0,0
180560,3,1,0,0,0,0,0,0,0,0,0,0
180561,1,1,0,28,7,11,20,8,9,11,0,36
180562,1,1,0,0,0,0,0,0,0,0,0,0
180562,2,1,0,0,0,0,0,0,0,0,0,0
180563,1,1,20,20,20,20,20,20,20,20,20,20
180564,1,1,0,0,0,0,0,0,0,0,0,0
180564,2,1,0,0,0,0,0,0,0,0,0,0
180565,1,1,0,0,0,0,0,0,0,0,0,0
180565,2,1,0,0,0,0,0,0,0,0,0,0
180566,1,1,20,20,20,20,20,20,20,20,20,20
180566,2,1,5,5,5,5,5,5,5,5,5,5
180567,0,1,0,0,0,0,41,22,0,0,8,0
180567,1,1,10,10,10,10,10,10,10,10,10,10
180568,1,1,0,0,0,0,0,0,0,0,0,0
180568,2,1,0,0,0,4,0,0,0,0,0,0
180569,1,1,2,2,2,2,2,2,2,2,2,2
180570,1,1,0,0,0,0,0,0,0,0,14,0
180570,2,1,0,0,0,0,0,0,0,0,0,0
180571,1,1,0,0,0,0,0,0,0,0,0,0
180572,1,1,0,0,0,0,0,0,0,0,0,0
180572,2,1,0,0,0,0,0,0,0,0,0,0
180573,1,1,0,0,0,0,0,0,0,0,0,0
180573,2,1,21,29,0,0,0,0,0,0,0,11
180574,1,1,0,0,0,0,0,0,0,0,0,0
180575,1,1,18,0,0,0,0,14,0,12,0,25
180575,2,1,0,0,0,0,6,0,0,25,0,12
180575,3,1,0,0,0,0,4,10,0,0,0,0
180576,0,1,0,0,0,23,0,0,22,15,0,0
180576,1,1,0,0,0,0,12,0,0,0,0,0
180577,1,1,0,0,0,0,0,0,0,0,0,0
180578,1,1,0,0,0,0,0,0,0,0,0,0
180580,1,1,0,0,11,0,8,17,12,0,9,0
180581,1,1,0,3,0,0,0,0,22,0,9,0
180582,1,1,0,0,0,0,0,0,13,0,0,24
180583,1,1,0,0,0,0,0,0,0,0,0,0
180583,2,1,0,0,0,0,0,0,0,0,0,0
180583,3,1,0,0,0,0,0,0,0,0,0,0
180584,1,1,0,0,0,0,23,0,0,0,0,0
180586,1,1,0,0,0,0,0,0,0,0,0,0
180586,2,1,0,0,0,0,0,0,0,0,0,0
180587,1,1,0,0,0,0,0,0,0,0,0,0
180588,1,1,0,0,0,0,12,0,0,0,0,0
180590,1,1,0,0,0,0,0,0,6,0,32,0
180590,2,1,0,0,0,0,0,0,0,0,0,0
180591,1,1,0,0,0,0,0,0,0,0,0,0
180592,1,1,0,0,0,0,0,0,0,0,0,0
180592,2,1,0,0,0,0,0,0,0,0,0,0
180593,0,1,0,32,0,0,23,0,16,0,9,0
180593,1,1,1,1,1,1,1,1,1,1,1,1
180594,0,1,0,0,16,0,0,33,0,0,0,5
180594,1,1,0,0,0,0,0,0,0,0,0,0
180595,1,1,0,0,0,0,0,0,0,0,0,0
180595,2,1,0,0,0,0,0,0,0,0,24,0
180595,3,1,0,0,0,0,0,0,0,0,0,0
180595,4,1,0,0,14,0,0,0,0,0,0,0
180596,1,1,0,15,0,0,23,0,0,0,14,11
180597,1,1,0,0,0,0,0,0,0,0,0,0
180597,2,1,0,0,0,7,0,0,0,0,10,0
180597,3,1,0,0,0,0,0,0,0,0,0,0
180598,1,1,0,0,0,0,0,0,0,0,0,0
180598,2,1,0,0,0,0,0,0,0,0,0,0
180599,1,1,7,7,7,7,7,7,7,7,7,7
180600,1,1,25,25,25,25,25,25,25,25,25,25
180601,1,1,9,0,9,18,0,14,32,24,23,13
180602,1,1,12,8,11,32,12,8,22,15,16,34
180603,1,1,17,17,17,17,17,17,17,17,17,17
180603,2,1,0,0,0,0,0,0,0,0,0,0
180604,1,1,0,0,0,0,0,0,0,0,0,0
180604,2,1,0,0,0,0,0,0,0,0,0,0
180605,1,1,0,0,0,0,0,0,0,0,0,0
180605,2,1,0,20,0,0,0,0,0,0,0,0
180606,0,1,0,0,0,0,0,0,0,0,0,0
180606,1,1,0,0,0,0,0,0,0,0,0,0
180607,1,1,15,4,0,0,10,0,0,0,0,0
180607,2,1,0,0,0,0,0,0,0,0,0,0
180608,1,1,23,0,0,0,0,0,0,0,20,0
180609,1,1,0,0,0,0,0,0,15,0,0,0
180610,1,1,0,0,0,0,0,0,0,0,0,0
180610,2,1,0,0,0,0,0,0,0,0,0,0
180611,1,1,19,14,5,0,15,16,0,19,7,8
180612,1,1,20,20,20,20,20,20,20,20,20,20
180613,1,1,0,0,0,0,0,0,0,0,0,0
180613,2,1,0,0,0,0,0,0,0,0,0,0
180614,1,1,0,0,0,0,0,0,0,0,0,0
180614,2,1,0,0,10,0,0,0,0,0,0,0
180615,1,1,0,0,0,0,0,0,0,0,0,0
180616,1,1,0,0,0,0,31,0,0,0,0,0
180616,2,1,0,22,0,0,0,0,0,0,0,0
180617,1,1,13,0,0,0,9,0,0,3,0,26
180617,2,1,0,0,5,0,0,27,0,0,0,15
180618,1,1,0,0,0,0,0,0,0,32,0,9
180619,1,1,4,4,4,4,4,4,4,4,4,4
180620,1,1,0,0,0,0,0,0,0,0,0,0
180620,2,1,0,0,0,0,0,0,0,0,0,0
180621,1,1,0,0,0,0,0,0,0,0,0,0
180622,1,1,0,0,0,0,0,0,0,0,0,0
180623,1,1,0,0,0,0,0,0,0,0,0,0
180624,1,1,0,0,0,0,0,0,0,0,12,0
180627,0,1,11,33,19,0,24,0,0,21,0,25
180627,1,1,0,0,12,0,0,0,0,0,0,0
180627,2,1,0,0,0,0,0,0,0,0,0,0
180628,1,1,0,0,0,0,0,0,0,9,18,13
180628,2,1,0,0,0,0,0,0,0,0,0,0
180629,1,1,0,0,0,0,0,0,0,22,0,0
180630,0,1,0,29,0,0,10,0,0,4,0,0
180630,1,1,0,0,0,0,0,0,0,0,0,0
180631,1,1,0,0,0,0,14,0,11,19,0,0
180632,1,1,0,0,0,0,0,0,0,0,0,0
180632,2,1,0,0,0,0,0,0,0,0,0,0
180632,3,1,0,0,0,0,0,0,0,0,0,0
180633,1,1,13,13,13,13,13,13,13,13,13,13
180634,0,1,0,0,29,25,22,0,0,30,0,0
180634,1,1,0,0,0,0,0,0,0,0,0,0
180635,1,1,14,14,14,14,14,14,14,14,14,14
180635,2,1,0,0,0,0,0,0,0,0,0,0
180636,1,1,13,13,13,13,13,13,13,13,13,13
180637,1,1,0,16,19,0,32,6,0,12,0,13
180638,1,1,0,0,0,0,27,0,0,0,0,0
180638,2,1,0,0,0,0,0,0,0,0,0,0
180639,1,1,13,0,0,0,0,0,0,0,0,0
180639,2,1,0,0,0,0,0,0,0,0,0,0
180640,1,1,0,0,0,0,0,0,0,0,0,0
180640,2,1,0,0,0,0,0,0,0,0,0,0
180641,1,1,0,0,0,0,0,0,0,0,0,0
180641,2,1,0,0,0,0,0,0,0,0,0,0
180642,1,1,0,13,0,0,0,0,0,20,0,0
180643,1,1,0,0,0,0,0,0,0,0,0,0
180643,2,1,0,0,0,0,0,0,0,0,0,0
180644,1,1,0,0,0,0,0,15,7,0,0,0
180645,0,1,0,0,0,18,0,0,0,0,0,0
180645,1,1,0,0,12,0,0,0,0,0,0,0
180646,1,1,0,0,0,0,9,21,32,0,10,8
180647,1,1,0,0,0,0,0,0,0,0,0,0
180647,2,1,0,0,0,0,0,0,0,0,0,0
180648,1,1,0,0,24,46,3,0,0,0,0,0
180649,1,1,14,0,0,0,20,12,0,8,9,0
180650,1,1,40,38,17,18,21,17,22,6,10,18
180650,2,1,0,0,0,0,11,0,0,0,0,0
180652,1,1,0,0,0,0,0,0,0,0,0,0
180652,2,1,0,0,0,0,0,0,0,0,0,0
180653,1,1,0,0,0,0,0,0,0,0,0,0
180653,2,1,0,0,0,0,0,0,0,0,0,0
180654,1,1,0,0,25,0,0,0,19,0,0,0
180655,1,1,0,0,0,0,0,0,0,0,0,0
180656,1,1,0,0,0,0,0,0,23,0,0,21
180657,1,1,0,7,0,0,0,0,0,0,0,0
180657,2,1,4,0,0,0,0,0,0,0,0,0
180658,0,1,0,0,0,0,0,0,0,0,0,0
180658,1,1,31,0,14,33,23,7,23,16,5,12
180659,1,1,0,0,0,0,0,0,0,0,0,0
180659,2,1,0,0,0,0,0,0,0,0,0,0
180659,3,1,0,0,0,0,0,0,0,0,0,0
180660,1,1,0,8,0,0,0,0,0,0,0,0
180660,2,1,0,0,0,0,0,0,0,0,0,0
180661,0,1,0,23,18,18,19,13,0,30,0,12
180661,0,2,66,0,0,0,23,16,0,0,0,0
180661,1,1,0,10,0,17,6,18,10,24,29,7
180662,1,1,0,0,0,0,0,0,46,0,0,0
180662,2,1,0,0,0,0,0,0,0,21,0,0
180663,1,1,0,0,0,0,0,0,0,0,0,0
180664,1,1,0,0,0,0,0,0,0,0,0,0
180665,1,1,0,0,0,0,0,0,0,0,0,0
180665,2,1,0,0,0,0,0,0,0,0,0,0
180666,0,1,0,0,0,0,0,0,0,0,12,0
180666,1,1,0,0,0,0,0,0,0,0,0,0
180667,0,1,0,0,0,0,0,0,0,0,0,34
180667,1,1,0,0,0,0,0,0,0,0,0,0
180668,1,1,0,0,0,0,0,0,0,0,0,0
180668,2,1,0,0,0,0,0,0,0,0,0,0
180669,1,1,19,0,24,0,25,0,0,13,15,18
180670,1,1,0,0,0,0,0,0,0,0,0,0
180671,1,1,0,0,0,0,0,0,0,0,0,0
180671,2,1,0,0,0,0,0,0,0,0,0,0
180671,3,1,0,0,0,0,0,0,0,0,0,19
180671,4,1,0,0,0,0,0,0,0,0,0,0
180672,0,1,6,0,21,7,0,0,0,37,0,16
180672,1,1,0,0,0,0,0,0,0,0,0,0
180673,1,1,0,0,0,0,0,0,0,0,0,0
180673,2,1,0,0,0,0,0,0,0,0,0,0
180674,1,1,0,0,0,17,0,0,0,0,0,0
180675,1,1,0,0,0,0,0,0,0,0,0,0
180675,2,1,0,0,0,0,0,0,0,0,0,0
180676,1,1,17,17,17,17,17,17,17,17,17,17
180677,1,1,0,0,0,0,41,0,0,0,0,0
180677,2,1,0,0,0,0,0,0,0,0,0,0
180678,1,1,0,0,0,0,0,0,0,0,0,0
180678,2,1,0,0,0,0,0,0,0,0,0,0
180679,0,1,0,0,0,0,0,0,0,0,0,0
180679,1,1,0,0,0,0,0,0,0,0,0,0
180680,1,1,0,0,0,0,0,0,0,0,0,0
180680,2,1,0,0,0,0,0,0,0,0,0,0
180680,3,1,0,0,0,0,0,0,0,0,0,0
180681,1,1,0,0,0,0,0,0,0,0,0,0
180682,1,1,0,0,0,0,0,0,0,0,0,0
180682,2,1,0,0,0,0,0,0,0,0,0,0
180683,1,1,0,0,0,18,0,0,0,0,0,0
180684,0,1,0,0,20,0,0,0,0,0,0,0
180684,1,1,0,0,14,0,0,10,0,0,14,19
180685,1,1,0,0,0,0,0,0,0,0,0,0
180685,2,1,10,0,0,0,0,0,0,0,0,0
180686,1,1,0,0,0,0,0,0,0,0,0,0
180686,2,1,0,0,0,0,0,0,0,0,0,0
180687,1,1,0,0,0,0,0,0,0,0,0,0
180687,2,1,19,19,19,19,19,19,19,19,19,19
180688,1,1,0,0,0,0,0,0,0,0,0,0
180688,2,1,0,0,0,0,0,0,0,0,0,0
180689,0,1,19,19,19,19,19,19,19,19,19,19
180689,1,1,0,0,0,0,0,0,0,0,0,0
180690,1,1,34,17,24,10,12,15,12,17,15,18
180690,2,1,0,0,0,0,0,0,0,0,0,0
180690,3,1,3,3,3,3,3,3,3,3,3,3
180691,0,1,0,0,0,0,0,0,37,0,14,0
180691,1,1,0,16,0,0,0,15,0,0,0,0
180692,1,1,0,0,0,0,0,0,0,0,0,0
180692,2,1,0,0,0,0,0,0,0,0,0,0
180693,1,1,0,0,0,0,0,0,0,0,0,0
180693,2,1,0,0,0,0,0,0,0,0,0,0
180694,1,1,0,7,0,28,0,0,0,0,0,0
180695,1,1,0,0,0,0,0,0,0,0,0,0
180695,2,1,0,0,0,0,0,0,0,0,0,0
180696,1,1,0,0,0,0,0,0,0,0,0,0
180697,1,1,0,0,0,0,0,0,0,0,0,0
180697,2,1,0,0,0,0,0,0,0,0,0,0
180698,1,1,0,0,0,0,0,0,0,0,0,0