ST_CASE,VEH_NO,PER_NO,P1,P2,P3,P4,P5,P6,P7,P8,P9,P10
200198,2,1,0,0,0,0,0,0,0,0,0,0
200200,1,1,0,0,0,0,0,0,0,0,11,0
200200,2,1,0,0,0,0,0,0,0,0,0,0
200201,0,1,0,0,0,0,0,0,0,0,0,0
200202,1,1,0,0,0,0,0,0,0,0,0,0
200202,2,1,0,0,6,0,0,0,0,0,0,0
200203,1,1,0,0,0,0,0,0,0,0,0,0
200204,1,1,0,0,0,0,0,0,0,0,0,0
200204,2,1,0,0,0,0,0,0,0,0,0,0
200204,3,1,0,0,0,0,0,0,0,0,0,0
200204,4,1,0,0,0,0,0,0,0,0,0,0
200205,1,1,9,0,0,0,0,0,0,0,0,0
200206,1,1,0,0,0,0,0,0,0,0,0,0
200206,2,1,0,0,0,0,0,0,0,0,0,0
200207,0,1,0,0,0,0,0,0,0,0,0,0
200207,1,1,0,0,0,0,0,0,0,0,0,0
200208,1,1,0,0,0,0,0,0,0,0,0,0
200208,2,1,0,0,0,0,0,0,0,0,0,0
200209,1,1,0,0,0,0,0,0,0,0,0,0
200209,2,1,0,0,0,0,0,0,0,0,0,0
200210,1,1,0,0,0,0,0,0,0,0,0,0
200210,2,1,0,0,0,0,0,0,0,0,0,13
200211,1,1,0,0,6,0,0,17,0,0,31,0
200212,1,1,0,0,0,0,0,0,0,0,0,0
200213,1,1,0,0,0,0,0,0,0,0,0,0
200214,1,1,13,10,0,33,0,18,39,15,6,29
200214,2,1,0,0,0,0,0,0,0,0,0,0
200215,1,1,0,0,0,0,0,0,0,0,0,0
200216,0,1,0,0,0,0,0,0,0,0,0,0
200216,1,1,0,21,16,0,0,0,9,0,0,23
200217,1,1,0,0,0,0,0,0,0,0,0,0
200217,2,1,0,0,0,0,0,0,0,6,0,0
200218,1,1,11,0,0,12,18,8,3,0,2,0
200218,2,1,7,4,0,0,0,0,7,7,0,0
200219,1,1,0,0,0,0,0,0,25,0,0,0
200220,1,1,0,0,0,0,0,0,0,0,0,0
200221,1,1,19,19,19,19,19,19,19,19,19,19
200221,2,1,15,15,15,15,15,15,15,15,15,15
200222,1,1,5,0,0,0,0,0,0,0,0,0
200222,2,1,0,0,0,0,0,0,0,0,0,0
200223,1,1,0,0,0,0,0,0,0,0,0,0
200223,2,1,0,0,0,0,0,0,0,0,0,0
200224,1,1,0,0,0,0,0,0,0,0,0,0
200224,2,1,0,0,0,0,0,0,0,0,0,0
200225,1,1,0,0,0,0,0,0,0,0,0,0
200226,1,1,0,0,0,0,0,0,0,19,0,0
200227,1,1,0,0,0,0,0,0,0,4,0,0
200228,1,1,0,0,0,0,0,0,0,0,0,0
200229,1,1,0,0,0,0,0,0,0,0,0,0
200229,2,1,0,0,0,0,0,0,0,0,0,0
200230,1,1,0,0,0,0,0,0,0,0,0,0
200230,2,1,0,0,0,0,0,0,0,0,0,0
200230,3,1,0,0,0,0,0,0,0,0,0,0
200230,4,1,0,0,0,0,0,0,0,0,0,0
200230,5,1,0,0,0,0,0,0,0,0,0,0
200230,6,1,0,0,0,0,0,0,0,0,0,0
200231,1,1,10,10,10,10,10,10,10,10,10,10
200231,2,1,0,0,11,0,0,0,0,0,0,7
200232,1,1,24,24,24,24,24,24,24,24,24,24
200233,1,1,0,0,0,0,0,0,0,0,0,0
200233,2,1,0,0,0,0,0,0,0,0,0,0
200233,3,1,0,0,0,0,0,0,0,0,0,0
200233,4,1,0,0,0,0,0,0,0,0,0,0
200233,5,1,0,7,0,0,0,0,0,17,0,13
200234,1,1,0,0,0,0,0,0,0,0,0,0
200235,1,1,0,0,0,0,0,0,0,0,0,0
200235,2,1,0,0,0,0,0,0,0,0,0,0
200236,1,1,0,0,0,0,0,0,0,0,0,0
200237,1,1,0,0,0,0,0,17,19,0,0,0
200238,0,1,0,0,0,0,0,0,0,0,0,0
200238,0,2,0,0,0,0,0,0,0,0,0,0
200238,1,1,0,0,0,0,0,0,0,0,0,0
200239,1,1,0,0,0,0,0,0,0,0,0,0
200240,1,1,0,0,0,0,0,0,0,0,0,0
200241,1,1,0,0,0,0,0,0,0,0,0,0
200241,2,1,0,0,0,0,0,0,0,0,0,0
200242,1,1,0,0,0,16,8,0,0,26,0,0
200243,1,1,0,0,9,0,0,0,0,0,3,0
200244,1,1,0,0,0,0,0,20,0,0,0,16
200245,1,1,7,7,7,7,7,7,7,7,7,7
200246,1,1,0,0,0,0,0,7,0,0,0,0
200247,1,1,0,0,0,0,0,20,23,0,0,0
200249,1,1,0,0,0,0,0,0,0,0,0,0
200249,2,1,0,0,0,0,0,0,0,0,0,0
200250,1,1,16,0,0,0,0,0,0,0,0,0
200251,1,1,0,0,0,0,0,0,0,0,0,0
200251,2,1,0,0,0,0,0,0,0,0,0,0
200252,1,1,0,0,0,0,0,0,0,0,0,0
200253,1,1,0,0,0,0,0,0,0,0,0,0
200253,2,1,0,0,0,0,0,0,0,0,10,0
200254,0,1,0,0,0,0,0,0,0,0,0,0
200254,1,1,0,0,0,0,0,0,0,0,0,0
200255,1,1,0,0,0,0,0,0,0,0,0,0
200255,2,1,0,0,0,0,0,0,0,0,0,0
200256,1,1,0,0,0,0,0,0,0,0,0,0
200256,2,1,0,0,0,0,0,0,0,0,0,0
200256,3,1,0,0,0,0,0,0,0,0,0,0
200257,1,1,26,14,0,0,0,0,24,28,11,8
200257,2,1,0,0,0,0,0,0,0,0,0,0
200258,1,1,22,22,22,22,22,22,22,22,22,22
200259,1,1,0,0,0,0,0,0,0,0,0,0
200259,2,1,0,0,0,0,0,0,0,0,0,0
200260,1,1,0,0,0,0,0,0,0,0,0,0
200260,2,1,0,0,0,0,0,0,0,0,0,0
200261,1,1,18,18,18,18,18,18,18,18,18,18
200262,1,1,0,0,0,0,0,0,0,0,0,24
200263,1,1,0,0,0,0,0,0,0,0,0,0
200263,2,1,0,0,0,0,0,0,0,0,0,0
200264,1,1,0,0,0,0,0,0,0,0,0,0
200264,2,1,0,0,0,0,0,0,0,0,0,0
200265,1,1,0,0,0,0,0,0,0,0,0,23
200266,1,1,0,0,0,0,0,0,0,0,0,0
200267,1,1,16,0,10,5,0,0,0,0,0,0
200268,0,1,22,22,22,22,22,22,22,22,22,22
200268,1,1,0,0,0,0,0,0,0,0,0,0
200269,1,1,0,0,0,0,0,0,0,0,0,0
200269,2,1,8,8,8,8,8,8,8,8,8,8
200269,3,1,0,0,0,0,0,0,0,0,0,0
200269,4,1,0,0,0,0,0,0,0,0,0,0
200270,1,1,0,0,0,0,0,0,0,0,0,0
200271,1,1,0,0,0,0,0,0,0,0,0,0
200271,2,1,0,0,0,0,0,0,0,0,0,0
200272,1,1,0,0,0,0,0,0,0,0,0,0
200272,2,1,0,0,0,0,0,0,0,0,0,0
200273,1,1,0,0,0,0,0,0,0,0,0,0
200273,2,1,0,0,0,0,0,0,0,0,0,0
200274,0,1,0,0,0,0,0,0,0,0,0,0
200274,1,1,0,0,0,0,0,0,0,0,0,0
200275,1,1,0,0,13,0,0,0,0,0,0,0
200275,2,1,0,0,0,0,0,0,0,0,25,0
200275,3,1,0,0,0,0,0,0,0,0,0,0
200275,4,1,0,0,0,0,0,0,0,0,0,0
200276,1,1,0,0,0,12,0,0,0,0,0,0
200276,2,1,0,0,0,0,0,0,0,0,0,0
200277,1,1,5,13,0,0,0,15,48,0,0,0
200278,1,1,0,0,0,0,0,17,0,0,0,0
200278,2,1,0,0,0,0,0,0,0,0,0,0
200278,3,1,0,0,0,0,0,0,0,0,0,0
200279,1,1,0,0,0,12,0,15,0,0,0,27
200279,2,1,0,0,11,4,0,0,0,0,0,0
200280,1,1,0,0,0,0,0,0,0,0,0,0
200280,2,1,0,0,0,0,0,0,0,0,0,0
200281,1,1,0,0,0,0,0,0,0,0,0,0
200281,2,1,0,0,0,0,0,0,0,0,0,0
200282,1,1,0,0,0,0,0,0,0,0,0,0
200282,2,1,0,0,0,0,0,0,0,0,0,0
200283,1,1,0,0,0,0,0,0,0,0,0,0
200284,1,1,0,0,19,0,0,0,0,0,0,0
200284,2,1,0,0,19,0,0,0,0,0,0,0
200285,1,1,0,0,0,0,0,0,0,0,0,0
200285,2,1,0,0,0,0,0,0,0,0,0,0
200285,3,1,0,0,0,0,0,8,0,0,0,0
200285,4,1,13,0,0,0,0,0,0,0,0,0
200286,0,1,0,0,0,0,0,0,0,0,0,0
200286,1,1,0,0,0,0,0,0,0,0,0,0
200286,2,1,0,0,0,0,0,0,0,14,0,0
200287,0,1,16,0,24,31,0,0,26,0,0,24
200287,1,1,0,0,0,0,0,0,0,0,0,0
200288,1,1,0,0,0,0,0,0,0,0,0,0
200288,2,1,0,0,0,0,0,0,0,0,0,0
200289,1,1,25,25,25,25,25,25,25,25,25,25
200290,1,1,22,22,22,22,22,22,22,22,22,22
200291,1,1,0,0,0,0,0,0,0,0,0,0
200291,2,1,0,0,0,0,0,0,0,0,0,0
200292,1,1,24,24,24,24,24,24,24,24,24,24
200293,1,1,0,0,0,0,0,0,0,13,0,0
200294,1,1,0,0,10,0,0,0,0,0,0,0
200295,1,1,0,0,0,0,0,0,0,19,22,5
200296,0,1,0,0,0,0,0,0,0,0,23,0
200296,1,1,14,11,8,35,11,0,0,5,19,27
200297,1,1,23,23,23,23,23,23,23,23,23,23
200298,1,1,0,16,0,0,0,0,0,0,0,0
200299,1,1,0,0,0,0,0,0,0,0,0,0
200300,1,1,0,0,0,0,0,0,0,0,0,0
200300,2,1,0,0,0,0,0,0,0,0,0,0
200301,1,1,0,0,0,0,0,0,0,0,0,0
200302,1,1,20,20,20,20,20,20,20,20,20,20
200303,1,1,0,0,0,0,0,0,0,0,0,0
200303,2,1,0,0,0,0,0,0,0,0,0,0
200304,1,1,8,0,0,0,0,0,0,0,0,15
200304,2,1,0,0,0,0,0,0,0,0,0,0
200305,1,1,0,0,0,0,0,0,0,0,0,0
200306,1,1,33,33,33,33,33,33,33,33,33,33
200307,1,1,27,27,27,27,27,27,27,27,27,27
200308,1,1,33,9,20,0,0,0,0,0,0,0
200308,2,1,0,0,0,0,0,0,0,0,0,0
200309,1,1,11,11,11,11,11,11,11,11,11,11
200309,2,1,0,0,0,0,0,0,0,0,0,0
200310,1,1,0,0,0,0,0,0,35,0,0,0
200310,2,1,46,0,0,0,0,0,0,0,0,0
200310,3,1,0,0,0,0,0,0,0,13,0,0
200311,0,1,0,0,0,0,0,0,0,0,0,0
200311,1,1,6,0,0,0,0,0,0,0,0,0
200313,1,1,0,0,0,0,0,0,0,0,0,0
200314,1,1,0,0,0,0,0,0,0,0,0,0
200315,1,1,0,0,0,11,0,15,0,0,0,19
200316,1,1,0,0,12,20,0,0,28,0,0,0
200317,1,1,0,0,0,0,0,0,0,0,0,0
200317,2,1,0,0,0,0,0,0,0,0,0,29
200318,1,1,0,0,0,0,0,0,0,0,0,0
200318,2,1,0,0,0,0,0,0,0,0,0,0
200319,0,1,0,16,30,24,12,0,0,13,0,0
200319,1,1,0,0,0,7,0,0,0,0,0,0
200320,1,1,0,0,0,0,0,0,0,0,0,0
200321,1,1,0,0,0,0,0,0,0,0,0,0
200322,1,1,0,0,0,0,0,0,0,0,0,0
200322,2,1,0,0,0,0,0,0,0,0,0,0
200323,1,1,0,0,0,0,0,0,0,0,0,0
200323,2,1,0,0,0,0,0,0,0,0,0,0
200324,1,1,0,0,0,0,0,0,0,0,18,0
200324,2,1,0,0,0,0,0,0,0,0,0,0
200325,1,1,13,29,13,6,10,17,11,13,8,13
200325,2,1,0,0,0,0,0,0,0,0,7,4
200325,3,1,0,0,0,0,6,0,0,0,0,0
200326,1,1,0,0,0,0,0,0,0,0,0,0
200326,2,1,0,0,0,0,0,0,0,0,0,0
200326,3,1,0,0,0,0,0,0,0,0,0,0
200327,1,1,0,0,0,0,0,0,0,0,0,0
200327,2,1,0,0,0,0,0,0,0,0,0,0
200328,1,1,0,0,0,0,0,16,0,0,0,0
200329,1,1,12,7,11,14,31,14,11,11,24,8
200331,1,1,0,0,0,0,0,0,0,0,0,0
200331,2,1,0,0,0,0,0,0,0,0,0,0
200332,1,1,8,0,0,0,0,0,0,0,0,0
200332,2,1,0,0,0,0,0,0,0,0,0,0
200333,1,1,11,11,11,11,11,11,11,11,11,11
200334,0,1,0,0,0,0,0,0,0,0,0,0
200334,1,1,0,0,0,0,0,0,0,0,0,0
200335,1,1,0,0,0,0,0,0,0,0,0,0
200336,1,1,0,0,0,0,0,0,0,0,0,0
200336,2,1,0,0,0,0,0,0,12,0,11,14
200337,0,1,0,0,0,0,0,0,0,0,0,0
200337,1,1,0,0,0,0,0,0,0,0,0,0
200338,0,1,0,0,0,0,0,0,0,0,0,0
200338,1,1,0,0,13,0,0,0,0,0,0,0
200339,1,1,0,0,0,0,0,0,0,0,0,0
200339,2,1,0,0,0,0,0,0,0,0,0,0
200339,3,1,0,0,0,0,0,0,0,0,0,0
200340,1,1,0,0,0,0,0,0,0,0,0,0
200341,1,1,0,0,0,0,0,0,0,0,0,0
200342,0,1,0,0,0,0,0,0,0,18,0,0
200342,1,1,0,0,0,0,0,0,0,0,0,0
200343,1,1,0,0,0,0,0,0,0,0,0,0
200344,1,1,0,11,0,0,0,14,0,0,0,0
200345,1,1,0,0,0,0,0,0,0,0,0,0
200345,2,1,19,0,0,0,0,0,0,0,3,0
200346,1,1,10,10,10,10,10,10,10,10,10,10
200346,2,1,0,0,0,0,0,0,6,0,0,0
200347,1,1,0,0,0,0,0,0,0,0,0,0
200347,2,1,0,0,0,0,0,0,0,0,0,0
200349,1,1,0,0,0,0,0,0,0,0,0,0
200349,2,1,0,0,0,0,0,0,0,0,0,0
200350,0,1,0,0,0,0,0,0,0,0,0,17
200350,1,1,0,0,0,0,0,0,0,0,0,0
200351,1,1,0,0,32,0,0,0,0,0,0,0
200351,2,1,0,0,0,0,0,0,0,0,0,0
200352,1,1,13,21,24,21,20,15,13,15,25,16
200353,1,1,0,0,0,0,0,0,0,0,0,0
200353,2,1,0,0,0,0,0,0,0,0,0,0
200354,1,1,0,15,11,0,0,18,0,0,0,17
200355,0,1,22,22,22,22,22,22,22,22,22,22
200355,1,1,0,0,0,0,12,23,0,0,19,0
200356,1,1,0,0,0,0,13,0,0,0,0,0
200357,1,1,0,7,0,0,0,0,0,0,0,0
200357,2,1,0,0,0,0,0,0,0,0,0,0
200358,1,1,0,0,0,0,0,0,0,0,0,0
200359,1,1,16,25,6,30,36,17,22,39,10,18
200360,1,1,0,0,0,0,0,0,0,0,0,0
200361,1,1,0,0,0,0,0,0,0,0,0,0
200362,1,1,13,0,18,0,0,0,0,0,0,0
200362,2,1,0,29,0,0,0,0,0,0,0,0
200363,0,1,11,23,16,23,0,21,27,7,17,26
200363,1,1,0,0,0,0,0,0,0,0,0,0
200364,1,1,0,0,8,0,0,0,0,0,0,0
200365,1,1,0,0,0,0,0,0,0,0,0,0
200366,1,1,0,0,0,0,0,0,0,0,0,0
200366,2,1,0,0,0,0,0,0,0,0,0,0
200367,0,1,0,0,0,0,0,0,0,0,0,0
200367,1,1,0,0,0,0,0,0,0,0,0,0
200368,1,1,9,9,9,9,9,9,9,9,9,9
200369,1,1,24,24,24,24,24,24,24,24,24,24
200370,0,1,0,0,0,40,0,21,0,0,0,0
200370,1,1,18,0,0,0,36,0,0,0,0,0
200371,1,1,0,14,7,0,0,0,0,0,0,0
200373,1,1,5,0,0,0,0,0,0,0,0,0
200373,2,1,0,0,0,0,0,0,0,0,0,0
200374,1,1,27,27,27,27,27,27,27,27,27,27
200375,1,1,0,0,0,0,0,0,0,0,0,27
200375,2,1,0,0,0,0,0,0,0,0,0,0
200376,1,1,0,0,0,0,0,0,0,0,0,0
200377,1,1,8,14,17,33,32,19,20,12,28,9
200378,1,1,16,16,16,16,16,16,16,16,16,16
200379,1,1,0,26,0,0,0,0,0,0,0,12
200380,1,1,0,0,0,27,0,0,0,0,0,0
200381,1,1,14,0,11,19,0,0,0,0,12,11
200383,1,1,0,0,0,0,0,0,0,0,0,0
200383,2,1,0,0,0,0,0,0,0,0,0,0
200384,0,1,0,0,0,0,0,14,0,0,34,0
200384,1,1,0,0,0,0,0,0,0,0,0,0
200385,1,1,0,0,0,0,0,0,0,0,0,0
200385,2,1,0,0,0,0,0,0,0,0,0,0
200386,1,1,0,0,0,0,0,0,0,0,0,0
200386,2,1,0,0,0,0,0,0,0,0,0,0
200387,1,1,0,0,0,0,0,0,0,0,0,0
200387,2,1,0,0,0,0,0,0,0,0,0,0
200388,1,1,0,0,0,0,0,0,0,0,0,0
200389,1,1,0,0,27,0,0,0,0,0,0,8
200389,2,1,29,29,18,13,22,7,17,30,34,7
200390,1,1,12,12,12,12,12,12,12,12,12,12
200391,1,1,0,0,0,0,0,0,0,0,0,0
200392,1,1,0,0,0,0,0,0,0,0,0,0
200392,2,1,0,0,0,0,0,0,0,0,0,0
200393,1,1,0,0,0,0,0,0,0,0,0,0
200393,2,1,0,0,0,0,0,0,0,0,0,0
200394,1,1,0,0,0,0,0,0,0,0,0,0
200394,2,1,0,0,0,0,0,0,0,0,0,0
200395,1,1,22,22,22,22,22,22,22,22,22,22
200396,1,1,0,33,9,9,3,16,8,21,21,30
200397,1,1,13,13,13,13,13,13,13,13,13,13
200398,1,1,25,25,25,25,25,25,25,25,25,25
200399,1,1,0,0,0,0,0,0,0,0,0,0
200399,2,1,0,0,0,0,0,0,0,0,0,0
200400,0,1,0,0,0,0,0,0,0,0,0,0
200400,1,1,11,24,9,0,9,0,0,0,0,0
200401,1,1,0,0,0,0,0,0,0,0,0,0
200401,2,1,0,0,0,0,0,0,0,0,0,0
200402,1,1,0,0,0,0,0,0,0,0,0,0
200402,2,1,0,0,0,0,0,0,0,0,0,0
200403,1,1,0,0,0,0,31,0,0,0,0,0
200404,1,1,0,0,0,0,0,0,0,0,0,0
200404,2,1,0,0,0,0,0,0,0,0,0,0
200404,3,1,0,0,0,0,0,0,0,0,0,0
200405,1,1,0,0,0,0,0,0,0,0,0,0
200405,2,1,0,0,0,0,0,0,0,0,0,0
200406,1,1,0,0,0,0,0,0,0,0,5,0
200406,2,1,0,0,0,0,0,0,0,0,0,0
200406,3,1,0,0,0,0,0,0,0,0,0,0
200407,1,1,0,0,0,0,0,0,0,0,0,0
200407,2,1,0,0,0,0,0,0,0,0,0,0
200407,3,1,0,0,0,0,0,0,0,0,0,0
200408,1,1,0,0,0,0,0,0,0,0,0,0
200408,2,1,0,0,0,0,0,0,0,0,0,0
200409,0,1,20,0,0,0,4,0,0,0,19,0
200409,1,1,26,0,0,0,0,0,0,0,0,0
200410,1,1,0,0,20,0,0,0,0,0,0,0
200410,2,1,0,0,0,0,0,0,0,0,0,0
200411,1,1,0,0,0,0,0,0,0,0,0,0
200411,2,1,0,0,0,0,0,0,0,0,0,0
200412,1,1,0,27,22,0,0,0,13,0,0,0
200413,1,1,0,28,0,0,0,36,0,0,0,0
200414,1,1,12,7,38,12,0,14,0,33,10,17
200415,1,1,0,0,20,17,0,4,5,0,0,0
200416,1,1,0,0,0,0,0,12,0,0,0,0
200417,1,1,0,0,0,0,0,0,0,0,0,35
210001,1,1,0,0,0,0,0,0,0,0,0,0
210001,2,1,0,0,0,0,0,0,0,0,0,0
210002,1,1,0,0,0,0,0,0,0,0,0,0
210002,2,1,0,0,0,0,0,0,0,0,0,0
210003,1,1,0,0,0,0,0,0,0,0,0,0
210003,2,1,0,0,0,0,0,0,0,0,0,0
210004,1,1,0,0,0,0,0,0,0,0,0,0
210005,1,1,0,0,0,0,0,0,0,0,0,0
210005,2,1,0,0,0,0,0,0,0,0,0,0
210006,1,1,0,0,0,0,0,0,0,0,0,0
210006,2,1,0,0,0,0,0,0,0,0,0,0
210007,1,1,0,0,12,0,0,0,0,0,0,0
210008,1,1,0,0,0,0,0,0,0,0,0,0
210008,2,1,0,0,0,0,0,0,0,0,0,0
210008,3,1,0,0,0,0,0,0,0,0,0,0
210008,4,1,0,0,0,0,0,0,0,0,0,0
210009,0,1,10,0,0,0,9,0,0,0,0,0
210009,1,1,0,0,0,0,0,0,0,0,0,0
210010,1,1,23,23,23,23,23,23,23,23,23,23
210010,2,1,21,0,0,0,0,0,0,0,0,0
210011,1,1,0,0,0,0,0,0,0,0,0,0
210012,1,1,0,0,0,0,0,0,0,0,0,0
210012,2,1,0,0,0,0,0,0,0,23,0,0
210012,3,1,17,0,0,0,0,0,0,0,0,0
210013,1,1,0,0,0,0,0,0,0,0,0,0
210013,2,1,0,0,0,0,0,0,0,0,0,0
210014,1,1,0,0,0,0,0,0,0,0,0,0
210015,1,1,0,0,0,0,0,0,0,0,0,0
210016,0,1,0,0,0,0,0,0,0,0,0,0
210016,1,1,0,0,0,0,0,0,0,0,0,0
210017,0,1,0,0,0,0,0,0,0,0,0,0
210017,1,1,0,0,0,0,0,0,0,0,0,0
210018,1,1,0,0,0,0,0,0,0,0,0,0
210019,1,1,12,0,32,0,0,0,0,0,0,0
210020,1,1,22,22,22,22,22,22,22,22,22,22
210021,1,1,0,0,0,0,0,0,0,0,0,0
210021,2,1,0,0,0,0,0,0,0,0,0,0
210022,0,1,0,0,0,0,0,0,0,0,0,0
210022,0,2,0,0,0,0,0,0,0,0,0,0
210022,0,3,4,28,28,0,0,0,11,24,29,0
210022,0,4,18,22,0,0,14,21,0,32,12,0
210022,0,5,28,0,0,14,0,0,19,31,10,0
210022,0,6,23,13,22,33,0,19,26,27,14,0
210022,0,7,0,0,0,0,0,0,0,21,0,32
210022,0,8,23,23,15,0,16,0,0,0,0,0
210022,0,9,0,0,0,0,0,0,21,16,34,35
210022,0,10,0,0,0,11,0,19,4,0,0,0
210022,1,1,3,3,3,3,3,3,3,3,3,3
210023,1,1,27,27,27,27,27,27,27,27,27,27
210024,0,1,0,0,0,0,0,0,0,0,0,0
210024,1,1,0,0,0,35,0,0,0,0,0,0
210025,0,1,34,34,34,34,34,34,34,34,34,34
210025,1,1,0,0,0,0,0,0,0,0,0,0
210026,1,1,0,0,0,0,0,0,0,0,0,0
210026,2,1,0,0,0,0,0,8,0,0,0,0
210027,1,1,0,0,0,0,15,0,15,0,0,16
210028,1,1,0,0,0,0,0,0,0,0,0,0
210028,2,1,0,0,0,0,0,0,31,0,0,0
210029,1,1,0,18,0,0,0,0,6,0,0,0
210030,0,1,23,23,23,23,23,23,23,23,23,23
210030,1,1,0,0,0,0,0,0,0,0,0,0
210031,1,1,0,0,0,0,0,0,0,0,0,0
210032,1,1,0,0,0,0,0,0,0,0,0,0
210033,1,1,15,15,15,15,15,15,15,15,15,15
210034,1,1,0,0,0,0,0,0,0,0,0,0
210035,1,1,0,0,0,0,0,0,0,0,0,0
210036,1,1,0,0,0,0,0,0,0,0,0,0
210036,2,1,0,0,0,0,0,0,0,0,0,0
210037,1,1,0,0,22,0,0,0,0,0,0,0
210037,2,1,0,0,0,0,0,16,0,0,0,0
210038,1,1,0,0,0,0,0,0,0,0,0,0
210039,1,1,0,0,0,0,0,0,0,0,0,0
210039,2,1,0,0,0,0,0,0,0,0,0,0
210040,1,1,0,7,5,0,9,15,18,8,35,14
210040,2,1,0,0,7,0,0,0,0,7,0,0
210041,1,1,0,0,0,0,0,0,0,0,0,0
210041,2,1,0,0,0,0,0,0,0,0,0,0
210041,3,1,0,0,0,0,0,0,0,0,0,0
210042,1,1,21,21,21,21,21,21,21,21,21,21
210043,1,1,32,32,32,32,32,32,32,32,32,32
210044,1,1,0,0,0,0,0,0,0,0,0,0
210044,2,1,0,0,0,0,0,0,0,0,0,0
210045,1,1,0,0,0,0,0,0,0,0,0,0
210046,1,1,0,0,0,0,0,0,0,0,0,0
210046,2,1,0,0,0,0,0,0,0,0,0,0
210046,3,1,0,0,0,0,0,0,0,0,0,0
210047,1,1,0,0,0,0,0,0,0,0,0,0
210047,2,1,0,0,0,0,0,0,0,0,0,0
210047,3,1,0,0,0,0,0,0,0,0,0,0
210048,1,1,0,0,0,0,0,0,0,0,0,0
210049,1,1,22,23,15,20,19,17,16,13,0,19
210049,2,1,0,0,0,0,0,0,0,0,0,0
210049,3,1,0,0,0,14,0,21,0,0,0,0
210050,1,1,0,0,0,0,0,0,0,0,0,0
210051,1,1,0,0,0,0,0,0,0,0,0,0
210051,2,1,0,0,0,0,0,0,0,0,5,0
210052,0,1,0,0,0,0,0,0,0,0,0,0
210052,1,1,0,0,0,0,0,0,0,0,0,0
210053,1,1,0,0,0,0,0,0,0,0,0,0
210053,2,1,0,0,0,0,0,0,0,0,0,0
210054,1,1,0,0,17,0,0,0,0,0,0,0
210055,1,1,0,0,0,0,0,0,0,0,0,0
210056,1,1,0,0,0,0,0,0,0,0,0,0
210057,1,1,0,0,0,0,0,0,0,0,0,0
210057,2,1,29,0,0,0,0,0,0,0,0,0
210058,0,1,0,0,0,0,0,0,0,0,0,0
210059,1,1,0,0,0,0,0,0,0,0,8,0
210060,1,1,0,0,0,0,0,0,0,0,0,0
210060,2,1,0,0,0,0,0,0,0,0,0,0
210061,0,1,17,17,17,17,17,17,17,17,17,17
210061,1,1,0,0,0,0,0,0,0,0,0,0
210062,0,1,0,0,0,0,0,0,0,0,0,0
210062,1,1,0,0,0,0,0,0,36,0,0,0
210063,1,1,0,0,0,0,0,0,0,0,0,0
210063,2,1,0,0,0,0,0,0,0,0,0,0
210064,1,1,6,6,6,6,6,6,6,6,6,6
210064,2,1,6,6,6,6,6,6,6,6,6,6
210064,3,1,0,0,0,0,0,0,0,0,11,16
210065,1,1,0,29,0,27,0,0,0,17,0,0
210066,1,1,0,0,0,0,0,0,0,0,0,0
210066,2,1,0,0,0,0,0,0,0,0,0,0
210067,1,1,0,0,0,31,0,0,15,22,9,28
210067,2,1,0,0,0,0,0,0,0,8,0,0
210068,0,1,0,0,0,0,0,0,0,0,0,0
210068,1,1,0,0,0,0,0,0,0,0,0,0
210069,1,1,0,0,0,0,0,0,0,0,0,0
210069,2,1,0,0,0,0,0,0,0,0,0,0
210070,1,1,5,5,5,5,5,5,5,5,5,5
210071,1,1,0,0,0,0,0,0,0,0,0,0
210071,2,1,0,0,0,0,0,0,0,0,0,0
210072,1,1,0,0,0,0,0,0,0,0,0,0
210072,2,1,0,0,0,0,0,0,0,0,0,0
210073,0,1,0,10,0,0,0,26,0,12,0,17
210073,1,1,0,0,0,0,0,0,5,0,0,0
210074,1,1,0,0,0,0,0,0,0,0,0,0
210075,1,1,42,0,28,0,0,0,0,0,17,0
210076,1,1,0,0,0,0,0,0,0,0,0,0
210077,1,1,23,23,23,23,23,23,23,23,23,23
210078,1,1,0,0,0,0,0,0,0,0,0,0
210078,2,1,0,0,0,0,0,0,0,0,0,0
210079,1,1,0,0,0,0,0,0,0,0,0,0
210080,1,1,0,0,0,0,0,0,0,0,0,0
210081,0,1,0,0,0,0,0,0,0,0,0,0
210081,1,1,0,0,0,0,0,0,0,0,0,27
210082,1,1,0,0,0,0,0,0,0,0,0,0
210082,2,1,0,0,0,0,0,0,0,0,0,0
210083,1,1,0,0,0,0,0,0,0,0,0,0
210084,1,1,5,5,5,5,5,5,5,5,5,5
210084,2,1,0,0,0,0,0,0,0,0,0,0
210085,1,1,6,0,0,0,20,0,13,0,20,0
210086,1,1,0,0,0,0,0,0,0,0,0,0
210087,1,1,0,0,0,0,0,0,0,0,0,0
210088,1,1,0,0,0,0,0,0,0,0,0,0
210089,1,1,0,0,0,0,0,0,0,0,0,0
210089,2,1,0,0,0,0,0,0,0,0,0,0
210090,0,1,0,0,0,0,0,0,0,0,0,0
210090,1,1,0,0,0,0,0,0,0,0,0,0
210091,1,1,0,0,0,0,0,0,0,0,0,0
210092,0,1,0,0,0,0,0,0,0,0,0,0
210092,1,1,10,0,0,0,0,0,0,0,0,30
210093,1,1,0,0,0,0,0,0,0,0,0,0
210093,2,1,0,0,0,0,0,0,0,0,0,0
210094,0,1,0,0,0,0,0,0,0,0,0,0
210094,1,1,0,0,0,0,0,0,0,0,0,0
210095,1,1,0,0,0,0,0,0,0,0,0,0
210095,2,1,0,0,0,0,0,0,0,0,0,0
210096,1,1,0,0,17,0,0,19,0,0,0,0
210096,2,1,0,0,0,0,11,0,0,0,0,0
210097,0,1,25,25,25,25,25,25,25,25,25,25
210097,1,1,0,0,0,0,0,0,0,0,0,0