ST_CASE,VEH_NO,PER_NO,P1,P2,P3,P4,P5,P6,P7,P8,P9,P10
220011,1,1,15,15,15,15,15,15,15,15,15,15
220012,0,1,0,0,0,0,0,0,0,0,0,0
220012,1,1,19,13,22,29,26,22,12,17,14,0
220013,1,1,6,6,6,6,6,6,6,6,6,6
220014,1,1,4,4,4,4,4,4,4,4,4,4
220015,0,1,0,0,0,0,0,0,0,0,0,0
220015,1,1,0,0,0,0,0,0,0,0,0,0
220016,1,1,0,0,0,0,0,0,0,0,0,0
220016,2,1,0,0,0,0,0,0,0,0,0,0
220017,1,1,20,20,20,20,20,20,20,20,20,20
220017,2,1,0,0,0,3,0,12,0,0,0,16
220018,0,1,0,0,0,19,0,1,24,21,14,5
220018,0,2,0,0,0,0,0,0,0,0,0,0
220018,1,1,0,0,0,0,0,0,0,0,0,0
220019,0,1,35,35,35,35,35,35,35,35,35,35
220019,1,1,7,7,7,7,7,7,7,7,7,7
220020,1,1,0,0,0,0,0,0,0,0,0,0
220021,1,1,0,0,0,0,0,0,0,0,0,0
220021,2,1,0,0,0,0,0,0,0,0,0,0
220022,1,1,0,0,0,0,0,0,0,0,0,0
220022,2,1,0,0,0,0,0,0,0,0,0,0
220023,1,1,0,0,0,0,0,0,0,0,0,0
220024,1,1,0,0,0,0,0,0,0,0,0,0
220025,1,1,11,11,11,11,11,11,11,11,11,11
220026,0,1,0,0,0,0,0,0,0,0,0,0
220026,1,1,0,0,0,0,0,0,0,0,0,0
220027,1,1,0,0,0,0,0,0,0,0,0,0
220027,2,1,0,0,0,0,0,0,0,0,0,0
220028,0,1,35,35,35,35,35,35,35,35,35,35
220028,1,1,0,0,0,0,0,0,0,0,0,0
220029,1,1,0,0,0,0,0,0,0,0,0,0
220029,2,1,0,0,0,0,0,0,0,0,0,0
220030,1,1,17,17,17,17,17,17,17,17,17,17
220031,1,1,0,0,0,0,0,0,0,0,0,0
220031,2,1,0,0,0,0,0,0,0,0,0,0
220032,0,1,0,0,0,20,29,0,34,0,0,0
220032,1,1,30,6,35,22,16,0,0,5,2,0
220033,1,1,14,14,14,14,14,14,14,14,14,14
220034,0,1,0,0,0,0,0,0,0,0,0,0
220034,0,2,0,0,0,0,22,0,16,8,0,0
220034,1,1,0,0,0,0,0,0,0,0,0,0
220034,2,1,15,15,15,15,15,15,15,15,15,15
220034,3,1,0,0,0,0,0,0,0,0,0,0
220035,1,1,3,3,3,3,3,3,3,3,3,3
220036,0,1,0,27,0,0,0,15,0,0,0,0
220036,1,1,0,0,0,0,0,0,0,0,0,0
220037,1,1,0,0,0,0,0,0,0,0,0,0
220038,0,1,0,0,0,0,0,0,0,0,0,0
220038,1,1,0,0,0,0,0,0,0,0,0,0
220039,0,1,0,0,0,0,0,0,0,0,0,0
220039,0,2,0,0,0,0,0,0,0,0,0,0
220039,1,1,0,0,0,0,0,0,0,0,0,0
220040,1,1,0,0,0,0,0,0,0,0,0,0
220040,2,1,0,0,0,0,0,0,0,0,0,0
220041,0,1,0,0,0,0,0,0,0,0,0,0
220041,1,1,0,0,15,0,0,0,0,0,0,0
220043,1,1,0,0,0,0,0,0,0,0,0,0
220043,2,1,0,0,0,0,0,0,0,0,0,0
220044,1,1,0,0,0,0,0,0,0,0,0,0
220045,1,1,0,0,0,0,0,0,0,0,0,0
220046,1,1,13,13,13,13,13,13,13,13,13,13
220047,0,1,0,0,0,0,0,0,0,0,0,0
220047,1,1,0,0,0,0,0,0,0,0,0,0
220048,1,1,2,2,2,2,2,2,2,2,2,2
220049,1,1,0,0,0,0,0,0,0,0,0,0
220051,1,1,0,0,0,0,0,0,0,0,0,0
220052,1,1,0,0,0,0,0,0,0,0,0,0
220052,2,1,0,0,0,0,0,0,0,0,0,0
220053,1,1,0,0,0,0,0,0,0,0,0,0
220053,2,1,0,0,0,0,0,0,0,0,0,0
220054,1,1,13,13,13,13,13,13,13,13,13,13
220054,2,1,0,0,0,0,0,0,0,0,0,0
220055,1,1,0,0,0,0,0,0,0,0,0,0
220056,0,1,21,21,21,21,21,21,21,21,21,21
220056,1,1,23,16,4,0,13,0,20,0,0,12
220057,1,1,20,20,20,20,20,20,20,20,20,20
220057,2,1,0,0,0,0,0,0,0,0,0,0
220057,3,1,0,0,0,0,0,0,0,0,0,0
220058,0,1,0,0,0,0,0,0,0,0,0,0
220058,1,1,4,4,4,4,4,4,4,4,4,4
220059,1,1,47,47,47,47,47,47,47,47,47,47
220060,1,1,0,0,0,0,0,0,0,0,0,0
220062,1,1,18,18,18,18,18,18,18,18,18,18
220063,0,1,0,0,0,0,0,0,0,0,0,0
220063,1,1,0,0,0,0,7,0,10,0,0,0
220064,1,1,0,0,0,0,0,0,0,0,0,0
220064,2,1,0,0,0,0,0,0,0,0,0,0
220065,1,1,19,19,19,19,19,19,19,19,19,19
220067,1,1,23,23,23,23,23,23,23,23,23,23
220067,2,1,0,0,0,0,0,0,0,0,0,0
220068,1,1,0,0,0,0,0,0,0,0,0,0
220068,2,1,0,0,0,0,0,0,0,0,0,0
220069,1,1,0,0,0,0,0,0,0,0,0,0
220069,2,1,0,0,0,0,0,0,0,0,0,0
220070,1,1,5,5,5,5,5,5,5,5,5,5
220071,1,1,0,0,0,0,0,0,0,0,0,0
220072,1,1,20,20,20,20,20,20,20,20,20,20
220073,1,1,0,0,0,0,0,0,0,0,0,0
220074,1,1,20,20,20,20,20,20,20,20,20,20
220075,1,1,14,14,14,14,14,14,14,14,14,14
220076,1,1,14,14,14,14,14,14,14,14,14,14
220077,1,1,12,0,24,34,9,0,0,16,13,23
220078,1,1,0,0,0,0,0,0,0,0,0,0
220079,1,1,0,0,0,0,0,0,0,0,0,0
220079,2,1,0,0,0,0,0,0,0,0,0,0
220080,1,1,0,0,0,0,0,0,0,0,0,0
220081,1,1,0,0,0,0,0,0,0,0,0,17
220082,1,1,14,14,14,14,14,14,14,14,14,14
220083,1,1,0,0,0,0,0,0,0,0,0,0
220083,2,1,0,0,0,0,0,0,0,0,0,0
220084,1,1,0,0,0,0,0,0,0,0,0,0
220084,2,1,0,0,0,0,0,0,0,0,0,0
220085,1,1,6,6,6,6,6,6,6,6,6,6
220086,1,1,0,0,0,0,0,0,0,0,0,0
220086,2,1,0,0,0,0,0,0,0,0,0,0
220087,0,1,0,0,0,0,0,0,0,4,0,0
220087,0,2,0,0,0,0,23,0,0,0,0,0
220087,0,3,0,0,0,0,0,0,0,0,0,0
220087,0,4,0,0,0,0,0,0,0,0,0,0
220087,0,5,0,0,0,0,0,0,0,0,0,25
220087,1,1,0,0,0,0,0,0,0,0,0,0
220088,1,1,12,12,12,12,12,12,12,12,12,12
220088,2,1,0,0,0,0,0,0,0,0,0,0
220089,1,1,20,20,20,20,20,20,20,20,20,20
220089,2,1,0,0,0,0,0,0,0,0,0,0
220090,1,1,0,0,0,0,0,0,0,0,0,0
220090,2,1,0,0,0,0,0,0,0,0,0,0
220091,1,1,0,0,0,0,0,0,0,0,0,0
220092,0,1,11,11,11,11,11,11,11,11,11,11
220092,1,1,0,0,0,0,0,0,0,0,0,0
220093,1,1,0,0,0,0,0,0,0,0,0,0
220093,2,1,0,0,0,0,0,0,0,0,0,0
220094,1,1,0,0,0,0,0,0,0,0,0,0
220094,2,1,0,0,0,0,0,0,0,0,0,0
220095,1,1,0,0,0,0,0,0,0,0,0,0
220095,2,1,0,0,0,0,0,0,0,0,0,0
220096,0,1,0,0,0,0,0,0,0,0,0,0
220096,1,1,0,0,0,0,0,0,0,0,0,0
220097,1,1,0,0,0,0,0,0,0,0,0,0
220097,2,1,0,0,0,0,0,0,0,0,0,0
220098,0,1,0,0,9,0,11,0,28,0,19,0
220098,1,1,0,0,0,0,0,0,0,0,0,0
220099,1,1,0,0,0,0,0,0,0,0,0,0
220099,2,1,0,0,0,0,0,0,0,0,0,0
220100,1,1,16,16,16,16,16,16,16,16,16,16
220101,1,1,0,0,0,0,0,0,0,0,0,0
220102,1,1,9,10,0,0,0,0,24,19,0,0
220102,2,1,9,0,0,0,0,0,0,0,7,0
220103,1,1,0,0,0,0,0,0,0,0,0,0
220104,1,1,0,0,0,0,0,0,0,0,0,0
220105,1,1,29,29,29,29,29,29,29,29,29,29
220105,2,1,0,0,0,0,0,0,0,0,0,0
220105,3,1,0,0,0,0,0,0,0,0,0,0
220105,4,1,0,0,0,0,0,0,4,0,0,0
220106,1,1,0,0,0,0,0,0,0,0,0,0
220106,2,1,0,0,0,0,0,0,0,0,0,0
220107,1,1,0,0,0,0,0,0,0,0,0,0
220107,2,1,0,0,0,0,0,0,0,0,0,0
220108,1,1,18,18,18,18,18,18,18,18,18,18
220109,1,1,15,15,15,15,15,15,15,15,15,15
220109,2,1,0,0,0,0,0,0,0,0,0,0
220110,1,1,2,2,2,2,2,2,2,2,2,2
220110,2,1,0,0,0,0,0,0,0,0,0,0
220112,1,1,0,0,0,0,0,0,0,0,0,0
220112,2,1,0,0,0,0,0,0,0,0,0,0
220113,1,1,0,0,0,0,0,0,0,0,0,0
220113,2,1,0,0,0,0,0,0,0,0,0,0
220114,1,1,0,0,0,0,0,0,0,0,0,0
220114,2,1,0,0,0,0,0,0,0,0,0,0
220114,3,1,0,0,0,0,0,0,0,0,0,0
220115,1,1,7,7,7,7,7,7,7,7,7,7
220115,2,1,0,0,0,0,0,0,0,0,0,0
220116,1,1,0,0,0,0,0,0,0,0,0,0
220117,0,1,8,8,8,8,8,8,8,8,8,8
220117,1,1,14,0,0,0,0,0,0,0,26,0
220118,1,1,14,14,14,14,14,14,14,14,14,14
220119,1,1,22,22,22,22,22,22,22,22,22,22
220120,1,1,0,0,0,0,0,0,0,0,0,0
220121,1,1,0,0,0,0,0,0,0,0,0,0
220121,2,1,0,0,0,0,0,0,0,0,0,0
220122,0,1,22,22,22,22,22,22,22,22,22,22
220122,1,1,0,0,0,0,0,0,0,0,0,0
220123,1,1,0,0,0,0,0,0,0,0,0,0
220123,2,1,0,0,0,0,0,0,0,0,0,0
220124,1,1,0,0,0,0,0,0,0,0,0,0
220124,2,1,0,0,0,0,0,0,0,0,0,0
220125,1,1,6,6,6,6,6,6,6,6,6,6
220126,1,1,0,0,0,0,0,0,0,0,0,0
220127,1,1,0,0,0,0,0,0,0,0,0,0
220128,0,1,0,0,0,0,0,0,0,0,0,0
220128,1,1,0,0,0,0,0,0,0,0,0,0
220129,1,1,0,0,0,0,0,0,0,0,0,0
220130,1,1,21,21,21,21,21,21,21,21,21,21
220130,2,1,0,0,0,0,0,0,0,0,0,0
220131,1,1,0,0,0,0,0,0,0,0,0,0
220131,2,1,0,0,3,0,17,0,5,36,0,0
220132,0,1,0,0,7,8,14,0,0,0,0,0
220132,1,1,0,0,0,0,0,0,0,0,0,0
220133,1,1,0,0,0,0,0,0,0,0,0,0
220133,2,1,0,0,0,0,0,0,0,0,0,0
220135,1,1,0,0,0,0,0,0,0,0,0,0
220135,2,1,0,7,14,0,0,0,0,0,0,0
220135,3,1,0,0,0,4,0,0,0,0,19,0
220136,1,1,14,14,14,14,14,14,14,14,14,14
220136,2,1,0,0,0,0,0,0,0,0,0,0
220137,1,1,0,0,0,0,0,0,0,0,0,0
220138,1,1,0,0,0,0,0,0,0,0,0,0
220138,2,1,0,0,0,0,0,0,0,0,0,0
220139,1,1,20,20,20,20,20,20,20,20,20,20
220140,0,1,15,15,15,15,15,15,15,15,15,15
220140,1,1,0,0,0,0,0,0,0,0,0,0
220141,1,1,0,0,0,0,0,0,0,0,0,0
220142,1,1,0,0,0,0,0,0,0,0,0,0
220143,0,1,0,0,0,0,0,0,0,0,0,0
220143,1,1,0,0,4,0,0,0,0,0,0,0
220144,1,1,0,0,0,0,0,0,0,0,0,0
220145,1,1,0,0,0,0,0,0,0,0,0,0
220146,0,1,12,0,0,0,0,9,0,0,0,0
220146,1,1,0,14,13,7,0,0,9,19,5,15
220147,1,1,44,0,17,20,11,15,0,19,26,9
220148,1,1,38,38,38,38,38,38,38,38,38,38
220148,2,1,0,0,0,0,0,0,0,0,0,0
220149,1,1,0,0,0,0,0,0,0,0,0,0
220149,2,1,0,0,0,0,0,0,0,0,0,0
220150,1,1,0,0,0,0,0,0,0,0,0,0
220151,1,1,0,0,0,0,0,0,0,0,0,0
220151,2,1,0,0,0,0,0,0,0,0,0,0
220151,3,1,0,0,0,0,0,0,0,0,0,0
220151,4,1,0,0,0,0,0,0,0,0,0,0
220152,1,1,0,0,0,0,0,0,0,0,0,0
220153,2,1,1,1,1,1,1,1,1,1,1,1
220154,1,1,0,0,0,0,0,0,0,0,0,0
220155,1,1,0,0,0,0,0,0,0,0,0,0
220155,2,1,0,0,0,0,0,0,0,0,0,0
220155,3,1,0,0,0,0,0,0,0,0,0,0
220155,4,1,0,0,0,0,0,0,0,0,0,0
220156,0,1,0,0,0,0,0,0,28,0,0,0
220156,1,1,0,0,0,0,0,0,0,0,0,0
220157,0,1,0,0,0,0,0,0,0,0,0,0
220157,1,1,0,0,0,0,0,0,0,0,0,0
220158,1,1,0,0,0,0,0,0,0,0,0,0
220158,2,1,0,0,0,0,0,0,0,0,0,0
220159,1,1,0,0,0,0,0,0,0,0,0,0
220159,2,1,0,0,0,0,0,0,0,0,0,0
220160,1,1,20,20,20,20,20,20,20,20,20,20
220161,1,1,19,19,19,19,19,19,19,19,19,19
220162,1,1,0,0,0,0,0,0,0,0,0,0
220162,2,1,0,0,0,0,0,0,0,0,0,0
220163,1,1,0,0,0,0,0,0,0,0,0,0
220163,2,1,0,0,0,0,0,0,0,0,0,0
220164,1,1,0,0,0,0,0,0,0,0,0,0
220164,2,1,0,0,0,0,0,0,0,0,0,0
220164,3,1,0,0,0,0,0,0,0,0,0,0
220165,0,1,0,0,0,0,0,0,0,0,0,0
220165,1,1,0,0,0,0,0,0,0,0,0,0
220166,0,1,0,0,0,0,0,0,0,0,0,0
220166,1,1,0,0,0,0,0,0,0,0,0,0
220167,1,1,0,0,0,0,0,0,0,0,0,0
220167,2,1,0,0,0,0,0,0,0,0,0,0
220168,1,1,0,0,0,0,0,0,0,0,0,0
220168,2,1,0,0,0,0,0,0,0,0,0,0
220169,1,1,5,5,5,5,5,5,5,5,5,5
220170,1,1,0,0,0,0,0,0,0,0,0,0
220170,2,1,0,0,0,0,0,0,0,0,0,0
220171,0,1,0,0,0,0,0,0,0,0,0,0
220171,1,1,0,0,0,0,0,0,0,0,0,0
220173,0,1,15,15,15,15,15,15,15,15,15,15
220173,1,1,0,0,0,0,0,0,0,0,0,0
220174,1,1,20,20,20,20,20,20,20,20,20,20
220174,2,1,2,14,0,0,0,0,0,0,0,0
220175,0,1,0,0,0,0,0,0,0,0,0,0
220175,1,1,0,0,0,0,0,0,0,0,0,0
220176,0,1,0,0,0,0,0,0,0,0,0,0
220176,1,1,0,0,0,0,0,0,0,0,0,0
220177,1,1,0,0,0,0,0,0,0,0,0,0
220177,2,1,0,0,0,0,0,0,0,0,0,0
220178,1,1,0,0,0,0,0,0,0,0,0,0
220179,1,1,0,0,0,0,0,0,0,0,0,0
220179,2,1,0,0,0,0,0,0,0,0,0,0
220180,1,1,24,24,24,24,24,24,24,24,24,24
220180,2,1,3,2,14,14,0,7,0,28,4,8
220181,0,1,16,16,16,16,16,16,16,16,16,16
220181,1,1,0,0,0,0,0,0,0,0,0,0
220182,1,1,0,0,0,0,0,0,0,0,0,0
220183,1,1,0,0,0,0,0,0,0,0,0,0
220183,2,1,0,0,0,0,0,0,0,0,0,0
220184,1,1,0,0,0,0,0,0,0,0,0,0
220185,1,1,0,0,0,0,0,0,0,0,0,0
220186,1,1,0,0,0,0,0,0,0,0,0,0
220186,2,1,0,0,0,0,0,0,0,0,0,0
220187,0,1,24,24,24,24,24,24,24,24,24,24
220187,1,1,9,0,0,0,9,12,0,21,0,0
220188,1,1,4,4,4,4,4,4,4,4,4,4
220188,2,1,0,0,0,0,0,0,0,0,0,0
220188,3,1,0,0,0,0,0,0,0,0,0,0
220189,0,1,18,18,18,18,18,18,18,18,18,18
220189,1,1,0,16,14,16,0,0,0,27,5,0
220190,1,1,0,0,0,0,0,0,0,0,0,0
220191,1,1,0,0,0,0,0,0,0,0,0,0
220191,2,1,0,0,0,0,0,0,0,0,0,7
220192,1,1,0,0,0,0,0,0,0,0,0,0
220193,0,1,20,0,17,0,11,0,0,9,0,0
220193,0,2,0,0,0,0,0,0,0,0,0,0
220193,1,1,0,0,0,0,0,0,0,0,0,0
220194,0,1,14,14,14,14,14,14,14,14,14,14
220194,1,1,0,0,0,0,0,0,0,0,8,0
220195,1,1,5,5,5,5,5,5,5,5,5,5
220195,2,1,0,0,0,0,0,0,0,0,0,0
220196,1,1,17,17,17,17,17,17,17,17,17,17
220196,2,1,0,0,0,0,0,0,0,0,0,0
220197,1,1,0,0,0,0,0,0,0,0,0,0
220198,0,1,3,3,3,3,3,3,3,3,3,3
220198,1,1,0,0,0,0,0,0,0,0,0,0
220199,1,1,0,0,0,0,0,0,0,0,0,0
220200,0,1,32,32,32,32,32,32,32,32,32,32
220200,1,1,0,0,0,0,0,0,0,0,0,0
220201,1,1,19,19,19,19,19,19,19,19,19,19
220202,1,1,20,20,20,20,20,20,20,20,20,20
220202,2,1,0,0,0,0,0,0,0,0,0,0
220202,3,1,0,0,0,0,0,0,0,0,0,0
220203,1,1,0,0,0,0,0,0,0,0,0,0
220203,2,1,0,0,0,0,0,0,0,0,0,0
220204,0,1,32,32,32,32,32,32,32,32,32,32
220204,1,1,0,0,0,0,0,0,0,0,0,0
220205,1,1,0,0,0,0,0,0,0,0,0,0
220205,2,1,0,0,0,0,0,0,0,0,0,0
220205,3,1,0,0,0,0,0,0,0,0,0,0
220206,1,1,0,0,0,0,0,0,0,0,0,0
220207,1,1,0,0,0,0,0,0,0,0,0,0
220207,2,1,0,0,0,0,0,0,0,0,0,0
220207,3,1,0,0,0,0,0,0,0,0,0,0
220207,4,1,0,0,0,0,0,0,0,0,0,0
220207,5,1,0,0,0,0,0,0,0,0,0,0
220208,1,1,2,2,2,2,2,2,2,2,2,2
220209,1,1,0,0,0,0,0,0,0,0,0,0
220209,2,1,0,0,0,0,0,0,0,0,0,0
220210,1,1,15,15,15,15,15,15,15,15,15,15
220211,1,1,26,26,26,26,26,26,26,26,26,26
220212,1,1,15,15,15,15,15,15,15,15,15,15
220213,1,1,23,23,23,23,23,23,23,23,23,23
220214,1,1,0,0,0,0,0,0,0,0,0,0
220214,2,1,16,16,16,16,16,16,16,16,16,16
220215,1,1,0,0,0,0,0,0,0,0,0,0
220216,1,1,0,0,0,0,0,0,0,0,0,0
220217,1,1,0,0,0,0,0,0,0,0,0,0
220217,2,1,0,0,0,0,0,0,0,0,0,0
220218,1,1,0,0,0,0,0,0,0,0,0,0
220218,2,1,0,0,0,0,0,0,0,0,0,0
220219,1,1,20,20,20,20,20,20,20,20,20,20
220219,2,1,0,0,0,0,0,0,0,0,0,0
220220,1,1,5,5,5,5,5,5,5,5,5,5
220221,1,1,0,0,0,0,0,0,0,0,0,0
220221,2,1,0,0,0,0,0,0,0,0,0,0
220221,3,1,0,0,0,0,0,0,0,0,0,0
220222,0,1,0,0,0,0,0,0,0,0,0,0
220222,1,1,0,0,0,0,0,0,0,0,0,0
220223,1,1,17,17,17,17,17,17,17,17,17,17
220224,1,1,35,35,35,35,35,35,35,35,35,35
220224,2,1,0,0,0,12,0,9,0,0,0,4
220225,1,1,11,20,0,0,0,0,0,9,26,32
220226,1,1,0,0,0,0,0,0,0,0,0,0
220226,2,1,0,0,0,0,0,0,0,0,0,54
220226,3,1,0,0,0,0,0,0,0,0,0,0
220226,4,1,0,0,0,0,0,0,0,0,0,0
220226,5,1,0,0,0,0,0,0,0,0,0,0
220227,1,1,0,0,0,0,0,0,0,0,0,0
220228,0,1,0,0,0,0,0,0,0,0,0,0
220228,1,1,0,0,0,0,0,0,0,0,0,0
220229,1,1,21,21,21,21,21,21,21,21,21,21
220230,0,1,0,0,0,0,0,0,0,0,0,0
220230,1,1,0,0,0,0,0,0,0,0,0,0
220230,4,1,0,0,0,4,0,0,0,13,0,0
220231,1,1,0,0,0,0,0,0,0,0,0,0
220231,2,1,2,2,2,2,2,2,2,2,2,2
220232,1,1,20,20,20,20,20,20,20,20,20,20
220232,2,1,0,0,0,0,0,0,0,0,0,0
220233,1,1,1,1,1,1,1,1,1,1,1,1
220234,1,1,0,0,0,0,0,0,0,0,0,0
220234,2,1,0,0,0,0,0,0,0,0,0,0
220235,0,1,23,23,23,23,23,23,23,23,23,23
220235,1,1,8,8,8,8,8,8,8,8,8,8
220236,1,1,8,8,8,8,8,8,8,8,8,8
220236,2,1,0,0,0,0,0,12,0,0,0,0
220237,1,1,0,0,0,0,0,0,0,0,0,0
220237,2,1,0,0,0,0,0,0,0,0,0,0
220238,1,1,0,0,0,0,0,0,0,0,0,0
220239,1,1,0,0,0,0,0,0,0,0,0,0
220239,2,1,0,0,0,0,0,0,0,0,0,0
220239,3,1,0,0,0,0,0,0,0,0,0,0
220240,1,1,0,0,0,0,0,0,0,0,0,0
220240,2,1,0,0,0,0,0,0,0,0,0,0
220241,1,1,0,0,0,0,0,0,0,0,0,0
220242,0,1,0,0,0,0,0,0,0,0,0,0
220242,1,1,0,0,0,0,0,0,0,0,0,0
220243,1,1,39,39,39,39,39,39,39,39,39,39
220244,1,1,0,0,0,0,0,0,0,0,0,0
220244,2,1,0,0,0,0,0,0,0,0,0,0
220245,1,1,3,3,3,3,3,3,3,3,3,3
220245,2,1,0,0,0,0,0,0,0,0,0,0
220246,0,1,23,23,23,23,23,23,23,23,23,23
220246,1,1,0,0,0,0,0,0,0,0,0,0
220247,1,1,21,21,21,21,21,21,21,21,21,21
220248,1,1,0,0,0,0,0,0,0,0,0,0
220248,2,1,6,6,6,6,6,6,6,6,6,6
220249,1,1,0,0,0,0,0,0,19,0,0,0
220250,1,1,15,15,15,15,15,15,15,15,15,15
220250,2,1,0,0,0,0,0,0,0,0,0,0
220251,1,1,11,11,11,11,11,11,11,11,11,11
220251,2,1,0,0,0,0,0,0,0,0,0,0
220252,1,1,0,0,0,0,0,0,0,0,0,0
220253,1,1,0,0,0,0,0,0,0,0,0,0
220254,1,1,0,0,0,0,0,0,16,0,0,0
220255,1,1,22,22,22,22,22,22,22,22,22,22
220255,2,1,0,0,0,0,0,0,0,0,0,0
220256,1,1,16,16,16,16,16,16,16,16,16,16
220257,0,1,0,0,0,0,0,0,0,0,0,0
220257,1,1,14,14,14,14,14,14,14,14,14,14
220258,1,1,0,0,0,0,0,0,0,0,0,0
220259,1,1,0,0,0,0,0,0,0,0,0,0
220260,2,1,0,19,0,0,20,0,0,0,0,0
220260,3,1,0,0,0,0,0,0,0,0,0,0
220260,4,1,0,25,0,0,16,0,0,0,0,0
220260,5,1,0,0,0,0,0,0,0,0,0,0
220261,1,1,18,18,18,18,18,18,18,18,18,18
220261,2,1,0,0,0,0,0,0,0,0,0,0
220261,3,1,0,0,0,0,0,0,0,0,0,0
220261,4,1,0,0,0,0,0,0,0,0,0,0
220262,0,1,30,30,30,30,30,30,30,30,30,30
220262,1,1,0,0,0,0,12,0,0,0,0,12
220263,1,1,15,15,15,15,15,15,15,15,15,15
220264,1,1,0,0,0,0,0,0,0,0,0,0
220265,1,1,0,0,0,0,0,0,0,0,0,0
220265,2,1,0,0,0,0,0,0,0,0,0,0
220266,1,1,12,12,12,12,12,12,12,12,12,12
220266,2,1,0,0,0,0,0,0,0,0,0,0
220267,1,1,3,3,3,3,3,3,3,3,3,3
220268,1,1,0,0,0,0,0,0,0,0,0,0
220268,2,1,0,0,0,0,0,0,0,0,0,0
220269,1,1,0,0,0,0,0,0,0,0,0,0
220269,2,1,0,0,0,0,0,0,0,0,0,0
220270,0,1,0,0,0,0,0,0,0,0,0,0
220270,0,2,0,0,0,0,0,0,0,0,0,0
220270,0,3,0,0,0,0,0,0,0,0,0,0
220270,1,1,0,0,0,0,0,0,0,0,0,0
220271,0,1,28,22,12,34,24,25,32,0,16,0
220271,1,1,0,0,0,0,0,0,0,0,0,0
220273,0,1,0,31,0,0,28,25,20,23,0,52
220273,1,1,5,5,5,5,5,5,5,5,5,5
220274,1,1,0,0,0,0,0,0,0,0,0,0
220274,2,1,0,0,0,0,0,0,0,0,0,0
220275,1,1,2,2,2,2,2,2,2,2,2,2
220275,2,1,2,2,2,2,2,2,2,2,2,2
220276,1,1,0,0,0,0,0,0,0,0,0,0
220277,1,1,0,0,0,0,0,0,0,0,0,0
220277,2,1,0,0,0,0,0,0,0,0,0,0
220278,0,1,0,0,0,0,0,0,0,0,0,0
220278,1,1,0,0,0,0,0,0,0,0,0,0
220279,1,1,0,0,0,0,0,0,0,0,0,0
220279,2,1,0,0,0,0,9,0,0,0,0,0
220280,1,1,0,0,0,0,0,0,0,0,0,0
220281,0,1,13,13,13,13,13,13,13,13,13,13
220281,1,1,0,0,0,0,0,0,0,0,0,0
220282,1,1,14,14,14,14,14,14,14,14,14,14
220283,1,1,25,25,25,25,25,25,25,25,25,25
220284,1,1,0,0,0,0,0,0,0,0,0,0
220284,2,1,0,0,0,0,0,0,0,0,0,0
220285,1,1,0,0,0,0,0,0,0,0,0,0
220286,1,3,0,0,0,0,0,0,25,0,17,25
220287,0,1,17,17,17,17,17,17,17,17,17,17
220287,1,1,0,0,5,0,0,0,16,12,0,0
220288,0,1,0,0,0,0,0,0,0,0,0,0
220288,1,1,0,0,0,0,0,0,0,0,0,0
220289,1,1,0,0,0,0,0,0,0,0,0,0
220289,2,1,0,0,0,0,0,0,0,0,0,0
220289,3,1,0,0,0,5,0,0,0,0,23,0
220289,4,1,0,0,0,0,0,0,0,0,0,0
220289,5,1,0,15,0,0,0,0,12,0,0,0
220290,1,1,27,27,27,27,27,27,27,27,27,27
220291,1,1,7,7,7,7,7,7,7,7,7,7
220292,1,1,11,11,11,11,11,11,11,11,11,11
220293,1,1,0,0,0,0,0,0,0,0,0,0
220294,1,1,0,0,0,0,0,11,0,13,0,0
220294,2,1,0,0,0,0,0,0,0,0,0,0
220295,0,1,22,22,22,22,22,22,22,22,22,22
220295,1,1,0,0,0,0,0,0,0,0,0,0
220296,0,1,0,0,0,0,0,0,0,0,0,0
220296,1,1,0,0,0,0,0,0,0,0,0,0
220297,1,1,8,8,8,8,8,8,8,8,8,8
220298,1,1,2,2,2,2,2,2,2,2,2,2
220299,1,1,0,0,0,0,0,0,0,0,0,0
220299,2,1,0,0,0,0,0,0,0,0,0,0
220301,0,1,5,5,5,5,5,5,5,5,5,5
220301,1,1,0,0,0,0,0,0,0,0,0,0
220302,1,1,0,0,0,0,0,0,0,0,0,0
220302,2,1,0,0,0,0,0,0,0,0,0,0
220303,1,1,0,0,0,0,0,0,0,0,0,0
220303,2,1,0,0,0,0,0,0,0,0,0,0
220304,1,1,0,0,0,0,0,0,0,0,0,0
220304,2,1,20,0,0,0,0,26,8,0,0,0
220305,1,1,0,0,0,0,0,0,0,0,0,0
220305,2,1,0,0,0,0,0,0,0,0,0,0
220305,3,1,0,0,0,0,0,0,0,0,0,0
220306,1,1,6,6,6,6,6,6,6,6,6,6
220307,1,1,18,18,18,18,18,18,18,18,18,18
220308,1,1,0,0,0,0,0,0,18,0,0,0
220308,2,1,0,0,0,0,0,0,0,0,0,0
220309,1,1,26,26,26,26,26,26,26,26,26,26
220309,2,1,19,19,19,19,19,19,19,19,19,19
220310,0,1,0,0,22,0,20,0,0,0,0,0
220310,1,1,0,0,0,0,0,0,0,0,0,0
220311,1,1,25,25,25,25,25,25,25,25,25,25
220312,0,1,0,0,0,0,0,0,0,0,0,0
220312,1,1,9,9,9,9,9,9,9,9,9,9
220313,1,1,0,0,19,0,0,0,0,0,0,0