ST_CASE,VEH_NO,PER_NO,P1,P2,P3,P4,P5,P6,P7,P8,P9,P10
220620,1,1,0,0,0,0,0,0,0,0,0,0
220620,2,1,0,0,0,0,0,0,0,0,0,0
220621,0,1,17,17,17,17,17,17,17,17,17,17
220621,1,1,0,0,0,0,0,16,0,0,16,30
220622,1,1,29,29,29,29,29,29,29,29,29,29
220622,2,1,0,0,0,0,0,0,0,0,0,0
220623,1,1,0,20,28,0,12,0,0,8,0,0
220623,2,1,0,0,0,0,0,0,0,0,0,0
220624,1,1,12,12,12,12,12,12,12,12,12,12
220625,1,1,24,24,24,24,24,24,24,24,24,24
220626,1,1,16,16,16,16,16,16,16,16,16,16
220627,1,1,23,23,23,23,23,23,23,23,23,23
220628,1,1,0,0,0,8,0,0,0,15,32,0
220629,1,2,0,31,18,14,16,27,0,36,19,12
220630,1,1,5,5,5,5,5,5,5,5,5,5
220631,1,1,0,0,0,0,0,0,0,0,0,0
220632,1,1,0,0,0,0,0,0,0,0,0,0
220632,2,1,0,0,0,0,0,0,0,0,0,0
220633,1,1,0,19,0,0,0,11,0,5,0,0
220634,1,1,0,0,0,0,0,0,0,0,0,0
220635,0,1,0,0,0,0,0,0,0,0,0,0
220635,1,1,3,3,3,3,3,3,3,3,3,3
220635,2,1,0,0,0,0,0,0,0,0,0,0
220636,1,1,15,15,15,15,15,15,15,15,15,15
220637,1,1,15,15,15,15,15,15,15,15,15,15
220637,2,1,0,0,0,0,0,0,0,0,0,0
220638,1,1,0,0,0,0,0,0,0,0,0,0
220638,2,1,0,0,0,0,0,0,0,0,0,0
220639,1,1,0,0,0,0,0,0,0,0,0,0
220639,2,1,0,0,0,0,0,0,0,0,0,0
220640,1,1,0,0,0,0,0,0,0,0,0,0
220641,1,1,0,0,0,0,0,0,0,0,0,0
220641,2,1,0,0,0,0,0,0,0,0,0,0
220642,1,1,0,0,0,0,0,0,0,0,0,0
220643,1,1,0,0,0,0,0,0,0,0,0,0
220644,0,1,0,0,0,0,0,0,0,0,0,0
220644,1,1,10,6,0,19,0,15,10,0,0,19
220645,1,1,0,0,0,0,0,0,0,0,0,0
220645,2,1,0,0,0,0,0,0,0,0,0,0
220646,0,1,0,0,0,0,0,0,0,0,0,0
220646,1,1,0,0,0,0,0,0,0,0,0,0
220647,1,1,15,15,15,15,15,15,15,15,15,15
220648,1,1,0,0,0,0,0,0,0,0,0,0
220648,2,1,0,0,0,0,0,0,0,0,0,0
220649,1,1,0,0,0,0,0,0,0,0,0,0
220650,1,1,0,0,0,0,0,0,0,0,0,0
220651,1,1,0,0,0,0,0,0,0,0,0,0
220652,1,1,0,0,0,0,0,0,0,0,0,0
220653,1,1,0,0,0,0,0,0,0,0,0,0
220653,2,1,0,0,0,0,0,0,0,0,0,0
220654,0,1,0,0,0,0,0,0,0,0,0,0
220654,1,1,0,0,0,0,0,0,0,0,0,0
220655,1,1,0,0,0,0,0,0,0,0,0,0
220656,1,1,25,25,25,25,25,25,25,25,25,25
220657,1,1,0,0,0,0,0,0,0,0,0,0
220658,1,1,0,0,0,0,0,0,0,0,0,0
220659,0,1,3,3,3,3,3,3,3,3,3,3
220659,1,1,0,0,0,0,0,0,0,0,0,0
220660,1,1,17,0,0,0,0,0,12,0,0,0
220661,1,1,0,0,0,0,0,0,0,0,0,0
220661,2,1,0,0,0,0,0,0,0,0,0,0
220661,3,1,0,0,0,0,0,0,0,0,0,0
220662,1,1,16,16,16,16,16,16,16,16,16,16
220662,2,1,0,0,0,0,0,0,0,0,0,0
220663,1,1,0,0,0,0,0,0,0,0,0,0
220663,2,1,0,0,0,0,0,0,0,0,0,0
220664,1,1,0,0,0,0,0,0,0,0,0,0
220665,1,1,10,10,10,10,10,10,10,10,10,10
220665,2,1,0,0,0,0,0,0,0,0,0,0
220665,3,1,0,0,0,0,0,0,0,0,0,0
220666,1,1,0,0,14,0,0,0,0,0,0,0
220667,1,1,15,0,0,0,0,0,0,0,0,14
220668,1,1,0,0,0,0,0,0,13,0,0,0
220669,1,1,0,0,0,0,0,0,0,0,0,0
220670,1,1,0,0,0,0,15,12,0,0,0,0
220671,0,1,0,0,0,0,0,0,0,0,0,0
220671,1,1,0,0,0,0,0,0,0,0,0,0
220672,1,1,0,16,0,0,0,0,0,0,0,0
220672,2,1,0,0,0,0,0,0,0,0,0,0
220673,1,1,0,0,13,0,0,0,9,0,0,10
220674,1,1,0,0,0,0,0,0,0,0,0,0
220674,2,1,0,0,0,0,0,0,0,0,0,0
220674,3,1,0,0,0,0,0,0,0,0,0,0
220675,1,1,0,0,0,0,0,0,0,0,0,0
220675,2,1,0,0,0,0,0,0,0,0,0,0
220676,1,1,0,0,0,0,0,0,0,0,0,0
220677,1,1,0,23,5,8,7,5,14,8,15,23
220677,2,1,0,0,0,0,0,0,0,0,0,0
220678,1,1,0,0,0,0,0,0,0,0,0,0
220678,2,1,0,0,0,0,0,0,0,0,0,0
220678,3,1,0,0,0,0,0,0,0,0,0,0
220679,1,1,28,28,28,28,28,28,28,28,28,28
220679,2,1,19,0,0,0,0,0,0,0,0,0
220680,1,1,17,17,17,17,17,17,17,17,17,17
220681,1,1,33,33,33,33,33,33,33,33,33,33
220682,0,1,0,0,0,0,0,0,0,0,0,0
220682,1,1,0,0,0,0,0,0,0,0,0,0
220683,1,1,12,24,18,0,4,0,16,16,19,0
220684,1,1,0,0,0,0,0,0,0,0,0,0
220684,2,1,0,0,0,0,0,18,5,9,5,0
220685,1,1,13,13,13,13,13,13,13,13,13,13
220686,1,1,0,0,0,0,0,0,0,0,0,0
220686,2,1,0,0,0,0,0,0,0,0,0,0
220687,1,1,21,21,21,21,21,21,21,21,21,21
220689,1,1,0,0,0,0,0,0,0,0,0,0
220690,1,1,9,15,26,18,6,6,17,21,21,27
220691,0,1,31,31,31,31,31,31,31,31,31,31
220691,1,1,0,0,0,0,0,0,0,0,0,0
220692,0,1,0,0,0,8,0,0,0,0,0,0
220692,1,1,0,0,0,0,0,0,0,0,12,0
220693,0,1,31,31,31,31,31,31,31,31,31,31
220693,1,1,0,0,0,0,0,10,0,0,0,7
220693,2,1,0,0,0,0,0,0,0,0,0,0
220694,0,1,22,22,22,22,22,22,22,22,22,22
220694,1,1,0,0,0,0,0,0,0,0,0,0
220698,0,1,0,0,0,0,0,0,0,0,0,0
220698,1,1,0,0,0,0,14,0,0,0,16,0
220699,1,1,0,0,0,0,0,0,0,0,0,0
220700,1,1,23,23,23,23,23,23,23,23,23,23
220701,0,1,5,5,5,5,5,5,5,5,5,5
220702,0,1,0,0,0,0,0,0,0,0,0,0
220702,1,1,0,0,0,0,0,0,0,0,0,0
220703,1,1,13,11,13,0,11,0,0,16,20,23
220704,0,1,0,0,0,0,0,0,0,0,0,0
220704,1,1,0,0,0,0,0,0,0,0,0,0
220705,1,1,0,0,0,0,0,0,0,0,0,0
220705,2,1,0,0,0,8,0,0,0,0,0,0
220706,0,1,17,17,5,20,0,0,0,0,0,8
220706,1,1,0,0,0,14,14,0,0,0,0,0
220707,1,1,0,0,0,0,0,0,0,0,0,0
220707,2,1,0,0,0,0,0,0,0,0,0,0
220707,3,1,12,0,0,0,0,0,0,0,0,0
220708,1,1,0,0,0,0,0,0,0,0,0,0
220709,0,1,0,0,0,0,0,0,0,0,0,0
220709,1,1,0,0,0,0,0,0,0,0,0,0
220710,1,1,1,1,1,1,1,1,1,1,1,1
220710,2,1,0,0,0,0,0,14,0,0,0,0
220710,3,1,0,0,0,0,0,0,0,0,0,0
220710,4,1,0,0,0,0,0,0,0,0,0,30
220710,5,1,0,0,0,0,0,0,0,0,14,0
220710,6,1,0,0,0,0,0,0,0,0,0,0
220711,1,1,0,0,0,0,0,0,0,0,0,0
220711,2,1,0,0,0,0,0,0,0,19,0,0
220712,1,1,0,0,0,0,0,0,0,0,0,0
220712,2,1,0,0,0,0,0,0,0,0,0,0
220713,0,1,0,0,0,0,0,0,0,0,0,0
220713,1,1,0,0,0,0,0,0,0,0,0,0
220714,1,1,0,0,0,0,0,0,0,0,0,0
230001,2,1,22,22,22,22,22,22,22,22,22,22
230002,0,1,18,18,18,18,18,18,18,18,18,18
230002,1,1,0,0,0,0,0,0,0,0,0,0
230003,0,1,0,20,26,0,0,0,0,0,0,34
230003,1,1,0,0,0,0,0,0,0,0,0,0
230004,1,1,0,0,0,0,0,0,0,0,0,0
230004,2,1,0,0,0,0,0,0,0,0,0,0
230005,1,1,8,8,8,8,8,8,8,8,8,8
230006,1,1,0,0,0,0,0,0,0,0,0,0
230006,2,1,0,0,0,0,0,0,0,0,0,0
230007,1,1,0,0,0,0,0,0,0,0,0,0
230008,1,1,4,4,4,4,4,4,4,4,4,4
230008,2,1,0,0,0,0,0,0,0,0,0,0
230009,1,1,0,0,0,0,0,0,0,0,0,0
230009,2,1,0,0,0,0,0,0,0,0,0,0
230011,0,1,0,0,0,0,0,0,0,0,0,0
230011,1,1,0,0,0,0,0,0,0,0,0,0
230011,2,1,0,0,0,0,0,0,0,0,0,0
230011,3,1,0,0,0,0,0,0,0,0,0,0
230012,1,1,0,0,0,0,0,0,0,0,0,0
230012,2,1,0,0,0,0,0,0,0,0,0,0
230012,3,1,0,0,0,0,0,0,0,0,0,0
230013,1,1,0,0,0,0,0,0,0,0,0,0
230014,1,1,0,0,0,0,0,0,0,0,0,0
230014,2,1,0,0,0,0,0,0,0,0,0,0
230015,1,1,0,0,0,0,0,0,0,0,0,0
230015,2,1,0,0,0,0,0,0,0,0,0,0
230016,1,1,0,0,0,0,0,0,0,0,0,0
230016,2,1,0,0,0,0,0,0,0,0,0,0
230017,1,1,0,0,0,0,0,0,0,0,0,0
230017,2,1,0,0,0,0,0,0,0,0,0,0
230018,1,1,0,0,0,0,0,0,0,0,0,0
230018,2,1,0,0,0,0,0,0,0,0,0,0
230019,1,1,0,0,0,0,0,0,0,0,0,0
230019,2,1,0,0,0,0,0,0,25,0,0,5
230020,0,1,0,0,0,0,0,0,0,0,0,0
230020,1,1,0,0,0,0,0,0,0,0,0,0
230021,1,1,0,0,0,0,0,0,0,0,0,0
230021,2,1,0,0,0,10,0,3,0,0,0,15
230022,1,1,30,30,30,30,30,30,30,30,30,30
230022,2,1,0,0,0,0,0,0,0,0,0,0
230023,1,1,0,0,0,0,0,0,0,0,0,0
230023,2,1,0,0,0,0,0,0,0,0,0,0
230023,3,1,0,0,0,0,0,0,0,0,0,0
230024,1,1,0,0,0,0,0,0,0,25,0,0
230024,2,1,0,0,0,0,0,0,14,0,0,0
230026,1,1,0,0,0,0,0,0,0,0,0,0
230026,2,1,0,0,0,0,0,0,0,0,0,0
230027,1,1,0,0,0,0,0,0,0,0,0,0
230027,3,1,0,0,0,13,9,0,0,0,0,0
230028,1,1,0,0,0,0,0,0,0,0,0,0
230029,1,1,0,0,0,0,0,0,0,0,0,0
230030,1,1,0,0,0,0,0,0,0,0,0,0
230030,2,1,0,0,0,0,0,0,0,0,0,0
230030,3,1,0,0,0,0,3,0,0,0,29,13
230032,1,1,0,0,0,0,0,0,0,0,0,0
230033,1,1,0,0,0,0,0,0,0,0,0,0
230034,1,1,0,0,0,0,0,0,0,0,0,0
230034,2,1,16,22,30,0,4,19,10,11,0,0
230035,1,1,11,11,11,11,11,11,11,11,11,11
230036,1,1,0,0,0,0,0,0,0,0,0,0
230037,1,1,11,11,11,11,11,11,11,11,11,11
230038,1,1,0,0,0,0,0,0,0,0,0,0
230038,2,1,0,0,0,0,0,0,0,0,0,0
230038,3,1,0,0,0,0,0,0,0,0,0,0
230039,1,1,0,0,0,0,0,0,0,0,0,0
230039,2,1,0,0,0,0,0,0,0,0,0,0
230040,1,1,21,21,21,21,21,21,21,21,21,21
230041,1,1,0,0,0,0,0,0,0,0,0,0
230042,1,1,0,0,25,14,0,10,21,0,0,13
230042,2,1,0,0,0,0,0,0,0,0,0,0
230043,0,1,0,0,0,0,0,0,0,0,0,0
230043,1,1,0,0,0,0,0,0,0,0,0,0
230044,1,1,0,0,0,0,0,0,0,0,0,0
230045,1,1,0,0,0,0,0,0,0,0,0,0
230045,2,1,0,0,0,0,0,0,0,0,0,0
230046,1,1,17,0,15,8,0,0,0,18,0,17
230047,1,1,0,0,0,0,0,0,0,0,0,0
230047,2,1,0,0,0,0,0,0,0,0,0,0
230048,1,1,19,0,0,0,0,11,12,0,0,0
230049,1,1,0,0,0,0,0,0,0,0,0,0
230049,2,1,0,0,0,0,0,0,0,0,0,0
230050,1,1,0,0,26,8,0,18,0,22,0,0
230051,1,1,13,0,14,0,32,0,0,7,24,0
230052,1,1,11,0,24,4,0,0,0,0,0,0
230052,2,1,0,11,0,0,0,0,24,0,0,0
230053,1,1,0,0,0,0,0,0,0,0,0,0
230053,2,1,0,0,0,0,0,0,0,0,0,0
230054,1,1,0,21,20,0,0,5,0,20,25,0
230055,1,1,18,18,18,18,18,18,18,18,18,18
230056,1,1,2,2,2,2,2,2,2,2,2,2
230056,2,1,0,0,0,0,0,0,0,0,0,0
230057,1,1,14,14,14,14,14,14,14,14,14,14
230058,1,1,0,0,0,0,0,0,0,0,0,0
230058,2,1,0,0,0,0,0,0,0,0,0,0
230059,1,1,0,0,0,0,0,0,0,0,0,0
230059,2,1,0,0,0,0,0,0,20,6,0,0
230060,1,1,27,27,27,27,27,27,27,27,27,27
230060,2,1,7,0,0,33,5,0,0,0,14,0
230061,1,1,0,0,0,0,0,0,0,0,0,0
230062,1,1,0,0,16,0,0,6,11,0,0,10
230063,1,1,0,0,18,13,0,0,0,19,18,8
230064,1,1,0,0,0,0,0,0,0,0,0,0
230065,0,1,0,0,0,0,0,0,0,0,0,0
230065,1,1,11,11,11,11,11,11,11,11,11,11
230066,1,1,0,0,0,0,0,0,0,0,0,0
230067,1,1,0,0,0,0,0,0,0,0,0,0
230067,2,1,0,0,0,0,0,0,0,0,0,0
230068,0,1,0,0,0,0,0,0,0,0,0,0
230068,1,1,0,0,0,0,0,0,0,0,0,0
230069,1,1,11,11,11,11,11,11,11,11,11,11
230069,2,1,0,0,0,0,0,0,0,0,0,0
230070,1,1,16,0,0,0,0,0,0,5,0,0
230070,2,1,0,0,0,0,0,0,0,0,3,0
230071,1,1,0,0,0,0,0,0,0,0,0,0
230072,0,1,25,0,0,0,0,0,0,0,12,0
230072,1,1,0,0,0,0,20,0,0,0,0,21
230073,0,1,0,0,0,0,0,0,0,0,0,0
230073,0,2,0,0,0,0,0,0,0,0,0,0
230073,1,1,0,0,0,0,0,0,0,0,0,0
230074,2,1,0,0,0,0,0,0,0,0,0,0
230075,1,1,0,0,0,0,0,0,0,0,0,0
230075,2,1,0,0,0,0,0,0,0,0,0,0
230076,1,1,12,0,0,0,0,0,0,0,0,20
230076,2,1,0,0,0,0,0,0,0,0,0,0
230077,1,1,0,0,0,0,0,0,0,0,0,0
230077,2,1,0,0,0,0,0,0,0,0,0,0
230078,1,1,0,0,0,0,0,0,0,0,0,0
230078,2,1,0,0,0,0,0,0,0,0,0,0
230079,1,1,6,6,6,6,6,6,6,6,6,6
230080,1,1,26,26,26,26,26,26,26,26,26,26
230081,1,1,0,0,0,0,0,0,0,0,0,0
230081,2,1,2,0,16,0,0,0,0,0,0,0
230082,0,1,0,0,0,0,0,0,0,0,0,0
230082,1,1,0,0,0,0,0,0,0,0,0,0
230083,1,1,23,23,23,23,23,23,23,23,23,23
230084,1,1,17,17,17,17,17,17,17,17,17,17
230085,1,1,0,0,0,0,0,0,0,0,0,0
230085,2,1,8,0,15,0,0,10,0,12,0,33
230086,1,1,9,9,9,9,9,9,9,9,9,9
230087,1,1,17,17,17,17,17,17,17,17,17,17
230088,1,1,27,27,27,27,27,27,27,27,27,27
230089,1,1,3,3,3,3,3,3,3,3,3,3
230089,2,1,0,0,0,0,0,0,0,0,0,0
230090,1,1,0,0,0,0,0,0,0,0,0,0
230090,2,1,0,0,0,0,0,0,0,0,0,0
230091,1,1,0,0,0,0,0,0,0,0,0,0
230091,2,1,18,18,18,18,18,18,18,18,18,18
230092,1,1,0,0,0,0,0,0,0,0,0,0
230092,2,1,0,0,0,0,0,0,0,0,0,0
230093,0,1,16,19,0,0,29,0,0,10,0,22
230093,1,1,0,0,0,0,0,0,0,0,0,0
230094,1,1,16,16,16,16,16,16,16,16,16,16
230095,1,1,0,17,0,0,0,0,0,17,0,0
230096,1,1,0,0,0,0,0,0,0,0,0,0
230096,2,1,0,0,0,0,0,0,0,0,0,0
230097,1,1,0,0,0,0,0,0,0,0,0,0
230097,2,1,0,0,0,0,0,0,0,0,0,0
230098,1,1,33,33,33,33,33,33,33,33,33,33
230099,1,1,17,17,17,17,17,17,17,17,17,17
230100,1,1,0,11,0,0,0,0,0,0,0,0
230100,2,1,0,0,0,0,0,0,0,0,0,0
230101,1,1,0,0,0,0,0,0,0,0,0,0
230101,2,1,0,0,0,0,0,0,0,0,0,0
230102,1,1,4,4,4,4,4,4,4,4,4,4
230103,1,1,19,19,19,19,19,19,19,19,19,19
230104,1,1,0,0,0,0,0,0,0,0,0,0
230104,2,1,0,0,0,0,0,0,0,0,0,0
230105,1,1,0,0,0,0,0,0,0,0,0,0
230105,2,1,0,0,0,0,0,0,0,0,0,0
230105,3,1,9,0,14,26,10,0,0,4,0,0
230105,4,1,0,0,0,0,17,0,0,0,0,0
230106,1,1,0,0,0,0,0,0,0,0,0,0
230106,2,1,0,0,0,0,0,0,0,0,0,0
230107,1,1,0,0,0,0,0,0,0,0,0,0
230107,2,1,0,0,0,0,0,0,0,0,0,0
230107,3,1,0,0,0,0,0,0,0,0,0,0
230107,4,1,0,0,0,0,0,0,0,0,0,0
230107,5,2,0,0,25,0,0,11,0,21,0,0
230107,6,1,0,0,0,0,0,0,0,0,0,0
230108,0,1,0,0,0,0,0,0,0,34,3,0
230108,1,1,0,0,0,0,0,18,0,0,0,0
230109,1,1,9,9,9,9,9,9,9,9,9,9
230109,2,1,0,0,0,0,0,0,0,0,0,0
230110,1,1,0,0,0,0,0,0,0,0,0,0
230111,1,1,0,0,0,0,0,0,0,0,0,0
230112,0,1,0,0,0,0,0,0,0,0,0,0
230112,1,1,0,0,0,0,0,0,0,0,0,0
230113,0,1,0,0,0,0,0,0,0,0,0,0
230113,1,1,0,0,0,0,0,0,0,0,0,0
230114,1,1,0,0,0,0,0,0,0,0,0,0
230114,2,1,0,0,0,0,0,0,0,0,0,0
230115,1,1,0,0,0,0,0,0,0,0,0,0
230115,2,1,0,0,0,0,0,0,0,0,0,0
230116,1,1,0,19,7,0,0,0,0,0,4,0
230116,2,1,0,0,0,0,0,0,0,0,0,0
230117,1,1,8,8,8,8,8,8,8,8,8,8
230118,1,1,25,25,25,25,25,25,25,25,25,25
230119,1,1,0,0,0,0,0,0,0,0,0,0
230120,1,1,0,0,8,0,0,0,0,0,0,0
230120,2,1,0,0,0,0,0,0,0,0,0,0
230121,1,1,0,0,0,0,0,0,0,0,0,0
230121,2,1,0,0,0,0,0,0,0,0,0,0
230122,1,1,25,15,17,0,0,4,0,10,0,21
230123,1,1,22,22,22,22,22,22,22,22,22,22
230124,1,1,22,22,22,22,22,22,22,22,22,22
230125,1,1,21,21,21,21,21,21,21,21,21,21
230126,0,1,0,19,0,0,0,0,0,16,15,0
230126,1,1,0,0,0,0,0,0,0,0,0,0
230126,2,1,0,17,0,8,15,0,8,0,8,15
230127,1,1,21,21,21,21,21,21,21,21,21,21
230128,1,1,4,4,4,4,4,4,4,4,4,4
230128,2,1,0,0,0,0,0,0,0,0,0,0
230129,1,1,13,13,13,13,13,13,13,13,13,13
230130,1,1,0,0,0,0,0,0,13,0,18,0
230130,2,1,0,0,0,6,0,0,0,0,0,0
230131,0,1,14,14,14,14,14,14,14,14,14,14
230131,0,2,0,0,33,0,0,0,0,10,0,0
230131,1,1,0,0,0,0,0,0,0,0,0,0
230132,0,1,0,0,0,0,0,0,0,0,0,0
230132,1,1,0,0,0,0,0,0,0,0,0,0
230133,1,1,22,22,22,22,22,22,22,22,22,22
230134,1,1,0,0,0,0,0,0,0,0,0,0
230134,2,1,0,0,0,0,0,0,0,0,0,0
230135,1,1,0,0,0,0,0,0,0,0,0,0
230135,2,1,0,0,0,0,0,0,0,0,0,0
230135,3,1,0,0,0,0,0,0,0,0,0,0
230136,1,1,21,21,21,21,21,21,21,21,21,21
230137,1,1,0,0,0,0,0,0,0,0,0,0
230138,0,1,0,0,0,0,0,0,0,0,0,0
230138,1,1,0,0,0,0,0,0,0,0,0,0
230139,1,1,0,0,0,0,0,0,0,0,0,0
230140,1,1,0,0,0,0,0,0,0,0,0,0
230140,2,1,0,0,0,0,0,0,0,0,0,0
230141,1,1,26,26,26,26,26,26,26,26,26,26
230142,1,1,0,0,0,0,0,0,0,0,0,0
230143,1,1,0,0,0,0,0,0,12,0,0,0
230143,2,1,0,0,0,0,0,0,0,0,0,0
230144,1,1,27,27,27,27,27,27,27,27,27,27
230145,0,1,0,0,0,0,0,0,0,0,0,56
230145,1,1,0,0,0,0,0,0,0,0,0,0
230146,1,1,0,0,0,0,0,0,0,0,0,0
230147,1,1,0,0,0,0,0,0,0,0,0,0
230147,2,1,0,0,0,0,0,0,0,0,0,0
230147,3,1,0,0,0,0,0,0,0,0,0,0
230148,1,1,5,20,14,17,8,9,20,24,0,12
230149,1,1,18,18,18,18,18,18,18,18,18,18
230150,1,1,0,0,0,0,0,0,0,0,0,0
230150,2,1,0,0,0,0,0,0,0,0,0,0
230151,1,1,0,0,0,0,0,0,0,0,0,0
230151,2,1,0,0,0,0,0,0,0,0,0,0
230152,1,1,5,5,5,5,5,5,5,5,5,5
230152,2,1,0,0,0,0,0,0,0,0,0,0
230153,1,1,0,0,0,0,0,0,0,0,0,0
230154,1,1,0,0,0,0,0,0,0,0,0,0
230154,2,1,0,0,0,0,0,0,0,0,0,0
230155,0,1,0,0,0,0,0,0,0,0,0,0
230155,1,1,0,0,0,0,0,0,0,0,0,0
230156,1,1,10,10,0,14,0,0,0,0,0,14
230157,0,1,23,7,15,11,0,0,22,0,11,0
230157,1,1,3,0,0,10,14,0,0,0,20,29
230158,1,1,8,0,21,0,0,0,0,0,0,0
230159,1,1,7,7,7,7,7,7,7,7,7,7
230160,1,1,12,0,0,0,0,0,0,0,0,0
230161,1,1,0,5,0,0,0,0,11,0,0,0
230161,2,1,0,0,0,0,19,0,21,0,0,0
230162,1,1,0,0,0,0,0,0,0,0,0,0
230162,2,1,25,0,0,0,23,0,0,0,0,0
230163,1,1,0,0,0,0,0,0,0,0,0,0
230163,2,1,0,0,0,0,0,0,0,0,0,11
230164,1,1,0,0,0,0,0,23,9,0,0,15
230165,1,1,0,15,0,0,0,0,0,0,0,11
230165,2,1,0,0,0,0,0,0,0,0,0,0
230166,1,1,0,0,0,0,0,0,0,0,0,0
240001,0,1,0,0,0,0,0,0,0,0,0,0
240001,1,1,0,20,7,13,4,29,20,0,0,9
240002,1,1,0,0,0,0,0,0,0,0,0,0
240002,3,1,0,21,0,0,0,0,0,0,0,0
240003,1,1,0,0,0,0,0,0,0,0,0,0
240003,2,1,0,0,0,0,0,0,0,0,0,0
240005,1,1,0,0,13,0,0,0,0,0,0,0
240005,2,1,0,0,0,0,0,0,0,0,0,0
240006,1,1,0,0,0,0,0,0,0,0,0,0
240007,0,1,0,0,0,0,0,0,0,0,0,0
240007,1,1,0,0,0,0,0,0,0,0,0,0
240009,1,1,8,8,8,8,8,8,8,8,8,8
240010,1,1,0,0,0,0,0,0,0,0,0,0
240011,0,1,0,0,0,0,0,0,0,0,0,0
240011,1,1,0,0,0,0,0,0,0,0,0,0
240012,1,1,0,0,0,0,0,0,0,0,0,0
240013,0,1,0,0,0,0,0,0,0,0,0,0
240013,1,1,0,0,0,0,0,0,0,13,0,0
240014,1,1,0,0,0,0,0,0,0,0,0,0
240015,0,1,0,0,0,0,0,0,0,0,0,0
240015,1,1,0,0,0,0,0,0,0,0,0,0
240015,3,1,0,0,0,0,0,0,0,0,0,0
240016,1,1,10,10,10,10,10,10,10,10,10,10
240016,2,1,0,0,0,0,0,0,0,0,0,0
240017,1,1,0,0,0,0,0,0,0,0,0,0
240017,2,1,0,0,0,0,0,0,0,0,0,0
240018,1,1,0,0,0,0,0,0,0,0,0,0
240018,2,1,0,0,0,0,0,0,0,0,0,0
240018,3,1,0,0,0,0,0,0,0,0,0,0
240018,4,1,0,0,0,0,0,0,0,0,0,0
240019,0,1,0,0,0,0,0,0,0,0,0,0
240019,1,1,12,0,0,0,0,9,0,0,0,0
240019,2,1,0,0,0,0,0,0,0,0,0,0
240020,0,1,0,0,10,0,0,0,0,0,0,0
240020,1,1,0,0,0,0,0,0,0,0,0,0
240021,1,1,25,25,25,25,25,25,25,25,25,25
240021,2,1,0,0,0,0,0,0,0,0,0,0
240022,1,1,0,0,0,0,0,0,0,0,0,0
240022,2,1,0,0,0,0,0,0,1,0,18,0
240023,1,1,16,16,16,16,16,16,16,16,16,16
240023,2,1,0,0,0,0,0,0,0,0,0,0
240024,0,1,13,11,17,20,29,17,15,7,31,24
240024,1,1,0,0,0,0,0,0,0,0,0,0
240025,1,1,0,0,0,0,0,0,0,0,0,0
240025,2,1,0,0,0,0,0,0,0,0,0,0
240026,1,1,0,6,0,0,0,0,0,10,0,0
240026,2,1,0,0,0,0,0,0,0,0,0,0
240027,0,1,0,0,0,0,0,0,0,0,0,0
240027,1,1,0,0,0,0,0,0,0,0,0,0
240028,1,1,19,19,19,19,19,19,19,19,19,19
240030,1,1,0,0,0,0,0,0,0,0,0,0
240031,1,1,23,13,24,0,12,0,18,11,0,0
240032,1,1,0,0,0,0,0,0,0,0,0,0
240033,0,1,0,0,0,0,0,0,0,0,0,0
240033,1,1,0,0,0,0,0,0,0,0,0,0
240034,1,1,25,25,25,25,25,25,25,25,25,25
240034,2,1,0,0,0,0,0,0,0,0,0,0
240035,1,1,0,0,0,0,0,0,0,0,0,0
240035,2,1,0,0,0,0,0,0,0,0,0,0
240036,1,1,0,0,0,0,0,0,0,0,0,0
240037,1,1,0,0,0,0,0,0,0,27,0,0
240038,0,1,0,0,0,0,0,0,0,0,0,0
240038,0,2,0,0,0,0,0,0,0,0,0,0
240038,1,1,8,8,8,8,8,8,8,8,8,8
240039,0,1,0,0,0,24,0,0,0,0,0,0
240039,1,1,0,0,0,0,0,0,0,0,0,0
240040,1,1,0,0,0,0,0,0,0,0,0,0
240040,2,1,0,0,0,0,0,0,0,0,0,0
240041,1,1,0,0,5,25,0,0,0,14,0,0
240041,2,1,0,0,0,0,0,0,0,0,0,0
240042,1,1,0,0,0,0,0,0,0,0,0,0
240043,0,1,17,17,17,14,14,30,7,21,31,17
240043,1,1,0,0,0,0,0,0,0,0,0,0
240044,1,1,23,23,23,23,23,23,23,23,23,23
240045,1,1,3,3,3,3,3,3,3,3,3,3
240045,2,1,0,0,0,0,0,0,0,0,0,0
240046,1,1,0,0,0,0,0,0,0,0,0,0
240046,2,1,0,0,0,0,0,0,0,0,0,0
240047,1,1,24,0,0,0,0,0,0,19,31,0
240048,1,1,0,0,0,0,0,0,0,0,0,0
240048,2,1,0,0,0,0,0,0,0,0,0,0
240049,0,1,0,0,0,0,0,0,0,0,0,0
240049,1,1,0,0,0,0,0,0,0,0,0,0
240050,0,1,24,24,24,24,24,24,24,24,24,24
240050,1,1,14,14,14,14,14,14,14,14,14,14
240051,1,1,0,27,0,0,0,0,0,0,0,0
240051,2,1,0,0,0,0,0,0,0,0,16,0
240052,1,1,0,0,0,0,0,0,0,0,0,0
240053,1,1,0,0,0,0,0,0,0,0,0,0
240054,1,1,0,0,0,0,0,0,0,0,0,0
240055,0,1,22,22,22,22,22,22,22,22,22,22
240055,1,1,19,19,19,19,19,19,19,19,19,19
240056,0,1,6,6,6,6,6,6,6,6,6,6
240056,1,1,15,0,0,0,0,0,0,0,0,0
240057,1,1,0,0,0,0,0,0,0,0,0,0