ST_CASE,VEH_NO,PER_NO,P1,P2,P3,P4,P5,P6,P7,P8,P9,P10
240058,1,1,29,25,0,25,9,12,0,0,0,0
240060,1,1,0,16,0,0,20,21,25,21,0,20
240061,1,1,0,0,0,0,0,0,0,0,0,0
240061,2,1,0,0,0,0,0,0,0,0,0,0
240062,1,1,0,0,0,0,0,0,0,0,0,0
240063,1,1,13,13,13,13,13,13,13,13,13,13
240064,0,1,0,0,0,0,0,0,0,0,0,0
240064,1,1,0,0,0,0,0,0,0,0,0,0
240065,1,1,0,0,0,0,0,0,0,0,0,0
240065,2,1,0,0,0,0,0,0,0,0,0,0
240066,1,1,0,0,0,0,0,0,0,0,0,0
240066,2,1,0,0,0,0,0,0,0,0,0,0
240067,1,1,0,0,0,0,0,0,0,0,0,0
240068,1,1,0,0,7,0,0,0,0,0,0,0
240068,2,1,0,0,0,0,0,0,0,0,0,0
240069,0,1,0,0,0,0,0,0,0,0,0,0
240069,1,1,0,0,0,0,28,0,0,3,0,0
240070,1,1,0,0,0,0,0,0,0,0,0,0
240071,1,1,0,0,0,0,0,0,0,0,0,0
240071,2,1,0,0,0,0,0,0,0,0,0,0
240072,1,1,0,0,0,0,0,0,0,0,0,0
240072,2,1,0,0,0,0,0,0,0,0,0,0
240072,3,1,0,0,0,0,0,0,0,0,0,0
240072,4,1,0,0,0,0,0,0,0,0,0,0
240072,5,1,0,0,0,0,0,0,0,0,0,0
240073,1,1,0,0,0,0,0,0,0,0,0,0
240073,2,1,0,0,0,0,0,0,0,0,0,0
240074,1,1,0,0,0,0,0,0,0,0,0,0
240075,0,1,0,0,0,0,0,0,0,0,0,0
240075,1,1,0,0,0,0,0,0,0,0,0,0
240076,1,1,0,0,0,0,0,0,0,0,0,0
240076,2,1,0,0,0,0,0,0,0,0,0,0
240077,0,1,0,0,0,0,0,0,0,0,0,0
240077,1,1,0,0,0,0,0,0,0,0,0,0
240078,1,1,0,0,0,0,0,0,0,0,0,0
240078,2,1,0,0,0,20,0,0,0,0,0,0
240078,3,1,0,0,0,0,0,0,0,0,0,0
240079,1,1,16,16,16,16,16,16,16,16,16,16
240080,1,1,11,11,11,11,11,11,11,11,11,11
240080,2,1,5,5,5,5,5,5,5,5,5,5
240081,0,1,0,0,0,0,0,0,0,0,0,0
240081,1,1,0,0,0,0,0,0,0,0,0,0
240081,3,1,0,0,0,0,0,0,0,0,0,0
240081,4,1,0,0,0,0,0,0,0,0,0,0
240081,5,1,0,0,0,0,0,0,0,0,0,0
240082,0,1,8,8,8,8,8,8,8,8,8,8
240082,1,1,8,26,23,25,0,18,0,0,26,0
240083,0,1,0,12,11,17,0,0,0,5,0,0
240083,1,1,0,5,0,0,0,0,0,0,0,0
240084,0,1,0,0,0,0,0,0,0,0,0,0
240084,1,1,0,0,0,0,0,0,0,0,0,0
240085,1,1,0,0,0,0,0,0,0,0,0,0
240087,1,1,0,0,0,0,0,0,0,0,0,0
240087,2,1,0,0,0,0,0,0,0,0,0,0
240088,1,1,0,0,0,0,0,0,0,0,0,0
240088,2,1,0,0,0,0,0,0,0,0,0,0
240089,1,1,0,0,0,0,0,0,0,0,0,0
240090,0,1,9,9,9,9,9,9,9,9,9,9
240090,1,1,0,0,0,0,0,0,0,0,0,0
240091,1,1,11,11,11,11,11,11,11,11,11,11
240092,1,1,0,0,0,0,0,0,0,0,0,0
240092,2,1,0,0,0,0,0,0,0,0,0,0
240093,1,1,14,14,14,14,14,14,14,14,14,14
240094,1,1,0,0,0,0,0,0,0,0,0,0
240095,1,1,16,0,0,0,0,0,0,0,0,0
240095,2,1,0,0,0,0,0,0,0,0,0,0
240096,1,1,7,7,7,7,7,7,7,7,7,7
240097,1,1,7,20,0,19,14,11,16,0,11,21
240098,1,1,0,0,0,0,0,0,0,0,0,0
240099,1,1,0,0,0,0,0,0,0,0,0,0
240100,1,1,0,0,0,0,0,0,0,0,0,0
240100,2,1,0,0,0,0,0,0,0,0,0,0
240101,1,1,0,0,0,0,0,0,0,0,0,0
240101,2,1,0,0,15,0,0,17,6,0,0,18
240102,1,1,16,16,16,16,16,16,16,16,16,16
240103,1,1,24,24,24,24,24,24,24,24,24,24
240104,1,1,20,20,20,20,20,20,20,20,20,20
240105,0,1,0,0,0,0,0,0,0,0,0,0
240105,1,1,0,0,0,0,0,0,0,0,0,0
240106,1,1,18,18,18,18,18,18,18,18,18,18
240107,1,1,0,0,0,0,0,0,0,0,0,9
240107,2,1,0,0,0,0,0,0,0,0,0,0
240108,1,1,0,30,0,0,0,0,0,0,0,0
240108,2,1,0,0,0,0,0,0,0,0,0,0
240109,1,1,33,33,33,33,33,33,33,33,33,33
240110,1,1,0,0,0,0,0,0,0,0,0,0
240110,2,1,0,0,0,0,0,0,0,0,0,0
240111,1,1,0,0,0,0,0,0,0,0,0,0
240111,2,1,0,0,0,0,0,0,0,0,0,0
240111,3,1,0,0,0,0,0,0,0,0,0,0
240111,4,1,0,0,0,0,0,0,0,0,0,0
240112,0,1,15,15,15,15,15,15,15,15,15,15
240112,1,1,0,0,0,0,0,0,0,29,0,0
240112,2,1,0,0,0,0,0,0,0,0,0,0
240112,3,1,0,0,0,10,0,0,0,0,0,44
240113,0,1,0,0,0,0,0,0,0,0,0,0
240113,1,1,0,0,0,0,0,0,0,0,0,0
240114,1,1,0,0,0,0,0,0,0,0,0,0
240115,1,1,4,15,24,14,9,7,14,22,22,29
240116,1,1,0,0,0,0,0,26,0,0,0,0
240116,2,1,0,0,0,0,0,0,0,0,0,0
240116,3,1,0,0,0,0,0,0,0,0,0,0
240117,1,1,10,10,10,10,10,10,10,10,10,10
240117,2,1,0,0,0,10,20,0,0,8,0,0
240118,1,1,27,27,27,27,27,27,27,27,27,27
240118,2,1,0,0,0,0,0,0,0,0,0,0
240119,0,1,0,0,0,0,0,0,0,0,0,0
240119,1,1,6,6,6,6,6,6,6,6,6,6
240120,1,1,29,29,29,29,29,29,29,29,29,29
240120,2,1,0,0,0,0,0,0,0,0,0,0
240120,3,1,0,0,0,0,0,0,0,0,0,0
240121,1,1,17,17,17,17,17,17,17,17,17,17
240122,1,1,0,0,0,0,0,0,0,0,0,0
240122,2,1,0,0,0,0,0,0,0,0,0,0
240123,1,1,0,0,0,0,0,0,0,0,0,0
240123,2,1,0,0,0,0,0,0,0,0,0,0
240123,3,1,0,0,0,0,0,0,0,0,0,0
240124,1,1,0,0,0,26,0,0,0,0,0,0
240124,2,1,0,0,0,0,0,0,0,0,0,0
240125,1,1,0,0,0,0,0,0,0,0,0,0
240125,2,1,0,0,0,0,0,0,0,0,0,0
240125,3,1,0,0,0,0,0,0,0,0,0,0
240126,1,1,0,0,0,0,0,0,0,0,0,0
240126,2,1,0,0,0,0,0,0,0,0,0,0
240127,1,1,19,40,21,0,11,10,7,12,23,13
240128,0,1,0,0,0,0,0,0,0,0,0,0
240128,1,1,0,0,0,0,0,0,0,0,0,0
240129,1,1,0,0,21,0,0,0,34,0,0,0
240129,2,1,0,0,0,0,0,0,0,0,0,0
240130,1,1,0,0,0,0,0,0,0,0,25,0
240131,1,1,15,15,15,15,15,15,15,15,15,15
240132,1,1,0,0,0,0,0,0,0,0,0,0
240132,2,1,8,0,0,0,0,0,7,0,0,11
240133,1,1,22,22,22,22,22,22,22,22,22,22
240133,2,1,0,0,0,0,0,0,0,0,0,0
240134,1,1,0,0,0,0,0,0,20,0,0,0
240134,2,1,3,0,0,0,0,0,0,0,0,0
240135,1,1,0,0,0,0,0,0,0,0,0,0
240135,2,1,22,0,0,0,0,0,9,0,0,0
240136,0,1,0,0,0,0,0,0,0,0,0,0
240136,1,1,0,0,0,0,0,0,0,0,0,0
240137,1,1,30,30,30,30,30,30,30,30,30,30
240138,1,1,0,0,0,0,0,0,0,0,0,0
240139,1,1,0,0,0,0,0,0,0,0,0,0
240139,2,1,0,0,0,0,0,0,0,0,0,0
240140,1,1,0,0,0,0,0,0,0,0,0,0
240141,0,1,0,0,0,0,0,0,0,0,0,0
240141,1,1,0,0,0,0,0,0,0,0,0,0
240143,0,1,0,0,0,0,0,0,0,0,0,0
240143,1,1,0,22,9,0,29,0,14,14,0,7
240144,0,1,0,0,0,0,0,0,0,0,0,0
240144,1,1,0,0,0,0,0,0,0,0,0,0
240145,1,1,0,0,0,0,0,0,0,0,0,0
240145,2,1,0,0,0,7,0,0,0,0,0,0
240146,1,1,0,0,0,36,35,0,6,0,15,10
240147,1,1,0,0,0,0,0,0,0,0,0,0
240148,1,1,9,9,9,9,9,9,9,9,9,9
240148,2,1,0,9,0,0,0,0,0,0,0,0
240149,1,1,0,0,0,0,0,0,0,0,0,15
240149,2,1,0,0,0,0,0,0,0,0,0,0
240150,0,1,0,35,0,17,0,0,0,15,0,18
240150,1,1,0,0,0,11,0,0,0,0,0,16
240151,1,1,0,0,0,0,0,0,0,0,0,0
240151,2,1,0,0,0,0,0,0,0,0,0,0
240152,1,1,0,0,0,0,0,0,0,0,0,0
240152,2,1,0,0,0,6,0,0,17,0,0,0
240153,1,1,0,0,0,0,0,0,0,0,0,0
240154,1,1,0,0,0,0,0,0,0,0,0,0
240154,2,1,0,0,0,31,0,0,0,0,0,0
240155,1,1,0,0,0,0,27,48,0,0,0,0
240156,1,1,0,0,0,0,0,0,0,0,0,0
240156,2,1,0,0,0,0,0,0,0,0,0,0
240157,1,1,0,0,0,0,0,0,0,0,0,0
240157,2,1,0,0,0,0,0,0,0,0,0,0
240158,1,1,0,0,0,0,0,0,0,0,0,3
240158,2,1,0,0,0,0,0,0,0,0,0,0
240159,1,1,12,0,0,0,0,0,0,0,0,6
240159,2,1,0,0,0,0,0,0,0,0,0,13
240160,1,1,0,0,0,0,0,0,0,0,0,0
240161,1,1,19,19,19,19,19,19,19,19,19,19
240161,2,1,0,0,0,0,0,0,0,0,0,0
240162,1,1,0,0,12,0,0,0,0,0,0,0
240162,2,1,0,0,0,0,0,0,0,0,0,0
240163,1,1,0,0,0,0,0,0,0,0,0,0
240163,2,1,0,0,0,0,0,0,0,0,0,0
240164,1,1,0,0,0,0,0,0,0,0,0,0
240165,1,1,0,0,0,0,40,3,0,9,0,0
240166,1,1,0,0,0,0,0,0,0,0,0,0
240167,1,1,26,26,26,26,26,26,26,26,26,26
240168,1,1,0,8,0,10,0,0,0,0,0,0
240168,2,1,0,0,0,0,12,0,0,0,17,0
240169,1,1,0,0,0,0,0,0,0,0,0,0
240169,2,1,0,0,0,0,0,0,0,0,0,0
240170,0,1,17,17,17,17,17,17,17,17,17,17
240170,1,1,0,15,8,5,0,13,0,0,15,0
240171,1,1,11,17,27,12,11,27,17,10,23,0
240172,1,1,0,0,33,0,0,0,30,26,0,0
240173,0,1,33,31,0,5,27,0,0,22,12,14
240173,1,1,0,0,0,17,0,0,0,0,0,0
240174,1,1,0,0,0,0,0,0,0,0,0,0
240174,2,1,0,0,0,0,0,0,0,0,0,0
240175,1,1,0,21,11,25,27,11,17,0,0,14
240175,2,1,0,0,0,0,0,0,0,0,0,0
240175,3,1,0,0,0,0,0,0,0,26,0,0
240175,4,1,0,0,27,0,21,0,0,0,0,0
240176,1,1,0,0,0,0,0,0,0,19,0,0
240176,2,1,0,0,0,0,0,0,0,0,0,0
240177,1,1,0,0,0,0,0,0,0,0,0,0
240177,2,1,5,0,0,0,0,0,0,0,0,0
240178,1,1,0,0,0,0,0,0,0,0,0,0
240178,2,1,0,0,0,0,0,18,0,0,12,0
240179,1,1,18,18,18,18,18,18,18,18,18,18
240180,1,1,0,0,0,0,0,0,0,0,0,0
240180,2,1,0,0,0,0,0,0,0,0,0,0
240181,0,1,2,2,2,2,2,2,2,2,2,2
240181,1,1,0,0,0,0,0,0,12,0,30,0
240181,2,1,0,0,0,0,0,0,0,0,0,0
240182,1,1,0,0,0,0,0,0,0,0,0,0
240182,2,1,0,0,0,0,0,0,0,0,0,0
240183,1,1,0,0,0,0,0,0,0,0,0,0
240183,2,1,0,0,0,0,0,0,0,0,0,0
240184,1,1,15,15,15,15,15,15,15,15,15,15
240185,1,1,0,0,0,0,0,0,0,0,0,0
240185,2,1,0,0,0,0,0,6,0,0,0,0
240187,1,1,8,8,8,8,8,8,8,8,8,8
240187,2,1,0,0,0,0,0,0,30,0,0,13
240188,0,1,0,0,0,0,0,0,0,0,0,0
240188,1,1,0,0,0,0,0,0,0,0,0,0
240189,0,1,8,8,8,8,8,8,8,8,8,8
240189,1,1,0,0,0,0,28,0,0,0,0,0
240190,0,1,2,2,2,2,2,2,2,2,2,2
240190,1,1,0,0,0,0,0,0,0,0,0,0
240191,1,1,14,0,21,26,0,11,0,21,9,0
240192,1,1,0,0,0,0,0,0,0,0,0,0
240193,0,1,0,0,0,0,0,0,0,0,0,0
240193,1,1,0,0,0,0,0,0,0,0,10,0
240194,1,1,0,0,0,0,0,0,0,0,0,0
240195,1,1,3,3,3,3,3,3,3,3,3,3
240196,1,1,0,0,0,0,0,0,0,12,0,0
240196,2,1,0,0,0,0,0,0,0,0,0,0
240197,1,1,0,0,0,0,0,0,0,0,0,0
240197,2,1,0,0,0,0,0,0,0,0,0,0
240197,3,1,0,0,0,0,0,0,0,0,0,0
240197,4,1,0,0,0,0,21,0,0,14,0,0
240197,5,1,0,0,0,0,0,0,22,17,0,0
240197,6,1,19,6,3,0,0,13,0,0,0,0
240198,1,1,0,0,0,0,0,0,0,0,0,0
240199,1,1,0,0,0,0,0,0,0,0,0,0
240199,2,1,0,0,0,0,0,0,0,0,0,0
240200,1,1,20,20,20,20,20,20,20,20,20,20
240201,1,1,0,0,0,0,0,0,0,0,0,0
240202,0,1,0,0,0,0,0,0,0,0,0,0
240202,1,1,0,0,0,0,0,0,0,0,0,0
240203,1,1,0,0,0,0,0,0,0,0,0,0
240203,2,1,0,0,0,0,0,0,0,0,0,0
240204,1,1,0,8,16,0,0,0,0,0,0,12
240205,1,1,0,0,0,0,0,0,0,0,0,0
240206,1,1,0,0,0,0,0,0,6,10,0,0
240207,1,1,0,0,0,0,0,0,0,0,0,0
240207,2,1,0,0,0,21,0,0,19,0,0,0
240207,3,1,0,0,0,0,0,0,0,0,0,0
240208,1,1,26,26,26,26,26,26,26,26,26,26
240208,2,1,27,0,0,0,0,0,0,0,0,0
240209,1,1,0,0,0,0,0,0,0,0,0,12
240210,1,1,0,0,0,0,0,0,0,13,0,0
240210,2,1,18,18,18,18,18,18,18,18,18,18
240211,1,1,0,0,0,0,0,0,0,0,0,0
240211,2,1,0,0,0,0,0,0,0,0,0,0
240212,1,1,24,24,24,24,24,24,24,24,24,24
240212,2,1,20,20,20,20,20,20,20,20,20,20
240213,1,1,2,2,2,2,2,2,2,2,2,2
240214,1,1,0,0,0,0,0,0,0,0,0,0
240215,1,1,0,0,0,0,0,0,0,0,0,0
240215,2,1,0,0,0,0,0,14,0,25,0,0
240216,1,1,0,0,0,0,0,0,0,0,0,0
240217,1,1,0,0,0,0,0,0,0,0,0,0
240217,2,1,0,0,0,0,0,0,0,0,0,0
240218,1,1,14,14,14,14,14,14,14,14,14,14
240218,2,1,22,0,0,0,12,0,0,0,0,0
240219,1,1,32,32,32,32,32,32,32,32,32,32
240219,2,1,0,0,0,0,0,0,0,0,0,0
240220,1,1,0,0,0,0,15,0,0,0,16,0
240220,2,1,25,0,0,0,0,0,0,0,0,0
240221,1,1,0,0,0,0,0,0,0,0,0,0
240221,2,1,0,0,0,0,0,0,0,0,0,0
240222,1,1,0,0,0,0,0,0,0,0,0,0
240222,2,1,0,0,0,0,0,0,0,0,0,0
240223,1,1,0,0,0,0,0,0,0,0,0,0
240224,1,1,0,0,0,0,0,0,0,0,0,0
240225,1,1,0,0,0,0,0,0,0,0,0,0
240226,1,1,0,0,0,0,0,0,0,0,0,0
240226,2,1,0,0,0,0,0,0,0,0,14,0
240227,0,1,0,0,0,0,0,0,0,0,0,0
240227,1,1,0,0,0,0,0,0,0,0,0,20
240228,1,1,12,12,12,12,12,12,12,12,12,12
240228,2,1,0,0,0,0,0,0,0,0,0,0
240229,1,1,0,0,0,17,0,0,0,0,0,0
240229,2,1,0,0,0,0,0,0,0,0,0,0
240230,1,1,0,0,0,0,0,0,0,0,0,0
240230,2,1,0,0,0,0,0,0,0,0,0,0
240231,1,1,0,0,0,0,0,0,0,0,0,0
240231,2,1,0,0,0,0,0,0,0,0,0,0
240232,1,1,0,0,0,0,0,0,0,0,0,0
240232,2,1,0,0,0,0,0,0,0,0,0,0
240233,1,1,16,16,16,16,16,16,16,16,16,16
240234,1,1,0,0,20,0,0,0,0,0,0,0
240234,2,1,0,0,0,0,0,0,0,0,0,0
240235,1,1,0,25,21,16,0,23,28,16,30,0
240236,1,1,0,0,0,0,0,0,0,0,0,0
240237,0,1,0,0,15,0,11,17,48,16,15,0
240237,1,1,0,0,0,15,0,0,0,27,0,0
240238,1,1,0,0,0,0,0,0,0,0,0,0
240238,2,1,0,0,0,0,0,0,0,0,0,0
240239,1,1,15,6,0,24,26,0,0,29,4,27
240240,1,1,0,0,0,0,0,0,0,0,0,0
240241,1,1,0,0,0,0,0,0,0,0,0,0
240241,2,1,0,0,0,0,0,0,0,0,0,0
240241,3,1,0,0,0,0,0,0,0,0,0,0
240242,1,1,9,9,9,9,9,9,9,9,9,9
240243,0,1,28,0,0,0,0,12,23,0,2,12
240243,1,1,0,0,0,0,23,0,0,0,0,0
240244,1,1,34,34,34,34,34,34,34,34,34,34
240244,2,1,0,0,0,0,0,0,0,0,0,0
240244,3,1,0,0,0,0,0,29,0,0,0,0
240245,1,1,0,0,0,0,0,11,0,0,0,0
240246,1,1,0,0,0,0,0,0,0,0,0,0
240246,2,1,0,0,0,0,0,0,0,0,0,0
240247,1,1,9,9,9,9,9,9,9,9,9,9
240248,1,1,17,17,17,17,17,17,17,17,17,17
240248,2,1,12,12,12,12,12,12,12,12,12,12
240249,0,1,0,0,0,0,0,0,0,0,0,0
240249,1,1,0,20,0,0,0,0,0,12,0,0
240250,1,1,32,32,32,32,32,32,32,32,32,32
240251,0,1,26,26,26,26,26,26,26,26,26,26
240251,1,1,0,0,0,0,0,0,0,0,0,0
240252,1,1,0,0,0,0,0,0,0,0,0,0
240253,1,1,0,0,0,0,0,0,0,0,0,0
240253,2,1,0,0,0,0,0,0,23,0,0,0
240253,3,1,0,0,0,0,0,0,0,0,0,0
240254,1,1,17,17,17,17,17,17,17,17,17,17
240254,2,1,0,0,0,0,0,0,0,0,0,0
240255,1,1,23,23,23,23,23,23,23,23,23,23
240255,2,1,0,0,0,0,0,0,0,0,0,0
240255,3,1,0,0,0,0,0,33,0,0,0,0
240256,1,1,0,0,0,0,0,0,0,0,0,0
240257,1,1,16,16,16,16,16,16,16,16,16,16
240257,2,1,0,23,0,0,0,0,7,0,0,0
240258,1,1,21,24,11,13,6,9,11,20,27,7
240259,1,1,0,0,0,0,0,0,0,0,0,0
240259,2,1,0,0,0,0,0,0,0,0,0,0
240260,1,1,0,0,0,0,0,0,0,0,0,0
240261,1,1,12,12,12,12,12,12,12,12,12,12
240261,2,1,0,0,0,0,0,0,14,0,0,0
240262,1,1,18,18,18,18,18,18,18,18,18,18
240262,2,1,0,0,0,0,0,0,0,0,0,0
240263,1,1,20,12,14,23,8,27,27,11,17,20
240264,1,1,22,22,22,22,22,22,22,22,22,22
240265,0,1,0,0,0,0,0,0,0,0,0,0
240265,1,1,9,3,0,0,9,0,15,0,9,0
240265,2,1,0,15,0,0,0,0,0,0,0,0
240265,3,1,0,0,0,0,0,0,0,0,0,0
240266,1,1,0,29,23,7,29,0,0,9,10,0
240267,1,1,0,14,0,0,0,28,0,0,0,0
240268,1,1,23,23,23,23,23,23,23,23,23,23
240268,2,1,0,0,0,0,12,0,0,0,0,0
240269,1,1,0,0,0,0,0,0,0,0,0,0
240270,1,1,17,17,17,17,17,17,17,17,17,17
240270,2,1,14,14,14,14,14,14,14,14,14,14
240270,3,1,0,0,0,0,0,0,0,0,0,0
240270,4,1,0,0,0,0,0,0,0,0,0,0
240271,1,1,0,0,0,0,0,0,0,0,0,0
240271,2,1,9,36,0,13,19,9,0,14,6,22
240272,1,1,0,0,0,0,0,0,0,0,0,0
240272,2,1,0,0,0,0,0,0,0,0,0,0
240273,0,1,11,0,0,0,0,0,7,0,0,16
240273,1,1,0,0,0,10,0,0,12,0,0,0
240274,1,1,0,0,0,0,0,0,0,0,0,0
240274,2,1,0,0,0,0,0,0,0,0,0,0
240275,1,1,0,0,0,0,0,0,0,0,0,0
240275,2,1,0,0,0,0,0,0,0,0,0,0
240276,0,1,0,0,0,0,0,0,0,0,0,0
240276,0,2,0,0,0,0,0,0,0,0,0,0
240276,1,1,15,15,15,15,15,15,15,15,15,15
240277,0,1,0,0,0,0,0,0,0,0,0,0
240277,1,1,0,0,0,0,0,0,0,0,0,0
240278,1,1,29,29,29,29,29,29,29,29,29,29
240279,1,1,20,20,20,20,20,20,20,20,20,20
240279,2,1,0,0,0,0,0,0,0,0,0,0
240279,3,1,0,0,0,0,0,0,11,0,0,0
240280,1,1,18,18,18,18,18,18,18,18,18,18
240280,2,1,0,0,0,0,0,0,0,0,0,0
240281,1,1,0,0,0,0,0,13,0,0,0,0
240282,0,1,24,29,0,0,0,0,0,22,27,0
240282,1,1,0,0,0,0,0,0,0,0,0,10
240283,1,1,21,0,0,40,18,0,0,18,32,0
240284,1,1,0,0,0,0,0,0,0,0,0,0
240284,2,1,8,8,8,8,8,8,8,8,8,8
240285,1,1,0,0,0,0,0,0,17,0,0,0
240286,0,1,0,0,0,0,0,0,0,0,0,0
240286,1,1,0,22,0,0,0,0,0,0,0,0
240287,0,1,0,0,0,0,0,0,0,0,0,0
240287,1,1,18,0,0,0,0,0,0,0,0,0
240288,1,1,0,0,0,0,0,0,0,0,0,0
240289,1,1,17,0,0,0,9,27,0,0,27,21
240290,1,1,0,0,0,0,0,0,0,0,0,0
240291,0,1,0,0,0,0,0,0,0,0,14,0
240291,1,1,0,0,0,0,0,0,0,0,0,0
240292,1,1,2,2,2,2,2,2,2,2,2,2
240293,0,1,0,0,0,0,0,0,0,0,0,0
240293,1,1,0,0,0,0,0,0,0,0,0,0
240294,1,1,14,14,14,14,14,14,14,14,14,14
240294,2,1,0,0,15,0,0,0,0,0,0,0
240295,0,1,23,23,23,23,23,23,23,23,23,23
240295,1,1,12,12,12,12,12,12,12,12,12,12
240296,1,1,13,19,21,17,18,19,16,9,23,25
240297,1,1,0,0,0,0,0,0,0,0,0,0
240297,2,1,0,0,0,0,0,0,0,0,0,0
240298,1,1,0,0,0,0,0,0,0,0,0,0
240299,1,1,0,0,0,0,0,0,0,0,0,0
240300,1,1,0,0,0,0,0,0,0,0,0,0
240300,2,1,0,0,0,0,0,0,0,0,0,0
240301,1,1,12,0,0,0,24,0,0,0,5,0
240301,2,1,0,0,20,0,0,0,0,0,0,0
240302,1,1,0,0,0,0,0,0,0,0,0,0
240302,2,1,10,10,10,10,10,10,10,10,10,10
240303,1,1,0,0,19,0,0,0,0,15,0,0
240303,2,1,0,0,0,0,0,0,0,0,0,0
240304,1,1,22,22,22,22,22,22,22,22,22,22
240304,2,1,0,0,5,0,0,0,0,16,0,0
240305,1,1,0,0,0,0,0,0,0,0,0,0
240305,2,1,29,29,29,29,29,29,29,29,29,29
240306,1,1,30,30,30,30,30,30,30,30,30,30
240307,1,1,12,12,12,12,12,12,12,12,12,12
240308,0,1,17,17,17,17,17,17,17,17,17,17
240308,1,1,0,0,0,0,0,0,0,0,0,0
240309,0,1,11,11,11,11,11,11,11,11,11,11
240309,1,1,0,0,0,0,0,0,16,0,0,0
240310,1,1,18,18,18,18,18,18,18,18,18,18
240311,1,1,18,18,18,18,18,18,18,18,18,18
240312,0,1,0,0,0,0,0,0,0,0,0,0
240312,1,1,24,0,10,14,37,9,0,7,13,0
240313,1,1,26,26,26,26,26,26,26,26,26,26
240314,0,1,19,19,19,19,19,19,19,19,19,19
240314,1,1,0,0,0,0,0,0,0,0,0,0
240315,1,1,19,19,19,19,19,19,19,19,19,19
240316,1,1,0,0,0,0,0,21,0,0,0,0
240317,0,1,0,0,0,0,0,0,0,0,0,0
240317,1,1,0,18,0,9,15,9,21,0,16,0
240318,1,1,10,10,10,10,10,10,10,10,10,10
240318,2,1,13,13,13,13,13,13,13,13,13,13
240318,3,1,0,0,0,0,0,0,0,0,0,0
240319,0,1,0,0,0,0,0,0,0,0,0,0
240319,1,1,0,0,0,0,0,0,0,0,0,0
240320,1,1,0,0,0,0,0,0,0,0,0,0
240321,1,1,0,0,0,0,0,0,0,0,0,16
240321,2,1,0,0,0,0,0,0,39,0,0,0
240322,0,1,41,41,41,41,41,41,41,41,41,41
240322,1,1,0,0,0,0,0,0,0,0,0,0
240323,0,1,0,0,0,0,0,0,0,0,0,0
240323,1,1,0,0,0,0,0,12,0,0,0,8
240324,1,1,25,23,7,28,4,23,20,10,15,15
240324,2,1,0,0,0,0,0,0,0,0,0,0
240325,0,1,0,0,0,0,0,0,0,0,0,0
240325,1,1,0,0,0,0,9,0,0,0,0,0
240326,1,1,20,20,20,20,20,20,20,20,20,20
240327,1,1,22,22,22,22,22,22,22,22,22,22
240328,1,1,10,10,10,10,10,10,10,10,10,10
240329,1,1,18,18,18,18,18,18,18,18,18,18
240330,1,1,0,0,0,0,0,0,0,0,0,0
240330,2,1,2,2,2,2,2,2,2,2,2,2
240331,1,1,0,0,0,0,0,0,0,0,0,0
240332,1,1,11,11,11,11,11,11,11,11,11,11
240333,1,1,0,0,0,0,0,0,0,0,0,0
240334,1,1,13,13,13,13,13,13,13,13,13,13
240335,1,1,0,0,0,0,0,0,0,0,0,0
240335,2,1,0,0,0,0,0,0,0,0,0,0
240336,1,1,0,0,0,9,0,0,0,0,0,0
240336,2,1,0,0,0,0,0,0,0,0,0,0
240337,1,1,4,4,4,4,4,4,4,4,4,4
240337,2,1,0,0,0,0,0,0,0,0,0,0
240338,1,1,0,18,0,0,0,0,0,0,0,0
240338,2,1,0,0,0,0,0,0,0,0,0,0
240338,3,1,0,0,0,0,0,0,0,0,0,0
240339,0,1,20,20,20,20,20,20,20,20,20,20
240339,1,1,0,0,0,0,0,0,0,0,0,0
240340,1,1,32,32,32,32,32,32,32,32,32,32
240340,2,1,0,0,0,0,0,0,0,0,0,0
240340,3,1,0,0,0,0,0,0,0,10,0,0
240341,1,1,0,0,0,0,0,0,0,0,0,0
240341,2,1,0,0,0,0,0,0,0,0,0,0
240342,1,1,0,0,0,0,0,0,0,0,0,0
240342,2,1,0,0,0,0,0,0,0,0,0,0
240342,3,1,0,0,0,0,0,0,0,0,0,0
240342,4,1,0,0,0,0,0,0,0,0,0,0
240343,1,1,1,1,1,1,1,1,1,1,1,1
240343,2,1,0,0,0,0,0,0,0,0,0,0
240344,1,1,9,9,9,9,9,9,9,9,9,9
240344,2,1,0,0,0,0,0,0,19,0,0,0
240345,1,1,0,0,9,11,0,0,16,0,0,0
240345,2,1,0,0,0,0,0,0,10,0,0,0
240346,1,1,16,16,16,16,16,16,16,16,16,16
240347,1,1,0,0,0,0,0,0,0,0,0,0
240347,2,1,0,0,0,0,0,0,0,0,0,0
240347,3,1,0,0,0,0,0,0,0,0,0,0
240348,1,1,0,0,0,0,0,0,0,0,0,0
240348,2,1,0,0,0,0,0,0,0,0,0,0
240349,0,1,0,0,0,0,2,0,0,16,0,0
240349,1,1,0,0,0,0,0,0,0,0,0,0
240350,1,1,0,0,0,0,0,0,0,0,0,0
240350,2,1,0,0,0,0,0,0,0,0,0,0
240351,0,1,0,7,0,31,0,0,0,0,0,0
240351,1,1,0,0,0,0,0,0,0,0,0,0