ST_CASE,VEH_NO,PER_NO,P1,P2,P3,P4,P5,P6,P7,P8,P9,P10
250130,1,1,0,0,0,0,0,0,0,0,0,0
250130,2,1,0,0,0,0,0,0,0,0,0,0
250130,3,1,0,0,0,0,0,0,0,0,0,0
250131,1,1,17,17,17,17,17,17,17,17,17,17
250132,0,1,0,0,0,0,0,0,0,0,0,0
250132,0,2,0,0,0,0,0,0,0,0,0,0
250132,1,1,0,0,0,0,0,0,0,0,0,0
250133,1,1,12,12,12,12,12,12,12,12,12,12
250133,2,1,0,0,0,0,10,26,0,0,18,0
250134,1,1,2,2,2,2,2,2,2,2,2,2
250135,1,1,9,9,9,9,9,9,9,9,9,9
250136,0,1,38,38,38,38,38,38,38,38,38,38
250136,1,1,21,0,17,0,0,0,0,0,0,0
250137,0,1,0,0,0,0,0,0,0,0,0,0
250137,1,1,0,0,26,4,16,0,0,21,0,0
250138,1,1,0,0,0,0,0,0,0,0,0,0
250138,2,1,7,0,0,0,0,0,19,8,0,5
250138,3,1,0,18,25,30,23,6,0,0,0,30
250139,1,1,0,0,0,0,0,0,0,0,0,0
250140,1,1,0,0,0,0,0,0,0,0,0,0
250141,0,1,0,0,0,0,0,0,0,0,0,0
250141,1,1,0,0,0,0,0,0,0,0,0,0
250142,0,1,0,0,0,0,0,0,0,0,0,0
250142,1,1,0,0,0,0,0,0,0,0,0,0
250143,1,1,10,10,10,10,10,10,10,10,10,10
250145,0,1,0,0,0,0,0,0,0,0,0,0
250145,1,1,0,0,0,0,0,0,0,0,5,0
250146,1,1,34,34,34,34,34,34,34,34,34,34
250147,1,1,0,0,0,0,0,0,0,0,0,0
250148,1,1,18,18,18,18,18,18,18,18,18,18
250148,2,1,0,0,0,5,0,0,0,0,0,0
250149,1,1,0,0,0,0,0,0,0,0,0,0
250149,2,1,0,0,0,0,0,5,0,3,0,0
250150,1,1,15,15,15,15,15,15,15,15,15,15
250151,1,1,20,20,20,20,20,20,20,20,20,20
250152,0,1,23,23,23,23,23,23,23,23,23,23
250152,1,1,44,13,23,13,11,20,20,10,0,0
250153,1,1,69,69,69,69,69,69,69,69,69,69
250154,1,1,8,8,8,8,8,8,8,8,8,8
250155,1,1,0,0,0,0,0,0,0,0,0,0
250156,1,1,0,0,0,0,0,0,0,0,0,0
250157,1,1,16,16,16,16,16,16,16,16,16,16
250157,2,1,0,0,0,0,0,0,0,0,0,0
250158,1,1,0,0,0,0,0,0,0,0,0,0
250158,2,1,0,0,0,8,0,8,0,0,0,0
250159,1,1,0,0,0,0,0,0,0,0,0,0
250159,2,1,0,0,0,0,0,0,0,0,0,0
250159,3,1,7,0,0,0,0,0,0,0,0,0
250161,1,1,0,0,23,0,0,0,0,0,0,0
250162,1,1,19,19,19,19,19,19,19,19,19,19
250164,1,1,0,0,0,0,0,0,0,0,0,0
250164,2,1,0,10,6,13,0,0,0,0,10,0
250165,1,1,35,35,35,35,35,35,35,35,35,35
250166,1,1,16,16,16,16,16,16,16,16,16,16
250167,1,1,0,0,0,0,0,0,0,0,0,0
250168,1,1,0,0,11,0,0,0,0,21,0,0
250168,2,1,16,0,0,0,0,0,0,0,0,0
250169,1,1,0,0,0,0,17,15,0,33,0,0
250169,2,1,4,4,4,4,4,4,4,4,4,4
250170,1,1,0,0,0,0,18,0,0,0,0,0
250170,2,1,0,0,0,0,0,0,0,0,0,0
250171,1,1,0,0,0,0,0,0,0,0,0,0
250171,2,1,0,0,0,0,0,0,0,0,0,0
250171,3,1,0,0,0,0,0,0,0,0,0,0
250172,0,1,0,0,0,0,0,0,0,0,0,0
250172,1,1,0,0,0,0,0,0,0,0,0,0
250173,1,1,21,21,21,21,21,21,21,21,21,21
250173,2,1,0,0,0,4,0,0,0,0,0,0
250174,1,1,0,0,0,0,0,0,0,0,0,0
250174,2,1,0,0,0,0,0,0,0,0,0,0
250175,1,1,27,27,27,27,27,27,27,27,27,27
250176,1,1,0,0,0,0,0,0,0,0,0,0
250176,2,1,0,0,17,13,0,0,0,0,4,0
250177,2,1,7,7,7,7,7,7,7,7,7,7
250178,1,1,0,0,0,0,0,0,0,0,0,0
250178,2,1,0,0,0,0,0,0,0,0,0,0
250179,1,1,0,0,0,0,0,0,0,0,0,0
250179,2,1,0,0,0,0,0,0,0,0,0,0
250180,1,1,0,0,0,0,0,0,0,0,0,0
250180,2,1,0,0,0,0,0,0,0,0,0,0
250181,0,1,0,0,0,0,0,0,0,0,0,0
250182,1,1,0,0,0,0,0,0,0,0,0,11
250182,2,1,0,0,0,0,0,0,0,0,0,0
250183,1,1,0,0,0,0,0,0,0,25,0,0
250183,2,1,0,0,0,0,0,0,0,0,0,0
250184,1,1,10,10,10,10,10,10,10,10,10,10
250185,1,1,4,4,4,4,4,4,4,4,4,4
250186,1,1,0,31,8,0,0,0,0,0,0,0
250187,1,1,22,22,22,22,22,22,22,22,22,22
250188,0,1,0,0,0,0,0,0,0,0,0,0
250188,1,1,0,26,0,0,0,19,43,0,0,0
250189,1,1,13,13,13,13,13,13,13,13,13,13
250190,1,1,10,0,26,21,19,0,0,0,3,0
250190,2,1,18,18,18,18,18,18,18,18,18,18
250191,1,1,25,11,25,19,13,19,14,16,16,19
250192,0,1,10,10,10,10,10,10,10,10,10,10
250192,1,1,0,0,0,18,20,0,0,12,0,9
250193,1,1,0,0,0,0,0,0,0,0,0,0
250193,2,1,0,0,14,0,0,0,0,0,0,0
250194,1,1,0,0,0,0,0,0,0,0,0,0
250194,2,1,0,0,0,0,0,0,0,0,0,0
250194,3,1,0,0,0,0,0,0,0,0,0,0
250195,0,1,8,8,8,8,8,8,8,8,8,8
250195,1,1,0,0,0,0,0,0,0,0,0,0
250196,1,1,0,0,0,0,0,0,0,0,0,0
250197,1,1,0,0,0,0,0,0,0,0,0,0
250197,2,1,0,0,0,0,0,0,0,0,0,0
250197,3,1,0,0,0,0,0,0,0,0,0,0
250198,1,1,21,21,21,21,21,21,21,21,21,21
250199,1,1,17,17,17,17,17,17,17,17,17,17
250200,1,1,0,0,0,0,0,0,0,0,0,0
250201,1,1,0,0,0,0,0,0,0,0,0,0
250202,1,1,0,0,0,0,0,0,0,0,0,0
250202,2,1,0,0,0,0,0,0,0,0,0,0
250203,0,1,0,0,0,0,0,0,0,0,0,0
250203,1,1,0,8,0,0,0,0,0,0,0,0
250203,2,1,0,0,0,0,0,0,0,0,0,0
250204,1,1,18,18,18,18,18,18,18,18,18,18
250205,1,1,0,0,0,0,0,0,0,0,0,0
250206,1,1,0,0,0,0,0,0,0,0,0,0
250206,2,1,0,0,0,0,0,0,0,0,0,0
250208,1,1,23,0,12,0,23,0,26,21,21,13
250209,1,1,0,0,0,0,0,0,0,0,0,0
250209,2,1,0,0,0,0,0,0,0,0,0,0
250210,1,1,0,0,0,0,0,0,0,0,0,0
250210,2,1,21,0,16,0,0,19,0,0,0,0
250211,0,1,0,0,0,0,0,0,0,0,0,0
250211,1,1,0,0,0,0,0,0,0,0,0,31
250212,1,1,0,0,0,0,0,0,0,0,0,0
250213,1,1,19,19,19,19,19,19,19,19,19,19
250214,0,1,0,0,0,0,0,0,0,0,0,0
250214,1,1,0,0,0,0,0,0,0,0,0,0
250215,0,1,12,12,12,12,12,12,12,12,12,12
250215,1,1,0,0,0,0,0,0,0,0,0,0
250216,1,1,10,10,10,10,10,10,10,10,10,10
250216,2,1,0,0,0,0,0,0,0,0,0,0
250216,3,1,0,0,0,0,0,0,0,0,0,0
250217,1,1,0,0,0,0,0,0,0,0,0,0
250217,2,1,0,0,0,0,0,0,0,0,0,0
250218,1,1,21,21,21,21,21,21,21,21,21,21
250219,1,1,0,0,0,0,0,0,0,0,0,0
250219,2,1,0,18,0,14,18,0,0,0,0,0
250220,1,1,16,16,16,16,16,16,16,16,16,16
250221,1,1,0,0,0,0,0,21,0,0,0,0
250222,1,1,0,0,0,0,0,0,0,0,0,0
250222,2,1,0,0,0,8,0,0,22,0,0,0
250223,1,1,0,0,0,0,0,0,0,0,0,0
250223,2,1,0,0,0,0,0,0,0,0,28,0
250224,0,1,0,0,0,0,0,0,0,0,0,0
250224,1,1,0,0,0,0,0,0,0,0,0,0
250225,1,1,0,0,0,0,0,0,0,0,0,0
250225,2,1,0,0,0,0,0,0,0,6,0,17
250226,0,1,9,9,9,9,9,9,9,9,9,9
250226,1,1,0,0,0,0,0,0,0,17,0,0
250226,2,1,0,0,0,0,0,0,0,7,0,0
250227,0,1,0,0,0,0,0,0,0,0,0,0
250227,0,2,13,0,6,34,51,0,0,0,2,0
250227,1,1,0,0,0,0,0,0,15,0,0,0
250228,1,1,0,0,0,0,0,0,0,0,0,0
250228,2,1,0,0,0,0,0,0,0,0,0,0
250229,0,1,0,0,0,0,0,0,0,0,0,0
250229,1,1,0,31,0,39,15,0,0,0,0,0
250230,1,1,21,21,21,21,21,21,21,21,21,21
250231,0,1,0,0,0,0,0,0,0,0,0,0
250231,1,1,0,0,0,0,0,0,0,0,0,18
250232,1,1,0,0,0,0,0,0,0,0,0,0
250232,2,1,0,0,0,0,0,0,0,0,0,0
250232,3,1,0,0,0,0,0,19,0,0,0,0
250233,1,1,0,0,0,0,0,0,0,0,0,0
250234,1,1,28,28,28,28,28,28,28,28,28,28
250235,0,1,11,11,11,11,11,11,11,11,11,11
250235,1,1,0,0,0,0,0,0,0,4,0,0
250236,1,1,14,14,14,14,14,14,14,14,14,14
250237,1,1,1,1,1,1,1,1,1,1,1,1
250237,2,1,0,0,0,0,0,0,0,0,0,0
250238,1,1,14,14,14,14,14,14,14,14,14,14
250239,1,1,0,0,0,0,0,0,0,0,0,0
250240,0,1,0,0,0,0,0,0,0,0,0,0
250240,1,1,0,0,0,15,0,25,9,8,0,0
250241,1,1,0,0,0,0,0,0,0,0,0,0
250241,2,1,0,0,4,0,0,0,0,0,0,0
250242,1,1,0,0,0,0,0,0,0,0,0,0
250242,2,1,0,0,0,0,0,0,7,0,0,0
250243,1,1,7,7,7,7,7,7,7,7,7,7
250244,1,1,22,22,22,22,22,22,22,22,22,22
250245,1,1,11,11,11,11,11,11,11,11,11,11
250246,1,1,13,0,21,20,20,0,0,0,14,11
250247,0,1,0,0,0,0,0,0,0,0,0,0
250247,1,1,0,0,0,0,0,0,0,0,0,0
250248,1,1,0,0,0,0,0,0,0,0,0,0
250248,2,1,0,0,0,0,0,0,0,0,0,0
250249,2,1,27,0,0,18,18,0,0,13,0,0
250249,3,1,18,0,24,0,0,11,16,20,13,14
250249,4,1,0,0,0,0,0,0,0,0,0,0
250250,0,1,0,0,0,0,0,0,0,0,0,0
250250,0,2,0,0,0,0,0,0,0,0,0,0
250250,1,1,0,0,0,0,11,0,0,0,0,0
250252,1,1,16,16,16,16,16,16,16,16,16,16
250252,2,1,0,0,0,0,0,0,0,0,0,0
250252,3,1,0,0,0,0,0,0,0,0,0,0
250253,1,1,0,0,0,0,0,0,0,0,0,0
250253,2,1,0,0,38,0,6,0,0,0,0,0
250254,1,1,0,0,0,0,0,0,0,0,0,0
250254,2,1,0,0,0,0,0,0,0,0,0,0
250255,1,1,0,0,0,0,0,0,0,0,0,0
250255,2,1,0,0,0,0,0,0,0,0,0,0
250256,0,1,0,0,0,0,0,0,0,0,0,0
250256,1,1,0,0,0,0,18,0,0,0,0,0
250257,0,1,0,0,0,0,0,0,0,0,0,0
250257,1,1,0,0,0,11,0,0,0,0,16,0
250258,1,1,28,28,28,28,28,28,28,28,28,28
250258,2,1,0,0,0,0,0,0,0,0,0,0
250259,1,1,27,27,27,27,27,27,27,27,27,27
250260,1,1,0,0,0,0,0,0,0,0,0,0
250260,2,1,0,0,0,0,0,0,0,0,0,0
250261,1,1,0,0,0,0,0,0,0,0,0,0
250262,1,1,19,19,19,19,19,19,19,19,19,19
250263,1,1,4,4,4,4,4,4,4,4,4,4
250265,1,1,0,0,0,0,0,0,0,0,0,0
250266,1,1,0,0,0,0,0,0,0,0,0,0
250267,1,1,32,22,25,32,0,18,11,15,24,30
250268,1,1,24,24,24,24,24,24,24,24,24,24
250269,1,1,0,0,0,0,0,0,0,0,0,0
250269,2,1,0,0,0,0,0,0,0,0,0,0
250270,1,1,16,16,16,16,16,16,16,16,16,16
250271,1,1,13,13,13,13,13,13,13,13,13,13
250271,2,1,0,0,0,0,0,0,0,0,0,0
250271,3,1,0,0,0,0,0,0,0,0,0,0
250272,0,1,0,0,0,0,0,0,0,0,0,0
250272,1,1,0,0,0,0,0,0,0,0,0,0
250273,2,1,19,19,19,19,19,19,19,19,19,19
250274,1,1,0,0,0,0,0,0,0,0,0,0
250274,2,1,14,0,0,0,0,0,0,0,11,0
250275,1,1,0,0,0,6,0,0,0,0,0,50
250276,1,1,17,17,17,17,17,17,17,17,17,17
250277,1,1,0,0,0,0,0,0,0,0,0,0
250277,2,1,0,0,0,0,0,0,0,0,0,0
250278,0,1,29,0,0,0,0,0,0,0,0,0
250278,1,1,0,6,24,0,0,0,0,11,37,0
250279,1,1,0,0,0,0,0,0,0,0,0,0
250279,2,1,19,0,0,10,0,0,0,0,0,0
250280,1,1,0,0,0,0,0,0,0,0,0,0
250281,0,1,0,0,0,0,0,0,0,0,0,0
250281,1,1,0,0,0,0,0,0,0,0,0,0
250282,1,1,0,0,0,0,0,0,0,0,0,0
250283,1,1,3,3,3,3,3,3,3,3,3,3
250283,2,1,0,0,0,0,0,0,0,0,0,0
250284,0,1,0,0,0,0,0,0,0,0,0,0
250284,1,1,0,4,12,0,0,0,0,0,12,45
250285,1,1,21,0,0,0,0,0,0,0,0,0
250285,2,1,0,0,0,0,0,0,0,0,0,0
250286,0,1,14,14,14,14,14,14,14,14,14,14
250286,0,2,0,6,46,0,0,19,0,22,0,13
250286,2,1,27,0,0,0,0,0,0,0,0,0
250287,1,1,15,15,15,15,15,15,15,15,15,15
250287,2,1,0,0,0,35,0,0,8,18,17,18
250288,1,1,0,0,0,0,0,0,25,0,0,0
250288,2,1,0,0,0,0,0,0,0,0,0,0
250289,0,1,0,0,0,0,0,0,0,0,0,0
250289,1,1,0,0,0,0,41,0,0,12,0,0
250290,1,1,0,0,0,0,0,0,0,0,0,0
250290,2,1,0,0,0,0,0,0,0,0,0,0
250291,1,1,0,0,0,0,0,0,0,0,0,0
250291,2,1,29,0,0,0,0,26,0,0,12,0
250292,1,1,0,0,0,0,0,0,0,0,0,0
250293,0,1,20,20,20,20,20,20,20,20,20,20
250293,1,1,0,0,0,0,0,0,0,0,0,0
250294,0,1,30,30,30,30,30,30,30,30,30,30
250294,1,1,0,0,0,0,0,15,0,0,0,0
250294,2,1,0,0,5,0,0,0,14,5,10,0
250294,3,1,0,10,0,0,0,0,28,0,0,0
250295,0,1,9,9,9,9,9,9,9,9,9,9
250295,1,1,0,0,0,0,0,0,0,0,14,0
250295,2,1,0,22,0,0,0,5,0,6,0,8
250296,1,1,0,0,0,0,0,0,0,0,0,0
250296,2,1,0,0,0,0,0,0,0,0,16,0
250297,1,1,41,41,41,41,41,41,41,41,41,41
250298,1,1,23,23,23,23,23,23,23,23,23,23
250299,0,1,0,0,0,0,0,0,0,0,0,0
250299,0,2,0,0,0,0,0,0,0,18,0,0
250299,1,1,0,0,0,0,0,0,0,0,0,0
250299,2,1,0,0,0,0,0,0,0,0,0,0
250300,1,1,24,38,0,0,0,0,15,0,0,0
250301,1,1,18,18,18,18,18,18,18,18,18,18
250302,0,1,0,0,0,0,0,0,0,0,0,0
250302,1,1,0,4,0,0,0,0,21,0,0,0
250303,0,1,0,0,0,0,0,0,0,0,0,0
250303,1,1,0,0,0,0,0,0,0,0,0,0
250306,1,1,0,0,0,0,0,0,0,0,0,0
250306,2,1,0,16,0,0,0,0,17,0,0,0
250307,1,1,0,0,13,0,0,0,0,0,0,0
250307,2,1,0,0,0,0,0,0,0,0,0,0
250307,3,1,0,0,0,0,0,0,0,0,0,0
250308,0,1,0,0,0,0,0,0,0,0,0,0
250308,1,1,0,0,0,0,0,0,0,0,0,0
250309,1,1,18,10,20,0,12,0,25,31,6,21
250309,2,1,0,0,7,10,0,12,0,0,16,0
250309,3,1,9,4,2,9,6,14,14,0,0,9
250310,1,1,0,0,0,0,0,0,0,0,0,0
250310,2,1,0,0,0,0,0,0,0,0,0,0
250310,3,1,0,0,0,0,0,0,0,0,0,0
250311,0,1,20,20,20,20,20,20,20,20,20,20
250311,1,1,0,0,8,16,17,0,0,0,0,0
250312,0,1,0,0,0,0,0,0,0,0,0,0
250312,1,1,0,0,0,0,0,0,0,0,0,0
250313,1,1,0,5,0,0,0,0,0,0,0,15
250313,2,1,0,0,0,0,0,0,0,0,0,0
250314,1,1,0,0,0,0,0,0,0,0,0,0
250315,1,1,0,0,0,0,0,0,0,0,0,0
250315,2,1,0,0,0,0,0,0,0,0,0,0
250315,3,1,0,0,0,0,10,0,0,0,0,0
250315,4,1,0,0,0,0,0,0,20,0,0,0
250315,5,1,0,0,0,0,0,0,0,0,0,0
250316,1,1,18,18,18,18,18,18,18,18,18,18
250317,0,1,0,0,0,0,0,0,0,0,0,0
250317,1,1,0,0,0,0,0,0,0,0,0,0
250318,1,1,0,0,14,0,0,12,0,0,0,0
250319,1,1,0,0,0,0,0,0,0,0,0,16
250319,2,1,0,0,0,0,0,0,0,0,0,0
250320,1,1,18,18,18,18,18,18,18,18,18,18
250321,0,1,0,0,0,0,0,0,0,0,0,0
250321,1,1,0,0,0,0,15,0,0,0,0,0
250322,0,1,0,0,0,0,0,0,0,0,0,0
250322,1,1,0,0,0,0,0,0,0,0,0,0
250323,1,1,31,31,31,31,31,31,31,31,31,31
250324,1,1,0,0,0,0,0,0,0,0,0,0
250324,2,1,0,18,0,0,0,0,0,14,0,0
250325,1,1,24,7,0,0,14,0,0,0,0,0
250325,2,1,0,0,0,0,0,0,0,0,0,0
250325,3,1,0,0,0,0,0,0,0,0,0,0
250326,0,1,0,0,0,0,0,0,0,0,0,0
250326,1,1,0,0,0,0,0,12,0,0,0,0
250327,0,1,4,4,4,4,4,4,4,4,4,4
250327,1,1,0,0,0,0,0,0,0,0,0,0
250328,0,1,0,0,0,0,0,0,0,0,0,0
250328,1,1,0,0,0,0,0,0,0,0,0,2
250329,1,1,0,27,22,22,10,8,40,14,7,6
250329,2,1,0,0,0,0,0,0,0,0,0,0
250330,0,1,0,0,0,0,0,0,0,0,0,0
250330,1,1,0,0,0,0,0,0,0,0,0,0
250331,1,1,0,0,0,0,0,0,0,0,0,0
250332,0,1,29,29,29,29,29,29,29,29,29,29
250332,1,1,0,0,0,0,1,0,28,0,0,0
250333,1,1,0,0,0,0,0,0,0,0,0,0
250333,2,1,0,0,0,0,0,23,0,0,10,0
250334,0,1,0,0,0,0,0,0,0,0,0,0
250334,1,1,0,0,0,0,8,0,0,0,0,0
250334,2,1,0,0,0,0,0,0,0,0,0,0
250335,1,1,0,0,0,0,0,0,0,0,0,0
250336,1,1,12,12,12,12,12,12,12,12,12,12
250337,1,1,0,0,0,0,0,0,0,0,0,0
250337,2,1,0,0,0,0,0,0,0,0,0,0
250337,3,1,14,0,0,0,0,0,0,0,0,0
250338,1,1,0,4,0,0,0,4,0,0,0,0
250338,2,1,0,0,0,0,0,0,0,0,0,0
250338,3,1,0,0,0,0,0,0,0,0,0,0
250339,1,1,0,0,0,0,0,0,0,0,0,0
250340,1,1,0,0,0,0,0,0,0,0,0,0
250340,2,1,0,0,0,0,0,0,0,0,0,0
250340,3,1,0,0,0,0,0,0,0,0,0,0
250341,1,1,0,0,0,0,0,0,0,15,0,0
250341,2,1,0,0,0,0,0,0,0,0,0,0
250342,1,1,0,0,0,0,0,0,0,0,0,0
250342,2,1,0,0,0,0,0,0,0,0,0,13
250343,1,1,26,26,26,26,26,26,26,26,26,26
250344,0,1,6,6,6,6,6,6,6,6,6,6
250344,1,1,10,16,27,21,15,13,0,10,12,18
250345,1,1,0,0,0,0,0,0,0,0,0,0
250345,2,1,10,0,0,0,0,0,0,0,0,0
250345,3,1,0,0,15,0,0,0,0,0,0,0
250347,1,1,0,0,0,0,0,0,0,0,0,0
250348,0,1,0,0,0,0,0,0,0,0,0,0
250348,0,2,0,0,0,19,23,0,0,0,0,0
250348,1,1,0,0,0,0,0,0,0,0,0,0
250349,0,1,0,0,0,0,0,22,0,0,0,24
250349,1,1,0,0,0,0,0,0,0,0,0,0
250350,1,1,0,0,0,0,0,0,0,0,0,0
250351,0,1,0,0,0,0,0,0,0,0,0,0
250351,1,1,0,0,0,0,0,0,0,0,0,0
250352,1,1,0,14,0,34,0,0,0,0,0,0
260001,1,1,20,20,20,20,20,20,20,20,20,20
260002,1,1,0,0,21,0,0,0,0,18,0,0
260002,2,1,9,0,0,0,0,0,0,0,0,0
260003,1,1,0,0,0,0,0,0,0,0,0,0
260003,2,1,0,0,0,0,0,0,0,0,0,0
260004,1,1,21,21,21,21,21,21,21,21,21,21
260004,2,1,16,0,26,12,23,37,23,24,9,13
260005,1,1,0,40,0,0,26,0,0,0,0,0
260005,2,1,0,0,0,0,0,0,0,0,0,0
260006,0,1,11,0,0,0,0,0,0,0,9,0
260006,1,1,0,0,0,0,0,0,0,0,0,0
260006,2,1,0,0,0,0,0,0,0,0,0,0
260007,1,1,0,0,0,0,0,0,0,0,0,0
260008,1,1,13,13,13,13,13,13,13,13,13,13
260009,1,1,0,0,0,0,0,0,19,0,0,0
260009,2,1,0,0,0,0,0,0,0,0,0,0
260010,1,1,15,15,15,15,15,15,15,15,15,15
260011,1,1,0,0,0,0,0,0,0,0,0,0
260011,2,1,0,0,0,0,0,0,0,0,0,0
260012,1,1,0,0,0,0,0,0,0,0,0,0
260012,2,1,0,0,0,0,0,0,0,0,0,0
260012,3,1,0,0,0,0,0,0,0,0,0,0
260013,1,1,0,0,0,0,0,0,0,0,0,0
260013,2,1,0,0,0,0,0,0,0,0,0,0
260014,1,1,34,5,13,7,0,13,16,15,11,16
260014,2,1,0,0,0,0,0,0,0,0,0,0
260015,1,1,0,0,0,0,0,0,0,0,0,0
260015,2,1,0,0,0,0,0,0,0,0,0,0
260016,0,1,0,0,0,0,0,0,0,0,0,0
260016,1,1,0,0,0,0,0,0,0,0,0,0
260017,1,1,0,0,0,0,0,0,0,0,0,0
260017,2,1,0,0,0,0,0,0,0,0,0,0
260018,1,1,0,0,0,0,0,0,0,0,0,0
260019,1,1,0,10,0,7,0,0,0,0,0,0
260020,1,1,0,0,0,0,0,0,0,0,0,0
260021,1,1,1,1,1,1,1,1,1,1,1,1
260021,2,1,0,0,0,0,0,0,0,0,0,0
260022,1,1,9,9,9,9,9,9,9,9,9,9
260023,1,1,0,0,0,0,0,0,0,0,0,0
260024,1,1,0,0,0,0,0,0,0,0,0,0
260025,1,1,0,0,0,0,0,0,0,0,0,0
260025,2,1,0,0,0,0,0,0,0,0,0,0
260026,1,1,18,18,18,18,18,18,18,18,18,18
260027,1,1,0,0,0,0,0,0,0,0,0,0
260027,2,1,0,0,0,0,0,0,0,0,0,0
260028,1,1,0,0,0,0,0,0,0,0,0,12
260029,1,1,7,7,7,7,7,7,7,7,7,7
260030,1,1,31,31,31,31,31,31,31,31,31,31
260030,2,1,0,0,0,0,0,0,0,0,0,0
260031,0,1,19,19,19,19,19,19,19,19,19,19
260031,1,1,0,0,0,0,0,0,0,0,0,0
260032,0,1,0,0,0,0,0,0,0,17,0,9
260032,1,1,0,0,0,0,0,0,0,0,0,0
260033,1,1,0,0,0,0,0,0,0,0,0,0
260033,2,1,0,0,0,0,0,0,0,0,0,0
260034,1,1,0,0,0,0,0,0,0,0,0,0
260034,2,1,0,0,0,0,0,0,0,0,0,0
260035,0,1,38,38,38,38,38,38,38,38,38,38
260035,1,1,2,2,2,2,2,2,2,2,2,2
260036,1,1,0,0,0,0,0,0,0,0,0,0
260036,2,1,0,0,0,0,0,0,0,0,0,0
260037,1,1,0,0,0,0,0,0,0,0,0,0
260037,2,1,0,0,0,0,0,0,0,0,0,0
260038,1,1,16,16,16,16,16,16,16,16,16,16
260038,2,1,0,0,0,0,0,0,0,0,0,0
260039,0,1,24,17,13,9,34,11,27,26,12,11
260039,1,1,6,6,6,6,6,6,6,6,6,6
260040,0,1,0,0,0,0,0,0,0,0,0,32
260040,0,2,0,0,0,22,0,0,0,0,0,0
260040,1,1,0,0,0,0,0,0,0,0,0,0
260041,1,1,0,0,0,0,0,0,0,3,0,0
260041,2,1,0,0,0,0,0,0,0,0,0,0
260042,1,1,27,27,27,27,27,27,27,27,27,27
260043,1,1,0,0,0,0,0,0,0,0,0,0
260043,2,1,0,0,0,0,0,0,0,0,0,0
260044,1,1,9,17,11,0,0,0,21,0,0,0
260045,1,1,4,4,4,4,4,4,4,4,4,4
260046,1,1,0,0,0,0,0,0,0,0,0,0
260046,2,1,0,0,11,0,0,0,0,0,0,0
260046,3,1,0,0,0,0,0,0,0,0,23,0
260047,0,1,0,0,8,0,0,0,0,0,0,40
260047,1,1,0,0,0,0,0,0,0,0,0,0
260048,1,1,0,0,0,0,0,0,0,0,0,0
260048,2,1,0,0,0,0,0,0,0,0,0,0
260049,1,1,27,27,27,27,27,27,27,27,27,27
260049,2,1,0,0,0,0,0,0,0,0,0,0
260050,1,1,16,16,16,16,16,16,16,16,16,16
260050,2,1,0,0,0,0,0,0,0,0,0,0
260050,3,1,0,0,0,0,0,0,0,0,0,0
260051,1,1,20,20,20,20,20,20,20,20,20,20
260052,0,1,0,0,0,0,0,0,0,0,0,0
260052,1,1,0,0,0,0,0,0,0,0,0,0
260053,0,1,40,0,0,0,0,0,0,0,0,0
260053,1,1,0,0,0,0,0,0,0,0,0,0
260054,1,1,0,0,0,0,0,0,0,0,0,0
260055,1,1,0,0,0,0,0,0,0,0,0,0
260055,2,1,0,0,0,0,0,0,0,0,0,0
260056,1,1,0,0,0,0,0,0,0,0,0,0
260056,2,1,0,0,0,0,14,0,0,0,0,0
260056,3,1,0,0,0,0,0,0,0,0,0,0
260057,1,1,0,0,0,0,0,0,0,0,0,0
260059,0,1,4,0,0,0,0,13,0,0,0,0
260059,1,1,0,15,31,0,9,0,21,19,24,25
260060,1,1,0,0,0,0,0,0,0,0,0,0
260061,0,1,0,0,0,0,0,0,0,0,0,24
260061,1,1,0,8,3,17,6,0,16,0,0,14
260062,1,1,0,0,0,0,0,0,0,0,0,0
260063,1,1,0,0,0,0,0,0,0,11,0,0
260063,2,1,0,0,28,0,0,0,0,0,0,0
260064,1,1,9,9,9,9,9,9,9,9,9,9
260064,2,1,0,0,0,0,0,0,0,0,0,0
260065,0,1,0,0,0,0,0,0,0,0,0,0
260065,1,1,0,0,0,0,0,0,0,0,0,0
260066,2,1,0,0,0,0,0,0,0,0,0,0
260067,0,1,18,18,18,18,18,18,18,18,18,18
260067,1,1,0,0,0,0,0,0,0,0,0,0
260068,0,1,4,0,0,28,0,0,0,0,0,14
260068,1,1,12,0,0,0,0,0,0,0,0,0
260069,1,1,0,0,0,0,0,0,0,0,0,0
260070,1,1,0,0,0,0,0,11,0,0,0,0
260071,1,1,12,0,0,0,11,22,26,0,7,0
260072,0,1,0,0,0,0,0,0,0,0,0,0
260072,1,1,0,0,20,0,23,0,15,17,0,0
260073,1,1,19,19,19,19,19,19,19,19,19,19
260074,1,1,0,0,0,0,0,0,0,0,0,0
260074,2,1,0,0,0,0,0,0,0,0,0,0
260075,1,1,0,0,0,0,0,0,0,0,0,0
260075,2,1,0,0,0,0,0,0,0,0,0,0
260075,3,1,0,0,0,0,0,0,0,0,0,0
260076,1,1,12,18,14,26,21,8,5,17,12,22
260077,1,1,0,0,0,0,0,0,0,0,0,16
260077,2,1,19,0,0,0,0,0,0,0,0,0
260078,1,1,0,0,0,0,0,0,0,0,0,0