ST_CASE,VEH_NO,PER_NO,P1,P2,P3,P4,P5,P6,P7,P8,P9,P10
260363,1,1,13,13,13,13,13,13,13,13,13,13
260363,2,1,0,21,0,0,0,0,0,0,0,0
260364,1,1,0,0,9,0,0,0,0,0,0,0
260364,2,1,0,0,0,0,0,0,0,0,0,0
260365,1,1,0,0,0,0,0,0,0,0,0,0
260365,2,1,0,0,11,0,31,0,0,0,0,0
260366,1,1,0,0,0,0,0,0,0,0,0,0
260366,2,1,0,0,0,0,0,0,0,0,0,0
260367,1,1,0,0,16,0,19,3,0,19,6,10
260368,1,1,0,0,0,0,0,0,0,0,0,0
260368,2,1,0,0,0,0,0,0,0,0,0,0
260369,0,1,0,30,0,0,0,0,13,0,26,0
260369,1,1,0,0,0,0,0,0,0,0,0,0
260370,1,1,0,0,0,0,0,0,0,0,0,0
260370,2,1,0,0,0,0,0,0,0,0,0,0
260371,1,1,0,0,0,0,0,0,0,0,0,0
260371,2,1,0,0,21,0,0,0,0,0,0,0
260372,0,1,14,14,14,14,14,14,14,14,14,14
260372,1,1,0,0,0,0,0,0,0,0,0,0
260373,1,1,8,2,0,0,13,0,0,0,0,0
260373,2,1,0,21,0,0,0,0,25,0,0,20
260373,3,1,0,0,0,0,0,0,14,0,0,0
260373,4,1,0,0,0,0,0,0,0,0,0,0
260374,1,1,0,0,0,0,0,0,0,0,0,0
260374,2,1,0,0,0,0,0,0,0,0,0,0
260375,0,1,21,24,11,20,33,9,5,30,19,32
260375,1,1,0,0,0,0,0,0,0,0,0,0
260376,1,1,24,24,24,24,24,24,24,24,24,24
260376,2,1,0,0,0,0,0,0,0,0,0,0
260377,1,1,0,0,0,0,0,0,0,0,0,0
260377,2,1,0,0,0,0,0,0,0,0,0,0
260377,3,1,0,0,0,0,0,0,0,0,0,0
260378,1,1,4,0,0,0,20,14,0,0,7,0
260379,0,1,0,0,0,0,0,0,0,0,0,0
260379,1,1,0,19,8,6,0,0,0,0,16,8
260380,1,1,0,0,0,0,0,0,0,0,0,0
260381,1,1,1,1,1,1,1,1,1,1,1,1
260382,1,1,27,27,27,27,27,27,27,27,27,27
260383,1,1,0,22,0,0,0,0,0,0,0,0
260383,2,1,0,0,0,0,0,0,0,0,0,0
260384,1,1,0,0,0,0,0,0,0,0,0,0
260384,2,1,0,0,0,0,0,0,0,0,0,0
260385,1,1,16,12,13,28,9,19,5,32,3,23
260386,1,1,8,8,8,8,8,8,8,8,8,8
260387,1,1,0,0,0,0,0,0,0,0,0,0
260387,2,1,0,0,0,0,0,0,0,0,0,0
260387,3,1,0,0,0,0,0,10,0,0,0,0
260388,0,1,23,0,8,0,6,15,0,0,0,13
260388,1,1,3,3,3,3,3,3,3,3,3,3
260389,1,1,0,0,0,0,0,0,0,0,0,0
260390,1,1,0,0,0,0,0,0,0,0,0,0
260391,1,1,4,14,20,8,12,9,0,0,11,17
260391,2,1,0,0,0,0,0,0,0,0,0,0
260392,1,1,0,0,0,0,0,0,0,0,0,0
260392,2,1,0,0,0,0,0,0,0,0,0,0
260393,1,1,0,32,0,0,0,0,0,0,0,0
260394,0,1,18,18,18,18,18,18,18,18,18,18
260394,1,1,0,0,0,0,0,9,0,10,0,0
260395,1,1,0,0,0,0,0,0,0,0,0,0
260395,2,1,0,0,18,0,0,0,0,0,0,0
260395,3,1,0,0,0,0,0,0,0,0,0,0
260395,4,1,0,0,0,0,0,0,0,0,0,0
260396,1,1,9,9,9,9,9,9,9,9,9,9
260396,2,1,0,0,0,0,0,0,0,0,0,0
260397,1,1,0,0,0,0,0,0,0,0,0,0
260397,2,1,0,0,0,0,0,0,0,0,0,0
260398,1,1,0,0,0,0,0,0,0,0,0,0
260398,2,1,0,0,0,0,0,0,0,0,0,0
260398,3,1,0,0,0,0,0,0,0,0,0,0
260398,4,1,0,0,0,0,0,0,0,0,0,0
260398,5,1,0,0,0,0,0,0,0,0,0,14
260399,1,1,0,0,0,0,36,0,0,0,0,0
260399,2,1,0,0,21,0,0,0,0,0,0,0
260400,1,1,0,0,0,0,0,0,0,0,0,0
260400,2,1,0,0,0,0,11,27,16,0,12,0
260401,1,1,0,0,0,0,0,0,0,0,0,0
260401,2,1,0,0,0,0,0,0,0,0,0,0
260401,3,1,0,0,0,12,0,0,0,0,0,0
260402,1,1,13,17,11,7,23,10,11,8,18,23
260402,2,1,0,0,0,0,0,0,0,0,0,0
260403,1,1,9,9,9,9,9,9,9,9,9,9
260403,2,1,0,0,0,0,0,0,0,0,0,0
260403,3,1,0,0,0,0,0,0,0,0,0,0
260404,0,1,0,0,0,0,0,0,0,0,0,0
260404,1,1,0,0,0,0,0,0,0,0,0,7
260405,1,1,0,0,0,0,0,0,0,5,0,20
260405,2,1,0,0,0,0,0,0,0,0,0,0
260406,1,1,13,0,0,0,0,0,0,0,26,0
260406,2,1,0,0,0,0,0,0,0,0,0,16
260407,1,1,0,0,0,0,0,0,0,0,0,22
260408,1,1,22,22,22,22,22,22,22,22,22,22
260409,1,1,0,0,0,0,0,0,0,0,0,0
260409,2,1,0,0,0,11,26,9,29,0,0,0
260410,1,1,0,0,0,0,0,0,0,0,0,0
260410,2,1,0,0,0,0,0,18,0,0,0,0
260410,3,1,0,0,0,0,0,0,0,0,0,0
260410,4,1,0,0,0,11,0,0,0,0,0,0
260410,5,1,0,0,0,0,0,0,0,0,0,0
260411,1,1,0,0,0,0,0,0,0,0,0,0
260411,2,1,18,26,30,0,10,13,16,34,9,17
260412,0,1,20,0,34,0,0,0,0,0,16,0
260412,1,1,0,0,0,0,0,0,0,0,0,0
260413,1,1,0,0,0,0,0,0,0,0,0,0
260414,1,1,9,10,25,14,10,16,20,13,10,23
260415,1,1,0,0,0,0,0,0,0,0,0,0
260416,1,1,0,0,0,0,0,0,0,0,0,0
260417,1,1,0,0,13,0,0,0,0,16,0,0
260418,0,1,0,0,0,24,0,9,12,0,36,0
260418,1,1,9,9,9,9,9,9,9,9,9,9
260419,1,1,33,33,33,33,33,33,33,33,33,33
260419,2,1,0,0,0,0,0,0,0,0,0,0
260420,1,1,0,0,0,0,0,0,0,0,0,0
260421,1,1,0,0,0,0,0,0,0,0,0,0
260422,1,1,0,11,11,0,19,11,9,10,23,0
260423,1,1,10,10,10,10,10,10,10,10,10,10
260423,2,1,0,0,0,0,0,0,0,0,0,0
260424,1,1,20,20,20,20,20,20,20,20,20,20
260425,1,1,0,0,0,0,0,0,0,0,0,0
260426,1,1,3,0,24,3,24,13,21,17,20,10
260427,1,1,20,20,20,20,20,20,20,20,20,20
260428,0,1,0,0,0,0,0,0,0,0,0,0
260428,1,1,0,0,0,0,0,0,0,0,0,0
260429,1,1,24,24,24,24,24,24,24,24,24,24
260430,1,1,0,0,0,0,0,0,0,0,0,0
260431,1,1,0,0,0,0,0,0,0,0,0,0
260432,1,1,0,0,0,0,0,0,0,0,0,0
260433,0,1,0,0,0,0,0,0,0,0,0,0
260433,1,1,0,0,0,0,0,0,0,0,0,0
260434,1,1,0,0,0,0,0,0,0,0,0,0
260436,1,1,0,0,0,0,0,0,0,0,0,0
260437,1,1,0,11,0,0,0,0,0,0,0,0
260437,2,1,0,0,0,0,0,0,0,0,0,0
260437,3,1,0,0,0,0,0,0,0,11,29,0
260438,0,1,0,0,29,0,0,0,12,0,23,27
260438,1,1,3,3,3,3,3,3,3,3,3,3
260439,1,1,0,0,0,0,0,0,0,0,0,0
260440,1,1,0,0,0,0,0,0,0,0,0,0
260441,1,1,0,0,22,0,0,0,0,0,0,0
260441,2,1,0,0,0,0,0,0,0,0,0,0
260442,1,1,0,0,0,0,0,0,0,0,0,0
260442,2,1,0,0,0,0,0,0,0,0,0,0
260442,3,1,0,0,0,0,0,0,0,0,0,0
260442,4,1,0,0,0,0,0,0,0,0,0,0
260443,1,1,13,13,13,13,13,13,13,13,13,13
260444,1,1,0,0,0,0,0,0,0,0,0,0
260445,1,1,7,21,22,18,14,9,7,22,20,16
260446,1,1,0,0,0,0,0,0,0,0,0,0
260446,2,1,0,0,0,0,0,0,0,0,0,0
260447,1,1,0,0,0,0,0,0,0,0,0,0
260447,2,1,0,0,0,0,0,0,0,0,0,0
260448,1,1,0,0,0,0,0,0,0,0,0,0
260448,2,1,0,0,0,0,0,0,0,0,0,0
260449,1,1,28,28,28,28,28,28,28,28,28,28
260450,0,1,23,0,4,0,0,0,0,0,0,0
260450,1,1,0,0,11,0,0,0,0,0,0,0
260451,1,1,0,0,0,0,0,0,0,0,0,0
260452,0,1,0,0,0,0,0,0,0,0,0,0
260452,0,2,0,0,0,0,0,0,0,0,0,0
260452,1,1,0,0,0,0,0,0,0,0,0,0
260453,0,1,0,0,0,0,0,0,0,0,0,0
260453,1,1,0,0,0,0,0,0,0,0,10,0
260454,1,1,0,0,11,0,40,0,19,0,0,0
260454,2,1,0,0,3,0,0,0,0,0,0,7
260455,1,1,0,0,0,0,0,0,0,0,0,0
260455,2,1,0,0,0,0,0,0,0,0,0,0
260456,1,1,0,0,0,0,0,0,0,0,0,0
260456,2,1,0,0,0,0,0,0,0,0,0,0
260457,1,1,19,19,8,27,21,0,17,0,7,8
260457,2,1,3,3,3,3,3,3,3,3,3,3
260458,1,1,0,0,0,0,9,0,0,0,0,0
260458,2,1,0,0,0,0,0,0,0,0,0,0
260459,1,1,0,0,0,0,0,0,0,0,0,0
260459,2,1,0,0,0,0,9,0,0,12,0,0
260460,1,1,0,5,16,0,0,0,0,0,0,0
260461,1,1,0,0,0,0,0,0,0,0,0,0
260462,1,1,0,0,0,0,0,0,0,0,0,0
260462,2,1,0,0,0,0,0,0,0,0,0,0
260462,3,1,0,0,0,0,0,0,0,0,0,0
260463,1,1,0,0,0,17,12,0,0,0,0,0
260464,1,1,0,0,0,0,0,0,0,0,0,0
260464,2,1,0,0,0,0,0,0,0,0,0,0
260464,3,1,0,6,0,0,0,0,0,0,0,0
260465,1,1,0,0,0,0,0,0,0,0,0,0
260465,2,1,0,0,0,0,0,0,32,0,0,0
260466,1,1,0,0,0,0,0,0,0,0,0,0
260467,1,1,20,27,35,16,20,12,26,25,23,17
260468,1,1,19,19,19,19,19,19,19,19,19,19
260469,1,1,0,0,0,0,15,0,0,0,0,0
260470,0,1,6,6,6,6,6,6,6,6,6,6
260470,1,1,0,0,0,12,0,0,0,0,0,0
260471,1,1,0,26,0,0,0,0,0,0,0,0
260471,2,1,0,0,2,0,0,0,0,0,17,0
260472,1,1,16,16,16,16,16,16,16,16,16,16
260473,1,1,0,0,0,0,0,0,0,0,0,0
260473,2,1,0,0,0,0,0,0,0,0,0,0
260474,1,1,0,0,0,0,0,0,0,0,0,0
260475,1,1,0,0,0,0,0,0,0,0,0,0
260475,2,1,0,0,0,0,0,0,0,0,0,0
260476,1,1,0,0,0,0,0,0,0,0,0,0
260477,1,1,0,0,0,0,0,0,0,0,0,0
260477,2,1,0,0,0,0,0,0,0,0,0,0
260478,1,1,4,0,0,0,0,0,13,0,0,19
260479,1,1,7,7,7,7,7,7,7,7,7,7
260480,1,1,24,24,24,24,24,24,24,24,24,24
260481,1,1,0,0,0,0,0,0,0,0,0,0
260482,1,1,0,0,0,0,0,0,0,0,0,0
260483,1,1,0,0,0,0,0,0,0,13,0,18
260483,2,1,0,0,0,0,0,0,0,0,0,0
260484,0,1,0,0,20,0,16,0,0,0,0,0
260484,0,2,0,0,0,0,0,0,0,0,0,0
260484,0,3,0,14,8,0,0,0,0,0,35,11
260484,1,1,4,4,4,4,4,4,4,4,4,4
260485,1,1,14,14,14,14,14,14,14,14,14,14
260485,2,1,0,0,0,0,0,0,0,0,0,0
260486,1,1,0,0,0,0,0,0,0,0,0,0
260486,2,1,0,0,0,0,0,0,0,0,0,0
260487,1,1,0,0,0,0,0,0,25,6,0,0
260488,0,1,14,0,0,0,0,0,0,0,0,0
260488,1,1,0,0,0,0,0,0,0,0,0,0
260489,0,1,0,0,0,0,0,0,0,0,0,0
260489,1,1,0,0,0,0,0,0,0,0,0,0
260490,1,1,0,0,0,0,0,0,0,0,0,18
260490,2,1,0,0,0,0,0,0,0,0,0,0
260491,1,1,12,12,12,12,12,12,12,12,12,12
260492,1,1,0,0,0,0,0,0,0,0,0,0
260493,1,1,0,0,0,0,0,0,0,0,0,0
260494,1,1,0,0,0,0,0,0,0,0,0,0
260494,2,1,0,0,0,0,0,0,0,0,0,0
260495,1,1,0,0,0,0,0,0,0,0,0,0
260495,2,1,0,0,0,0,0,0,0,0,0,0
260496,1,1,27,27,27,27,27,27,27,27,27,27
260497,1,1,17,17,17,17,17,17,17,17,17,17
260498,1,1,0,0,0,0,0,0,0,0,0,0
260499,0,1,0,0,0,0,0,0,0,0,10,15
260499,1,1,0,0,0,0,0,0,0,0,0,0
260500,1,1,0,0,0,0,0,0,0,25,0,0
260501,1,1,0,0,0,0,0,0,0,0,0,0
260501,2,1,0,0,0,0,0,0,0,0,0,0
260501,3,1,0,0,0,0,0,0,0,0,0,0
260502,0,1,0,0,0,0,0,0,0,0,0,16
260502,1,1,0,0,0,0,0,0,0,0,0,0
260503,1,1,0,0,0,0,0,0,0,0,0,5
260503,2,1,0,0,0,0,0,0,0,0,0,0
260504,1,1,7,7,7,7,7,7,7,7,7,7
260505,1,1,0,0,0,0,0,0,0,0,0,0
260505,2,1,0,0,0,0,0,0,0,0,0,0
260505,3,1,0,0,0,0,0,0,0,0,0,0
260505,4,1,0,0,0,0,0,0,0,0,0,16
260506,1,1,0,0,0,0,0,0,0,0,0,0
260506,2,1,0,0,0,0,0,0,0,0,0,0
260506,3,1,0,0,0,0,0,0,0,0,0,0
260507,1,1,0,0,0,0,0,0,0,0,0,0
260507,2,1,0,0,0,0,0,0,0,0,0,0
260507,3,1,0,0,0,0,0,0,0,0,0,0
260508,1,1,0,0,0,0,0,0,0,0,0,0
260509,0,1,0,0,0,0,5,0,0,0,0,0
260509,1,1,0,0,0,0,0,0,0,0,0,0
260510,0,1,0,0,0,0,0,0,0,0,0,0
260510,1,1,0,0,0,0,0,0,0,0,0,0
260511,1,1,20,0,0,0,0,0,0,0,0,0
260511,2,1,10,10,10,10,10,10,10,10,10,10
260512,1,1,0,0,0,0,0,0,0,0,0,0
260512,2,1,0,0,0,0,0,0,0,0,6,0
260513,1,1,0,0,0,0,0,0,0,0,0,0
260513,2,1,0,0,0,0,0,0,0,0,0,0
260514,0,1,29,0,0,0,0,0,0,0,0,0
260514,0,2,16,0,0,0,0,0,0,0,0,23
260514,1,1,0,0,0,0,0,0,0,0,0,0
260515,1,1,0,0,0,0,0,0,0,0,0,0
260516,1,1,0,0,0,0,0,0,0,0,0,0
260516,2,1,0,6,0,0,0,8,0,0,0,0
260517,1,1,0,0,0,0,0,0,0,0,0,0
260517,2,1,0,0,0,0,0,0,0,0,0,0
260517,3,1,0,0,0,0,0,0,0,0,0,0
260517,4,1,0,21,0,0,0,0,0,0,0,0
260518,1,1,0,0,0,0,0,0,0,0,0,0
260518,2,1,0,0,0,0,0,0,2,0,0,0
260519,0,1,24,15,0,0,0,0,0,0,0,0
260519,1,1,16,5,0,17,8,0,11,0,11,0
260520,1,1,0,0,0,0,0,0,0,0,26,0
260521,1,1,0,0,0,0,0,0,0,0,0,0
260521,2,1,0,0,0,0,0,0,0,22,0,0
260522,1,1,0,0,0,0,0,0,0,0,0,0
260522,2,1,0,0,9,0,0,0,0,0,0,0
260523,1,1,0,0,0,0,0,0,0,0,0,0
260523,2,1,0,0,0,0,0,0,0,0,0,0
260524,1,1,0,0,0,0,0,0,0,0,0,0
260525,1,1,0,0,0,0,0,0,0,0,0,0
260525,2,1,0,0,0,0,0,0,0,0,0,0
260526,1,1,13,13,13,13,13,13,13,13,13,13
260527,1,1,0,0,0,10,0,0,0,0,0,0
260528,1,1,1,1,1,1,1,1,1,1,1,1
260529,1,1,0,0,0,0,0,0,0,0,0,0
260529,2,1,0,0,0,0,0,0,0,0,0,0
260530,1,1,0,0,0,0,0,0,0,0,0,0
260530,2,1,3,3,3,3,3,3,3,3,3,3
260531,0,1,0,0,34,0,0,0,0,39,0,0
260531,1,1,0,0,0,0,0,0,0,0,0,0
260532,1,1,14,14,14,14,14,14,14,14,14,14
260533,1,1,0,0,0,0,0,0,0,0,0,0
260533,2,1,0,0,0,0,0,0,0,0,0,0
260534,0,1,0,0,0,0,0,0,0,0,0,15
260534,1,1,0,8,0,0,0,0,0,0,0,0
260535,1,1,0,0,0,0,0,0,0,0,0,0
260536,1,1,0,0,0,0,0,0,0,0,0,0
260537,1,1,12,12,12,12,12,12,12,12,12,12
260537,2,1,0,0,0,0,0,0,0,0,0,0
260538,0,1,18,25,22,19,15,22,8,27,17,19
260538,1,1,0,0,0,0,0,0,0,0,0,0
260539,1,1,0,0,0,0,0,0,0,0,0,0
260539,2,1,26,0,0,0,0,0,0,0,29,0
260540,0,1,19,19,19,19,19,19,19,19,19,19
260540,1,1,0,0,0,0,0,0,0,0,0,0
260541,0,1,0,0,0,25,0,0,0,23,0,0
260541,1,1,0,0,0,0,0,0,0,0,0,0
260542,1,1,0,0,0,0,0,0,0,0,0,0
260543,1,1,12,8,30,8,5,15,27,16,4,17
260544,1,1,7,7,7,7,7,7,7,7,7,7
260544,2,1,0,0,0,0,0,0,0,0,0,0
260545,1,1,0,0,0,0,0,0,0,0,0,0
260545,2,1,0,0,0,0,0,0,0,0,0,0
260545,3,1,0,0,0,0,0,0,0,0,0,0
260545,4,1,0,0,0,0,0,0,0,0,0,0
260546,0,1,0,0,0,0,0,0,0,0,0,0
260546,1,1,0,0,0,0,0,0,0,0,0,0
260547,1,1,13,10,6,16,23,27,16,19,31,20
260548,1,1,2,2,2,2,2,2,2,2,2,2
260548,2,1,0,0,0,0,0,0,0,0,0,0
260548,3,1,0,0,0,0,0,0,0,0,0,0
260549,1,1,0,0,0,0,0,0,0,0,0,0
260549,2,1,0,0,0,0,0,0,15,0,0,0
260550,0,1,0,0,0,0,0,0,0,0,0,0
260550,1,1,0,0,0,0,0,0,0,0,0,0
260551,1,1,18,18,18,18,18,18,18,18,18,18
260551,2,1,0,0,0,0,0,0,0,0,0,0
260552,0,1,20,0,0,0,9,0,0,12,0,0
260552,1,1,16,13,19,15,33,7,0,33,21,25
260553,1,1,44,16,28,27,7,39,22,13,15,26
260554,1,1,0,0,0,0,0,0,0,0,0,0
260554,2,1,5,0,0,0,0,0,0,0,0,0
260554,3,1,0,0,0,0,0,0,0,0,0,0
260555,1,1,14,14,14,14,14,14,14,14,14,14
260555,2,1,26,0,0,0,0,0,0,0,0,0
260556,1,1,0,0,0,0,0,0,0,0,0,0
260556,2,1,0,0,0,0,0,0,0,0,0,0
260557,1,1,11,12,5,22,12,7,6,2,24,15
260558,0,1,0,0,0,0,0,0,0,0,0,0
260558,1,1,0,0,0,0,0,0,0,0,0,0
260559,1,1,0,0,0,0,0,0,0,0,0,0
260559,2,1,0,0,0,0,0,0,0,0,0,0
260560,1,1,0,0,0,0,0,0,0,0,0,0
260560,2,1,0,0,0,0,0,0,0,0,0,0
260561,1,1,0,0,0,0,0,0,0,0,0,0
260562,1,1,12,12,12,12,12,12,12,12,12,12
260562,2,1,0,6,0,0,0,0,10,4,0,0
260563,1,1,0,0,0,0,0,0,0,0,0,0
260563,2,1,0,0,0,0,0,0,0,0,0,0
260564,1,1,0,0,0,0,0,12,0,0,18,0
260564,2,1,0,0,0,0,0,0,0,0,0,0
260565,1,1,0,0,0,0,0,0,0,0,0,0
260565,2,1,0,0,5,0,0,0,0,0,0,0
260566,1,1,0,0,0,0,0,0,0,0,0,0
260566,2,1,0,0,16,0,0,0,0,0,0,0
260567,0,1,0,13,0,0,0,0,0,0,0,0
260567,1,1,0,0,0,0,0,0,0,0,0,0
260568,1,1,0,0,0,0,0,0,0,0,0,0
260568,2,1,0,0,0,0,0,0,0,0,6,0
260569,1,1,22,22,22,22,22,22,22,22,22,22
260569,2,1,0,0,0,0,0,0,0,0,0,0
260570,0,1,0,0,0,0,0,0,0,0,0,0
260570,0,2,0,0,0,0,0,0,0,0,0,0
260570,1,1,10,10,10,10,10,10,10,10,10,10
260571,1,1,0,0,0,0,0,0,0,0,0,0
260571,2,1,18,24,15,17,0,0,0,0,0,0
260572,1,1,0,0,0,0,0,0,0,0,0,9
260572,2,1,0,0,0,0,0,0,0,0,0,0
260573,1,1,0,0,0,0,0,0,0,0,0,0
260573,2,1,0,0,0,0,0,0,0,0,0,0
260574,1,1,0,0,0,0,0,0,0,0,0,0
260574,2,1,0,0,0,0,0,0,0,0,0,0
260575,1,1,0,0,0,0,0,0,0,0,0,0
260575,2,1,0,0,0,0,0,0,0,4,0,0
260576,1,1,27,7,16,7,21,14,0,16,17,17
260576,2,1,0,0,0,0,0,0,0,0,0,0
260577,1,1,19,19,19,19,19,19,19,19,19,19
260578,1,1,0,0,0,0,0,0,0,0,0,0
260579,0,1,0,0,0,0,0,0,0,0,0,0
260579,0,2,0,0,0,0,0,0,0,0,0,19
260579,1,1,9,0,0,0,0,0,17,0,0,0
260580,1,1,23,6,7,0,16,4,12,19,24,19
260581,1,1,0,0,0,0,11,0,0,0,0,0
260582,0,1,0,0,0,0,0,0,0,0,21,6
260582,1,1,0,0,0,0,0,0,0,0,0,0
260583,1,1,0,0,0,0,0,0,0,0,0,0
260583,2,1,0,0,0,0,0,0,0,0,0,0
260584,1,1,22,22,22,22,22,22,22,22,22,22
260584,2,1,24,0,0,0,0,0,0,0,0,0
260585,1,1,0,0,0,0,0,0,0,0,0,0
260586,1,1,0,0,0,0,22,0,0,0,0,0
260586,2,1,0,0,0,0,0,0,0,0,0,0
260587,0,1,0,0,0,0,0,0,0,0,0,0
260587,1,1,0,0,15,0,0,0,0,0,0,0
260587,2,1,0,0,0,0,0,0,0,0,0,0
260587,3,1,0,0,0,0,0,0,0,0,0,0
260587,4,1,0,0,8,0,0,0,0,0,0,0
260588,1,1,16,16,16,16,16,16,16,16,16,16
260589,1,1,25,0,0,0,0,0,0,0,0,0
260589,2,1,0,0,0,0,0,0,0,0,0,0
260590,0,1,18,18,18,18,18,18,18,18,18,18
260590,1,1,0,0,0,0,0,0,0,0,0,0
260591,1,1,0,0,0,0,0,0,0,0,0,0
260591,2,1,0,0,0,12,0,0,0,0,0,0
260592,1,1,0,0,0,0,0,0,0,0,0,0
260593,0,1,0,0,0,0,0,0,0,0,0,0
260593,1,1,0,0,0,0,0,0,0,0,14,0
260594,1,1,0,0,0,0,0,0,0,0,0,0
260594,2,1,0,0,0,0,0,0,0,0,0,0
260595,1,1,0,0,0,0,0,0,0,0,0,0
260596,1,1,24,24,24,24,24,24,24,24,24,24
260596,2,1,3,3,3,3,3,3,3,3,3,3
260597,0,1,0,0,0,0,0,0,0,0,0,0
260597,1,1,0,0,0,0,0,0,0,0,0,0
260598,1,1,0,30,0,0,0,0,0,11,0,0
260599,0,1,0,22,18,0,0,0,15,0,31,8
260599,1,1,0,0,0,0,0,0,0,0,0,0
260600,1,1,43,6,30,20,17,11,17,27,20,6
260601,1,1,19,19,19,19,19,19,19,19,19,19
260602,1,1,0,0,0,0,0,0,0,0,0,0
260603,1,1,0,0,0,0,0,0,0,0,0,0
260603,2,1,0,0,0,0,0,0,0,0,0,0
260604,1,1,21,21,21,21,21,21,21,21,21,21
260605,1,1,0,0,0,0,0,9,0,31,0,0
260606,0,1,0,0,0,0,0,0,0,0,0,0
260606,1,1,0,0,0,0,0,0,0,0,0,0
260607,1,1,0,0,0,0,0,0,0,0,0,0
260607,2,1,0,0,0,0,0,0,0,0,0,10
260608,0,1,4,4,4,4,4,4,4,4,4,4
260608,1,1,0,14,0,0,0,0,0,22,0,0
260609,1,1,0,0,0,0,0,0,0,0,0,0
260610,1,1,20,20,20,20,20,20,20,20,20,20
260611,1,1,4,4,4,4,4,4,4,4,4,4
260612,1,1,0,0,11,0,0,0,0,0,0,0
260612,2,1,0,0,0,0,0,0,0,0,0,0
260613,0,1,0,0,0,18,0,0,0,0,0,0
260613,1,1,0,15,0,0,9,0,0,0,0,0
260614,1,1,0,0,0,0,0,0,0,0,0,0
260614,2,1,0,0,0,0,0,0,0,0,0,0
260615,1,1,0,0,0,0,0,0,0,0,0,0
260615,2,1,0,0,0,0,0,0,0,0,0,0
260616,1,1,0,0,0,0,0,0,0,0,0,0
260617,0,1,0,0,0,0,0,0,0,0,0,19
260617,1,1,0,13,0,0,0,0,0,0,0,0
260618,1,1,0,0,0,0,0,26,0,0,0,0
260619,1,1,0,0,0,0,0,0,0,0,0,0
260619,2,1,0,0,0,0,0,0,0,0,0,0
260619,3,1,0,0,0,0,0,0,0,0,0,0
260620,1,1,0,0,0,0,0,0,0,0,0,0
260620,2,1,0,0,0,0,0,0,0,0,0,0
260621,1,1,0,0,0,0,0,0,0,0,0,0
260621,2,1,0,0,0,0,0,0,0,0,0,0
260622,1,1,33,20,40,13,20,22,15,14,15,28
260623,1,1,45,45,45,45,45,45,45,45,45,45
260625,0,1,0,0,0,0,0,0,0,0,0,0
260625,1,1,3,3,3,3,3,3,3,3,3,3
260625,2,1,1,1,1,1,1,1,1,1,1,1
260626,1,1,0,0,0,0,0,0,0,0,0,0
260627,1,1,0,0,0,0,0,0,0,0,0,25
260628,1,1,5,5,5,5,5,5,5,5,5,5
260628,2,1,0,0,0,0,0,0,0,0,0,0
260629,1,1,0,0,0,0,0,0,0,0,0,0
260629,2,1,0,0,0,0,0,0,0,0,0,0
260630,1,1,15,7,17,17,11,12,24,22,32,13
260631,1,1,0,0,0,0,0,0,0,0,0,0
260631,2,1,0,0,0,0,0,0,0,0,0,0
260632,1,1,0,0,0,0,0,0,0,0,0,0
260633,1,1,0,0,0,0,0,0,0,0,0,0
260634,1,1,0,0,0,0,0,0,0,0,0,0
260634,2,1,0,0,0,0,0,0,0,0,0,0
260635,1,1,0,0,0,0,0,0,0,0,0,0
260635,2,1,0,0,0,0,0,0,0,0,0,0
260636,1,1,0,0,0,0,0,0,0,0,0,0
260636,2,1,17,0,0,0,0,0,0,0,0,0
260637,1,1,10,22,17,24,28,10,28,22,0,15
260637,2,1,0,0,0,0,0,0,0,0,0,0
260638,1,1,16,16,16,16,16,16,16,16,16,16
260639,0,1,22,0,0,0,0,0,0,3,0,26
260639,0,2,0,0,0,0,0,0,0,0,0,0
260639,0,3,0,0,0,0,0,0,0,0,0,0
260639,1,1,0,0,0,0,0,0,0,0,0,0
260640,1,1,0,0,0,0,0,0,0,0,0,0
260640,2,1,0,0,0,0,0,0,0,0,0,0
260641,1,1,0,0,0,0,0,0,0,0,0,0
260642,1,1,0,0,0,0,0,0,0,0,0,0
260642,2,1,0,0,0,0,0,0,0,0,0,0
260643,1,1,0,0,0,0,0,0,0,7,0,0
260643,2,1,0,0,0,0,0,0,0,0,0,0
260644,1,1,0,0,0,0,0,0,0,0,0,0
260644,2,1,0,0,0,0,0,0,0,0,0,0
260645,1,1,0,0,0,0,0,0,0,21,0,0
260646,1,1,22,22,22,22,22,22,22,22,22,22
260646,2,1,8,0,0,8,11,0,0,0,0,0
260647,1,1,0,0,0,0,0,0,0,0,0,0
260648,1,1,0,0,0,0,0,0,0,0,0,0
260648,2,1,0,0,0,0,0,0,0,0,0,0
260649,1,1,0,0,0,0,0,0,0,0,0,0
260649,2,1,0,0,0,0,0,0,0,0,0,0
260650,0,1,22,16,45,0,3,27,13,17,13,22
260650,1,1,0,0,0,0,0,0,0,0,0,0
260651,1,1,15,15,15,15,15,15,15,15,15,15
260652,0,1,0,0,0,0,0,0,0,0,0,10
260652,1,1,0,0,0,0,0,0,0,0,27,0
260653,1,1,0,0,0,0,0,0,0,0,0,0
260654,1,1,0,0,0,0,0,0,0,0,0,0
260654,2,1,0,0,0,0,0,0,0,0,0,0
260655,1,1,0,0,0,0,0,0,0,0,0,0
260655,2,1,0,0,0,0,0,0,0,0,0,0
260655,3,1,0,0,0,0,0,0,0,0,0,0
260655,4,1,0,0,0,0,0,0,13,0,0,0
260656,1,1,0,0,0,0,0,0,0,0,0,0
260656,2,1,0,0,13,0,0,0,0,0,0,0
260656,3,1,0,0,4,0,0,0,0,0,14,0