ST_CASE,VEH_NO,PER_NO,P1,P2,P3,P4,P5,P6,P7,P8,P9,P10
260656,4,1,15,4,17,0,0,0,8,8,0,17
260657,1,1,17,30,14,34,19,20,23,25,23,17
260658,1,1,0,0,0,0,0,0,0,0,0,0
260658,2,1,0,0,0,0,0,0,0,0,0,0
260659,0,1,5,0,0,0,5,0,0,22,0,0
260659,1,1,0,14,0,0,23,0,20,0,20,9
260660,1,1,0,4,0,0,23,0,23,0,25,0
260661,1,1,0,0,0,0,0,0,0,0,0,0
260662,1,1,0,0,0,0,0,0,0,0,0,0
260662,2,1,0,0,0,0,0,0,0,0,0,0
260663,1,1,0,0,0,0,0,0,0,0,0,0
260663,2,1,0,0,0,0,0,0,0,0,0,0
260664,1,1,0,0,0,0,0,0,0,0,0,0
260664,2,1,0,0,0,0,0,0,0,0,0,0
260665,1,1,0,0,13,11,14,21,0,0,0,0
260666,1,1,0,0,0,0,0,0,0,0,0,0
260666,2,1,19,19,19,19,19,19,19,19,19,19
260667,1,1,0,0,0,0,0,0,0,0,0,0
260667,2,1,0,0,0,0,0,0,0,0,0,0
260668,1,1,0,0,0,0,0,0,0,0,0,0
260668,2,1,0,0,0,0,0,0,0,0,0,0
260669,0,1,0,0,0,0,0,26,0,0,0,0
260669,1,1,0,0,0,0,0,0,0,0,0,0
260670,1,1,17,17,17,17,17,17,17,17,17,17
260670,2,1,0,0,0,0,0,0,0,0,0,0
260671,1,1,0,0,0,0,0,0,0,0,0,0
260671,2,1,0,0,0,0,0,0,0,0,0,0
260672,0,1,0,0,21,21,0,0,0,0,0,0
260672,1,1,0,0,0,0,0,0,0,0,0,0
260673,1,1,0,0,0,0,0,0,0,0,0,0
260673,2,1,0,0,0,0,0,0,0,0,0,0
260674,1,1,8,8,8,8,8,8,8,8,8,8
260675,1,1,18,18,18,18,18,18,18,18,18,18
260676,1,1,34,0,24,27,14,0,2,23,13,0
260676,2,1,15,0,3,0,0,9,3,6,0,0
260677,0,1,0,0,0,0,0,0,0,0,0,0
260677,1,1,0,0,0,20,21,0,0,0,0,0
260678,1,1,0,0,0,0,0,0,0,0,0,0
260678,2,1,0,0,0,0,0,0,0,0,0,0
260679,1,1,0,0,0,0,0,0,0,0,0,0
260679,2,1,0,0,0,0,0,0,0,0,0,0
260680,1,1,17,17,17,17,17,17,17,17,17,17
260680,2,1,10,0,0,0,0,0,0,0,0,0
260681,1,1,18,20,21,26,9,22,20,18,11,16
260682,1,1,0,0,0,0,0,0,0,0,0,0
260682,2,1,0,0,0,0,0,4,0,0,0,0
260683,1,1,0,0,0,0,20,0,0,0,0,0
260683,2,1,0,0,0,0,0,14,0,0,0,0
260683,3,1,0,0,0,0,0,0,0,0,0,0
260684,1,1,22,22,22,22,22,22,22,22,22,22
260684,2,1,0,0,0,0,0,0,0,0,0,0
260685,1,1,0,0,0,0,0,0,0,0,0,0
260685,2,1,0,0,0,0,0,0,0,0,0,0
260686,1,1,19,23,6,20,27,39,11,29,8,7
260687,1,1,0,0,0,21,0,0,0,0,0,0
260688,0,1,20,10,60,20,33,8,22,33,41,19
260688,1,1,19,19,19,19,19,19,19,19,19,19
260689,0,1,31,31,31,31,31,31,31,31,31,31
260689,1,1,0,0,0,0,0,0,0,0,0,0
260690,1,1,0,0,0,0,0,0,0,0,0,0
260690,2,1,0,0,0,0,0,0,0,4,0,0
260691,1,1,47,20,25,18,21,0,14,5,0,13
260692,0,1,0,0,0,0,4,0,0,0,0,0
260692,1,1,0,0,0,0,0,31,0,0,0,0
260693,1,1,0,0,0,0,0,0,0,0,0,0
260693,2,1,0,0,0,0,0,0,0,0,0,0
260694,0,1,0,0,0,0,0,0,0,0,0,0
260694,1,1,0,0,0,0,13,0,0,0,0,0
260695,1,1,0,0,0,0,0,0,0,0,0,0
260696,1,1,0,0,0,0,0,0,0,0,0,0
260696,2,1,0,0,0,0,0,0,0,0,0,0
260697,1,1,0,0,0,0,0,0,0,0,0,0
260697,2,1,0,0,0,0,0,0,0,0,0,0
260698,1,1,0,0,0,0,0,0,0,0,0,0
260698,2,1,0,5,0,0,0,0,0,0,0,0
260699,1,1,12,19,27,26,12,22,15,16,5,14
260700,1,1,23,23,23,23,23,23,23,23,23,23
260700,2,1,0,0,0,0,0,0,0,0,0,0
260701,1,1,0,0,0,0,0,0,0,0,0,0
260701,2,1,0,0,0,0,0,0,0,0,0,0
260702,1,1,18,18,18,18,18,18,18,18,18,18
260702,2,1,0,0,0,0,0,0,0,0,0,0
260703,1,1,0,0,0,0,0,0,0,0,0,0
260703,2,1,0,0,0,28,0,0,0,0,0,0
260704,1,1,24,24,24,24,24,24,24,24,24,24
260705,1,1,0,0,0,0,0,0,0,0,0,0
260706,1,1,27,27,27,27,27,27,27,27,27,27
260707,1,1,24,24,24,24,24,24,24,24,24,24
260707,2,1,0,0,0,0,12,0,0,0,0,0
260708,1,1,0,0,0,0,0,0,0,0,0,0
260709,1,1,0,0,0,0,0,0,0,0,0,0
260709,2,1,0,0,0,0,0,0,0,0,0,0
260710,1,1,25,25,25,25,25,25,25,25,25,25
260711,0,1,0,0,0,0,11,0,26,0,11,0
260711,1,1,14,8,8,19,0,0,0,0,0,10
260712,1,1,0,0,0,0,0,0,0,0,0,0
260712,2,1,0,0,0,0,0,0,0,0,0,0
260713,1,1,15,15,15,15,15,15,15,15,15,15
260713,2,1,0,0,0,0,0,0,0,0,0,0
260714,1,1,15,15,15,15,15,15,15,15,15,15
260715,0,1,16,23,28,20,15,8,22,25,23,8
260715,1,1,0,0,0,0,0,0,0,0,0,0
260716,1,1,0,0,0,0,0,0,12,0,0,0
260716,2,1,0,0,0,0,0,0,0,0,0,0
260717,1,1,0,0,0,0,0,0,0,0,0,0
260718,1,1,17,0,0,0,0,0,0,0,0,0
260718,2,1,0,0,0,0,0,0,0,0,0,0
260719,1,1,0,0,0,0,0,12,0,0,0,13
260720,1,1,0,0,0,0,0,0,0,0,0,0
260720,2,1,0,0,0,0,0,0,0,0,0,0
260721,1,1,0,0,0,17,0,25,0,0,0,0
260722,1,1,0,0,0,0,0,0,0,0,0,0
260722,2,1,0,0,0,0,0,0,0,0,0,0
260722,3,1,0,0,0,0,0,0,0,0,0,0
260723,1,1,15,15,15,15,15,15,15,15,15,15
260723,2,1,0,19,0,0,0,0,0,0,0,0
260724,1,1,22,22,22,22,22,22,22,22,22,22
260724,2,1,0,0,0,0,0,0,0,0,0,0
260725,1,1,2,2,2,2,2,2,2,2,2,2
260725,2,1,0,0,0,0,0,0,0,0,0,0
260726,0,1,0,0,0,0,0,0,0,0,0,0
260726,1,1,0,0,0,0,0,0,0,0,0,0
260727,1,1,0,0,0,0,22,0,0,0,0,0
260727,2,1,0,0,0,0,0,0,0,0,0,0
260728,1,1,0,0,0,0,0,0,0,0,0,0
260728,2,1,0,0,0,0,0,0,0,0,0,0
260729,0,1,0,0,0,0,0,0,0,0,0,0
260729,1,1,0,0,0,0,0,0,0,0,0,0
260730,1,1,0,0,0,28,0,0,0,0,0,0
260730,2,1,0,0,0,0,0,0,0,0,0,0
260730,3,1,0,0,0,0,0,0,0,0,0,0
260731,0,1,0,0,0,0,0,0,0,0,0,0
260731,1,1,0,7,0,25,0,0,0,0,0,0
260732,1,1,15,15,15,15,15,15,15,15,15,15
260733,1,1,10,10,10,10,10,10,10,10,10,10
260734,1,1,0,0,0,0,0,0,0,0,0,0
260734,2,1,0,0,0,0,0,0,0,0,0,0
260735,1,1,0,0,0,0,0,0,0,0,0,0
260735,2,1,0,0,0,0,0,0,0,0,0,0
260735,3,1,0,0,0,0,0,0,0,0,0,0
260736,0,1,0,0,0,0,0,0,0,0,0,0
260736,1,1,0,0,0,0,0,0,0,0,0,0
260736,2,1,0,0,0,0,0,0,0,0,0,0
260737,0,1,0,0,0,0,16,0,0,0,0,0
260737,1,1,0,0,0,0,0,0,0,0,0,0
260738,1,1,7,7,7,7,7,7,7,7,7,7
260738,2,1,0,0,0,0,0,0,0,0,0,0
260739,1,1,0,0,0,0,0,0,0,0,0,0
260739,2,1,0,0,0,0,0,0,0,0,0,0
260739,3,1,0,0,2,0,0,0,0,0,0,0
260739,4,1,0,0,0,0,0,0,0,0,0,0
260739,5,1,0,0,0,0,0,0,0,0,0,17
260739,6,1,0,0,0,0,0,21,0,0,0,0
260739,7,1,0,0,0,0,0,0,0,0,0,0
260739,8,1,0,0,0,0,0,0,0,0,0,0
260739,9,1,0,0,0,0,0,0,0,0,0,0
260739,10,1,0,0,0,0,0,0,0,0,0,0
260740,0,1,11,27,29,25,41,20,16,11,0,12
260740,1,1,0,0,0,0,0,0,0,0,0,0
260741,0,1,0,0,0,0,0,0,0,0,0,0
260741,1,1,0,0,0,0,0,0,0,0,0,0
260742,1,1,15,15,15,15,15,15,15,15,15,15
260743,1,1,0,0,0,0,0,0,0,0,0,0
260744,1,1,0,0,0,0,0,0,0,0,0,0
260745,1,1,22,22,22,22,22,22,22,22,22,22
260746,1,1,0,0,0,0,0,0,0,0,0,0
260746,2,1,0,0,0,0,0,0,0,0,0,0
260746,3,1,0,0,0,0,0,0,0,0,0,0
260746,4,1,0,0,0,0,0,0,0,0,0,0
260747,1,1,19,19,19,19,19,19,19,19,19,19
260748,1,1,0,0,0,0,0,0,0,0,0,0
260748,2,1,0,0,0,0,0,0,0,0,0,0
260749,0,1,0,0,23,0,0,35,0,0,21,0
260749,1,1,8,8,8,8,8,8,8,8,8,8
260750,0,1,23,23,23,23,23,23,23,23,23,23
260750,1,1,0,7,0,0,0,0,0,0,0,0
260751,1,1,0,0,0,0,0,0,0,0,0,0
260751,2,1,0,0,0,0,0,0,0,0,0,0
260752,1,1,0,0,0,0,0,0,0,0,0,0
260752,2,1,0,0,0,0,0,0,0,0,0,0
260753,1,1,0,0,0,0,0,0,0,0,0,0
260753,2,1,0,0,0,0,0,0,0,0,0,0
260754,1,1,0,0,0,0,0,0,0,0,0,0
260754,2,1,0,0,0,0,0,0,0,0,0,0
260755,1,1,0,0,0,0,0,0,0,0,0,0
260755,2,1,0,0,0,0,0,0,0,0,0,0
260756,1,1,0,0,0,0,0,0,0,0,0,0
260756,2,1,0,14,0,0,0,0,0,0,0,0
260757,1,1,0,0,0,0,0,0,0,0,0,0
260757,2,1,0,0,0,0,0,0,0,0,0,0
260757,3,1,0,0,0,0,0,0,0,0,0,0
260758,1,1,0,0,0,0,0,0,0,0,0,0
260758,2,1,0,0,0,0,0,0,0,0,0,0
260759,1,1,0,0,0,0,0,0,0,0,0,0
260759,2,1,0,0,0,0,0,0,0,0,0,0
260759,3,1,0,0,0,0,0,0,0,0,0,0
260759,4,1,0,0,0,0,0,0,0,0,0,0
260760,1,1,11,11,11,11,11,11,11,11,11,11
260762,1,1,0,0,0,0,0,0,0,0,0,0
260762,2,1,0,0,0,0,0,0,0,0,0,0
260763,0,1,0,0,18,33,20,0,15,0,0,0
260763,1,1,0,0,0,18,0,0,0,0,0,0
260763,2,1,38,0,0,0,0,0,0,0,0,0
260764,0,1,0,0,9,37,0,0,0,0,0,0
260764,1,1,0,0,0,0,0,0,0,0,0,0
260765,1,1,0,0,0,0,0,0,0,0,0,0
260765,2,1,0,0,0,0,0,0,0,0,0,0
260766,0,1,0,0,0,0,0,0,0,0,0,0
260766,1,1,0,0,0,0,0,0,0,0,0,0
260767,1,1,15,8,6,14,13,18,29,0,6,12
260767,2,1,0,0,0,0,0,0,0,0,0,0
260768,1,1,19,0,0,0,0,0,0,0,6,0
260768,2,1,0,0,0,0,0,0,0,0,0,0
260769,1,1,0,0,0,0,0,0,0,0,0,0
260770,1,1,0,0,0,0,0,0,0,0,0,0
260770,2,1,0,0,0,0,0,0,0,0,0,0
260771,0,1,0,0,0,0,26,0,0,0,0,0
260771,0,2,0,0,0,0,0,0,0,0,0,0
260771,0,3,0,0,0,0,0,0,0,0,0,0
260771,0,4,0,0,0,0,0,0,0,0,0,0
260771,0,5,0,0,0,0,0,0,0,0,0,0
260771,0,6,0,0,0,0,0,0,0,0,0,0
260771,0,7,0,0,0,0,0,0,0,0,0,0
260771,0,8,0,0,0,0,0,0,0,0,0,0
260771,0,9,0,0,0,0,0,0,0,0,0,0
260771,1,1,0,0,0,0,0,0,0,0,0,0
260772,1,1,0,0,0,0,0,0,0,0,0,0
260772,2,1,0,0,0,0,0,0,0,0,0,0
260773,1,1,15,0,0,0,0,0,0,0,0,0
260774,1,1,16,16,16,16,16,16,16,16,16,16
260775,0,1,36,36,36,36,36,36,36,36,36,36
260775,1,1,17,0,23,0,34,19,0,0,0,35
260776,1,1,0,23,37,0,8,0,21,0,12,0
260777,1,1,24,18,16,10,17,21,25,21,17,15
260778,0,1,0,0,0,0,0,0,0,0,0,0
260778,1,1,0,0,0,0,0,0,0,0,2,5
260778,2,1,0,0,0,0,0,0,0,0,0,0
260779,1,1,11,17,46,22,15,5,27,20,15,19
260779,2,1,0,0,0,0,0,0,0,7,0,0
260780,1,1,0,0,0,0,0,0,0,0,0,0
260780,2,1,0,0,0,0,0,0,0,0,0,0
260781,0,1,0,0,0,0,0,0,0,0,0,0
260781,1,1,0,0,17,0,0,0,31,0,0,0
260782,1,1,0,0,0,0,0,0,0,0,10,24
260782,2,1,0,0,9,0,0,0,0,0,0,0
260783,1,1,0,0,0,0,0,0,0,0,0,0
260783,2,1,0,0,0,0,0,0,0,0,0,0
260784,1,1,0,0,0,0,0,0,0,0,0,0
260785,1,1,0,0,0,0,0,0,0,0,0,0
260785,2,1,0,0,0,0,0,0,0,0,0,0
260786,1,1,26,26,26,26,26,26,26,26,26,26
260787,1,1,22,20,19,3,11,11,26,27,29,12
260788,1,1,0,0,0,0,0,0,0,0,0,0
260788,2,1,0,0,0,0,0,0,0,0,0,0
260790,0,1,0,0,0,0,0,0,0,0,0,0
260790,1,1,0,0,0,0,0,0,0,0,0,0
260790,2,1,0,0,0,0,0,0,0,0,0,0
260791,1,1,0,0,20,0,0,0,0,28,0,0
260792,1,1,0,0,0,0,0,0,0,0,0,0
260793,1,1,20,20,20,20,20,20,20,20,20,20
260794,0,1,0,0,0,0,0,22,19,0,0,0
260794,1,1,0,0,0,0,0,0,0,0,0,0
260794,2,1,0,0,0,0,0,0,0,0,0,0
260795,1,1,0,0,0,16,0,0,0,0,0,0
260796,0,1,18,18,18,18,18,18,18,18,18,18
260796,1,1,0,0,0,0,0,0,0,0,0,0
260797,1,1,0,0,0,0,0,0,0,0,0,0
260797,2,1,0,0,0,0,0,0,0,0,0,0
260798,1,1,33,33,33,33,33,33,33,33,33,33
260800,1,1,31,31,31,31,31,31,31,31,31,31
260800,2,1,0,0,0,0,0,0,0,0,0,0
260801,1,1,24,24,24,24,24,24,24,24,24,24
260802,1,1,0,0,0,0,0,0,0,0,0,0
260802,2,1,0,0,0,0,0,0,0,0,0,0
260803,1,1,11,11,11,11,11,11,11,11,11,11
260803,2,1,0,0,0,0,0,0,0,0,0,0
260804,1,1,0,0,0,0,0,0,0,0,0,0
260804,2,1,0,0,0,0,13,0,0,0,0,0
260805,1,1,0,0,0,0,0,0,0,0,0,0
260805,2,1,0,0,0,0,0,0,0,0,0,0
260806,1,1,0,0,0,0,0,0,0,0,0,0
260807,1,1,0,29,0,18,0,17,15,0,0,13
260808,0,1,0,0,0,0,0,0,0,0,0,0
260808,1,1,0,0,0,0,0,0,0,0,0,0
260809,1,1,0,0,0,12,0,24,8,18,13,0
260810,0,1,19,0,0,0,53,0,12,0,0,19
260810,1,1,0,0,0,0,0,0,23,0,0,0
260811,1,1,0,0,0,0,0,0,0,0,0,0
260812,1,1,14,14,14,14,14,14,14,14,14,14
260813,1,1,17,17,17,17,17,17,17,17,17,17
260814,1,1,0,0,0,0,0,0,0,0,0,0
260814,2,1,0,0,0,0,0,0,0,0,0,0
260815,1,1,10,10,10,10,10,10,10,10,10,10
260816,1,1,0,0,0,0,0,0,0,0,0,0
260817,0,1,0,0,0,0,0,0,0,0,0,0
260817,1,1,0,0,0,0,0,0,0,0,0,0
260818,1,1,0,0,26,0,0,0,0,0,0,0
260818,2,1,0,0,0,0,0,0,0,0,0,0
260819,1,1,10,0,0,12,13,18,9,14,12,0
260819,2,1,0,0,0,0,0,0,0,0,0,0
260820,1,1,16,18,15,16,15,12,18,15,18,14
260821,1,1,0,0,0,0,0,0,0,0,0,0
260821,2,1,0,0,0,0,0,0,0,0,0,0
260822,1,1,0,0,0,0,0,0,17,0,0,0
260822,2,1,0,0,0,0,0,0,0,0,0,0
260823,1,1,0,0,0,0,0,0,0,0,0,0
260823,2,1,0,0,0,0,0,18,0,0,0,0
260823,3,1,0,0,0,0,0,0,0,0,0,0
260824,0,1,0,0,0,0,31,0,0,28,27,0
260824,1,1,0,0,0,0,0,0,0,0,0,0
260825,1,1,0,0,0,0,0,0,0,0,0,0
260825,2,1,7,0,0,0,0,0,0,0,0,0
260826,1,1,0,0,0,0,0,0,0,0,0,0
260826,2,1,0,0,0,0,0,0,0,0,0,0
260827,0,1,0,0,0,0,0,0,0,0,0,0
260827,1,1,13,13,13,13,13,13,13,13,13,13
260828,1,1,0,0,0,0,0,0,0,0,0,12
260828,2,1,0,0,0,0,0,0,0,0,0,0
260829,1,1,13,0,15,46,10,0,18,12,0,10
260829,2,1,16,16,16,16,16,16,16,16,16,16
260830,1,1,0,0,0,0,0,0,0,0,0,0
260830,2,1,0,0,0,0,0,0,0,0,0,0
260831,1,1,7,17,35,20,13,12,29,13,7,0
260832,1,1,23,23,23,23,23,23,23,23,23,23
260832,2,1,0,0,0,0,0,0,0,0,0,0
260833,1,1,0,0,0,0,0,0,0,0,0,0
260833,2,1,0,0,0,0,0,0,0,0,0,0
260834,1,1,0,0,0,0,0,0,0,0,0,0
260835,1,1,3,3,3,3,3,3,3,3,3,3
260835,2,1,0,0,0,0,0,0,0,0,0,0
260836,1,1,0,0,0,0,0,0,0,0,0,0
260836,2,1,0,0,0,0,0,0,0,0,0,0
260837,1,1,25,0,20,11,25,9,20,18,29,20
260838,0,1,19,19,19,19,19,19,19,19,19,19
260838,1,1,0,0,0,0,0,0,0,0,0,0
260839,1,1,0,0,0,0,0,0,0,0,0,0
260839,2,1,0,0,0,0,0,0,0,0,0,0
260840,1,1,25,25,25,25,25,25,25,25,25,25
260841,0,1,16,16,16,16,16,16,16,16,16,16
260841,1,1,0,0,0,0,0,0,0,0,0,0
260842,0,1,29,0,0,0,0,0,14,11,0,0
260842,1,1,0,0,0,0,0,0,0,0,0,0
260843,1,1,0,0,0,0,0,0,0,0,0,0
260843,2,1,0,0,0,0,0,0,0,0,0,0
260844,1,1,0,0,0,0,0,0,0,0,0,0
260845,1,1,18,18,18,18,18,18,18,18,18,18
260846,0,1,14,28,0,0,0,0,0,0,0,0
260846,0,2,0,0,0,11,0,0,0,0,0,0
260846,1,1,0,26,0,0,0,0,0,0,0,0
260847,0,1,0,0,0,0,0,0,0,0,0,3
260847,1,1,0,0,0,0,0,0,0,0,0,0
260848,1,1,0,0,0,0,0,0,0,0,0,0
260848,2,1,0,0,0,0,0,0,0,0,0,0
260848,3,1,0,0,0,0,0,0,0,0,0,0
260849,1,1,20,20,20,20,20,20,20,20,20,20
260850,0,1,0,0,0,30,0,0,0,0,0,0
260850,1,1,0,0,0,0,0,0,0,0,0,0
260851,0,1,0,0,0,16,0,19,18,15,0,0
260851,1,1,0,0,0,0,0,0,0,0,0,0
260852,1,1,34,0,0,13,25,0,0,0,0,13
260853,0,1,18,18,18,18,18,18,18,18,18,18
260853,1,1,0,0,0,0,0,0,0,0,0,0
260854,1,1,12,12,12,12,12,12,12,12,12,12
260855,1,1,0,0,0,0,0,0,0,0,0,0
260856,1,1,0,0,0,0,0,0,0,0,0,0
260856,2,1,0,0,0,0,0,0,0,0,0,0
260857,1,1,0,13,0,15,0,0,0,0,0,0
260858,1,1,0,0,0,0,0,0,0,0,0,0
260860,1,1,11,26,16,8,12,14,11,14,14,12
260860,2,1,0,0,0,0,0,0,0,0,0,0
260861,1,1,3,0,0,0,0,0,0,0,0,0
260861,2,1,0,0,0,0,0,0,0,0,0,0
260862,0,1,32,11,0,9,28,8,19,25,10,23
260862,1,1,8,8,8,8,8,8,8,8,8,8
260863,1,1,0,0,0,0,0,0,0,0,0,0
260863,2,1,0,0,0,0,0,0,0,0,0,0
260863,3,1,0,0,0,0,0,0,0,0,0,10
260864,1,1,20,34,9,10,31,21,7,32,14,18
260865,1,1,2,2,2,2,2,2,2,2,2,2
260866,0,1,0,0,0,0,0,0,0,0,0,0
260867,1,1,23,23,23,23,23,23,23,23,23,23
260867,2,1,0,0,0,0,0,0,0,0,0,0
260867,3,1,0,0,0,0,0,0,0,0,0,0
260868,1,1,0,0,0,9,0,0,0,0,11,0
260869,1,1,0,0,0,0,0,0,0,0,0,0
260869,2,1,0,0,0,0,0,0,0,0,0,0
260869,3,1,0,0,0,0,0,0,0,0,0,0
260870,0,1,0,0,0,0,0,0,0,0,0,0
260870,1,1,0,0,0,0,0,0,0,0,0,0
260871,1,1,16,16,16,16,16,16,16,16,16,16
260872,1,1,0,0,0,0,0,0,0,0,0,0
260873,0,1,0,0,0,0,0,0,0,0,0,0
260873,1,1,0,0,0,0,0,0,0,0,0,0
260874,1,1,0,0,0,0,0,0,0,0,0,0
260874,2,1,0,0,0,0,0,0,0,0,0,0
260875,1,1,7,28,19,11,23,27,15,18,19,33
260875,2,1,0,0,0,0,0,0,0,0,0,0
260876,0,1,0,0,0,33,0,22,0,0,0,0
260876,1,1,0,0,0,0,0,0,0,0,0,0
260877,1,1,0,5,0,0,0,0,0,0,0,0
260877,2,1,0,0,0,0,0,0,0,0,0,0
260878,1,1,0,0,0,0,0,0,0,0,0,0
260879,1,1,0,0,0,0,0,0,0,0,0,0
260880,1,1,0,0,0,0,0,0,0,0,0,0
260881,1,1,0,0,0,0,0,0,0,0,0,0
260881,2,1,0,0,0,0,0,0,0,0,0,0
260882,1,1,0,0,0,0,0,0,0,0,0,0
260882,2,1,0,0,0,0,0,0,0,0,0,0
260883,0,1,0,0,0,0,0,0,0,0,14,0
260883,1,1,0,0,0,0,0,17,0,0,0,0
260884,1,1,0,10,15,0,8,11,31,8,0,14
260884,2,1,0,0,0,0,0,0,0,0,0,0
260885,1,1,0,0,0,0,0,0,0,0,0,0
260885,2,1,0,0,0,0,0,0,0,0,0,0
260886,1,1,0,0,0,0,0,0,0,0,0,0
260887,1,1,0,0,0,0,0,21,0,16,0,16
260888,1,1,0,0,0,0,0,0,0,0,0,0
260888,2,1,0,0,0,0,0,0,0,0,0,0
260889,1,1,28,19,0,23,0,0,0,21,0,14
260890,1,1,0,0,0,0,0,0,0,0,0,0
260890,2,1,0,0,0,0,0,0,0,0,0,0
260891,1,1,0,0,0,0,0,0,0,0,0,0
260892,0,1,24,12,18,13,34,21,15,16,34,7
260892,1,1,0,0,0,0,0,0,0,0,0,0
260893,1,1,4,0,8,0,25,15,13,15,13,0
260894,1,1,0,0,0,0,0,0,0,0,0,0
260894,2,1,0,0,0,0,0,0,0,0,0,0
260895,1,1,0,0,0,0,0,0,0,0,0,0
260896,1,1,13,13,13,13,13,13,13,13,13,13
260897,1,1,22,22,22,22,22,22,22,22,22,22
260898,1,1,0,0,0,0,0,0,0,0,0,0
260898,2,1,0,0,0,0,0,0,0,0,0,0
260899,1,1,24,24,24,24,24,24,24,24,24,24
260899,2,1,0,0,0,0,0,0,20,0,0,0
260900,1,1,18,18,18,18,18,18,18,18,18,18
260901,1,1,2,2,2,2,2,2,2,2,2,2
260901,2,1,0,0,0,0,0,0,0,0,0,0
260902,1,1,0,0,0,0,0,0,0,0,0,0
260902,2,1,0,0,0,0,0,0,0,0,0,4
260903,0,1,0,0,0,0,0,0,0,0,21,0
260903,1,1,0,0,0,0,0,0,0,0,0,0
260904,1,1,0,0,0,0,0,0,0,0,0,0
260904,2,1,0,0,0,0,0,0,0,0,0,0
260905,0,1,22,22,22,22,22,22,22,22,22,22
260905,1,1,0,0,0,0,0,0,0,0,0,0
260906,1,1,0,0,0,0,0,0,0,0,0,0
260907,1,1,0,0,0,0,0,0,0,0,0,0
260908,1,1,0,0,9,0,0,0,0,0,0,0
260908,2,1,0,0,0,0,0,0,0,0,0,0
260909,1,1,0,0,0,0,0,0,0,0,0,0
260909,2,1,0,0,0,0,20,0,0,0,0,0
260910,0,1,0,0,0,0,0,0,0,0,0,0
260910,1,1,0,0,0,0,0,0,0,0,0,0
260911,1,1,0,0,0,0,0,0,0,0,0,0
260911,2,1,0,0,0,0,0,0,0,0,0,0
260912,0,1,35,35,35,35,35,35,35,35,35,35
260912,1,1,0,0,0,0,0,0,0,0,0,0
260913,0,1,1,1,1,1,1,1,1,1,1,1
260913,1,1,20,28,20,11,11,11,4,23,30,25
260914,1,1,6,6,6,6,6,6,6,6,6,6
260915,1,1,0,0,0,0,0,0,0,0,0,0
260915,2,1,0,0,0,0,0,0,0,0,0,0
260916,1,1,0,0,0,0,0,0,0,0,0,0
260916,2,1,0,0,0,0,0,0,0,0,0,0
260917,1,1,0,0,0,0,0,0,0,14,0,0
260917,2,1,0,0,0,0,0,0,0,0,0,18
260918,0,1,0,0,0,13,0,0,0,0,0,0
260918,1,1,12,12,12,12,12,12,12,12,12,12
260919,1,1,0,0,0,0,0,0,0,0,0,0
260920,1,1,0,0,0,0,0,0,0,0,0,0
260920,2,1,0,0,0,0,0,0,0,0,0,0
260921,1,1,21,21,21,21,21,21,21,21,21,21
260922,1,1,0,0,0,0,0,0,0,0,0,0
260922,2,1,0,0,0,0,0,0,0,0,0,0
260923,1,1,14,14,14,14,14,14,14,14,14,14
260924,1,1,8,8,8,8,8,8,8,8,8,8
260925,1,1,28,28,28,28,28,28,28,28,28,28
260926,1,1,0,0,0,0,0,0,0,0,0,0
260927,1,1,0,0,0,0,0,0,0,0,0,0
260927,2,1,0,0,0,0,0,0,0,0,0,0
260928,1,1,0,0,0,0,0,0,0,0,0,0
260928,2,1,0,0,0,0,0,0,0,0,0,0
260928,3,1,0,0,0,0,0,0,0,0,0,0
260929,1,1,0,0,0,0,0,0,0,0,0,0
260929,2,1,0,0,0,0,0,0,0,0,0,0
260930,1,1,0,0,0,0,0,0,0,0,6,0
260930,2,1,17,13,6,23,7,5,6,15,23,11
260931,1,1,27,27,27,27,27,27,27,27,27,27
260932,1,1,23,23,23,23,23,23,23,23,23,23
260933,0,1,0,0,0,0,0,23,0,0,0,0
260933,1,1,0,0,0,0,0,0,0,0,0,0
260934,1,1,0,0,0,0,0,0,0,0,0,0
260934,2,1,0,0,0,0,16,0,0,0,0,0
260935,1,1,11,11,11,11,11,11,11,11,11,11
260935,2,1,0,7,0,17,37,0,22,28,0,0
260936,1,1,0,0,0,0,9,0,0,0,0,0
260936,2,1,14,0,0,0,0,0,0,0,0,18
260937,0,1,14,0,0,0,0,0,12,0,0,0
260937,1,1,15,15,15,15,15,15,15,15,15,15
260938,1,1,20,20,20,20,20,20,20,20,20,20
260938,2,1,0,0,0,0,0,0,0,0,0,0
260939,1,1,0,0,0,0,0,0,0,0,0,0
260939,2,1,0,0,0,0,0,0,0,0,0,0
260940,0,1,34,0,0,0,17,0,0,0,0,0
260940,1,1,0,0,0,0,0,0,0,0,0,0
260941,1,1,0,0,0,0,0,0,0,0,0,0
260941,2,1,0,0,0,0,0,0,0,0,0,0
260943,0,1,31,13,22,8,5,22,7,26,26,20
260943,2,1,11,11,11,11,11,11,11,11,11,11
260943,3,1,0,0,0,0,0,0,0,0,0,0
260943,4,1,0,0,11,0,8,0,0,0,0,0
260944,1,1,0,0,0,14,0,0,0,0,0,0
260945,1,1,0,0,0,0,0,0,0,0,0,0
260945,2,1,0,0,0,0,0,0,0,0,0,0