ST_CASE,VEH_NO,PER_NO,P1,P2,P3,P4,P5,P6,P7,P8,P9,P10
280589,1,1,0,0,0,0,0,0,0,0,0,0
280589,2,1,0,0,0,0,0,0,0,19,0,0
280590,1,1,7,7,16,13,22,6,32,13,28,17
280591,1,1,8,0,0,32,36,30,0,19,0,17
280592,1,1,0,0,0,0,0,0,0,0,0,0
280593,1,1,0,0,0,0,0,0,0,35,0,0
280593,2,1,0,0,0,0,0,0,0,0,0,0
280594,0,1,0,17,0,0,0,0,0,0,0,9
280594,1,1,0,0,0,0,0,0,0,0,0,25
280595,1,1,0,0,0,0,0,0,0,0,0,0
280595,2,1,0,0,0,0,0,0,0,0,0,0
280596,1,1,0,0,0,13,0,0,0,0,0,0
280596,2,1,0,0,0,0,0,0,0,0,0,0
280596,3,1,0,0,0,0,0,0,0,0,0,0
280596,4,1,0,0,0,0,24,0,0,0,0,0
280597,1,1,0,0,0,21,20,0,25,23,0,25
280598,0,1,35,40,33,23,28,11,35,25,7,0
280598,1,1,0,0,0,0,0,0,0,0,0,0
280599,1,1,0,0,0,0,0,0,0,0,12,0
280599,2,1,0,0,13,22,0,19,25,5,23,16
280600,1,1,0,0,0,0,0,0,0,13,0,0
280600,2,1,0,0,0,0,0,0,0,0,0,0
280601,1,1,0,26,0,0,0,10,20,0,0,0
280602,1,1,16,25,0,22,18,26,37,0,12,0
280603,1,1,13,12,0,0,7,21,0,10,18,23
280604,1,1,0,0,16,25,0,6,21,0,0,0
280605,1,1,0,0,20,0,0,0,0,13,0,0
280606,0,1,0,0,0,0,0,0,0,0,0,0
280606,1,1,9,0,0,0,0,0,0,0,0,0
280607,0,1,0,16,11,0,14,0,0,8,23,0
280607,1,1,0,0,0,0,0,0,0,0,0,0
280608,1,1,0,0,0,0,0,0,0,0,0,0
280608,2,1,0,0,0,0,0,0,0,0,30,0
280609,1,1,0,0,0,0,0,0,0,0,0,0
280610,1,1,0,13,0,0,0,0,0,0,0,0
280610,2,1,27,27,9,4,5,29,7,23,10,14
280611,1,1,0,0,0,0,0,5,0,0,0,0
280611,2,1,0,0,0,0,0,0,0,0,0,0
280612,1,1,22,13,0,15,31,20,17,9,11,0
280613,1,1,28,0,0,39,0,0,0,0,25,32
280614,1,1,0,0,0,19,0,12,15,0,0,0
280615,1,1,19,0,0,0,0,0,0,0,0,0
280616,1,1,0,0,0,0,20,0,0,0,0,0
280617,1,1,24,9,16,0,19,0,0,35,0,0
280618,1,1,0,0,0,17,0,0,0,0,0,0
280619,1,1,0,0,0,0,0,0,0,0,0,0
280619,2,1,0,0,0,0,0,0,0,0,0,0
280620,1,1,0,0,0,0,0,0,0,0,0,0
280620,2,1,0,0,0,0,0,0,0,20,0,0
280621,1,1,0,0,0,0,0,0,0,0,0,0
280621,2,1,0,0,0,0,0,0,0,0,0,0
280622,1,1,0,0,10,0,0,19,14,0,0,0
280623,0,1,0,0,0,0,0,0,0,0,0,12
280623,1,1,0,0,0,0,0,0,0,0,0,0
280624,1,1,0,0,0,30,0,0,0,0,8,0
290001,1,1,0,0,0,0,0,0,17,0,38,0
290002,1,1,0,0,0,0,0,0,0,0,0,0
290002,2,1,0,0,0,0,0,0,0,0,0,0
290003,1,1,11,28,22,0,17,25,7,0,7,19
290004,1,1,22,22,0,13,25,0,22,25,0,15
290005,1,1,0,0,0,0,0,0,0,0,0,0
290005,2,1,0,0,0,0,0,0,0,0,0,0
290006,1,1,0,0,0,0,0,0,0,0,0,0
290006,2,1,0,0,0,0,0,0,0,0,0,0
290007,1,1,5,5,5,5,5,5,5,5,5,5
290008,0,1,0,0,0,0,0,0,0,0,0,0
290008,1,1,0,0,0,0,0,0,0,0,0,0
290009,1,1,0,0,0,0,0,0,0,0,0,0
290010,1,1,0,0,0,0,0,0,0,0,0,0
290010,2,1,0,0,0,0,0,0,0,0,0,0
290011,1,1,19,19,19,19,19,19,19,19,19,19
290011,2,1,0,0,0,0,0,0,0,0,0,0
290012,1,1,0,0,0,0,0,0,0,0,0,0
290013,1,1,26,26,26,26,26,26,26,26,26,26
290013,2,1,0,0,0,0,0,0,0,0,0,0
290014,1,1,9,9,9,9,9,9,9,9,9,9
290015,1,1,0,0,0,0,0,0,0,0,0,0
290016,1,1,19,19,19,19,19,19,19,19,19,19
290017,1,1,0,0,16,14,0,0,0,0,0,0
290017,2,1,0,0,0,0,0,0,0,0,0,0
290017,3,1,0,15,0,0,0,13,8,23,0,0
290018,1,1,11,11,11,11,11,11,11,11,11,11
290018,2,1,0,0,0,0,0,0,0,0,0,0
290019,1,1,0,0,0,0,0,0,0,0,0,0
290019,2,1,0,0,0,0,0,0,0,0,0,0
290021,0,1,15,15,15,15,15,15,15,15,15,15
290021,1,1,9,37,19,15,10,14,8,25,12,9
290022,1,1,0,0,0,0,0,0,0,0,0,0
290022,2,1,0,0,0,0,0,0,0,0,0,0
290023,1,1,9,9,9,9,9,9,9,9,9,9
290024,1,1,0,0,0,0,0,0,0,0,0,0
290024,2,1,0,0,7,0,0,0,0,0,0,0
290025,1,1,0,0,0,0,6,0,12,0,0,0
290026,1,1,14,14,14,14,14,14,14,14,14,14
290028,1,1,0,0,0,0,0,0,0,0,0,0
290029,1,1,0,0,0,0,0,0,0,0,0,0
290030,1,1,0,0,0,0,0,0,0,0,0,0
290030,2,1,0,0,0,0,0,0,0,0,0,0
290031,1,1,0,0,0,0,0,0,0,0,0,0
290032,1,1,0,0,0,0,0,0,0,0,0,0
290033,0,1,0,0,0,0,0,0,0,0,0,0
290033,1,1,0,0,0,0,0,0,0,0,0,0
290034,1,1,0,0,0,0,0,0,0,0,0,0
290035,1,1,0,0,0,0,0,0,0,0,0,0
290035,2,1,0,0,25,0,0,17,0,0,0,0
290036,1,1,0,0,0,0,0,0,0,0,0,0
290037,1,1,0,0,0,0,0,0,0,0,0,35
290037,2,1,0,20,0,15,19,0,0,21,0,0
290037,3,1,0,0,0,0,0,0,0,0,0,0
290038,1,1,0,35,0,15,0,3,27,11,19,24
290039,1,1,0,0,0,0,0,0,0,0,0,0
290039,2,1,0,0,0,0,0,0,0,0,0,0
290039,3,1,0,0,0,0,0,0,0,0,0,0
290040,0,1,24,24,24,24,24,24,24,24,24,24
290040,1,1,0,0,0,0,0,0,0,0,0,0
290041,1,1,0,0,0,0,0,0,0,0,0,0
290041,2,1,0,0,0,0,0,0,0,0,0,0
290041,3,1,0,0,0,0,0,13,0,0,0,0
290042,1,1,0,0,0,0,0,0,0,0,0,0
290042,2,1,0,0,0,0,0,0,0,0,0,0
290043,1,1,0,0,0,0,0,0,0,0,0,0
290043,2,1,0,13,0,0,0,0,0,0,0,0
290044,1,1,0,0,0,0,0,0,0,0,0,0
290044,2,1,0,0,0,0,0,9,0,0,15,0
290045,1,1,0,0,0,0,0,0,0,0,0,0
290046,0,1,0,0,0,0,0,0,0,0,0,0
290046,1,1,0,0,0,0,0,0,0,0,0,0
290047,1,1,0,13,0,0,21,0,0,0,0,0
290047,2,1,0,0,0,0,0,0,0,0,0,0
290047,3,1,0,0,0,0,0,0,0,0,0,0
290048,0,1,0,0,0,0,0,0,0,0,0,0
290048,1,1,0,0,0,0,0,0,0,0,0,0
290049,0,1,12,12,12,12,12,12,12,12,12,12
290049,1,1,0,0,0,0,0,0,0,0,0,0
290050,0,1,31,31,31,31,31,31,31,31,31,31
290050,1,1,0,0,0,0,0,0,0,0,0,0
290050,2,1,0,0,0,0,0,0,0,0,0,0
290050,3,1,0,0,0,0,0,0,0,0,0,0
290051,1,1,28,28,28,28,28,28,28,28,28,28
290052,1,1,0,0,0,0,0,0,0,0,0,0
290053,1,1,0,0,0,0,0,0,0,0,0,0
290054,1,1,0,0,0,0,0,0,0,0,0,0
290055,1,1,4,4,4,4,4,4,4,4,4,4
290056,1,1,0,0,0,0,0,0,0,0,0,0
290056,2,1,0,0,0,0,0,0,0,17,13,0
290057,1,1,0,12,22,17,28,0,23,0,0,14
290057,2,1,0,0,0,0,0,0,0,0,0,0
290058,1,1,0,12,33,16,12,16,0,0,21,24
290059,0,1,0,0,0,0,0,0,0,0,0,0
290059,1,1,0,14,5,0,0,0,0,11,0,10
290059,2,1,0,0,0,0,0,0,0,0,0,0
290060,1,1,5,5,5,5,5,5,5,5,5,5
290061,1,1,26,26,26,26,26,26,26,26,26,26
290063,1,1,0,0,0,0,0,0,0,0,0,0
290063,2,1,0,0,0,0,0,0,0,0,0,0
290064,1,1,0,0,0,0,0,0,0,0,0,0
290064,2,1,0,0,0,0,0,0,0,0,0,0
290065,1,1,0,0,0,0,0,0,0,0,0,0
290066,1,1,0,0,0,0,0,0,0,0,0,0
290066,2,1,0,0,0,0,0,0,0,0,0,0
290067,1,1,12,12,12,12,12,12,12,12,12,12
290068,1,1,0,0,0,0,0,0,0,0,0,0
290069,1,1,0,0,0,0,0,0,0,0,0,0
290070,1,1,23,23,23,23,23,23,23,23,23,23
290071,1,1,0,0,0,0,0,0,0,0,0,0
290072,1,1,0,0,0,6,0,0,0,0,0,0
290073,0,1,0,18,0,30,16,0,21,0,0,18
290073,1,1,0,0,0,0,0,0,0,0,0,0
290074,1,1,0,0,0,0,0,0,0,0,0,0
290075,1,1,0,0,0,0,0,0,0,0,0,0
290076,1,1,19,19,19,19,19,19,19,19,19,19
290077,1,1,16,16,16,16,16,16,16,16,16,16
290078,1,1,0,0,0,0,0,0,0,0,0,0
290078,2,1,0,0,0,0,0,0,0,0,0,0
290079,1,1,0,0,0,0,0,0,0,0,0,0
290079,2,1,0,0,0,0,0,0,0,0,0,0
290080,1,1,0,0,0,0,0,0,0,0,0,0
290081,1,1,14,14,14,14,14,14,14,14,14,14
290082,1,1,0,0,0,0,0,0,0,0,0,0
290082,2,1,0,0,0,0,0,0,0,0,0,0
290082,3,1,0,0,0,0,0,0,0,0,0,0
290082,4,1,0,0,0,0,0,0,0,0,0,0
290083,1,1,29,29,29,29,29,29,29,29,29,29
290084,1,1,29,29,29,29,29,29,29,29,29,29
290084,2,1,16,16,16,16,16,16,16,16,16,16
290085,1,1,0,0,0,0,0,0,0,0,0,0
290086,1,1,25,25,25,25,25,25,25,25,25,25
290087,1,1,0,0,12,18,0,0,0,0,5,0
290087,2,1,1,1,1,1,1,1,1,1,1,1
290088,1,1,16,16,16,16,16,16,16,16,16,16
290089,1,1,0,13,0,0,0,0,2,16,5,0
290089,2,1,0,0,0,0,0,0,0,0,0,9
290090,1,1,0,0,0,0,0,0,0,0,0,0
290091,1,1,0,0,0,0,0,0,0,0,0,0
290092,1,1,0,0,0,0,0,0,0,0,0,0
290092,2,1,0,0,0,0,0,0,0,0,0,0
290093,1,1,0,0,0,0,0,0,0,0,0,0
290093,2,1,0,0,0,0,0,0,0,0,0,0
290094,1,1,0,0,0,0,0,0,0,0,0,0
290094,2,1,0,0,0,0,0,0,0,0,0,0
290095,1,1,0,0,0,0,0,0,0,0,0,0
290095,2,1,0,0,0,0,0,0,0,0,21,0
290096,1,1,0,0,0,0,0,0,0,0,0,0
290096,2,1,0,0,0,0,0,0,0,0,0,0
290096,3,1,0,0,0,0,0,0,0,0,0,0
290096,4,1,0,0,0,0,0,0,0,0,0,0
290096,5,1,0,0,0,0,0,0,0,0,0,0
290097,1,1,0,0,0,0,0,0,0,0,0,0
290099,1,1,0,0,0,0,0,0,0,0,0,0
290099,2,1,0,0,0,0,0,0,0,0,0,0
290100,1,1,0,0,0,0,0,0,0,0,0,0
290100,2,1,0,0,0,0,0,0,0,0,0,0
290101,1,1,0,0,0,0,0,0,0,0,0,0
290101,2,1,0,0,0,0,0,0,0,0,0,0
290102,1,1,0,0,0,0,0,0,0,0,0,0
290102,2,1,0,0,16,0,0,0,13,0,0,0
290103,1,1,0,0,0,0,0,0,0,0,0,0
290104,1,1,0,0,0,0,0,0,0,0,0,0
290104,2,1,0,0,0,0,0,0,0,0,0,0
290105,1,1,0,0,0,0,0,0,0,0,0,0
290106,1,1,0,0,0,0,0,0,0,0,0,0
290106,2,1,0,0,0,0,0,0,0,0,0,0
290107,1,1,0,0,0,0,0,0,0,0,0,0
290107,2,1,0,0,0,0,0,0,0,0,0,0
290108,1,1,13,13,13,13,13,13,13,13,13,13
290109,1,1,18,18,18,18,18,18,18,18,18,18
290110,1,1,0,0,0,0,0,0,0,0,0,0
290111,0,1,0,9,16,25,0,22,0,0,0,31
290111,1,1,0,0,0,0,23,18,9,0,30,27
290112,1,1,21,21,21,21,21,21,21,21,21,21
290113,0,1,0,0,0,0,0,0,0,0,0,0
290113,1,1,0,0,0,0,0,0,0,0,0,0
290114,1,1,0,0,0,0,0,0,0,0,0,0
290114,2,1,0,0,0,0,0,0,0,21,0,0
290115,1,1,10,0,0,0,0,19,0,14,0,0
290115,2,1,28,28,28,28,28,28,28,28,28,28
290116,1,1,0,0,0,0,0,0,0,0,0,0
290116,2,1,0,0,0,0,0,0,0,0,0,0
290117,1,1,0,0,0,0,0,0,0,0,0,0
290117,2,1,0,0,0,0,0,0,0,0,0,0
290118,1,1,16,16,16,16,16,16,16,16,16,16
290119,1,1,0,0,0,0,0,0,0,0,0,0
290120,1,1,0,0,0,0,0,0,0,0,0,0
290120,2,1,0,0,0,0,0,0,0,0,0,0
290121,1,1,0,0,0,0,0,0,0,0,0,0
290122,1,1,0,0,0,0,0,0,0,0,0,0
290123,1,1,20,0,11,7,22,0,8,12,0,0
290123,2,1,0,0,0,0,0,0,0,0,0,0
290124,1,1,22,22,22,22,22,22,22,22,22,22
290124,2,1,0,0,0,0,0,0,0,0,0,0
290125,1,1,0,0,0,0,0,0,0,0,0,0
290125,2,1,0,0,0,0,0,0,0,0,0,0
290126,0,1,0,0,0,0,0,0,0,0,0,0
290126,1,1,0,0,0,0,0,0,0,0,0,0
290126,2,1,0,0,0,0,0,0,0,0,0,0
290127,1,1,16,16,16,16,16,16,16,16,16,16
290127,2,1,0,0,0,0,0,0,0,0,0,0
290128,1,1,23,23,23,23,23,23,23,23,23,23
290129,1,4,14,22,0,10,12,17,23,0,14,0
290130,1,1,0,0,0,0,0,0,0,0,0,0
290131,1,1,26,26,26,26,26,26,26,26,26,26
290132,1,1,0,0,0,0,0,0,0,0,0,0
290133,1,1,0,0,0,0,0,0,14,0,8,21
290134,1,1,0,0,0,0,0,0,0,0,0,0
290134,2,1,0,0,0,0,0,0,0,0,0,0
290135,1,1,11,11,11,11,11,11,11,11,11,11
290135,2,1,0,0,0,0,0,0,0,0,0,0
290136,1,1,0,0,0,0,0,0,0,0,0,0
290136,2,1,0,0,0,0,0,0,0,0,0,0
290137,1,1,0,0,0,0,0,0,0,0,0,0
290137,2,1,0,0,0,0,0,0,0,0,0,0
290137,3,1,0,0,0,0,15,0,0,0,0,0
290138,1,1,0,0,0,0,0,0,0,0,0,0
290138,2,1,0,0,0,0,0,0,0,0,0,0
290139,1,1,19,19,19,19,19,19,19,19,19,19
290140,1,1,0,0,0,0,0,0,0,0,0,0
290140,2,1,0,0,28,0,0,0,0,0,0,0
290141,1,1,12,12,12,12,12,12,12,12,12,12
290142,1,1,0,0,0,0,0,0,0,0,0,0
290143,1,1,0,0,0,0,0,0,0,0,0,0
290143,2,1,0,0,0,0,0,0,0,0,0,0
290144,1,1,0,0,17,21,23,0,11,7,0,13
290144,2,1,0,0,0,0,0,0,0,0,0,0
290145,1,1,0,0,0,0,0,0,0,0,0,0
290146,1,1,30,30,30,30,30,30,30,30,30,30
290146,2,1,0,0,0,0,0,0,0,0,0,0
290147,1,1,0,0,0,0,0,0,0,0,0,0
290148,1,1,0,8,0,0,0,0,0,0,0,0
290148,2,1,0,0,0,0,0,0,0,0,0,0
290149,1,1,0,0,0,0,0,0,0,0,0,0
290149,2,1,6,6,6,6,6,6,6,6,6,6
290150,0,1,0,0,0,0,0,0,0,0,0,0
290150,1,1,0,0,0,0,0,0,0,0,0,0
290150,2,1,0,0,0,0,0,0,0,0,0,0
290151,1,1,0,0,0,0,0,0,0,0,0,0
290152,1,1,0,0,0,0,0,0,0,0,0,0
290153,1,1,0,0,0,0,0,0,0,0,0,0
290153,2,1,0,0,0,0,0,0,0,0,0,0
290153,3,1,0,0,0,0,0,0,0,0,0,0
290154,1,1,29,29,29,29,29,29,29,29,29,29
290155,0,1,0,0,0,0,0,0,0,0,0,0
290155,1,1,0,0,0,0,0,0,0,0,0,0
290156,1,1,5,12,14,6,0,15,0,12,12,12
290157,0,1,0,0,0,0,0,0,0,0,0,0
290157,1,1,0,0,0,0,0,0,0,0,0,0
290158,0,1,20,20,20,20,20,20,20,20,20,20
290158,1,1,0,0,0,0,0,0,0,0,0,0
290159,0,1,0,0,0,0,0,0,0,0,0,0
290159,1,1,0,0,0,0,0,0,0,0,0,0
290160,1,1,1,1,1,1,1,1,1,1,1,1
290161,1,1,0,0,0,0,0,0,0,0,0,0
290161,2,1,0,0,0,0,0,0,0,0,0,0
290161,3,1,0,0,0,0,0,11,0,14,0,0
290162,0,1,0,0,0,0,0,0,0,0,0,0
290162,1,1,0,0,0,0,0,0,0,0,0,0
290163,1,1,10,7,13,8,6,21,42,16,4,9
290164,1,1,0,0,0,0,0,0,0,0,0,0
290165,1,1,0,0,0,0,0,0,0,0,0,0
290166,1,1,0,0,0,0,0,0,0,0,0,0
290166,2,1,0,0,0,0,0,0,0,0,0,0
290167,1,1,0,0,0,0,0,0,0,0,0,0
290168,1,1,0,0,0,0,0,0,0,0,0,0
290169,1,1,0,0,0,0,0,0,0,0,0,0
290169,2,1,16,16,16,16,16,16,16,16,16,16
290170,1,1,0,7,0,0,0,0,0,0,0,0
290170,2,1,0,0,0,0,0,0,0,0,0,0
290170,3,1,0,0,0,0,0,0,0,0,0,0
290171,1,1,0,0,0,0,0,0,0,0,0,0
290171,2,1,0,0,0,0,0,0,0,0,0,0
290172,1,1,0,0,0,0,0,0,0,0,0,0
290173,1,1,26,26,26,26,26,26,26,26,26,26
290174,1,1,22,22,22,22,22,22,22,22,22,22
290174,2,1,0,0,0,0,0,0,0,0,0,0
290174,3,1,0,0,0,0,0,0,0,0,0,0
290176,1,1,18,18,18,18,18,18,18,18,18,18
290177,1,1,0,0,0,0,0,0,0,0,0,0
290177,2,1,0,0,0,0,0,0,0,0,0,0
290178,1,1,5,0,0,0,0,0,0,0,21,0
290178,2,1,10,0,0,0,0,0,0,0,0,0
290179,1,1,0,0,0,0,0,0,0,0,0,0
290179,2,1,0,0,0,0,0,0,0,0,0,0
290180,1,1,0,0,0,0,0,0,0,0,0,0
290181,1,1,0,0,0,0,0,0,0,0,0,0
290181,2,1,7,7,7,7,7,7,7,7,7,7
290182,1,1,0,0,0,0,0,0,0,0,0,0
290182,2,1,0,0,0,0,0,0,0,0,0,0
290183,1,1,0,0,0,0,0,0,0,0,0,0
290183,2,1,0,0,0,0,0,0,0,0,0,0
290183,3,1,0,0,3,0,0,0,0,0,0,0
290183,4,1,0,0,0,0,0,0,0,0,0,0
290183,5,1,0,0,0,0,0,0,0,0,0,0
290184,1,1,0,0,0,0,0,0,0,0,0,0
290184,2,1,0,0,0,0,0,0,0,0,0,0
290185,1,1,0,0,0,0,0,0,0,0,0,0
290185,2,1,0,0,0,0,0,0,0,0,0,0
290186,1,1,30,30,30,30,30,30,30,30,30,30
290186,2,1,0,0,0,0,0,0,0,0,0,0
290187,1,1,0,0,0,0,0,0,0,0,0,0
290189,1,1,0,0,0,0,0,0,0,0,0,0
290189,2,1,0,0,0,0,0,0,0,0,0,0
290190,1,1,0,0,0,20,0,0,0,0,0,0
290191,1,1,0,0,0,0,0,0,0,0,0,0
290191,2,1,0,0,0,0,0,0,0,0,0,0
290192,1,1,0,0,0,0,0,0,0,0,0,0
290192,2,1,0,0,0,0,0,0,0,0,0,0
290193,1,1,0,0,0,0,0,0,0,0,0,0
290193,2,1,0,0,0,0,0,0,0,0,0,0
290193,3,1,0,0,0,0,0,0,0,0,0,0
290194,1,1,0,0,0,0,0,0,0,0,0,0
290194,2,1,0,0,0,30,0,0,0,0,0,0
290195,1,1,0,0,0,0,0,0,0,0,0,0
290196,1,1,29,29,29,29,29,29,29,29,29,29
290197,1,1,27,27,27,27,27,27,27,27,27,27
290198,1,1,30,30,30,30,30,30,30,30,30,30
290199,1,1,10,10,10,10,10,10,10,10,10,10
290200,0,1,28,28,28,28,28,28,28,28,28,28
290200,1,1,0,0,0,0,0,0,0,0,0,0
290201,1,1,19,26,0,0,0,0,0,0,0,0
290202,1,1,17,17,17,17,17,17,17,17,17,17
290203,1,1,7,7,7,7,7,7,7,7,7,7
290204,0,1,0,0,17,0,0,31,0,0,18,0
290204,1,1,0,0,0,0,0,0,0,0,0,0
290205,1,1,2,2,2,2,2,2,2,2,2,2
290205,2,1,0,0,0,0,0,0,0,0,0,0
290206,1,1,0,0,0,0,0,0,0,0,0,0
290207,1,1,0,0,0,0,0,0,0,0,0,0
290207,2,1,0,0,0,0,0,0,0,0,0,0
290208,1,1,0,0,0,0,0,0,0,0,0,0
290209,1,1,0,0,0,0,0,0,0,0,0,0
290209,2,1,0,0,0,0,0,0,0,0,0,0
290210,1,1,0,0,17,34,17,0,21,19,0,0
290211,1,1,0,0,0,0,0,0,0,0,0,0
290211,2,1,0,0,0,0,0,0,0,0,0,0
290212,1,1,0,0,0,0,0,0,0,0,0,0
290213,1,1,12,12,12,12,12,12,12,12,12,12
290214,1,1,10,10,10,10,10,10,10,10,10,10
290215,1,1,0,0,0,0,0,0,0,0,0,0
290215,2,1,15,0,0,0,19,0,0,0,0,0
290216,1,1,0,0,0,0,0,0,0,0,0,0
290217,1,1,0,0,0,0,0,0,0,0,0,0
290218,1,1,0,0,0,0,0,0,0,0,0,0
290219,1,1,34,34,34,34,34,34,34,34,34,34
290220,1,1,0,0,0,0,0,0,0,0,0,0
290220,2,1,0,0,0,0,0,0,0,0,0,0
290221,1,1,0,0,0,0,0,0,0,0,0,0
290221,2,1,0,0,0,0,0,0,0,0,0,0
290222,1,1,16,24,0,10,21,0,0,0,0,21
290223,0,1,8,8,8,8,8,8,8,8,8,8
290223,0,2,17,0,0,0,0,0,0,31,26,0
290223,2,1,0,0,0,0,0,0,0,0,0,0
290224,1,1,0,0,0,0,0,0,0,0,0,0
290224,2,1,0,0,0,0,0,0,0,0,0,0
290225,1,1,0,0,0,0,0,0,0,0,0,0
290225,2,1,0,0,0,0,0,0,0,0,0,0
290225,3,1,0,0,0,0,0,0,0,0,0,0
290225,4,1,0,0,0,0,0,0,0,0,0,0
290226,1,1,16,16,16,16,16,16,16,16,16,16
290227,1,1,0,0,0,0,0,0,0,0,0,0
290227,2,1,0,0,0,0,0,0,0,0,0,0
290227,3,1,0,0,0,0,0,0,0,0,0,0
290228,1,1,0,0,0,0,0,0,0,0,0,0
290229,1,1,15,15,15,15,15,15,15,15,15,15
290230,1,1,1,1,1,1,1,1,1,1,1,1
290231,1,1,0,0,0,0,0,0,0,0,0,0
290232,1,1,0,0,0,0,0,0,0,0,0,0
290232,2,1,0,0,0,0,0,0,0,0,0,0
290233,1,1,0,0,0,0,0,0,0,0,0,0
290234,1,1,25,25,25,25,25,25,25,25,25,25
290235,0,1,4,4,4,4,4,4,4,4,4,4
290235,1,1,52,0,0,0,11,17,0,0,0,0
290236,1,1,12,0,0,0,18,15,0,0,0,0
290236,2,1,0,0,0,0,0,0,0,0,0,0
290237,1,1,6,6,6,6,6,6,6,6,6,6
290237,2,1,0,0,0,0,0,0,0,0,0,0
290237,3,1,0,0,0,0,0,0,0,0,0,0
290238,0,1,0,0,0,0,0,0,0,0,0,0
290238,1,1,0,0,0,0,0,0,0,0,0,0
290239,1,1,20,0,14,0,0,0,15,0,0,0
290239,2,1,0,0,0,0,0,0,0,0,0,0
290241,1,1,0,0,0,0,0,0,0,0,0,0
290241,2,1,0,0,0,0,0,0,0,0,0,0
290242,1,1,0,0,0,0,0,0,0,0,0,0
290242,2,1,0,0,0,0,0,0,0,0,0,0
290243,1,1,0,0,0,0,0,0,0,0,0,0
290243,2,1,0,0,0,0,0,0,0,0,0,0
290244,1,1,0,0,0,0,0,0,0,0,0,0
290244,2,1,0,0,0,0,0,0,0,0,0,0
290245,1,1,0,0,0,0,0,0,0,0,0,0
290245,2,1,0,0,0,0,0,0,0,0,0,0
290245,3,1,0,0,0,0,0,0,0,0,0,0
290246,1,1,0,20,0,0,10,0,0,0,0,0
290247,1,1,0,0,0,0,0,0,0,0,0,0
290248,1,1,0,0,0,0,0,0,0,0,0,0
290248,2,1,0,0,0,0,0,0,0,0,0,0
290249,1,1,0,0,0,0,0,0,0,0,22,0
290250,1,1,0,0,0,0,0,0,0,0,0,0
290251,1,1,0,0,0,0,0,0,0,0,0,0
290252,1,1,0,26,0,0,24,23,0,0,0,0
290253,1,1,0,0,0,0,0,0,0,0,0,0
290253,2,1,0,0,0,0,0,0,0,0,0,0
290254,1,1,0,0,0,0,0,0,0,0,0,0
290254,2,1,0,0,0,0,0,0,0,0,0,0
290255,1,1,0,0,0,0,0,0,0,0,0,0
290256,1,1,0,0,0,0,0,0,0,0,0,0
290257,0,1,0,0,0,0,0,0,0,0,0,0
290257,1,1,9,24,15,2,11,25,0,0,14,0
290258,1,1,0,0,0,0,11,9,0,0,0,0
290258,2,1,0,0,0,0,0,0,0,0,0,0
290259,1,1,0,0,0,12,22,0,0,0,0,0
290259,2,1,0,0,0,0,0,0,0,0,0,0
290260,1,1,19,19,19,19,19,19,19,19,19,19
290261,1,1,26,26,26,26,26,26,26,26,26,26
290261,2,1,0,0,0,0,0,0,0,0,0,0
290262,0,1,6,0,22,18,0,29,0,0,14,0
290262,1,1,0,0,0,0,0,0,0,0,0,0
290264,1,1,0,0,0,0,0,0,0,0,0,0
290264,2,1,0,0,0,0,0,0,0,0,0,0
290265,0,1,0,0,0,0,0,0,0,0,0,0
290265,1,1,0,0,0,0,0,0,0,0,0,0
290266,0,1,24,24,24,24,24,24,24,24,24,24
290266,1,1,0,0,28,29,15,0,27,13,0,24
290266,2,1,0,0,0,16,0,0,0,0,0,0
290267,1,1,0,0,0,0,0,0,0,0,0,0
290267,2,1,0,0,0,0,0,0,0,0,0,0
290268,1,1,0,0,0,25,0,0,0,0,0,18
290268,2,1,22,22,22,22,22,22,22,22,22,22
290269,1,1,0,0,0,0,0,0,0,0,0,0
290270,1,1,16,16,16,16,16,16,16,16,16,16
290270,2,1,27,27,27,27,27,27,27,27,27,27
290271,1,1,0,27,30,0,0,13,0,12,0,0
290272,1,1,0,0,0,0,0,0,0,0,0,0
290272,2,1,0,0,0,0,0,0,0,0,0,0
290273,1,1,0,0,0,0,0,0,0,0,0,0
290273,2,1,0,0,0,0,0,0,0,0,0,0
290273,3,1,0,0,0,0,0,0,0,0,0,0
290273,4,1,0,0,0,0,0,0,0,0,0,0
290273,5,1,0,0,0,0,0,0,0,0,0,0
290273,6,1,0,0,0,0,0,0,0,0,0,0
290274,1,1,0,0,0,0,0,0,0,0,0,0
290274,2,1,0,0,0,0,0,0,0,0,0,0
290274,3,1,0,0,0,0,0,0,0,0,0,0
290274,4,1,0,0,0,0,0,0,0,0,0,0
290275,0,1,0,0,0,0,0,0,0,0,0,0
290275,0,2,0,0,0,0,0,0,0,0,0,0
290275,2,1,0,0,0,0,0,0,0,0,0,0
290276,1,1,30,30,30,30,30,30,30,30,30,30
290277,1,1,0,0,0,0,0,0,0,0,0,0
290277,2,1,0,0,0,0,0,0,0,0,0,0
290278,1,1,0,0,0,0,0,0,0,0,0,0
290278,2,1,0,0,0,0,0,0,0,0,0,0
290279,1,1,0,0,0,0,0,0,0,0,0,0
290279,2,1,0,0,0,0,0,0,0,0,0,0
290280,1,1,0,0,0,0,0,0,0,0,0,0
290280,2,1,0,0,0,0,0,0,0,0,0,0
290281,1,1,0,0,0,0,0,0,0,0,0,0
290281,2,1,0,0,0,0,0,0,0,0,0,0
290282,1,1,0,0,0,0,0,0,0,0,0,0