ST_CASE,VEH_NO,PER_NO,P1,P2,P3,P4,P5,P6,P7,P8,P9,P10
290283,1,1,0,0,0,0,0,0,0,0,0,0
290283,2,1,0,0,0,0,0,0,0,0,0,0
290284,1,1,0,0,0,0,0,0,0,0,0,0
290285,1,1,0,0,0,0,0,0,0,0,0,0
290285,2,1,0,0,0,0,0,0,0,0,0,0
290286,1,1,0,13,0,0,0,0,0,0,0,0
290286,2,1,0,19,0,0,0,0,0,0,0,0
290287,1,1,0,0,0,0,0,0,0,0,0,0
290288,0,1,0,0,0,0,0,0,0,0,0,0
290288,1,1,0,0,0,0,32,25,11,0,18,0
290289,1,1,0,0,0,0,0,0,0,0,0,0
290289,2,1,0,0,0,0,0,0,0,0,0,0
290289,3,1,0,0,0,0,0,0,0,0,0,0
290290,1,1,0,0,0,0,0,0,0,0,0,0
290290,2,1,0,0,0,0,0,0,0,0,0,0
290291,1,1,0,0,0,0,0,0,0,0,0,0
290291,2,1,0,0,0,0,0,0,0,0,0,0
290292,0,1,33,33,33,33,33,33,33,33,33,33
290292,1,1,0,0,0,15,10,11,11,11,11,0
290293,1,1,17,17,17,17,17,17,17,17,17,17
290294,1,1,18,18,18,18,18,18,18,18,18,18
290295,1,1,0,0,0,0,0,0,0,0,0,0
290296,1,1,0,0,0,0,0,0,0,0,0,0
290297,0,1,20,20,20,20,20,20,20,20,20,20
290297,1,1,4,4,4,4,4,4,4,4,4,4
290298,1,1,0,0,0,0,0,0,0,0,0,0
290298,2,1,0,0,0,0,0,0,0,0,0,0
290299,1,1,11,11,11,11,11,11,11,11,11,11
290300,1,1,24,24,24,24,24,24,24,24,24,24
290300,2,1,0,0,0,0,0,0,0,0,0,0
290301,1,1,0,0,0,0,0,0,0,0,0,0
290302,1,1,31,31,31,31,31,31,31,31,31,31
290303,0,1,0,0,0,0,0,0,0,16,0,11
290303,1,1,0,0,0,9,0,0,16,0,8,0
290304,1,1,27,27,27,27,27,27,27,27,27,27
290305,1,1,0,0,0,0,21,0,8,0,0,0
290305,2,1,0,0,0,0,0,0,0,0,0,0
290306,1,1,27,27,27,27,27,27,27,27,27,27
290306,2,1,0,0,0,0,0,0,0,0,0,0
290306,3,1,0,0,0,0,0,0,0,0,0,0
290307,1,1,0,0,0,0,0,0,0,0,0,0
290308,0,1,11,11,11,11,11,11,11,11,11,11
290308,1,1,0,0,0,0,0,0,0,0,0,0
290309,0,1,18,18,18,18,18,18,18,18,18,18
290309,1,1,0,0,0,0,0,0,0,0,0,0
290310,1,1,9,9,9,9,9,9,9,9,9,9
290311,1,1,17,17,17,17,17,17,17,17,17,17
290312,0,1,0,0,0,0,0,0,0,0,0,0
290312,1,1,0,0,0,0,0,0,0,0,0,0
290313,0,1,0,0,0,0,0,0,0,0,0,0
290313,1,1,0,0,0,0,0,0,0,0,0,0
290314,1,1,0,0,0,0,0,0,0,0,0,0
290315,1,1,0,0,0,0,0,0,0,0,0,0
290315,2,1,0,0,0,0,0,0,0,0,0,0
290316,1,1,0,0,0,0,0,0,0,0,0,0
290316,2,1,0,0,0,0,0,0,0,0,0,0
290317,1,1,0,0,0,20,0,0,0,0,0,0
290317,2,1,0,0,0,0,0,0,0,0,0,0
290318,1,1,6,6,6,6,6,6,6,6,6,6
290319,1,1,20,20,20,20,20,20,20,20,20,20
290320,1,1,0,0,0,0,0,0,0,0,0,0
290320,2,1,0,0,0,0,0,0,0,0,0,0
290321,1,1,0,0,0,0,0,0,0,0,0,0
290321,2,1,0,0,0,0,0,0,0,0,0,0
290322,0,1,11,11,11,11,11,11,11,11,11,11
290322,1,1,0,0,0,0,0,0,0,0,0,0
290323,1,1,0,13,23,13,8,27,0,0,0,0
290324,1,1,14,14,14,14,14,14,14,14,14,14
290325,1,1,24,24,24,24,24,24,24,24,24,24
290326,1,1,0,0,0,0,0,0,0,0,0,0
290327,1,1,0,0,0,0,0,0,0,0,0,0
290328,1,1,0,0,30,0,0,0,17,16,17,36
290329,1,1,18,18,18,18,18,18,18,18,18,18
290330,1,1,0,0,0,0,0,0,0,0,0,0
290331,1,1,0,0,13,0,0,0,0,0,0,0
290332,1,1,6,6,6,6,6,6,6,6,6,6
290333,1,1,23,23,23,23,23,23,23,23,23,23
290334,1,1,0,0,0,0,0,0,0,0,0,0
290334,2,1,9,9,9,9,9,9,9,9,9,9
290335,0,1,0,0,0,0,0,0,0,0,0,0
290335,1,1,0,0,0,0,0,0,0,0,0,0
290336,1,1,0,0,0,0,0,0,13,0,19,27
290336,2,1,2,2,2,2,2,2,2,2,2,2
290337,1,1,0,0,0,0,0,0,0,0,0,0
290337,2,1,0,0,0,0,0,0,0,0,15,0
290338,1,1,0,0,0,0,0,0,0,0,0,0
290338,2,1,0,0,0,19,0,0,0,16,0,0
290339,1,1,33,33,33,33,33,33,33,33,33,33
290340,1,1,31,31,31,31,31,31,31,31,31,31
290341,1,1,22,22,22,22,22,22,22,22,22,22
290341,2,1,0,0,12,0,0,0,0,32,0,0
290342,1,1,0,0,0,0,0,0,0,0,0,0
290342,2,1,12,12,12,12,12,12,12,12,12,12
290343,0,1,0,0,0,0,0,0,0,0,0,0
290343,0,2,0,0,0,14,0,0,43,0,0,0
290343,1,1,0,0,0,0,0,0,0,0,0,0
290343,2,1,0,0,0,0,0,0,0,0,0,0
290344,1,1,0,0,0,0,0,0,0,0,0,0
290345,1,1,5,5,5,5,5,5,5,5,5,5
290346,1,1,0,0,0,0,0,0,0,0,0,0
290347,1,1,0,0,0,0,0,0,0,0,0,0
290348,1,1,0,0,0,0,0,0,0,0,0,0
290349,1,1,0,0,0,0,0,0,0,0,0,0
290350,1,1,8,8,8,8,8,8,8,8,8,8
290352,1,1,15,15,15,15,15,15,15,15,15,15
290353,0,1,0,0,0,0,0,0,0,0,0,0
290353,1,1,17,8,0,0,18,22,8,26,6,0
290354,1,1,0,0,15,0,0,0,0,0,0,0
290355,1,1,0,0,15,0,0,0,0,0,0,0
290356,1,1,1,1,1,1,1,1,1,1,1,1
290357,0,1,0,0,5,0,19,8,0,0,0,0
290357,1,1,0,0,0,0,0,0,0,0,0,0
290358,0,1,0,0,0,0,0,0,0,0,0,0
290358,1,1,17,0,0,8,31,0,0,0,0,21
290359,0,1,19,19,19,19,19,19,19,19,19,19
290359,1,1,0,0,0,0,0,0,0,0,0,0
290360,1,1,6,6,6,6,6,6,6,6,6,6
290361,1,1,0,0,0,0,0,0,0,0,0,0
290362,1,1,0,0,0,0,0,0,0,0,0,0
290363,1,1,0,0,0,0,0,0,0,0,0,0
290364,1,1,0,0,0,0,0,0,0,0,0,0
290365,1,1,16,16,16,16,16,16,16,16,16,16
290366,1,1,24,24,24,24,24,24,24,24,24,24
290367,1,1,6,6,6,6,6,6,6,6,6,6
290368,1,1,0,0,0,0,0,0,0,0,0,0
290369,1,1,0,0,0,0,0,0,0,0,0,0
290370,1,1,0,0,0,0,0,0,0,0,0,0
290371,1,1,0,0,0,30,0,29,0,0,0,0
290372,1,1,15,15,15,15,15,15,15,15,15,15
290373,1,1,0,0,0,0,0,0,0,0,0,0
290374,1,1,0,0,0,0,0,0,0,0,0,0
290375,1,1,17,17,17,17,17,17,17,17,17,17
290376,1,1,0,0,0,0,0,0,0,0,0,0
290378,1,1,16,16,16,16,16,16,16,16,16,16
290379,1,1,0,15,0,0,0,0,13,0,0,0
290380,1,1,0,0,0,0,0,0,0,0,0,0
290381,1,1,17,17,17,17,17,17,17,17,17,17
290382,1,1,0,0,0,0,0,0,0,0,0,0
290383,0,1,0,0,0,0,0,0,0,0,0,0
290383,1,1,0,0,0,0,0,0,0,0,0,0
290384,1,1,0,0,0,0,0,0,0,0,0,0
290385,1,1,0,0,0,0,0,0,0,0,0,0
290386,1,1,0,0,0,0,0,0,0,0,0,0
290386,2,1,0,0,0,0,0,0,0,0,0,0
290387,1,1,0,0,0,0,0,0,0,0,0,0
290387,2,1,0,0,0,0,0,0,0,0,0,0
290388,1,1,1,1,1,1,1,1,1,1,1,1
290388,2,1,0,0,0,0,0,0,0,0,0,0
290389,1,1,0,0,0,0,0,0,0,0,0,0
290389,2,1,0,0,8,0,0,0,0,0,0,0
290390,1,1,0,0,0,0,0,0,0,0,0,0
290390,2,1,0,0,0,0,0,0,0,0,0,0
290391,1,1,0,0,0,0,0,0,0,0,0,0
290391,2,1,0,0,0,0,0,0,0,0,0,0
290392,1,1,0,0,0,0,0,0,0,0,0,0
290392,2,1,0,0,0,0,0,0,0,0,14,0
290393,0,1,16,36,20,10,17,19,15,17,18,15
290393,1,1,11,22,0,24,0,0,13,11,21,9
290394,0,1,20,20,20,20,20,20,20,20,20,20
290394,1,1,0,0,0,0,0,0,0,0,0,0
290395,1,1,0,0,0,0,0,0,0,0,0,0
290395,2,1,0,0,0,0,0,0,0,0,0,0
290396,0,1,0,0,0,0,0,0,0,0,0,0
290396,1,1,0,0,0,0,0,0,0,0,0,0
290397,0,1,20,20,20,20,20,20,20,20,20,20
290397,1,1,0,26,13,11,11,18,13,0,28,0
290398,1,1,0,0,0,0,0,0,0,0,0,0
290399,1,1,3,14,0,0,8,18,0,0,0,10
290400,1,1,0,0,0,0,0,0,0,0,0,0
290400,2,1,0,0,0,0,0,0,0,0,0,0
290401,1,1,0,17,26,14,11,12,16,18,0,19
290402,1,1,6,6,6,6,6,6,6,6,6,6
290402,2,1,0,0,0,0,0,0,0,0,0,0
290403,1,1,12,12,12,12,12,12,12,12,12,12
290403,2,1,0,0,0,0,0,0,0,0,0,0
290404,1,1,0,0,0,0,0,0,0,0,0,0
290404,2,1,0,0,0,0,0,0,0,0,0,0
290405,1,1,22,22,22,22,22,22,22,22,22,22
290405,2,1,0,0,0,0,0,0,0,0,0,0
290406,1,1,2,11,19,25,12,0,25,22,26,19
290406,2,1,0,0,0,0,0,0,0,0,0,0
290407,1,1,0,0,0,0,0,0,0,0,0,0
290407,2,1,0,0,0,0,0,0,0,0,0,0
290408,1,1,24,24,24,24,24,24,24,24,24,24
290408,2,1,0,0,10,9,0,0,0,19,0,0
290409,1,1,10,10,10,10,10,10,10,10,10,10
290409,2,1,0,0,0,0,0,0,0,0,0,0
290410,1,1,0,15,24,10,17,0,0,0,16,0
290411,1,1,0,0,0,0,0,0,0,0,0,0
290411,2,1,6,0,0,0,0,0,0,0,0,10
290412,1,1,0,0,0,0,0,0,0,0,0,0
290413,1,1,0,0,0,0,0,0,0,0,0,0
290413,2,1,0,37,0,0,0,0,0,0,0,0
290414,1,1,8,0,0,0,0,0,20,0,0,0
290415,1,1,0,0,0,0,0,0,0,0,9,14
290416,1,1,0,0,0,0,0,0,0,0,0,0
290417,1,1,35,35,35,35,35,35,35,35,35,35
290418,0,1,31,35,0,21,6,0,0,23,0,25
290418,1,1,0,0,4,0,22,0,0,0,2,0
290419,1,1,7,7,7,7,7,7,7,7,7,7
290419,2,1,3,3,3,3,3,3,3,3,3,3
290420,1,1,0,0,0,0,0,0,0,0,0,0
290421,1,1,0,0,0,0,0,0,0,0,0,0
290421,2,1,0,0,0,0,0,0,0,0,0,0
290421,3,1,0,0,0,0,0,0,0,0,0,0
290422,1,1,9,9,9,9,9,9,9,9,9,9
290423,1,1,0,0,0,0,0,0,0,0,0,0
290423,2,1,0,0,0,0,0,0,0,0,0,0
290423,3,1,0,0,0,0,0,0,0,0,0,0
290424,4,1,0,0,0,0,0,0,0,0,0,0
290425,0,1,0,0,0,0,0,0,0,0,0,0
290425,0,2,0,0,0,0,0,0,0,0,0,0
290425,1,1,14,17,13,4,8,20,8,14,23,32
290425,2,1,0,17,0,0,0,0,16,0,0,0
290426,1,1,0,0,0,0,0,0,0,31,0,0
290427,1,1,0,0,0,0,0,0,0,0,0,0
290428,1,1,0,0,0,0,0,0,0,0,0,0
290428,2,1,0,0,0,0,0,0,0,0,0,0
290429,1,1,10,10,10,10,10,10,10,10,10,10
290430,1,1,0,0,5,0,0,3,26,0,0,0
290431,1,1,9,9,9,9,9,9,9,9,9,9
290432,1,1,0,0,0,0,0,0,0,0,0,0
290432,2,1,0,0,0,0,0,0,0,0,0,0
290434,1,1,0,0,0,0,0,0,0,0,0,0
290435,1,1,0,0,0,0,0,0,0,0,0,0
290435,2,1,0,0,0,0,0,0,0,0,0,0
290436,1,1,0,0,0,0,0,0,0,0,0,0
290436,2,1,0,0,0,0,0,0,0,0,0,0
290436,3,1,0,0,0,0,0,0,0,0,0,0
290437,1,1,0,0,0,0,0,0,0,0,0,0
290438,0,1,0,0,0,0,0,0,0,0,0,0
290438,1,1,0,0,0,0,0,0,0,0,0,0
290439,1,1,0,0,0,0,0,0,0,0,0,0
290439,2,1,0,0,0,0,0,0,0,0,0,0
290440,1,1,14,14,14,14,14,14,14,14,14,14
290440,2,1,0,0,0,0,0,0,0,0,0,0
290441,1,1,18,18,18,18,18,18,18,18,18,18
290442,0,1,0,15,34,25,0,0,0,6,0,0
290442,1,1,0,0,0,0,0,0,0,0,0,0
290443,1,1,10,10,10,10,10,10,10,10,10,10
290444,1,1,0,0,0,0,0,0,0,0,0,0
290445,1,1,0,0,0,0,0,0,0,0,0,0
290445,2,1,0,0,0,0,0,0,0,0,0,0
290445,3,1,0,0,0,0,0,0,0,0,0,0
290445,4,1,0,0,0,0,0,0,0,0,0,0
290445,5,1,0,0,0,10,0,0,0,0,0,0
290445,6,1,0,0,0,0,0,0,8,0,0,0
290445,7,1,0,0,0,0,0,0,0,0,0,0
290446,1,1,11,0,0,0,10,0,0,0,0,5
290447,1,1,0,0,0,0,0,0,0,0,0,0
290448,1,1,0,0,0,0,0,0,0,0,0,0
290448,2,1,0,0,0,0,0,0,0,0,0,0
290450,1,1,0,28,31,14,12,11,0,18,25,36
290451,1,1,0,0,0,0,0,0,0,0,0,0
290451,2,1,0,0,0,0,0,0,0,0,0,0
290452,1,1,0,0,0,0,0,0,0,0,0,0
290453,1,1,0,0,0,0,0,0,0,0,0,0
290453,2,1,0,0,0,0,0,0,0,0,0,0
290453,3,1,0,0,0,0,0,0,0,0,0,0
290455,1,1,0,0,31,0,0,0,0,0,0,0
290456,1,1,0,0,0,0,0,0,0,0,0,0
290456,2,1,0,0,0,0,0,0,0,0,0,0
290457,1,1,0,0,0,0,0,0,0,0,0,0
290457,2,1,0,0,0,0,0,0,0,0,0,0
290457,3,1,0,0,0,0,0,0,0,0,0,0
290458,1,1,0,0,0,0,0,0,0,0,0,0
290458,2,1,0,0,0,0,0,0,0,0,0,0
290459,1,1,16,16,16,16,16,16,16,16,16,16
290460,1,1,0,0,0,0,0,0,0,0,0,0
290460,2,1,0,0,0,0,0,0,0,0,0,0
290460,3,1,0,0,0,0,0,0,0,0,0,0
290461,0,1,9,9,9,9,9,9,9,9,9,9
290461,1,1,0,0,0,0,0,0,0,0,0,0
290462,1,1,0,0,0,0,0,0,0,0,0,0
290462,2,1,0,0,0,0,0,0,0,0,0,0
290463,1,1,0,0,0,0,0,0,0,0,0,0
290463,2,1,0,0,0,0,0,0,0,0,0,0
290464,1,1,8,22,12,13,12,7,5,17,13,30
290464,2,1,0,0,0,0,0,0,0,0,0,0
290465,1,1,0,0,0,0,0,0,0,0,0,0
290466,1,1,0,0,0,0,0,0,0,0,0,0
290466,2,1,0,0,0,0,0,0,0,0,0,0
290467,1,1,0,0,0,0,0,0,0,0,0,0
290468,1,1,0,15,20,0,0,0,0,0,0,0
290469,1,1,20,20,20,20,20,20,20,20,20,20
290469,2,1,0,0,0,0,0,0,0,0,0,31
290469,3,1,0,0,0,0,0,0,0,0,20,0
290470,1,1,0,0,0,0,0,0,0,0,0,0
290471,1,1,0,0,0,0,0,0,0,0,0,0
290471,2,1,0,0,0,0,0,0,0,0,0,0
290472,1,1,6,0,0,0,21,0,0,0,0,17
290473,1,1,0,0,0,0,0,0,0,0,0,0
290473,2,1,0,0,0,0,0,0,0,0,0,0
290473,3,1,0,0,0,0,0,0,0,0,0,0
290474,1,1,0,0,0,0,0,0,0,0,0,0
290474,2,1,0,0,0,0,0,0,0,0,0,0
290475,1,1,0,0,0,0,0,0,0,0,0,0
290476,1,1,14,14,14,14,14,14,14,14,14,14
290476,2,1,0,0,0,0,0,0,0,0,0,0
290476,3,1,0,22,0,0,0,0,0,0,16,0
290476,4,1,0,0,0,0,27,9,0,0,0,0
290476,5,1,19,0,0,0,0,0,12,0,0,0
290476,6,1,0,0,0,0,0,0,0,0,0,0
290476,7,1,0,0,0,0,12,0,14,0,9,0
290476,8,1,0,0,0,9,0,0,0,26,0,0
290476,9,1,0,0,0,0,31,0,0,0,0,0
290477,0,1,0,0,0,0,0,0,0,0,0,0
290477,1,1,0,0,0,0,0,0,0,0,0,0
290478,1,1,19,19,19,19,19,19,19,19,19,19
290479,1,1,0,0,0,0,0,0,0,0,0,0
290479,2,1,0,0,0,0,0,0,0,0,0,0
290480,1,1,0,0,0,0,0,0,0,0,0,0
290480,2,1,0,0,0,0,0,0,0,0,0,0
290481,1,1,0,0,0,0,0,0,0,0,0,0
290482,1,1,0,0,0,0,0,0,0,0,0,0
290482,2,1,0,0,0,0,0,0,0,0,0,0
290483,0,1,14,0,0,23,17,15,0,0,0,0
290483,1,1,9,9,9,9,9,9,9,9,9,9
290484,1,1,16,16,16,16,16,16,16,16,16,16
290484,2,1,19,0,0,0,0,0,0,0,0,18
290485,1,1,0,0,0,0,0,0,0,0,0,0
290486,1,1,5,5,5,5,5,5,5,5,5,5
290487,1,1,0,0,0,0,0,0,0,0,0,0
290487,2,1,0,0,0,0,0,0,0,0,0,0
290488,1,1,0,0,12,0,0,0,0,0,0,0
290489,1,1,0,0,0,0,0,0,6,0,0,0
290489,2,1,0,0,0,0,0,0,0,0,0,0
290491,1,1,10,0,0,0,0,0,0,15,0,0
290492,1,1,14,14,14,14,14,14,14,14,14,14
290493,0,1,0,0,0,0,0,0,0,0,0,0
290493,1,1,0,0,0,15,0,0,13,0,0,0
290494,1,1,0,0,0,0,0,0,0,0,13,0
290495,1,1,13,0,0,0,0,0,0,0,0,0
290495,2,1,0,0,0,0,0,0,0,0,0,0
290496,1,1,23,23,23,23,23,23,23,23,23,23
290497,1,1,0,0,0,0,0,0,0,0,0,0
290497,2,1,0,0,0,0,0,0,0,0,0,0
290497,3,1,0,0,0,0,0,0,0,0,0,0
290498,1,1,10,13,19,0,19,21,15,5,13,0
290499,1,1,28,0,0,0,0,0,0,0,23,0
290500,1,1,0,0,0,0,0,0,0,0,0,0
290500,2,1,0,0,0,0,0,0,0,0,0,0
290501,0,1,27,0,21,0,0,0,0,19,0,7
290501,1,1,0,0,0,0,0,0,0,0,0,0
290502,1,1,0,0,0,0,0,0,0,0,0,0
290503,1,1,11,11,11,11,11,11,11,11,11,11
290504,1,1,0,0,0,0,0,0,0,0,0,0
290505,1,1,0,0,0,0,0,0,0,0,19,0
290506,1,1,0,0,0,0,0,0,0,0,0,0
290506,2,1,0,0,0,0,0,0,0,0,0,0
290507,1,1,0,0,0,0,0,0,0,0,0,0
290508,1,1,0,0,0,0,26,0,0,0,0,0
290508,2,1,0,0,0,0,0,0,0,0,0,0
290509,1,1,0,13,0,0,0,0,0,0,0,0
290509,2,1,0,0,0,0,0,0,0,0,0,0
290510,1,1,0,0,0,0,0,0,0,0,0,0
290510,2,1,0,0,0,0,0,0,0,0,0,0
290511,1,1,0,0,0,0,0,0,0,0,0,0
290512,1,1,6,6,6,6,6,6,6,6,6,6
290512,2,1,0,0,0,0,0,0,0,0,0,0
290513,1,1,0,0,0,0,0,0,0,0,0,0
290513,2,1,0,0,0,0,0,0,0,0,0,0
290514,1,1,12,12,12,12,12,12,12,12,12,12
290514,2,1,0,0,0,0,0,0,0,0,0,0
290515,0,1,0,0,0,0,0,0,0,0,0,0
290515,1,1,0,0,0,0,0,0,0,0,0,0
290516,1,1,22,0,0,0,0,0,0,25,0,0
290517,1,1,15,15,22,14,8,20,11,11,3,17
290517,2,1,0,0,0,0,0,0,0,0,0,0
290518,1,1,2,2,2,2,2,2,2,2,2,2
290519,1,1,10,10,10,10,10,10,10,10,10,10
290519,2,1,0,0,0,0,0,0,0,0,0,0
290520,1,1,0,0,0,0,0,0,0,0,0,8
290520,2,1,0,0,0,0,0,0,0,0,0,0
290520,3,1,0,0,0,0,0,0,0,0,0,0
290521,1,1,0,0,0,0,0,0,0,0,0,0
290521,2,1,0,0,0,0,0,0,0,0,0,0
290522,1,1,20,20,20,20,20,20,20,20,20,20
290523,1,1,0,0,0,0,0,0,0,0,0,0
290523,2,1,0,0,0,0,0,0,0,0,0,0
290524,0,1,0,0,0,0,0,0,0,0,0,0
290524,1,1,0,0,0,0,0,0,0,0,0,0
290525,1,1,0,0,0,0,0,0,0,0,0,0
290525,2,1,28,0,0,0,0,0,0,0,0,0
290526,1,1,17,0,0,0,23,0,0,15,0,0
290527,1,1,0,0,0,0,0,0,0,0,0,0
290527,2,1,61,0,0,0,0,0,0,0,0,0
290528,1,1,0,0,0,0,0,0,0,0,0,0
290528,2,1,0,0,0,0,0,0,0,0,0,0
290529,1,1,0,0,0,0,0,0,0,0,0,0
290530,1,1,11,11,11,11,11,11,11,11,11,11
290531,1,1,18,18,18,18,18,18,18,18,18,18
290532,1,1,0,0,0,0,0,0,0,0,0,0
290532,2,1,0,0,0,0,0,0,0,0,0,0
290533,1,1,0,0,0,0,0,0,0,0,0,0
290534,0,1,21,21,21,21,21,21,21,21,21,21
290534,1,1,0,0,0,0,0,0,0,0,0,0
290535,1,1,24,24,24,24,24,24,24,24,24,24
290535,2,1,0,0,0,0,0,0,0,0,0,0
290536,1,1,0,0,0,0,0,0,0,0,0,0
290536,2,1,14,0,0,0,0,0,0,0,0,0
290538,1,1,9,9,9,9,9,9,9,9,9,9
290539,1,1,0,0,0,0,0,0,0,0,0,0
290539,2,1,0,0,0,0,0,0,0,0,0,0
290539,3,1,0,0,0,0,0,5,0,0,0,0
290540,1,1,0,0,0,0,0,0,0,0,0,0
290541,1,1,0,0,0,0,0,0,0,0,0,0
290541,2,1,0,0,0,0,0,0,0,0,0,0
290542,1,1,0,0,0,0,0,0,0,0,0,0
290542,2,1,0,0,0,0,0,0,0,0,0,0
290543,1,1,0,0,0,0,0,0,0,0,0,0
290544,1,1,0,0,0,0,0,0,0,0,0,0
290544,2,1,5,0,0,0,0,0,0,0,0,17
290545,1,1,0,0,0,0,0,0,0,0,0,0
290546,1,1,0,0,0,0,0,0,0,6,0,0
290546,2,1,0,0,0,0,0,0,0,0,0,0
290547,1,1,0,0,0,0,0,0,0,0,0,0
290547,2,1,0,0,0,0,0,0,29,0,0,0
290548,1,1,0,0,0,0,0,0,0,0,0,0
290548,2,1,0,0,0,0,0,0,0,0,0,0
290549,0,1,0,0,0,0,0,0,0,0,0,0
290549,1,1,5,17,7,20,24,26,0,18,6,16
290550,1,1,23,23,23,23,23,23,23,23,23,23
290551,1,1,0,0,0,0,0,0,0,0,0,0
290551,2,1,0,0,0,0,0,0,0,0,0,0
290552,0,1,1,1,1,1,1,1,1,1,1,1
290552,1,1,0,0,0,0,0,0,0,0,0,0
290553,1,1,0,0,0,0,0,0,0,0,0,0
290554,1,1,0,0,17,0,0,0,17,18,0,0
290555,1,1,27,27,27,27,27,27,27,27,27,27
290556,1,1,12,12,12,12,12,12,12,12,12,12
290557,1,1,0,0,0,0,0,0,0,0,0,0
290558,1,1,19,0,0,0,0,0,0,0,0,0
290559,1,1,0,0,0,0,0,0,0,0,0,0
290559,2,1,0,0,0,0,0,0,0,0,0,0
290560,1,1,0,0,0,0,0,0,0,0,0,0
290560,2,1,0,0,0,0,0,0,0,0,0,0
290561,1,1,0,0,0,0,0,0,0,0,0,0
290562,1,1,0,0,0,0,0,0,0,0,0,0
290562,2,1,0,0,0,0,0,0,0,0,0,0
290562,3,1,0,0,0,0,0,0,0,0,0,0
290563,1,1,0,0,0,0,0,0,0,0,0,0
290563,2,1,0,0,0,0,0,0,0,0,0,0
290563,3,1,0,0,0,0,0,0,0,0,0,0
290564,1,1,16,17,13,12,18,20,13,0,19,17
290565,1,1,15,15,15,15,15,15,15,15,15,15
290565,2,1,0,0,0,0,0,0,0,0,0,0
290566,1,1,40,40,40,40,40,40,40,40,40,40
290566,2,1,0,0,0,0,0,0,0,0,0,0
290567,1,1,0,0,0,0,0,0,0,0,0,0
290567,2,1,0,0,0,0,0,0,0,0,0,0
290568,1,1,0,0,0,0,0,0,0,0,0,0
290568,2,1,0,0,0,0,0,0,0,0,0,0
290569,1,1,0,0,0,0,0,0,0,0,0,0
290569,2,1,0,0,25,0,0,0,0,0,0,0
290570,1,1,0,0,0,0,0,0,0,0,0,0
290571,0,1,0,20,0,0,9,0,0,13,0,0
290571,0,2,30,0,0,4,0,0,0,0,0,0
290571,0,3,23,0,0,0,0,0,0,0,0,27
290571,1,1,0,0,35,0,8,8,0,0,14,4
290572,1,1,0,0,7,0,0,0,0,0,0,22
290572,2,1,0,0,0,19,0,0,0,0,0,0
290573,1,1,0,0,0,0,0,0,0,0,0,0
290574,1,1,0,0,0,0,0,0,0,0,24,0
290574,2,1,0,0,0,0,0,0,0,0,0,0
290575,1,1,0,11,0,0,10,0,0,13,14,0
290576,1,1,0,21,0,0,0,0,0,0,0,0
290576,2,1,0,0,0,0,0,0,0,0,0,0
290577,0,1,11,11,11,11,11,11,11,11,11,11
290577,1,1,21,21,21,21,21,21,21,21,21,21
290578,1,1,0,0,0,34,4,20,19,0,14,20
290579,1,1,0,0,0,0,0,0,0,0,0,0
290579,2,1,0,0,0,0,0,0,0,0,0,0
290580,1,1,0,0,0,0,0,0,0,0,0,0
290580,2,1,0,0,0,0,16,0,0,0,0,0
290581,1,1,0,0,0,0,0,0,0,0,0,0
290582,1,1,15,15,15,15,15,15,15,15,15,15
290583,1,1,0,0,0,0,0,0,0,0,0,0
290584,1,1,0,0,0,0,0,0,0,0,0,0
290585,0,1,0,0,0,0,0,0,0,0,0,0
290585,1,1,0,0,0,0,0,0,0,0,0,0
290586,1,1,0,0,0,0,0,0,0,0,0,0
290586,2,1,0,0,0,0,0,0,0,0,0,0
290586,3,1,0,0,0,0,0,0,0,0,0,0
290587,1,1,23,23,23,23,23,23,23,23,23,23
290588,1,1,28,28,28,28,28,28,28,28,28,28
290589,0,1,0,0,0,0,0,0,0,0,0,0
290589,1,1,0,0,0,0,0,0,0,0,0,0
290590,1,1,0,0,0,0,0,0,0,0,0,0
290590,2,1,0,0,0,0,0,0,0,0,0,0
290590,3,1,0,0,0,0,0,0,0,0,0,0
290591,1,1,0,0,0,0,0,0,0,0,0,0
290591,2,1,0,0,0,0,0,0,0,0,0,0
290591,3,1,0,0,0,0,0,0,0,0,0,0
290592,1,1,0,0,0,0,0,0,0,0,0,0
290593,1,1,0,0,0,0,0,0,0,0,0,0
290594,1,1,20,20,20,20,20,20,20,20,20,20
290595,0,1,27,27,27,27,27,27,27,27,27,27
290595,1,1,0,0,0,0,0,0,0,0,0,0
290596,1,1,30,30,30,30,30,30,30,30,30,30
290597,1,1,0,0,0,0,18,0,0,0,0,0
290598,1,1,0,0,0,8,0,0,0,0,0,0
290598,2,1,0,0,0,0,0,0,0,0,0,0
290598,3,1,0,0,0,0,0,0,16,12,0,22
290599,1,1,0,0,0,0,0,0,0,0,0,0
290600,0,1,0,0,0,0,0,0,0,0,0,0
290600,1,1,0,0,0,0,0,0,0,0,0,0
290601,1,1,26,26,26,26,26,26,26,26,26,26
290602,1,1,0,0,0,0,0,0,0,0,0,0
290602,2,1,0,0,0,0,0,0,0,0,0,0
290603,1,1,0,0,0,0,0,0,0,0,0,0
290603,2,1,0,0,12,0,0,0,0,0,0,0
290603,3,1,0,0,0,0,0,0,0,0,0,0
290603,4,1,0,0,0,0,0,0,0,0,0,0
290604,1,1,0,22,0,0,0,11,0,0,15,13