ST_CASE,VEH_NO,PER_NO,P1,P2,P3,P4,P5,P6,P7,P8,P9,P10
290604,2,1,0,0,0,0,0,0,19,0,0,0
290604,3,1,0,0,0,0,0,0,0,0,0,0
290605,0,1,0,0,0,0,0,0,0,0,0,0
290605,1,1,0,0,8,0,0,0,0,0,0,0
290606,1,1,0,0,0,0,0,0,0,0,0,0
290606,2,1,0,0,0,0,0,0,0,0,0,0
290607,1,1,0,0,0,0,0,0,0,0,0,0
290607,2,1,0,0,0,0,11,0,0,0,0,0
290608,1,1,2,2,2,2,2,2,2,2,2,2
290608,2,1,13,37,19,20,0,11,18,15,20,24
290609,1,1,15,15,15,15,15,15,15,15,15,15
290610,1,1,0,0,0,0,0,0,0,0,0,12
290611,1,1,19,19,19,19,19,19,19,19,19,19
290612,0,1,29,29,29,29,29,29,29,29,29,29
290612,1,1,0,0,0,0,0,0,0,0,0,0
290613,0,1,0,0,0,0,0,0,0,0,0,0
290613,0,2,0,0,0,0,0,0,0,0,0,0
290613,0,3,0,0,0,0,0,0,0,0,0,0
290613,0,4,0,0,0,25,17,21,0,0,9,13
290613,0,5,0,0,0,0,0,0,0,0,19,0
290613,1,1,0,0,0,0,0,0,0,0,0,0
290614,1,1,0,0,0,0,0,0,0,0,0,0
290615,1,1,0,0,0,0,0,0,0,0,0,0
290616,1,1,0,0,0,0,0,0,0,0,0,0
290616,2,1,0,0,0,0,0,0,0,0,0,0
290617,1,1,0,0,0,0,0,0,0,0,0,0
290617,2,1,0,0,0,0,0,0,0,0,0,0
290618,1,1,17,13,17,19,0,11,13,0,36,24
290619,1,1,7,7,7,7,7,7,7,7,7,7
290620,1,1,0,0,44,0,0,0,11,0,0,8
290621,1,1,0,0,0,0,0,0,0,0,0,0
290621,2,1,0,0,0,0,0,0,0,0,0,0
290622,1,1,22,22,22,22,22,22,22,22,22,22
290623,1,1,0,0,0,0,0,0,0,0,0,0
290623,2,1,0,0,0,0,0,0,0,0,0,0
290624,1,1,0,0,0,0,0,0,0,0,0,0
290625,1,1,0,0,0,0,0,0,0,0,0,0
290625,2,1,0,0,0,0,0,0,0,0,0,0
290626,1,1,0,0,0,0,0,0,0,0,0,0
290627,0,1,0,0,0,0,0,0,0,0,0,0
290627,1,1,0,0,0,0,0,0,0,0,0,0
290629,1,1,0,0,0,0,0,6,0,22,0,0
290630,1,1,0,0,20,0,0,0,0,15,0,0
290631,1,1,0,0,0,0,0,0,0,0,0,0
290631,2,1,0,0,0,0,0,0,0,0,0,0
290632,1,1,21,0,0,0,0,27,0,0,0,0
290632,2,1,0,0,0,0,0,0,0,0,0,0
290633,1,1,0,0,0,0,0,0,0,0,0,0
290634,1,1,4,4,4,4,4,4,4,4,4,4
290635,1,1,20,20,20,20,20,20,20,20,20,20
290636,1,1,0,0,0,0,0,0,0,0,0,0
290636,2,1,0,0,0,0,0,0,0,0,0,0
290637,1,1,0,0,17,0,0,0,0,0,6,16
290637,2,1,0,0,0,0,0,0,0,0,0,0
290638,1,1,14,14,14,14,14,14,14,14,14,14
290639,1,1,31,31,31,31,31,31,31,31,31,31
290639,2,1,0,0,0,0,0,0,0,0,0,0
290640,1,1,12,12,12,12,12,12,12,12,12,12
290640,2,1,0,0,0,0,0,0,0,0,0,0
290641,1,1,0,0,0,0,0,0,0,0,0,0
290642,0,1,0,0,0,0,0,0,0,0,0,0
290642,1,1,3,3,3,3,3,3,3,3,3,3
290643,1,1,0,0,0,0,0,0,0,0,0,0
290644,1,1,19,19,19,19,19,19,19,19,19,19
290644,2,1,8,8,8,8,8,8,8,8,8,8
290645,1,1,0,0,0,0,0,0,0,0,12,0
290645,2,1,15,15,15,15,15,15,15,15,15,15
290646,1,1,0,0,0,0,0,0,0,0,0,0
290646,2,1,0,0,0,0,0,0,0,0,0,0
290647,1,1,0,0,0,0,0,0,0,0,0,0
290648,1,1,0,0,0,0,0,0,0,0,0,0
290649,1,1,0,0,0,0,0,0,0,0,0,0
290649,2,1,0,0,0,0,0,0,0,0,0,0
290650,1,1,0,0,0,0,0,0,0,0,0,0
290651,1,1,0,0,0,0,0,0,0,0,0,0
290652,1,1,7,0,0,13,0,24,0,0,0,0
290653,1,1,0,0,0,0,0,0,0,0,0,0
290653,2,1,0,0,0,0,0,0,0,0,0,0
290654,0,1,0,0,0,0,0,0,0,0,0,0
290654,1,1,0,0,0,0,0,0,0,0,0,0
290654,2,1,0,0,0,0,0,0,0,0,0,0
290655,1,1,10,10,10,10,10,10,10,10,10,10
290656,1,1,0,0,0,0,0,0,0,0,0,0
290656,2,1,0,0,0,0,0,0,0,0,0,0
290657,1,1,0,0,0,0,0,0,0,0,0,0
290657,2,1,0,0,0,0,0,0,0,0,0,0
290658,1,1,0,0,0,0,0,0,0,0,0,0
290659,1,1,0,0,0,0,0,0,0,0,0,0
290660,1,1,0,0,0,0,0,0,0,0,0,0
290661,1,1,0,0,25,24,0,37,0,0,0,18
290662,1,1,19,19,19,19,19,19,19,19,19,19
290663,1,1,0,0,0,0,0,0,0,0,0,0
290663,2,1,0,0,0,0,0,0,0,0,0,0
290663,3,1,0,0,0,0,0,0,0,0,0,0
290664,1,1,5,5,5,5,5,5,5,5,5,5
290664,2,1,0,0,0,0,0,0,0,0,0,0
290665,1,1,1,1,1,1,1,1,1,1,1,1
290666,1,1,0,0,0,0,0,0,0,0,0,0
290666,2,1,0,0,0,0,0,0,0,0,0,0
290667,1,1,0,0,0,7,0,0,26,0,0,0
290668,1,1,15,15,7,5,29,19,24,6,21,17
290669,1,1,0,0,0,0,0,0,0,0,0,0
290670,1,1,0,0,0,0,0,0,19,11,0,0
290670,2,1,0,0,0,0,0,0,27,0,0,0
290671,1,1,36,16,5,2,13,0,7,16,6,22
290672,1,1,0,0,0,0,0,0,0,0,0,0
290672,2,1,0,0,0,25,0,0,0,0,0,0
290672,3,1,0,6,0,0,0,0,0,0,0,0
290673,1,1,0,0,0,0,0,0,0,0,0,0
290673,2,1,0,0,0,0,0,0,0,0,0,0
290673,3,1,0,0,0,0,0,0,0,0,0,0
290674,1,1,0,0,0,0,0,0,0,0,0,0
290674,2,1,0,0,0,0,0,7,0,0,0,0
290675,1,1,0,0,0,0,0,0,0,0,0,0
290676,1,1,0,0,0,0,0,0,0,0,0,0
290677,1,1,17,17,17,17,17,17,17,17,17,17
290678,1,1,0,0,0,0,0,0,25,0,0,0
290679,1,1,0,0,0,0,0,0,0,0,0,0
290679,2,1,0,0,0,0,0,0,0,0,0,0
290679,3,1,20,0,0,35,0,0,0,20,0,0
290679,4,1,0,0,0,0,0,0,0,0,0,0
290679,5,1,0,0,0,0,0,0,0,0,0,0
290680,1,1,0,0,0,0,0,0,0,15,0,0
290681,1,1,0,0,0,0,0,0,0,0,0,0
290682,1,1,0,0,0,0,0,0,0,0,0,0
290682,2,1,0,0,0,0,0,0,26,0,0,0
290682,3,1,0,0,0,0,0,0,0,0,0,0
290683,1,1,11,11,11,11,11,11,11,11,11,11
290683,2,1,0,15,0,7,27,0,0,0,0,0
290684,1,1,0,0,0,0,0,0,0,0,0,0
290684,2,1,0,0,10,0,0,0,0,15,0,0
290685,1,1,0,0,0,0,0,0,0,0,0,0
290686,1,1,0,0,0,0,0,0,0,0,0,0
290687,1,1,14,14,14,14,14,14,14,14,14,14
290688,1,1,20,20,20,20,20,20,20,20,20,20
290689,1,1,0,0,0,0,0,0,0,0,0,0
290689,2,1,0,0,0,0,0,0,0,0,0,0
290690,1,1,16,16,16,16,16,16,16,16,16,16
290690,2,1,0,0,0,0,0,0,0,0,0,0
290691,1,1,0,0,0,0,0,0,0,0,0,20
290692,1,1,0,0,0,0,0,0,0,0,0,0
290693,1,1,0,0,0,0,0,0,0,0,0,0
290693,2,1,0,0,0,0,0,0,0,0,0,0
290694,1,1,24,24,24,24,24,24,24,24,24,24
290694,2,1,0,0,0,0,0,0,0,0,0,0
290695,0,1,0,0,0,0,0,0,0,0,0,0
290695,1,1,0,0,0,0,0,0,0,0,0,0
290696,1,1,0,0,0,0,0,0,0,0,0,0
290696,2,1,0,0,0,0,0,0,0,0,0,0
290697,1,1,4,4,4,4,4,4,4,4,4,4
290697,2,1,0,0,0,0,0,0,0,0,0,0
290698,1,1,0,0,0,0,0,0,0,0,0,0
290699,1,1,0,0,8,11,0,18,3,17,20,0
290699,2,1,0,0,0,0,0,0,0,0,0,0
290700,1,1,0,0,0,0,0,0,0,0,0,0
290701,1,1,8,8,8,8,8,8,8,8,8,8
290702,1,1,0,0,0,0,0,0,0,0,0,0
290702,2,1,0,0,0,0,0,0,0,0,0,0
290702,3,1,0,0,0,0,0,0,0,0,0,0
290703,1,1,0,21,26,0,0,22,18,0,0,0
290704,1,2,0,18,0,14,0,27,20,17,0,0
290705,1,1,0,0,0,0,0,0,0,0,0,0
290705,2,1,0,0,0,0,0,0,0,0,0,0
290705,3,1,0,0,0,0,0,0,0,0,0,0
290706,1,1,0,0,0,0,0,0,0,0,0,0
290706,2,1,0,0,0,0,0,0,0,0,0,0
290707,1,1,0,0,0,0,0,0,0,0,0,0
290707,2,1,0,0,0,0,0,0,0,0,0,0
290708,1,1,0,0,0,0,0,0,0,0,0,0
290708,2,1,0,0,0,0,0,33,0,0,0,0
290709,1,1,0,0,0,0,0,0,0,0,0,0
290709,2,1,0,0,0,0,0,0,0,0,0,0
290710,1,1,6,6,6,6,6,6,6,6,6,6
290711,0,1,20,20,20,20,20,20,20,20,20,20
290711,1,1,10,0,0,0,8,0,0,0,32,0
290712,1,1,0,0,0,6,0,0,0,0,0,0
290712,2,1,0,0,0,0,0,0,0,0,0,0
290713,0,1,0,0,0,0,0,0,0,0,0,0
290713,1,1,0,0,0,0,0,0,0,0,0,0
290714,1,1,0,0,0,0,0,0,0,0,0,0
290715,0,1,20,20,20,20,20,20,20,20,20,20
290715,1,1,0,0,0,9,0,0,0,0,28,22
290716,1,1,0,0,0,0,0,0,0,0,0,0
290717,1,1,0,0,0,0,0,0,0,0,0,0
290717,2,1,0,0,0,0,0,0,0,0,0,0
290718,0,1,5,0,0,21,27,0,29,0,0,25
290718,1,1,0,0,0,0,0,0,0,0,0,0
290719,0,1,0,0,0,0,0,0,0,0,0,0
290719,1,1,0,0,0,0,0,0,0,0,0,0
290720,1,1,0,0,0,0,0,0,0,0,0,0
290721,1,1,0,0,0,0,0,0,0,0,0,0
290721,2,1,0,0,0,0,0,0,0,0,0,0
290722,0,1,23,23,23,23,23,23,23,23,23,23
290722,1,1,0,0,0,0,0,0,0,0,0,0
290723,1,1,0,0,0,0,0,0,0,0,0,0
290723,2,1,0,0,0,0,0,0,0,0,0,0
290724,0,1,0,0,0,0,0,0,0,0,0,0
290724,1,1,0,0,0,0,0,0,0,0,0,0
290725,1,1,0,0,0,0,0,0,0,0,0,0
290726,1,1,0,0,0,0,0,0,0,0,0,0
290727,1,1,0,0,0,0,9,0,0,16,0,3
290728,1,1,19,19,19,19,19,19,19,19,19,19
290729,1,1,19,19,19,19,19,19,19,19,19,19
290730,1,1,0,0,14,0,0,0,0,0,0,0
290730,2,1,0,0,0,0,0,0,0,0,0,0
290731,1,1,0,0,0,0,0,0,0,0,0,0
290732,1,1,0,0,0,0,0,0,0,0,0,0
290732,2,1,0,0,0,0,0,0,0,0,0,0
290733,1,1,11,11,11,11,11,11,11,11,11,11
290733,2,1,0,0,0,0,0,0,0,0,0,0
290734,1,1,0,0,0,0,0,0,0,0,0,0
290734,2,1,0,0,0,0,0,0,0,0,0,0
290735,0,1,24,24,24,24,24,24,24,24,24,24
290735,1,1,0,0,0,0,0,0,0,0,0,0
290737,1,1,17,0,0,26,0,0,0,0,24,0
290738,1,1,20,20,20,20,20,20,20,20,20,20
290738,2,1,0,0,0,0,0,0,10,0,0,0
290739,1,1,7,0,0,0,9,0,24,0,0,0
290739,2,1,0,0,0,0,0,0,0,0,0,0
290740,1,1,0,0,0,0,0,0,0,0,0,0
290741,1,1,0,0,0,0,0,0,0,0,0,0
290741,2,1,16,0,15,6,0,0,19,0,15,0
290742,1,1,0,0,0,0,0,0,0,0,0,0
290742,2,1,0,0,0,0,0,0,0,0,0,0
290743,1,1,10,10,10,10,10,10,10,10,10,10
290744,1,1,0,0,0,14,0,0,19,0,0,0
290745,1,1,0,0,0,0,0,0,0,0,0,0
290745,2,1,0,0,0,0,0,0,0,0,0,0
290746,1,1,0,0,0,0,0,31,0,23,0,0
290747,1,1,0,36,0,0,0,0,0,0,0,0
290747,2,1,0,0,0,0,0,0,0,0,0,0
290748,1,1,14,0,0,0,0,0,0,0,0,0
290749,1,1,40,0,18,8,17,21,32,0,20,0
290750,1,1,0,0,0,0,0,0,0,0,0,0
290750,2,1,0,0,0,0,0,0,0,0,0,0
290751,1,1,0,0,0,0,0,0,0,0,0,0
290751,2,1,0,0,0,30,0,0,0,0,0,14
290752,1,1,12,3,0,0,13,19,16,0,14,0
290753,1,1,19,19,19,19,19,19,19,19,19,19
290754,1,1,22,22,22,22,22,22,22,22,22,22
290755,1,1,37,37,37,37,37,37,37,37,37,37
290756,1,1,0,0,0,0,0,0,0,0,0,0
290757,1,1,11,11,11,11,11,11,11,11,11,11
290758,1,1,0,0,0,0,0,0,0,0,0,0
290759,1,1,0,0,0,0,0,0,0,0,0,0
290760,1,1,0,0,0,0,0,0,0,0,0,0
290760,2,1,0,0,0,0,0,0,0,0,0,0
290762,0,1,0,0,0,25,0,0,0,0,0,26
290762,1,1,0,0,0,0,0,0,0,0,0,0
290763,1,1,0,0,0,0,0,0,0,0,0,0
290763,2,1,0,0,0,0,0,0,0,0,0,0
290764,1,1,0,0,0,0,0,0,0,0,0,0
290764,2,1,2,2,2,2,2,2,2,2,2,2
290765,1,1,33,0,0,0,0,0,0,0,0,0
290766,1,1,0,0,0,0,0,0,0,0,0,0
290766,2,1,0,0,0,0,0,0,0,0,0,0
290767,1,1,0,0,0,0,0,0,0,0,0,0
290767,2,1,0,0,0,0,0,0,0,0,0,0
290768,1,1,0,0,0,0,0,0,0,0,0,0
290769,1,1,0,0,0,0,0,0,0,0,0,0
290770,1,1,33,26,16,22,25,14,16,24,26,11
290771,1,1,0,0,0,0,0,0,0,0,0,0
290772,1,1,0,0,0,0,0,0,0,0,0,0
290773,1,1,0,0,0,0,0,0,0,0,0,0
290773,2,1,0,0,0,0,0,0,0,0,0,0
290773,3,1,0,0,0,0,0,0,0,0,0,0
290773,4,1,0,0,0,0,0,0,0,0,0,0
290774,1,1,0,0,0,0,0,0,0,0,0,0
290774,2,1,0,0,0,0,0,0,0,0,0,0
290775,1,1,0,0,0,0,0,0,0,0,0,0
290775,2,1,0,0,0,0,0,0,0,0,0,0
290776,0,1,0,0,0,0,0,0,0,0,0,0
290776,1,1,0,0,0,0,0,0,0,0,0,0
290777,1,1,29,29,29,29,29,29,29,29,29,29
290777,2,1,0,0,0,0,0,0,0,0,0,0
290778,1,1,17,17,17,17,17,17,17,17,17,17
290779,0,1,0,17,3,19,23,13,10,17,12,0
290779,1,1,0,0,0,0,0,0,0,0,0,0
290780,0,1,0,0,0,0,0,0,0,0,0,0
290780,1,1,0,0,0,0,0,0,0,0,0,0
290781,1,1,0,0,0,0,0,0,0,0,0,0
290781,2,1,0,0,0,0,0,0,0,0,0,0
290782,1,1,10,0,12,12,16,10,4,11,13,22
290783,1,1,10,10,10,10,10,10,10,10,10,10
290783,2,1,0,0,0,0,0,0,0,0,0,0
290784,1,1,0,0,19,0,0,0,0,0,0,0
290784,2,1,0,0,0,0,0,0,0,0,0,0
290785,1,1,12,12,12,12,12,12,12,12,12,12
290786,1,1,17,17,17,17,17,17,17,17,17,17
290786,2,1,0,0,0,0,0,0,0,0,0,0
290786,3,1,31,0,0,0,15,13,32,9,23,15
290787,1,1,0,0,0,0,0,0,0,0,0,0
290787,2,1,0,0,0,0,0,0,0,0,0,0
290788,1,1,0,0,0,0,0,0,0,0,0,0
290788,2,1,0,0,0,0,0,0,0,0,0,0
290789,1,1,0,7,0,0,12,0,0,0,0,0
290790,1,1,23,23,23,23,23,23,23,23,23,23
290791,1,1,0,0,0,0,0,0,0,0,0,0
290792,1,1,0,0,0,0,0,0,0,0,0,0
290793,1,1,18,18,18,18,18,18,18,18,18,18
290794,1,1,0,0,0,0,0,0,0,0,0,0
290795,1,1,0,0,0,0,0,0,0,0,0,0
290795,2,1,0,0,0,0,0,0,0,0,0,0
290796,1,1,0,0,0,0,0,0,0,0,0,0
290796,2,1,0,0,0,0,0,0,0,0,0,0
290797,1,1,21,20,17,7,13,20,17,10,12,15
290798,1,1,0,0,0,0,0,0,0,0,0,0
290799,1,1,0,0,0,0,0,0,0,0,0,0
290799,2,1,36,36,36,36,36,36,36,36,36,36
290800,1,1,17,17,17,17,17,17,17,17,17,17
290801,0,1,0,0,0,0,0,0,0,0,0,0
290801,1,1,0,0,0,0,0,0,0,0,0,0
290802,1,1,0,0,0,0,0,0,0,0,0,0
290802,2,1,4,4,4,4,4,4,4,4,4,4
290803,1,1,1,1,1,1,1,1,1,1,1,1
290803,2,1,4,4,4,4,4,4,4,4,4,4
290804,1,1,21,21,21,21,21,21,21,21,21,21
290804,2,1,0,0,0,0,0,0,0,0,0,0
290805,1,1,0,0,11,11,14,36,15,0,20,29
290806,1,1,0,0,0,0,0,0,0,0,0,0
290806,2,1,0,0,0,0,0,0,0,0,0,0
290807,0,1,0,0,0,0,0,0,0,0,0,0
290807,1,1,0,0,0,0,0,0,0,0,0,0
290808,1,1,0,23,0,18,26,25,0,15,0,0
290808,2,1,0,0,0,0,0,0,0,0,0,0
290809,1,1,0,0,0,0,0,0,0,0,0,0
290809,2,1,0,0,0,0,0,0,0,0,0,0
290810,1,1,0,4,38,10,0,0,21,8,29,22
290811,1,1,0,0,25,0,0,0,0,0,0,0
290811,2,1,0,0,0,0,0,0,0,0,0,0
290812,0,1,0,0,0,0,0,0,0,0,0,0
290812,1,1,0,0,0,0,0,0,0,0,0,0
290814,0,1,33,33,33,33,33,33,33,33,33,33
290814,1,1,0,0,0,0,0,0,0,0,0,0
290815,0,1,30,30,30,30,30,30,30,30,30,30
290815,1,1,0,0,0,0,0,0,0,0,0,0
290815,2,1,0,0,0,0,0,0,0,0,0,0
290815,3,1,0,0,0,0,0,0,0,0,0,0
290816,1,1,27,27,27,27,27,27,27,27,27,27
290816,2,1,6,0,0,0,0,0,0,0,0,9
290816,3,1,0,0,0,12,0,0,0,0,0,0
290817,0,1,14,14,14,14,14,14,14,14,14,14
290817,1,1,0,0,0,0,0,0,0,0,0,0
290818,1,1,13,13,13,13,13,13,13,13,13,13
290819,0,1,0,0,0,0,0,0,0,0,0,0
290820,1,1,8,8,8,8,8,8,8,8,8,8
290821,1,1,0,0,0,0,0,0,0,0,0,0
290821,2,1,0,0,0,0,0,0,0,0,0,0
290822,1,1,18,18,18,18,18,18,18,18,18,18
290823,1,1,0,0,0,0,0,0,0,0,0,0
290824,0,1,0,0,0,0,0,0,0,0,0,0
290824,3,1,0,0,0,0,0,0,0,0,0,0
290825,1,1,0,0,0,0,0,0,0,0,0,0
290825,2,1,0,0,0,0,0,0,0,0,0,0
290826,1,1,0,0,0,0,0,0,0,0,0,0
290826,2,1,0,15,0,18,0,0,0,0,4,0
290827,1,1,0,0,0,0,0,0,0,0,0,0
290827,2,1,14,14,14,14,14,14,14,14,14,14
290828,1,1,0,0,0,0,0,0,0,0,0,0
290830,1,1,0,0,0,0,0,0,0,0,0,0
290831,1,1,0,0,37,0,0,20,15,22,13,0
290831,2,1,0,0,0,13,0,0,0,21,0,0
290832,1,1,0,0,0,0,0,0,0,0,0,0
290832,2,1,0,0,0,0,0,0,0,0,0,0
290832,3,1,0,0,0,0,0,0,0,0,0,0
290833,1,1,0,0,0,0,0,0,0,0,0,0
290834,1,1,21,21,21,21,21,21,21,21,21,21
290835,1,1,15,15,15,15,15,15,15,15,15,15
290836,1,1,0,0,0,0,0,0,0,0,0,0
290836,2,1,0,0,0,0,0,0,0,0,0,0
290838,1,1,0,0,0,0,0,0,0,0,0,0
290838,2,1,0,0,0,0,0,0,0,0,0,0
290839,1,1,18,18,18,18,18,18,18,18,18,18
290840,1,1,24,24,24,24,24,24,24,24,24,24
290841,1,1,0,0,0,0,0,0,0,0,0,0
290842,1,1,0,0,0,0,0,0,0,0,0,0
290842,2,1,0,0,0,0,0,0,0,0,0,0
290843,1,1,12,12,12,12,12,12,12,12,12,12
290843,2,1,0,0,0,0,0,0,0,0,0,0
290844,1,1,0,0,0,0,0,0,0,0,0,0
290845,1,1,19,26,20,17,8,7,0,3,20,0
290846,1,1,0,0,0,0,0,15,0,0,0,0
290846,2,1,0,0,0,0,0,0,0,0,0,0
290847,1,1,0,0,0,0,0,0,0,0,0,0
290847,2,1,0,0,0,0,0,0,0,0,0,0
290848,0,1,0,0,0,0,0,0,0,0,0,0
290848,1,1,12,11,0,4,0,8,15,0,0,0
290848,2,1,9,9,9,9,9,9,9,9,9,9
290849,1,1,0,0,0,19,0,0,0,0,0,0
290849,2,1,0,0,0,0,0,0,0,0,0,0
290850,0,1,0,0,0,0,0,0,0,0,0,0
290850,1,1,0,0,0,0,0,0,0,0,0,0
290851,1,1,38,0,0,18,17,0,0,0,0,20
290852,1,1,29,29,29,29,29,29,29,29,29,29
290853,1,1,0,0,0,0,0,0,0,0,0,0
290854,1,1,6,6,6,6,6,6,6,6,6,6
290855,0,1,21,21,21,21,21,21,21,21,21,21
290855,1,1,0,0,0,0,0,0,0,0,0,0
290856,0,1,0,0,0,0,0,0,0,0,0,0
290856,1,1,0,0,0,0,0,0,0,0,0,0
290856,2,1,0,0,0,0,0,0,0,0,14,0
290857,1,1,25,25,25,25,25,25,25,25,25,25
290857,2,1,0,0,0,0,0,0,0,0,0,0
290857,3,1,0,0,0,0,0,0,0,0,0,0
290858,0,1,0,0,0,0,0,0,0,0,0,0
290858,1,1,0,0,0,0,0,0,0,0,0,0
290859,0,1,0,0,0,0,0,0,0,0,0,0
290859,1,1,0,0,0,0,0,0,0,0,0,0
290860,1,1,0,0,0,0,0,0,0,0,0,0
290860,2,1,0,0,0,0,0,0,0,0,0,0
290860,3,1,0,0,0,0,0,0,0,0,0,0
290860,4,1,0,0,0,13,0,0,0,0,0,0
290860,5,1,0,0,0,0,0,0,0,0,0,0
290860,6,1,0,0,0,0,0,0,0,0,0,0
290861,1,1,0,0,0,0,0,0,0,0,0,0
290861,2,1,0,0,0,0,0,0,0,0,0,0
290861,3,1,0,0,0,0,0,0,0,0,0,0
290862,1,1,0,0,0,0,0,0,0,0,0,0
290862,2,1,0,0,0,8,0,0,0,14,22,12
290864,1,1,16,0,0,0,0,30,0,22,6,0
290864,2,1,0,0,0,0,0,0,0,0,0,0
290865,1,1,0,0,0,0,0,0,0,0,0,0
290865,2,1,0,0,0,0,0,0,0,0,0,0
290866,1,1,25,25,25,25,25,25,25,25,25,25
290867,1,1,0,0,0,0,0,0,0,0,0,0
290868,1,1,0,0,0,0,0,0,0,11,0,0
290868,2,1,20,0,0,0,0,0,0,0,0,0
290869,1,1,0,0,0,0,0,0,0,0,0,0
290869,2,1,0,0,0,0,0,10,0,0,0,0
290869,3,1,0,0,0,0,0,0,0,0,0,0
290870,1,1,21,21,21,21,21,21,21,21,21,21
290870,2,1,0,0,0,0,0,0,0,0,0,0
290871,0,1,0,0,0,0,0,0,0,0,0,0
290871,1,1,9,17,0,36,0,51,16,0,6,22
290872,1,1,0,0,0,0,0,0,0,0,0,0
290872,2,1,0,0,0,0,0,0,0,0,30,0
290873,1,1,23,23,23,23,23,23,23,23,23,23
290873,2,1,12,0,0,0,0,0,0,0,0,0
290873,3,1,8,0,0,0,8,0,0,0,0,0
290873,4,1,0,0,0,0,0,0,13,0,0,0
290874,0,1,13,13,13,13,13,13,13,13,13,13
290874,1,1,0,0,0,0,0,0,0,0,18,0
290875,0,1,0,0,0,0,0,0,0,0,0,0
290875,1,1,0,0,0,0,0,0,0,0,0,0
290876,1,1,0,0,0,0,0,0,0,0,0,0
290876,2,1,0,0,0,0,0,0,0,0,0,0
290877,1,1,0,0,0,0,0,0,0,0,0,0
290877,2,1,0,0,0,0,0,0,0,0,0,0
290878,1,1,0,9,0,0,0,0,0,0,0,0
290878,2,1,0,0,0,9,0,0,10,0,0,0
290879,1,1,0,0,0,0,0,0,0,0,0,0
290879,2,1,0,0,0,0,0,0,0,0,0,0
290880,1,1,17,21,0,0,10,11,0,0,0,0
290880,2,1,0,25,0,0,0,0,0,4,0,0
290880,3,1,0,0,0,0,0,5,21,0,0,23
290881,1,1,0,0,0,0,0,0,0,0,0,0
290881,2,1,0,0,0,0,0,0,0,0,0,15
290882,1,1,0,0,0,0,0,0,0,0,0,0
290883,1,1,15,18,20,28,20,21,18,9,30,23
290884,0,1,0,0,0,0,0,0,0,0,0,0
290884,1,1,12,12,12,12,12,12,12,12,12,12
290885,0,1,11,0,0,0,0,0,0,0,0,0
290885,1,1,0,0,0,0,0,0,0,0,0,0
300001,1,1,0,0,0,0,0,0,0,0,0,0
300001,2,1,0,0,0,0,0,0,0,0,0,0
300002,1,1,0,0,0,0,0,0,0,0,0,0
300003,1,1,0,0,0,0,0,0,0,0,0,0
300004,1,1,0,0,0,0,0,0,0,0,0,0
300004,2,1,0,0,0,0,0,0,0,0,0,0
300005,1,1,0,0,0,0,0,0,0,0,0,0
300005,2,1,0,0,0,0,0,0,0,0,0,0
300006,1,1,0,0,0,0,0,0,0,0,0,0
300006,2,1,0,0,0,0,0,0,0,0,0,0
300007,1,1,0,0,0,0,0,0,0,0,0,0
300007,2,1,0,0,0,0,0,0,0,0,0,0
300008,1,1,0,0,0,0,0,0,0,0,0,0
300008,2,1,3,3,3,3,3,3,3,3,3,3
300009,1,1,0,0,0,0,0,0,0,0,0,0
300009,2,1,0,0,0,0,0,0,0,0,0,0
300010,1,1,0,0,0,0,0,0,0,0,0,0
300011,1,1,0,0,0,0,0,0,0,0,0,0
300011,2,1,0,0,0,0,0,0,0,0,0,0
300012,1,1,25,25,25,25,25,25,25,25,25,25
300012,2,1,0,0,0,0,0,0,0,0,0,0
300013,1,1,24,24,24,24,24,24,24,24,24,24
300014,1,1,16,16,16,16,16,16,16,16,16,16
300015,0,1,27,27,27,27,27,27,27,27,27,27
300015,1,1,12,12,12,12,12,12,12,12,12,12
300016,1,1,0,0,0,0,0,0,0,0,0,0
300016,2,1,0,0,0,0,0,0,0,0,0,0
300017,1,1,0,0,0,0,0,0,0,0,0,0
300017,2,1,0,0,0,0,0,0,0,0,0,0
300018,1,1,0,0,0,0,9,0,0,0,0,0
300018,2,1,0,0,0,0,0,0,0,0,0,0
300019,0,1,0,0,0,0,0,0,0,0,0,0
300019,2,1,0,0,0,0,0,0,0,0,0,0
300020,1,1,0,0,0,0,0,0,0,0,0,0
300020,2,1,0,0,0,0,0,0,0,0,0,0
300021,1,1,0,0,0,0,0,0,0,0,0,0
300022,1,1,0,0,0,0,0,0,0,0,0,0
300022,2,1,0,0,0,0,0,0,0,0,0,0
300023,1,1,23,23,23,23,23,23,23,23,23,23
300024,0,1,0,0,0,0,0,0,0,0,0,0
300024,0,2,0,0,0,0,0,0,0,0,8,16
300024,1,1,0,0,0,0,0,0,0,0,0,0
300025,1,1,4,4,4,4,4,4,4,4,4,4
300026,1,1,15,15,15,15,15,15,15,15,15,15
300027,1,1,7,0,34,33,29,0,9,18,12,11
300028,1,1,5,5,5,5,5,5,5,5,5,5
300029,1,1,0,0,0,0,0,0,0,0,0,0
300030,1,1,0,0,0,0,0,0,0,0,0,0
300030,2,1,0,0,0,0,0,0,0,0,0,0
300031,1,1,14,14,14,14,14,14,14,14,14,14
300031,2,1,0,0,0,0,0,0,0,0,0,0
300032,1,1,27,27,27,27,27,27,27,27,27,27
300033,1,1,0,0,0,0,0,0,0,0,0,0