ST_CASE,VEH_NO,PER_NO,P1,P2,P3,P4,P5,P6,P7,P8,P9,P10
310203,2,1,0,0,0,0,0,0,0,0,0,0
310204,1,1,0,0,0,0,0,0,0,0,0,0
310205,1,1,22,22,22,22,22,22,22,22,22,22
310205,2,1,0,0,0,0,0,0,0,0,0,0
310206,1,1,34,34,34,34,34,34,34,34,34,34
310206,2,1,10,10,10,10,10,10,10,10,10,10
310207,1,1,0,0,0,0,0,0,0,0,0,0
310207,2,1,0,0,0,0,0,0,0,0,0,0
310208,1,1,0,0,0,0,0,0,0,0,0,0
310208,2,1,0,0,0,0,0,0,0,0,0,0
310208,3,1,0,0,0,0,0,0,0,0,0,0
310208,4,1,0,0,0,0,0,0,0,0,0,0
310209,1,1,0,0,0,0,0,0,0,0,0,0
310209,2,1,0,0,0,0,0,0,0,0,0,0
310210,1,1,0,0,0,0,0,0,0,0,0,0
310210,2,1,0,0,0,0,0,0,0,0,0,0
310210,3,1,0,0,0,0,0,0,0,0,0,0
310211,1,1,0,0,0,0,0,0,0,0,0,0
310211,2,1,0,0,0,0,0,0,0,0,0,0
310212,1,1,12,0,21,20,13,41,32,0,33,0
310213,0,1,0,0,0,0,0,0,0,0,0,0
320001,1,1,27,27,27,27,27,27,27,27,27,27
320002,1,1,0,0,0,0,0,0,0,0,0,0
320002,2,1,0,0,0,0,0,0,0,0,0,0
320003,0,1,0,0,0,0,0,0,0,0,0,0
320003,1,1,0,0,0,11,0,0,0,0,0,0
320004,1,1,0,0,0,24,16,20,26,18,0,0
320004,2,1,0,0,0,0,0,0,0,0,0,0
320004,3,1,0,0,10,0,0,0,0,0,0,0
320005,0,1,38,38,38,38,38,38,38,38,38,38
320005,1,1,0,0,0,0,0,0,0,0,0,0
320006,0,1,0,0,13,20,0,0,0,0,0,41
320006,1,1,2,15,0,0,0,0,0,0,0,0
320007,1,1,14,7,0,24,30,0,12,11,31,38
320008,1,1,0,0,0,0,0,0,0,0,0,0
320009,1,1,19,19,19,19,19,19,19,19,19,19
320010,1,1,0,0,0,0,0,0,0,0,0,0
320010,2,1,0,0,0,34,0,0,0,0,0,0
320010,3,1,0,0,0,0,0,0,0,0,0,0
320011,1,1,0,0,0,0,0,0,0,0,0,0
320012,1,1,0,0,0,0,0,0,0,0,0,0
320013,1,1,18,18,18,18,18,18,18,18,18,18
320014,0,1,0,0,0,0,0,0,0,0,0,0
320014,1,1,24,0,21,40,28,15,0,0,9,27
320015,1,1,0,0,0,0,0,0,0,0,0,0
320016,0,1,0,0,0,0,0,0,0,0,0,0
320016,1,1,0,0,0,0,0,0,0,0,0,0
320017,1,1,0,0,0,0,0,0,0,0,0,0
320017,2,1,0,0,0,0,0,0,0,0,0,0
320018,1,1,17,17,17,17,17,17,17,17,17,17
320018,2,1,0,23,0,0,0,0,0,0,0,0
320019,1,1,0,0,0,0,0,0,0,0,0,0
320019,2,1,2,2,2,2,2,2,2,2,2,2
320020,0,1,0,0,0,0,0,0,0,0,0,0
320020,1,1,0,0,0,0,0,0,0,0,0,0
320021,0,1,0,0,0,0,0,0,0,0,0,0
320021,1,1,0,44,0,0,0,0,0,0,0,0
320022,1,1,24,24,24,24,24,24,24,24,24,24
320022,2,1,0,0,0,0,0,0,0,0,0,0
320023,1,1,2,2,2,2,2,2,2,2,2,2
320023,2,1,0,0,0,0,0,0,0,0,0,0
320024,1,1,0,0,0,0,0,0,0,0,0,0
320024,2,1,0,0,0,0,0,0,0,0,0,0
320024,3,1,0,0,0,0,0,0,0,0,0,0
320024,4,1,0,0,0,22,0,0,0,0,0,0
320024,5,1,0,0,0,0,0,0,0,0,0,0
320025,1,1,0,0,0,0,0,0,0,0,0,0
320025,2,1,30,30,30,30,30,30,30,30,30,30
320026,1,1,38,38,38,38,38,38,38,38,38,38
320026,2,1,0,0,0,0,0,0,0,0,0,0
320027,1,1,0,0,0,0,0,0,0,0,0,0
320027,2,1,0,0,0,0,0,0,0,0,0,0
320028,1,1,0,0,0,0,0,0,0,0,0,0
320028,2,1,0,0,0,0,0,0,0,0,0,0
320028,3,1,0,0,0,0,0,0,0,0,0,0
320029,1,1,0,0,0,0,0,0,0,0,0,0
320029,2,1,0,0,0,0,0,0,0,0,0,0
320030,1,1,0,0,0,0,0,0,0,0,0,0
320030,2,1,0,0,7,0,20,0,17,10,0,0
320030,3,1,0,0,0,0,0,0,0,39,0,0
320030,4,1,0,0,0,0,0,0,0,0,0,0
320031,1,1,14,14,14,14,14,14,14,14,14,14
320032,1,1,0,0,0,0,0,0,0,0,0,0
320032,2,1,0,0,0,0,0,0,0,7,0,0
320033,0,1,27,27,27,27,27,27,27,27,27,27
320033,1,1,9,9,9,9,9,9,9,9,9,9
320034,1,1,8,8,8,8,8,8,8,8,8,8
320035,0,1,0,0,0,0,0,0,0,0,0,0
320035,1,1,0,0,0,0,0,0,0,10,0,0
320036,0,1,0,0,0,0,0,0,0,0,0,0
320036,0,2,0,0,0,0,0,0,0,0,0,0
320036,1,1,0,0,0,0,0,0,0,0,0,0
320037,0,1,0,0,0,0,0,18,0,0,14,0
320037,1,1,0,0,0,0,0,0,0,0,0,0
320038,1,1,25,25,25,25,25,25,25,25,25,25
320039,1,1,0,0,0,0,0,0,0,0,0,0
320040,1,1,15,15,15,15,15,15,15,15,15,15
320040,2,1,0,0,0,0,0,0,0,0,0,0
320041,0,1,17,17,17,17,17,17,17,17,17,17
320041,0,2,21,21,21,21,21,21,21,21,21,21
320041,1,1,0,0,0,0,0,0,0,0,0,0
320042,1,1,0,0,0,0,0,0,0,0,0,0
320042,2,1,0,0,0,0,0,0,0,0,0,0
320043,0,1,0,0,0,0,0,0,0,0,0,0
320043,1,1,0,0,0,0,0,0,0,0,0,0
320044,1,1,0,0,0,0,0,0,0,0,0,0
320045,1,1,0,0,0,0,0,0,0,0,0,0
320045,2,1,0,0,0,0,0,0,0,0,0,0
320046,1,1,22,22,22,22,22,22,22,22,22,22
320046,2,1,0,0,0,0,0,0,0,0,0,0
320047,1,1,19,19,19,19,19,19,19,19,19,19
320048,1,1,32,18,8,7,8,9,9,10,0,0
320049,1,1,0,0,0,0,0,0,0,0,0,0
320049,2,1,0,0,0,0,0,0,0,0,0,0
320050,1,1,10,10,10,10,10,10,10,10,10,10
320050,2,1,0,0,0,0,0,0,0,0,0,0
320051,0,1,0,0,0,0,0,0,0,0,0,0
320051,1,1,17,0,0,0,0,0,0,0,0,0
320052,1,1,0,0,0,0,0,0,0,0,0,0
320053,1,1,0,0,0,0,0,0,0,0,0,0
320053,2,1,0,0,0,0,8,0,0,0,0,0
320054,0,1,0,7,23,0,0,27,0,0,0,0
320054,1,1,0,0,0,0,0,0,0,0,0,0
320055,1,1,0,0,0,24,47,0,0,0,12,0
320056,0,1,0,0,0,0,0,0,0,0,0,0
320056,1,1,0,0,0,0,0,0,0,0,0,0
320057,1,1,0,0,0,0,0,0,0,0,0,0
320057,2,1,0,0,0,0,0,0,0,0,0,0
320058,1,1,0,0,0,0,0,0,0,0,0,0
320058,2,1,0,0,0,0,0,0,0,0,0,0
320059,1,1,0,0,0,0,0,0,0,0,0,0
320059,2,1,0,0,0,0,0,0,0,0,0,0
320060,1,1,20,20,20,20,20,20,20,20,20,20
320061,1,1,16,16,16,16,16,16,16,16,16,16
320061,2,1,0,0,0,0,0,0,0,0,0,0
320061,3,1,0,0,0,0,0,0,0,0,0,0
320062,0,1,0,0,0,0,0,0,0,0,0,0
320062,1,1,0,0,0,0,0,0,0,0,0,0
320063,0,1,1,1,1,1,1,1,1,1,1,1
320063,1,1,0,0,0,0,0,0,0,0,0,5
320064,1,1,13,13,13,13,13,13,13,13,13,13
320065,1,1,0,0,0,0,0,0,0,0,0,0
320065,2,1,0,0,0,0,0,0,0,0,0,0
320066,1,1,14,14,14,14,14,14,14,14,14,14
320067,1,1,0,0,0,0,0,0,0,0,0,0
320067,2,1,0,0,0,0,0,0,0,0,0,0
320068,1,1,0,0,0,0,0,0,0,0,0,0
320068,2,1,0,0,0,0,0,0,0,0,0,0
320068,3,1,0,0,0,0,0,0,0,0,0,0
320069,0,1,14,14,14,14,14,14,14,14,14,14
320069,1,1,0,0,0,0,0,0,0,0,0,3
320070,1,1,0,0,0,0,0,0,0,0,0,0
320070,2,1,0,0,0,0,0,0,0,0,0,0
320071,1,1,2,2,2,2,2,2,2,2,2,2
320072,1,1,0,0,0,0,0,0,0,0,0,0
320072,2,1,0,0,0,0,0,0,0,0,0,0
320073,1,1,19,19,19,19,19,19,19,19,19,19
320073,2,1,0,0,0,0,0,0,0,0,0,0
320074,1,1,11,15,34,0,36,22,23,9,22,23
320074,2,1,0,0,0,0,0,0,0,0,26,0
320074,3,1,0,0,0,0,0,0,0,0,0,0
320075,1,1,12,12,12,12,12,12,12,12,12,12
320075,2,1,0,0,0,0,0,0,0,0,0,0
320076,1,1,23,23,23,23,23,23,23,23,23,23
320077,1,1,23,23,23,23,23,23,23,23,23,23
320077,2,1,0,0,0,0,0,0,0,0,0,0
320078,0,1,0,0,0,12,0,0,0,0,0,0
320078,1,1,0,0,0,11,24,0,0,0,0,0
320079,1,1,10,10,10,10,10,10,10,10,10,10
320080,1,1,0,0,0,0,0,0,0,0,0,0
320080,2,1,0,0,0,0,0,0,0,0,0,0
320081,0,1,0,0,0,0,0,23,0,0,17,0
320081,1,1,0,0,0,0,0,0,0,0,0,24
320082,1,1,0,0,0,0,0,0,0,0,0,0
320082,2,1,0,0,10,0,0,7,0,13,0,0
320083,0,1,0,0,0,0,0,0,0,0,0,0
320083,1,1,0,0,0,0,0,0,0,0,0,0
320084,1,1,0,0,0,0,0,0,0,0,0,0
320084,2,1,0,0,0,0,0,0,0,0,0,0
320085,1,1,0,0,0,0,0,0,0,0,0,0
320086,1,1,24,24,24,24,24,24,24,24,24,24
320086,2,1,0,0,0,0,0,0,0,0,0,0
320087,1,1,0,0,0,0,0,0,0,0,0,0
320087,2,1,0,0,0,0,0,0,0,0,0,0
320088,1,1,9,0,0,0,0,0,0,1,0,0
320089,1,1,11,11,11,11,11,11,11,11,11,11
320090,1,1,23,23,23,23,23,23,23,23,23,23
320091,0,1,0,0,0,0,0,0,0,0,0,0
320091,1,1,0,0,0,0,0,0,0,0,0,0
320092,1,1,0,11,0,0,0,0,0,0,0,5
320093,0,1,0,0,0,0,0,0,0,0,0,0
320093,1,1,0,0,26,0,0,0,14,0,0,9
320094,1,1,10,10,10,10,10,10,10,10,10,10
320094,2,1,0,0,0,0,0,0,0,0,4,0
320095,0,1,0,0,0,0,0,0,0,0,0,0
320095,1,1,0,0,0,0,0,0,0,0,0,0
320096,0,1,0,0,0,0,0,0,0,0,0,0
320096,1,1,31,31,31,31,31,31,31,31,31,31
320097,1,1,32,32,32,32,32,32,32,32,32,32
320097,2,1,0,16,0,0,0,0,0,0,0,0
320098,1,1,0,0,0,0,0,0,0,0,0,0
320098,2,1,0,0,0,0,0,0,0,0,0,0
320099,1,1,0,0,0,0,0,0,0,0,0,0
320099,2,1,8,0,0,0,0,0,0,0,0,0
320100,1,1,0,0,13,0,0,0,0,0,0,0
320101,1,1,0,0,0,0,0,0,0,0,0,0
320101,2,1,0,0,0,0,0,0,0,0,0,5
320102,1,1,16,16,16,16,16,16,16,16,16,16
320102,2,1,0,0,0,0,0,0,0,0,0,0
320103,1,1,0,0,0,0,0,0,0,0,0,0
320104,1,1,0,0,0,0,0,0,0,0,0,0
320105,1,1,22,0,0,22,0,0,7,0,0,0
320106,1,1,22,22,22,22,22,22,22,22,22,22
320107,1,1,0,0,0,0,0,0,0,0,0,0
320107,2,1,17,0,0,0,0,0,0,0,0,0
320108,1,1,22,22,22,22,22,22,22,22,22,22
320108,2,1,0,0,0,0,0,0,0,0,0,0
320109,0,1,2,2,2,2,2,2,2,2,2,2
320109,1,1,0,0,25,0,0,0,0,0,0,0
320110,0,1,0,0,0,5,21,0,0,42,0,0
320110,1,1,0,0,0,0,0,0,0,0,0,0
320111,0,1,0,0,0,0,0,0,0,0,0,0
320111,0,2,0,0,0,0,0,0,0,0,0,0
320111,1,1,0,0,0,0,0,0,0,0,0,0
320111,2,1,0,0,0,0,0,0,0,0,0,0
320111,4,1,0,0,0,15,0,0,0,0,0,0
320112,1,1,0,0,0,0,0,0,0,0,0,21
320112,2,1,27,0,0,0,0,0,0,0,24,0
320112,3,1,0,0,0,30,0,0,10,0,0,0
320113,0,1,0,0,0,0,0,0,0,0,0,0
320113,1,1,0,0,0,0,0,0,0,0,0,0
320114,0,1,0,0,0,0,0,0,0,0,0,0
320114,1,1,0,0,0,0,0,0,0,0,0,0
320115,1,1,19,19,19,19,19,19,19,19,19,19
320115,2,1,0,0,0,0,0,0,0,0,0,0
320116,1,1,0,0,12,9,6,21,0,0,33,0
320116,2,1,0,0,0,0,0,0,0,0,0,0
320117,1,1,22,22,22,22,22,22,22,22,22,22
320117,2,1,0,0,0,0,0,0,0,0,0,0
320118,1,1,0,0,0,0,0,0,0,0,0,0
320118,2,1,0,0,0,0,0,0,0,0,0,0
320119,1,1,0,28,26,17,14,0,0,0,25,24
320120,1,1,0,0,0,0,0,0,0,0,0,0
320120,2,1,0,0,0,0,0,0,0,0,0,0
320121,1,1,7,0,0,0,0,17,6,0,10,0
320121,2,1,0,0,0,0,0,0,0,0,0,0
320122,0,1,0,0,0,0,0,0,0,0,0,0
320122,1,1,0,0,0,0,0,0,0,0,0,0
320123,0,1,2,2,2,2,2,2,2,2,2,2
320123,1,1,0,35,15,8,10,0,21,3,14,0
320124,0,1,30,30,30,30,30,30,30,30,30,30
320124,1,1,6,6,6,6,6,6,6,6,6,6
320125,1,1,6,6,6,6,6,6,6,6,6,6
320125,2,1,0,0,0,11,0,0,0,0,0,10
320126,1,1,0,0,0,0,0,0,0,0,0,0
320126,2,1,0,0,0,0,0,0,0,0,0,0
320127,1,1,0,0,0,0,0,0,0,0,0,0
320128,1,1,0,0,0,0,0,0,0,0,0,7
320128,2,1,0,0,0,0,0,0,0,0,0,0
320129,1,1,0,0,0,0,27,0,0,0,0,0
320130,0,1,0,0,0,0,0,0,0,0,0,0
320130,1,1,0,0,0,0,0,0,0,0,0,0
320131,1,1,23,23,23,23,23,23,23,23,23,23
320132,1,1,0,0,0,0,0,0,0,0,0,0
320132,2,1,0,0,0,0,0,0,0,0,0,0
320133,1,1,0,0,0,0,0,0,0,0,0,0
320133,2,1,0,0,0,0,0,0,0,0,0,0
320133,3,1,14,0,0,0,0,0,0,0,0,0
320133,4,1,0,0,0,0,0,0,0,0,23,0
320133,5,1,0,0,0,0,0,0,0,0,0,0
320133,6,1,0,0,0,0,0,0,0,0,0,0
320134,1,1,0,0,0,0,0,0,0,0,0,9
320135,0,1,34,34,34,34,34,34,34,34,34,34
320135,1,1,0,0,0,0,0,0,0,0,0,0
320136,1,1,0,0,0,0,0,0,0,0,0,0
320136,2,1,0,0,0,0,0,0,0,0,0,0
320137,0,1,0,0,0,0,0,0,0,0,0,0
320137,1,1,12,9,0,20,0,0,0,0,0,0
320138,1,1,0,0,0,0,0,0,0,0,0,0
320138,2,1,0,0,0,0,0,0,0,0,0,0
320138,3,1,0,0,0,0,0,19,0,0,0,0
320138,4,1,0,0,0,0,0,0,0,0,0,0
320139,1,1,0,0,0,0,0,0,0,0,0,0
320139,2,1,0,0,0,0,0,0,0,0,0,0
320140,0,1,0,0,0,0,0,0,0,0,0,0
320140,1,1,0,0,0,0,0,0,0,0,0,0
320141,0,1,0,0,0,0,0,0,0,0,0,0
320141,1,1,0,0,16,12,0,0,0,9,0,19
320142,1,1,0,0,0,0,24,0,0,0,0,0
320143,1,1,0,0,0,0,0,0,0,0,0,0
320144,0,1,0,0,0,0,0,5,0,0,0,0
320144,1,1,0,0,0,0,0,0,0,0,0,0
320145,0,1,32,32,32,32,32,32,32,32,32,32
320145,1,1,0,0,0,0,0,0,0,0,0,0
320146,0,1,0,0,0,0,0,0,0,0,0,0
320146,1,1,0,0,0,0,14,0,0,0,0,0
320147,0,1,23,23,23,23,23,23,23,23,23,23
320147,1,1,0,0,0,0,0,22,0,0,21,0
320148,0,1,9,9,9,9,9,9,9,9,9,9
320148,1,1,0,0,0,0,0,0,0,22,0,0
320149,1,1,0,0,0,0,0,0,0,0,0,0
320149,2,1,0,0,0,0,0,0,0,0,0,0
320150,1,1,0,0,0,0,0,0,0,0,0,0
320150,2,1,0,0,0,0,0,0,0,0,0,0
320151,1,1,0,0,0,0,0,0,0,0,0,0
320151,2,1,0,0,0,0,0,0,0,0,0,13
320152,0,1,0,0,0,0,0,0,0,0,0,0
320152,1,1,0,0,0,0,0,0,0,0,0,0
320153,1,1,4,4,4,4,4,4,4,4,4,4
320154,1,1,22,22,22,22,22,22,22,22,22,22
320154,2,1,0,0,0,0,0,0,0,0,0,0
320155,1,1,17,17,17,17,17,17,17,17,17,17
320155,2,1,0,0,0,0,0,0,0,0,0,22
320156,0,1,0,0,0,0,0,0,0,0,0,0
320156,1,1,0,0,0,0,0,0,0,0,0,0
320156,2,1,0,0,0,0,0,0,0,0,0,0
320157,0,1,0,0,2,0,0,14,0,0,0,0
320157,1,1,0,0,0,0,0,0,0,0,0,0
320158,0,1,22,13,0,14,16,11,0,12,0,0
320158,1,1,0,0,0,0,0,0,0,0,33,0
320159,0,1,2,2,2,2,2,2,2,2,2,2
320159,1,1,0,0,0,0,0,0,0,0,0,0
320160,1,1,0,0,0,0,0,0,0,0,0,0
320160,2,1,0,0,0,0,0,0,0,0,0,0
320161,1,1,0,0,0,0,0,0,0,0,0,0
320161,2,1,0,0,0,0,0,0,0,0,0,0
320162,1,1,0,0,0,0,0,0,0,0,0,0
320162,2,1,0,0,0,0,0,0,0,0,0,0
320163,1,1,0,0,0,0,0,0,0,0,0,0
320163,2,1,0,0,0,0,0,0,0,0,0,0
320163,3,1,0,0,0,0,0,0,0,0,0,0
320164,1,1,0,0,0,0,0,0,0,0,0,0
320164,2,1,0,0,0,0,0,0,0,0,0,0
320165,1,1,17,0,16,0,0,28,42,9,7,20
320165,2,1,0,0,0,0,0,0,0,0,0,0
320165,3,1,0,0,0,0,0,0,0,0,0,0
320166,1,1,16,16,16,16,16,16,16,16,16,16
320167,1,1,21,24,13,29,5,27,20,14,18,16
320168,1,1,0,0,0,0,0,0,0,0,0,0
320169,0,1,0,0,0,0,0,0,0,0,0,0
320169,1,1,0,0,0,0,0,0,0,0,0,0
320170,1,1,0,0,0,0,0,0,0,0,0,0
320170,2,1,0,0,0,0,0,0,0,0,0,0
320171,1,1,0,0,0,0,0,0,0,0,0,0
320171,2,1,0,0,0,0,0,0,0,0,0,0
320172,1,1,0,0,0,0,0,0,0,0,0,0
320172,2,1,0,0,0,2,0,0,0,0,0,0
320173,1,1,16,12,13,19,11,10,12,25,31,25
320174,1,1,0,0,0,0,0,0,0,0,0,0
320174,2,1,0,0,0,0,0,0,0,16,0,0
320175,1,1,0,0,0,0,0,0,0,0,0,0
320175,2,1,0,0,0,0,0,0,0,0,0,0
320176,0,1,0,0,0,0,0,0,0,0,0,0
320176,1,1,0,0,0,0,0,0,0,0,0,0
320177,1,1,0,0,0,0,0,0,0,0,0,0
320177,2,1,0,0,0,0,0,0,0,0,0,0
320178,1,1,17,17,17,17,17,17,17,17,17,17
320178,2,1,0,0,0,0,0,0,0,0,0,0
320179,0,1,0,0,0,0,0,0,0,0,0,0
320179,1,1,0,0,0,18,0,0,0,0,0,0
320180,0,1,0,0,0,0,0,0,0,0,0,0
320181,1,1,0,0,0,0,0,0,0,0,0,0
320182,0,1,22,22,22,22,22,22,22,22,22,22
320182,1,1,0,0,0,0,0,0,0,0,0,0
320183,1,1,0,0,0,0,0,0,0,0,0,0
320184,1,1,24,24,24,24,24,24,24,24,24,24
320184,2,1,1,1,1,1,1,1,1,1,1,1
320185,1,1,0,0,0,0,0,26,0,0,0,0
320185,2,1,0,0,0,0,15,0,0,0,12,0
320186,1,1,15,15,15,15,15,15,15,15,15,15
320186,2,1,0,0,0,0,0,0,0,0,0,0
320187,1,1,0,0,0,0,0,0,0,0,0,0
320187,2,1,0,0,0,0,0,0,0,0,0,0
320187,3,1,0,0,0,0,0,0,0,0,0,0
320187,4,1,0,0,11,0,0,0,0,0,0,0
320187,5,1,0,0,0,0,0,0,23,0,0,0
320188,1,1,18,18,18,18,18,18,18,18,18,18
320188,2,1,0,0,0,0,0,0,0,0,0,0
320188,3,1,0,0,0,0,0,0,0,0,0,0
320189,1,1,7,7,7,7,7,7,7,7,7,7
320190,0,1,0,0,0,0,0,0,0,0,0,0
320190,1,1,0,0,0,0,0,0,0,0,0,0
320191,1,1,0,0,0,0,0,0,0,0,0,0
320191,2,1,0,0,0,0,0,0,0,0,0,0
320191,3,1,0,0,0,0,0,0,0,0,0,0
320192,1,1,0,0,0,0,0,0,0,0,0,0
320192,2,1,11,11,11,11,11,11,11,11,11,11
320193,1,1,6,10,0,0,0,0,5,0,0,0
320194,0,1,0,0,0,0,0,0,23,14,0,20
320194,1,1,18,0,0,0,0,0,0,0,0,0
320195,0,1,0,0,0,0,0,0,0,0,0,0
320195,1,1,11,19,36,11,9,0,4,0,15,0
320196,0,1,0,0,0,19,0,0,22,0,0,0
320196,0,2,0,0,0,0,0,0,0,0,0,0
320196,1,1,0,0,0,0,0,0,0,0,0,0
320197,1,1,0,0,0,0,0,0,0,0,0,0
320197,2,1,22,22,22,22,22,22,22,22,22,22
320198,1,1,24,24,24,24,24,24,24,24,24,24
320198,2,1,0,0,0,0,0,0,0,0,0,0
320198,4,1,0,0,0,0,0,21,0,0,0,0
320199,1,1,0,0,0,0,0,0,0,0,0,0
320200,1,1,11,11,11,11,11,11,11,11,11,11
320200,2,1,0,0,0,0,0,0,0,0,0,0
320200,3,1,0,0,0,0,0,0,0,0,0,0
320201,0,1,0,0,0,0,0,0,0,0,0,0
320201,0,2,0,0,0,0,0,0,0,0,0,0
320201,0,3,0,0,0,0,0,0,0,0,0,0
320201,0,4,0,0,0,0,0,0,0,0,0,0
320201,1,1,0,0,0,30,8,20,0,0,21,18
320202,1,1,0,0,0,0,0,0,0,0,0,0
320203,0,1,22,0,0,0,41,20,0,0,0,0
320203,1,1,0,18,0,41,0,0,0,0,0,0
320204,0,1,0,0,0,0,0,27,0,36,0,0
320204,1,1,0,0,0,0,0,0,7,0,0,0
320205,0,1,0,0,0,0,0,0,0,0,0,0
320205,1,1,0,0,12,0,23,0,0,12,0,0
320206,1,1,30,30,30,30,30,30,30,30,30,30
320207,0,1,0,0,0,0,0,0,0,0,0,0
320207,1,1,18,18,18,18,18,18,18,18,18,18
320208,1,1,0,0,0,0,0,0,0,0,0,0
320210,0,1,0,0,0,0,0,0,0,0,0,0
320210,1,1,0,0,0,0,0,0,0,0,0,0
320211,0,1,24,16,35,5,25,26,0,7,17,16
320211,1,1,0,0,0,0,0,0,0,0,0,0
320212,1,1,0,0,0,0,0,0,0,0,0,0
320213,1,1,0,0,0,0,0,0,0,0,0,0
320213,2,1,0,0,0,0,7,0,0,0,0,0
320214,1,1,0,0,0,0,0,0,0,0,0,0
320214,2,1,0,0,0,0,0,0,27,0,0,0
320214,3,1,0,0,0,0,0,0,0,0,0,0
320214,4,1,0,0,0,10,0,0,0,0,0,0
320215,1,1,0,0,0,0,0,0,0,0,0,0
320216,0,1,0,0,0,0,0,0,0,0,0,0
320216,1,1,0,0,0,0,0,0,0,0,0,0
320217,0,1,0,0,0,0,0,0,0,0,0,0
320217,1,1,0,0,0,0,0,0,0,0,0,0
320218,1,1,12,12,12,12,12,12,12,12,12,12
320219,1,1,0,0,0,0,0,0,0,0,0,0
320220,1,1,0,0,0,0,0,0,0,0,0,0
320221,1,1,0,0,0,0,0,0,0,0,0,0
320222,1,1,0,0,0,0,0,0,0,0,0,0
320222,2,1,0,0,0,0,0,0,0,0,0,0
320222,3,1,0,0,0,0,16,0,0,0,0,0
320223,1,1,7,7,7,7,7,7,7,7,7,7
320224,1,1,0,0,0,0,0,0,0,0,0,0
320225,0,1,14,14,14,14,14,14,14,14,14,14
320225,1,1,0,0,0,0,0,0,0,0,0,0
320225,2,1,0,0,0,0,0,0,0,0,0,0
320226,1,1,0,0,0,8,24,11,0,0,0,0
320227,1,1,0,0,0,0,0,0,0,0,0,0
320228,1,1,0,0,0,0,0,0,0,0,0,0
320229,0,1,0,0,0,0,0,0,0,0,0,0
320229,1,1,0,0,0,0,0,0,0,0,0,0
320230,0,1,25,25,25,25,25,25,25,25,25,25
320230,1,1,0,0,0,0,0,0,0,0,0,0
320231,0,1,0,0,0,0,0,0,0,0,0,0
320231,1,1,0,0,0,0,0,0,0,0,0,0
320232,0,1,0,0,0,0,0,0,0,0,0,0
320232,1,1,21,0,0,0,0,0,0,0,0,0
320233,0,1,0,0,0,0,0,0,0,0,0,0
320233,1,1,0,0,0,0,0,0,0,0,0,0
320234,0,1,0,0,0,0,0,0,0,0,0,0
320234,1,1,0,0,0,0,0,0,0,0,27,0
320235,0,1,0,0,0,0,0,0,0,0,0,0
320235,1,1,0,0,0,0,0,0,0,0,0,0
320236,1,1,14,0,11,19,26,20,21,18,12,23
320237,0,1,0,0,20,0,0,0,0,0,0,0
320237,1,1,7,0,0,0,0,0,0,0,0,0
320238,0,1,32,32,32,32,32,32,32,32,32,32
320238,1,1,29,29,10,8,15,12,19,12,17,22
320239,1,1,11,0,0,0,14,0,0,0,0,21
320240,1,1,0,0,0,0,0,0,0,0,0,0
320240,2,1,0,0,0,0,0,0,0,0,0,0
320241,0,1,0,0,37,0,0,28,17,0,15,22
320241,1,1,5,5,27,0,16,0,0,13,11,0
320242,1,1,0,0,0,0,0,0,0,0,0,0
320242,2,1,0,0,0,0,14,0,0,0,0,0
320243,1,1,14,0,22,11,15,26,14,16,10,14
320244,1,1,17,25,0,31,27,0,5,14,15,11
320245,1,1,0,0,0,0,0,0,0,0,0,0
320245,2,1,0,0,0,8,0,15,0,0,0,0
320246,0,1,0,0,0,0,0,0,0,0,0,0
320246,1,1,0,0,0,0,0,0,0,0,0,0
320247,0,1,0,0,0,0,0,0,22,0,0,0
320247,1,1,0,0,0,0,0,0,0,0,0,0
320248,1,1,0,0,0,0,0,0,0,0,0,0
320248,2,1,0,0,0,0,0,12,0,0,0,0
320249,0,1,0,0,0,15,31,24,0,30,5,0
320249,1,1,0,20,20,14,16,7,0,0,14,44
320250,0,1,0,0,0,0,0,0,0,0,0,0
320250,1,1,0,0,0,0,0,0,0,10,0,0
320251,0,1,0,0,0,0,0,0,0,0,0,0
320251,1,1,0,0,0,0,0,0,0,0,0,0
320252,1,1,24,33,12,23,27,15,12,20,22,14
320253,0,1,26,26,26,26,26,26,26,26,26,26
320253,1,1,0,32,0,0,0,0,0,0,24,14
320253,2,1,0,6,10,6,0,26,0,0,0,28
320254,0,1,0,0,0,0,0,0,0,0,0,0
320254,1,1,0,0,0,0,0,11,0,0,0,0
320255,0,1,0,0,0,0,0,0,0,0,0,0
320255,1,1,0,0,0,0,0,0,0,0,0,0
320255,2,1,2,0,10,0,15,19,0,0,5,0
320256,0,1,10,10,10,10,10,10,10,10,10,10
320256,1,1,0,0,0,0,21,0,0,0,0,0
320257,1,1,0,0,0,0,0,0,0,0,0,12
320257,2,1,0,0,0,0,0,0,0,0,0,0
320258,1,1,0,0,0,0,0,0,0,0,0,0
320258,2,1,0,0,10,0,0,0,0,23,0,15
320259,0,1,0,0,0,0,0,0,0,0,0,0
320259,1,1,0,0,0,0,0,0,0,0,0,0
320260,1,1,0,0,0,0,0,0,0,0,0,0
320260,2,1,0,0,0,0,0,0,0,0,0,0
320260,3,1,0,0,0,0,0,0,0,0,0,0
320261,0,1,33,33,33,33,33,33,33,33,33,33
320261,1,1,0,0,0,0,0,0,0,0,8,0