ST_CASE,VEH_NO,PER_NO,P1,P2,P3,P4,P5,P6,P7,P8,P9,P10
360375,2,1,0,0,12,29,0,7,0,11,11,0
360376,1,1,21,16,0,8,0,0,0,0,16,14
360377,1,1,0,24,0,38,0,0,16,11,14,0
360378,1,1,0,0,0,14,27,10,6,0,0,0
360378,2,1,0,0,23,0,20,0,11,0,0,0
360379,0,1,18,18,18,18,18,18,18,18,18,18
360379,1,1,0,0,0,0,0,0,0,0,0,0
360380,1,1,0,0,0,0,0,0,0,0,0,0
360381,1,1,22,0,0,22,6,15,15,12,15,10
360381,2,1,0,0,0,0,0,0,0,0,0,0
360382,1,1,0,0,23,16,0,15,0,0,0,0
360382,2,1,0,0,0,0,0,15,0,0,0,26
360382,3,1,33,0,0,13,0,0,30,0,19,12
360383,0,1,0,0,0,0,15,0,0,43,21,34
360383,1,1,0,47,20,18,5,0,17,0,0,0
360384,1,1,0,0,0,0,0,0,0,0,0,0
360385,1,1,31,15,36,31,21,37,0,2,20,23
360386,0,1,0,22,25,20,13,0,8,0,0,21
360386,1,1,0,26,27,0,13,0,16,0,0,0
360387,1,1,0,0,0,0,0,0,0,0,0,0
360387,2,1,0,0,0,0,0,0,0,0,7,0
360388,0,1,0,0,0,0,0,0,0,0,0,0
360388,1,1,0,0,12,0,23,25,0,0,33,0
360389,1,1,0,0,0,0,0,0,3,0,0,0
360389,2,1,0,0,0,0,0,0,0,0,0,0
360390,1,1,20,20,20,20,20,20,20,20,20,20
360390,2,1,0,18,0,0,0,0,20,0,0,16
360391,1,1,10,0,0,0,0,0,0,0,0,0
360391,2,1,0,0,0,0,0,0,0,0,0,0
360392,1,1,0,0,0,0,0,0,0,0,9,0
360392,2,1,0,0,0,0,0,0,0,2,0,12
360393,1,1,0,0,0,0,0,0,0,0,0,0
360394,1,1,0,0,0,29,0,9,4,0,0,12
360394,2,1,0,0,0,0,0,0,0,0,0,0
360395,0,1,0,0,0,0,0,0,0,0,0,0
360395,1,1,0,0,0,0,0,0,0,0,0,0
360396,1,1,0,0,0,0,0,0,0,0,0,0
360396,2,1,0,0,0,0,0,0,0,0,0,0
360396,3,1,0,0,0,0,0,0,0,0,0,0
360397,1,1,0,0,0,5,0,0,0,22,0,0
360397,2,1,0,0,0,0,0,0,0,0,0,0
360398,1,1,0,4,0,0,0,0,0,0,0,0
360398,2,1,0,0,0,0,0,20,0,0,10,0
360400,1,1,0,0,21,0,3,15,0,17,0,0
360401,0,1,18,18,18,18,18,18,18,18,18,18
360401,1,1,0,0,0,0,0,0,0,0,0,0
360402,1,1,0,0,0,0,0,0,0,0,0,0
360402,2,1,33,0,0,16,0,34,0,0,0,0
360403,1,1,0,0,0,24,20,0,0,0,0,0
360403,2,1,0,0,0,0,0,0,0,0,0,0
360404,1,1,0,0,0,7,0,0,0,0,0,0
360404,2,1,0,0,0,0,0,0,0,0,0,0
360405,1,1,2,2,2,2,2,2,2,2,2,2
360405,2,1,0,22,0,14,23,0,20,24,19,0
360406,1,1,0,0,0,0,0,0,0,0,0,0
360406,2,1,0,0,0,0,0,0,0,0,0,0
360407,1,1,0,0,0,0,0,18,0,0,0,0
360407,2,1,0,0,0,0,0,10,0,0,0,0
360408,0,1,0,0,0,0,0,0,0,0,0,0
360408,1,1,0,0,20,0,33,34,0,0,0,22
360409,0,1,0,0,0,0,0,0,0,0,0,0
360409,1,1,0,11,0,24,0,0,0,0,0,6
360410,1,1,0,0,0,0,0,0,0,0,0,0
360410,2,1,20,5,10,4,13,15,16,6,10,13
360411,1,1,23,23,23,23,23,23,23,23,23,23
360412,1,1,0,28,0,0,0,10,0,0,0,0
360412,2,1,0,0,0,0,0,0,0,0,0,0
360413,0,1,0,0,0,0,0,0,0,0,0,0
360413,1,1,0,34,0,23,0,0,18,0,0,0
360414,1,1,0,0,0,0,0,0,0,0,0,0
360414,2,1,0,0,0,0,0,0,0,0,0,0
360415,1,1,23,17,12,34,24,35,24,26,12,9
360416,1,1,3,3,3,3,3,3,3,3,3,3
360416,2,1,0,7,18,8,26,11,9,13,0,10
360417,1,1,0,0,0,0,0,0,0,0,0,0
360418,0,1,0,0,0,0,0,0,0,0,0,0
360418,1,1,0,0,0,0,11,0,0,0,0,0
360419,1,1,9,8,40,19,10,0,12,10,19,7
360419,2,1,0,0,0,0,0,0,0,0,0,12
360419,3,1,0,0,0,0,0,0,0,0,0,0
360419,4,1,0,26,0,0,0,5,5,0,0,0
360420,0,1,29,0,0,6,9,0,16,0,23,0
360420,1,1,0,0,3,0,0,0,32,0,0,0
360421,0,1,18,0,0,0,0,12,9,18,0,0
360421,1,1,9,0,32,26,0,10,32,20,0,13
360422,1,1,16,0,10,0,0,37,0,0,0,0
360423,0,1,0,0,0,0,0,0,0,0,0,0
360423,1,1,0,0,0,0,0,0,0,0,0,0
360424,0,1,0,0,0,0,51,0,0,0,0,0
360424,1,1,0,0,0,0,0,0,0,0,0,4
360425,0,1,2,2,2,2,2,2,2,2,2,2
360425,1,1,0,0,0,0,0,0,0,0,0,0
360426,1,1,0,0,0,24,19,0,0,0,0,0
360427,0,1,28,28,28,28,28,28,28,28,28,28
360427,1,1,0,0,0,0,0,0,0,18,0,18
360428,1,1,0,0,0,0,0,0,0,0,0,0
360428,2,1,1,1,1,1,1,1,1,1,1,1
360429,0,1,18,18,18,18,18,18,18,18,18,18
360429,1,1,0,0,0,0,0,0,0,13,0,0
360430,0,1,0,0,0,0,0,0,0,0,0,0
360430,1,1,0,0,0,0,0,0,0,0,0,0
360431,1,1,0,0,0,0,0,0,0,0,0,0
360432,1,1,33,33,33,33,33,33,33,33,33,33
360433,1,1,20,34,0,0,0,0,0,0,19,30
360434,1,1,0,0,0,0,0,0,0,0,0,0
360434,2,1,0,0,0,7,0,0,0,0,0,0
360436,0,1,0,0,0,0,0,0,0,0,0,0
360436,1,1,25,0,8,0,25,0,0,35,16,18
360437,0,1,0,0,0,0,0,0,0,0,0,0
360437,1,1,0,0,0,0,0,14,0,0,0,0
360438,0,1,0,0,0,0,0,0,0,0,0,0
360438,1,1,0,0,0,16,0,0,0,0,0,0
360439,0,1,31,31,31,31,31,31,31,31,31,31
360439,1,1,39,0,7,4,22,42,0,0,13,6
360440,1,1,1,1,1,1,1,1,1,1,1,1
360440,2,1,0,0,0,0,13,17,0,0,0,34
360441,1,1,10,19,13,12,21,36,22,0,16,8
360442,1,1,0,0,0,0,0,0,0,0,0,0
360442,2,1,0,0,0,0,10,0,0,0,0,0
360443,1,1,0,0,0,0,0,0,0,0,0,0
360443,2,1,0,0,0,0,13,0,0,0,0,0
360444,1,1,19,20,14,17,15,0,8,18,0,9
360444,2,1,0,0,0,0,0,0,0,0,0,0
360445,0,1,0,0,0,0,0,0,0,0,0,0
360445,0,2,0,0,0,0,0,0,22,0,0,0
360445,0,3,0,0,0,0,0,0,0,0,0,0
360445,0,4,0,0,0,0,0,0,0,0,0,0
360445,1,1,0,0,0,0,0,0,0,0,0,0
360446,0,1,0,0,0,0,0,0,0,0,0,0
360446,1,1,0,0,0,0,0,0,12,35,0,0
360447,0,1,0,0,0,0,0,0,0,0,0,0
360447,1,1,17,41,15,0,0,0,0,19,26,12
360448,1,1,33,33,33,33,33,33,33,33,33,33
360449,0,1,33,33,33,33,33,33,33,33,33,33
360449,1,1,30,23,16,12,0,12,20,11,34,13
360450,0,1,0,0,0,0,0,0,0,0,0,0
360450,1,1,0,0,0,0,0,0,0,0,0,0
360451,0,1,0,8,0,21,21,0,0,0,10,0
360451,1,1,0,0,11,0,0,0,9,12,0,29
360452,1,1,0,0,0,0,7,0,0,13,0,20
360452,2,1,0,0,0,0,0,0,0,0,0,0
360453,0,1,22,22,22,22,22,22,22,22,22,22
360453,1,1,0,0,25,32,27,24,8,9,31,24
360454,2,1,0,0,0,0,0,0,0,0,0,0
360455,1,1,16,16,16,16,16,16,16,16,16,16
360456,0,1,0,0,0,0,0,0,0,0,0,0
360456,1,1,0,0,0,0,0,16,0,0,0,5
360457,0,1,0,0,0,0,0,0,0,0,0,0
360457,1,1,0,0,0,0,0,0,0,0,0,0
360458,1,1,0,0,0,0,0,0,0,0,0,0
360459,1,1,3,0,13,22,0,0,15,0,26,7
360459,2,1,0,15,0,0,0,0,11,0,0,0
360460,1,1,0,0,0,0,0,0,0,0,0,0
360461,0,1,0,0,0,0,0,0,0,0,0,0
360461,1,1,0,0,0,0,0,0,0,0,0,0
360462,1,1,0,0,0,0,0,0,0,0,0,0
360464,1,1,0,0,0,0,0,0,0,0,0,0
360464,2,1,0,0,0,0,0,0,0,0,0,0
360465,1,1,0,0,0,0,0,0,0,0,0,0
360466,1,1,31,27,14,0,15,0,14,23,17,22
360467,1,1,4,4,4,4,4,4,4,4,4,4
360468,1,1,0,0,0,0,0,0,0,0,0,0
360468,2,1,0,0,0,0,0,0,0,0,0,0
360469,1,1,13,13,13,13,13,13,13,13,13,13
360470,0,1,21,21,21,21,21,21,21,21,21,21
360470,1,1,0,0,0,0,0,0,18,24,0,0
360471,0,1,0,0,0,0,0,0,0,0,0,0
360471,1,1,0,18,10,30,14,0,0,22,0,0
360472,1,1,0,6,0,7,0,0,0,12,7,0
360472,2,1,0,0,0,0,23,0,0,0,0,0
360473,0,1,3,3,3,3,3,3,3,3,3,3
360473,1,1,0,18,23,33,0,0,0,13,9,18
360474,1,1,21,21,21,21,21,21,21,21,21,21
360475,1,1,0,0,0,0,0,0,0,0,0,0
360475,2,1,0,0,0,0,28,27,9,0,0,0
360476,1,1,0,0,0,0,0,0,0,0,0,0
360476,2,1,0,0,0,0,0,0,0,0,0,0
360477,1,1,0,0,0,15,26,0,0,0,0,21
360477,2,1,0,0,0,0,0,0,0,0,0,0
360478,1,1,0,0,0,0,0,0,0,0,0,0
360478,2,1,0,0,12,0,8,0,0,0,0,0
360479,1,1,0,0,0,0,0,0,0,0,0,0
360479,2,1,0,0,0,0,0,0,0,0,0,0
360480,1,1,0,0,0,23,0,0,38,0,0,0
360481,1,1,0,0,0,0,0,0,0,0,0,0
360482,0,1,0,0,0,0,0,0,12,0,0,0
360482,1,1,0,0,0,0,0,0,0,0,0,0
360483,1,1,0,0,10,0,0,20,0,0,3,29
360483,2,1,0,0,0,0,0,0,0,0,0,13
360484,1,1,0,0,0,11,23,0,0,0,0,8
360485,1,1,0,3,0,0,0,0,0,0,0,0
360485,2,1,0,0,0,0,0,0,0,0,0,0
360486,1,1,0,0,0,0,0,0,0,0,0,0
360486,2,1,0,0,0,0,0,19,0,0,0,0
360487,1,1,0,0,0,0,0,0,0,0,0,0
360487,2,1,0,0,0,0,0,0,0,0,0,0
360487,3,1,0,0,0,0,0,0,0,0,0,0
360488,0,1,0,0,0,0,0,0,0,0,0,0
360488,1,1,0,0,0,0,0,0,0,0,0,0
360489,1,1,0,0,0,0,0,0,0,0,0,0
360490,1,1,0,0,0,0,0,0,0,0,0,0
360490,2,1,0,0,0,0,0,0,0,0,0,0
360491,0,1,0,0,0,0,0,0,0,0,0,0
360491,1,1,0,21,21,0,33,26,0,0,0,0
360492,0,1,16,16,16,16,16,16,16,16,16,16
360492,1,1,0,14,6,0,0,0,23,0,8,0
360493,1,1,9,9,9,9,9,9,9,9,9,9
360493,3,1,0,0,0,0,0,0,0,0,0,0
360494,0,1,0,0,0,0,0,0,0,0,0,0
360494,1,1,0,0,0,0,0,0,0,0,0,0
360495,1,1,0,0,0,0,4,0,0,11,0,0
360495,2,1,0,0,0,0,0,0,0,0,0,0
360496,1,1,0,0,0,0,0,0,0,0,0,0
360496,2,1,10,0,0,0,0,0,0,0,0,0
360497,1,1,0,0,0,0,0,0,0,0,0,0
360497,2,1,0,11,14,0,0,0,0,6,20,8
360497,3,1,0,21,0,11,0,5,20,0,0,0
360498,1,1,6,9,6,0,0,0,0,0,0,18
360499,1,1,0,0,0,0,0,0,0,0,0,0
360500,0,1,23,23,23,23,23,23,23,23,23,23
360500,1,1,16,25,0,9,8,0,6,17,31,0
360501,0,1,48,0,0,0,0,0,0,0,0,20
360501,1,1,0,0,0,0,0,0,0,0,0,0
360502,1,1,0,0,0,0,0,0,0,0,0,0
360502,5,1,14,0,0,0,0,0,0,0,0,0
360502,6,1,0,0,0,0,0,0,0,0,13,0
360503,0,1,0,0,0,0,0,0,0,0,0,0
360503,1,1,0,0,0,0,0,0,0,0,6,0
360504,1,1,0,0,14,0,37,0,0,0,0,19
360504,2,1,0,0,0,0,0,0,0,0,0,0
360504,3,1,7,13,0,0,0,0,0,0,12,0
360505,0,1,38,38,38,38,38,38,38,38,38,38
360505,1,1,0,0,0,24,26,0,5,0,0,26
360507,1,1,0,0,0,0,0,0,0,0,0,0
360507,2,1,7,0,0,0,0,24,17,19,0,0
360508,1,1,1,1,1,1,1,1,1,1,1,1
360508,2,1,0,9,23,19,0,0,0,14,0,0
360509,0,1,0,0,0,0,0,0,0,0,0,0
360509,1,1,0,0,0,0,0,0,0,0,0,0
360510,1,1,15,20,27,0,0,0,0,0,25,0
360511,0,1,27,0,0,0,0,0,0,0,0,0
360511,1,1,0,0,0,0,0,0,0,0,0,0
360512,1,1,22,22,22,22,22,22,22,22,22,22
360513,1,1,0,18,0,0,0,0,0,0,0,0
360513,2,1,0,0,0,0,0,0,0,0,33,0
360513,3,1,21,0,0,6,0,0,0,0,0,0
360513,4,1,7,0,0,0,0,0,0,0,4,0
360513,5,1,0,0,0,0,0,0,0,0,0,7
360514,1,1,0,0,0,0,0,0,0,0,0,0
360514,2,1,0,0,0,5,0,0,0,0,0,0
360515,1,1,0,0,0,0,0,0,0,0,0,0
360515,2,1,0,0,0,27,23,28,0,0,16,0
360515,3,1,0,0,0,30,0,0,0,0,0,0
360516,0,1,0,0,0,0,0,0,0,0,0,0
360516,1,1,0,0,0,0,0,0,0,0,0,0
360517,1,1,8,9,21,12,22,22,19,25,15,24
360518,1,1,16,17,0,0,20,17,17,0,15,0
360519,1,1,3,3,3,3,3,3,3,3,3,3
360520,1,1,0,0,0,0,0,0,0,0,0,0
360520,2,1,0,0,0,7,0,0,0,0,0,4
360521,0,1,0,0,0,0,0,0,0,0,0,0
360521,1,1,0,0,0,0,0,0,14,0,0,0
360522,1,1,0,0,0,0,0,0,0,0,0,0
360522,2,1,0,0,0,15,0,0,0,0,0,50
360523,1,1,0,0,0,0,0,0,0,0,27,0
360523,2,1,0,0,0,0,0,0,0,0,0,0
360524,1,1,0,0,0,14,14,0,0,0,0,0
360524,2,1,0,0,0,0,0,0,0,0,0,0
360525,1,1,9,0,4,0,0,13,7,0,0,17
360525,2,1,0,12,17,0,0,0,24,0,0,0
360526,0,1,0,0,0,0,0,0,0,0,0,0
360526,1,1,0,0,0,0,0,0,0,0,0,0
360527,1,1,19,19,19,19,19,19,19,19,19,19
360528,1,1,0,0,0,0,0,0,0,0,0,0
360529,1,1,0,0,0,22,0,0,0,40,0,0
360530,1,1,0,11,0,0,0,0,29,0,0,26
360531,1,1,23,0,0,0,24,0,0,0,0,0
360531,2,1,4,0,0,0,0,0,0,0,0,0
360532,1,1,11,16,0,27,10,15,26,21,20,14
360533,1,1,0,0,0,0,0,0,0,0,0,0
360533,2,1,0,28,0,0,0,0,0,0,0,0
360534,1,1,14,14,14,14,14,14,14,14,14,14
360534,2,1,0,0,0,0,0,0,3,0,0,0
360535,0,1,0,5,0,0,0,0,0,0,0,0
360535,1,1,0,0,0,0,0,0,0,0,0,0
360536,0,1,0,0,14,0,18,0,0,0,0,7
360536,1,1,0,0,28,0,0,0,0,0,0,0
360537,1,1,0,0,0,0,0,0,0,0,0,0
360537,2,1,0,0,0,0,0,0,0,0,6,0
360538,1,1,0,0,0,0,0,0,0,0,0,0
360538,2,1,0,0,0,0,0,0,0,0,0,0
360539,1,1,22,10,13,0,0,0,27,0,0,17
360540,1,1,0,0,0,0,0,0,0,0,0,0
360540,2,1,0,0,0,0,0,25,0,0,0,0
360540,3,1,0,0,0,0,0,0,0,0,0,0
360541,1,1,0,0,0,0,0,0,0,0,0,0
360541,2,1,0,0,0,0,0,0,0,0,0,0
360542,1,1,0,0,0,0,0,0,0,0,0,0
360542,2,1,0,7,0,0,0,0,0,0,0,0
360542,3,1,0,17,0,0,23,0,0,0,10,13
360543,1,1,0,0,0,0,0,0,0,0,15,0
360544,1,1,0,0,0,11,0,0,0,0,0,0
360544,2,1,0,0,0,0,0,0,0,0,0,0
360545,0,1,0,0,0,0,0,0,0,0,0,0
360545,1,1,0,0,0,0,0,0,0,0,0,0
360546,0,1,0,0,0,0,0,0,0,0,0,0
360546,1,1,0,0,6,0,0,0,0,0,14,21
360547,1,1,0,0,0,0,0,0,0,0,0,0
360547,2,1,0,0,0,0,0,0,0,0,0,0
360547,3,1,0,0,0,0,0,0,0,0,0,0
360548,1,1,0,0,0,0,0,0,0,32,0,13
360548,2,1,0,0,0,7,0,0,0,0,0,0
360549,0,1,0,0,0,0,0,0,0,0,0,0
360549,1,1,8,0,0,0,9,0,0,0,13,0
360550,1,1,0,0,0,0,0,0,0,0,0,0
360550,2,1,0,0,0,0,0,0,0,0,0,0
360551,1,1,26,26,26,26,26,26,26,26,26,26
360552,0,1,15,0,0,0,0,0,18,0,0,0
360552,1,1,3,0,16,0,0,0,0,0,0,0
360553,1,1,0,0,0,0,10,0,9,17,0,14
360553,2,1,0,0,0,0,0,0,0,0,0,0
360554,1,1,0,0,12,0,0,0,0,18,0,0
360554,2,1,24,24,24,24,24,24,24,24,24,24
360555,0,1,26,26,26,26,26,26,26,26,26,26
360555,1,1,0,0,0,0,0,0,0,0,0,0
360556,1,1,0,0,0,0,0,0,0,0,0,0
360556,2,1,0,0,0,0,0,0,0,0,0,0
360557,1,1,22,0,0,0,0,0,0,0,14,0
360558,0,1,0,0,0,0,0,0,0,0,0,0
360558,1,1,0,51,0,0,0,21,0,0,0,0
360559,0,1,0,0,0,0,0,0,0,0,0,0
360559,1,1,0,5,0,11,12,0,21,0,9,0
360560,0,1,0,42,0,21,29,13,21,0,0,0
360560,1,1,0,0,0,0,0,21,14,0,8,0
360561,0,1,18,31,15,0,0,32,0,23,0,0
360561,1,1,10,11,0,0,14,0,18,0,14,0
360562,0,1,0,0,0,0,0,0,0,0,0,0
360562,1,1,0,0,35,0,18,0,19,0,0,22
360563,1,1,13,13,13,13,13,13,13,13,13,13
360563,2,1,28,8,6,19,27,14,17,0,24,27
360563,3,1,0,5,0,23,0,0,25,0,0,21
360564,1,1,32,32,32,32,32,32,32,32,32,32
360564,2,1,0,0,0,0,0,0,0,0,0,0
360565,1,1,0,12,0,16,0,0,0,0,0,0
360566,1,1,0,19,0,0,0,0,0,0,0,0
360566,2,1,0,0,0,0,0,0,0,0,0,0
360566,3,1,0,12,0,0,0,0,0,22,0,0
360567,1,1,13,13,13,13,13,13,13,13,13,13
360567,2,1,0,10,0,0,0,0,0,0,0,0
360568,1,1,0,0,0,0,0,0,0,0,0,0
360568,2,1,0,19,0,0,0,0,0,0,0,0
360569,1,1,37,0,0,0,0,0,0,0,23,0
360569,2,1,0,0,0,0,0,0,0,0,0,0
360570,1,1,0,0,0,0,0,0,0,0,0,0
360571,1,1,0,0,12,0,0,0,0,0,0,0
360572,1,1,0,0,0,0,0,0,43,0,0,0
360572,2,1,0,0,0,0,0,0,0,0,0,0
360572,3,1,0,0,0,0,7,0,0,0,0,0
360573,1,1,0,0,0,0,0,0,0,0,0,24
360573,2,1,0,0,0,0,0,11,0,0,0,0
360574,0,1,0,0,0,0,0,0,0,0,0,0
360574,1,1,8,0,0,0,0,0,0,0,0,0
360575,0,1,8,8,8,8,8,8,8,8,8,8
360575,1,1,0,0,8,0,9,0,0,0,0,0
360576,0,1,20,20,20,20,20,20,20,20,20,20
360576,1,1,0,0,0,0,0,0,0,0,0,0
360577,1,1,21,0,0,0,17,0,0,13,0,0
360577,2,1,13,0,0,16,14,0,0,0,7,0
360578,0,1,0,0,0,0,0,0,0,0,0,0
360578,1,1,0,0,0,0,0,26,0,0,0,0
360579,1,1,0,0,0,0,33,0,18,0,20,0
360580,1,1,0,0,0,0,0,0,0,0,0,0
360580,2,1,0,0,15,0,0,0,0,0,0,0
360581,1,1,0,0,0,0,0,0,0,0,0,0
360582,1,1,9,0,14,31,0,15,0,34,0,7
360583,0,1,27,0,0,14,26,13,0,0,18,9
360583,1,1,31,31,31,31,31,31,31,31,31,31
360584,1,1,0,0,29,0,0,0,0,0,0,0
360584,2,1,20,20,20,20,20,20,20,20,20,20
360585,1,1,0,0,0,0,0,0,0,0,0,0
360585,2,1,15,0,0,0,0,0,0,0,0,0
360586,0,1,0,0,0,0,0,0,0,0,0,0
360586,0,2,0,0,0,0,0,0,0,0,0,0
360586,0,3,0,0,0,0,0,0,0,0,0,0
360586,0,4,0,0,0,0,0,0,0,0,0,20
360586,0,5,0,0,0,34,29,0,0,0,7,0
360586,1,1,0,0,0,0,0,0,0,0,0,0
360586,2,1,0,0,0,0,0,0,0,26,0,0
360587,1,1,0,0,0,0,0,0,0,0,0,30
360587,2,1,14,16,19,22,23,0,0,17,0,0
360587,3,1,0,6,9,7,0,0,0,4,0,12
360588,1,1,9,9,9,9,9,9,9,9,9,9
360589,0,1,0,0,0,0,0,0,0,0,0,0
360589,1,1,17,17,17,17,17,17,17,17,17,17
360590,0,1,0,0,0,0,0,0,0,0,0,0
360590,1,1,0,0,0,0,0,4,0,20,18,0
360591,1,1,0,0,0,0,0,0,0,0,0,0
360592,1,1,22,15,15,0,23,9,0,25,30,15
360593,1,1,0,0,0,0,0,0,0,0,0,0
360594,1,1,10,10,10,10,10,10,10,10,10,10
360594,2,1,0,0,7,16,5,0,0,7,0,0
360595,1,1,0,0,0,0,0,0,0,0,0,0
360595,2,1,2,0,0,0,0,0,0,0,0,0
360596,0,1,9,9,9,9,9,9,9,9,9,9
360596,1,1,0,10,0,0,0,0,7,13,35,16
360597,0,1,0,0,0,0,0,0,0,0,0,0
360597,1,1,0,0,0,31,0,0,0,0,0,26
360598,1,1,0,0,0,0,31,0,0,0,0,0
360598,2,1,16,16,16,16,16,16,16,16,16,16
360598,3,1,0,0,0,0,0,0,0,0,0,0
360599,1,1,0,0,0,0,0,0,0,0,0,0
360599,2,1,0,0,0,0,0,0,0,0,0,0
360600,1,1,0,0,0,0,0,15,0,0,0,0
360601,0,1,24,25,31,0,19,0,22,23,0,28
360601,1,1,0,0,0,0,0,0,0,0,0,0
360602,1,1,0,0,0,0,0,0,0,0,0,0
360602,2,1,0,16,0,0,0,0,0,0,0,0
360603,0,1,10,5,22,5,18,8,8,26,15,22
360603,1,1,0,0,0,0,0,0,0,0,13,0
360604,1,1,0,0,0,0,0,0,0,0,0,0
360604,2,1,0,0,0,12,0,0,0,0,0,0
360605,0,1,0,0,0,0,0,0,0,0,0,0
360605,1,1,27,36,35,21,26,31,28,24,12,23
360606,0,1,0,0,0,0,0,0,0,0,0,0
360606,1,1,0,0,0,0,0,0,6,0,0,0
360607,0,1,0,0,0,0,0,0,0,0,0,0
360607,1,1,0,0,0,0,0,0,0,0,0,0
360608,0,1,0,0,0,0,15,0,23,32,0,0
360608,1,1,0,0,10,11,7,32,12,0,0,0
360609,1,1,0,0,0,0,0,0,0,0,0,0
360611,1,1,0,0,0,0,0,0,0,0,0,0
360611,2,1,0,0,0,0,0,0,0,0,0,0
360613,0,1,13,0,14,0,0,0,0,0,4,9
360613,1,1,0,0,0,0,0,0,0,0,0,0
360614,1,1,0,0,0,0,0,0,0,0,0,0
360614,2,1,0,0,0,0,0,0,0,0,0,0
360614,3,1,0,0,0,0,0,0,0,0,0,0
360615,1,1,0,0,0,0,0,0,0,0,0,0
360615,2,1,0,0,0,0,0,0,0,0,0,0
360616,0,1,0,0,0,0,0,0,0,0,0,0
360616,1,1,0,0,0,0,0,0,0,0,0,0
360617,1,1,1,1,1,1,1,1,1,1,1,1
360617,2,1,20,0,6,0,0,0,0,0,0,0
360618,0,1,0,0,0,0,0,0,0,0,0,0
360618,1,1,0,0,0,11,0,0,0,0,19,0
360619,1,1,0,0,0,0,0,0,0,0,0,0
360619,2,1,0,0,0,0,0,0,0,0,15,0
360620,1,1,24,24,24,24,24,24,24,24,24,24
360621,1,1,0,0,0,0,0,0,10,0,17,0
360622,1,1,7,17,0,4,15,14,0,0,10,0
360623,1,1,14,0,0,0,0,0,0,0,0,9
360623,2,1,0,0,0,0,16,0,0,0,0,0
360624,1,1,0,3,0,0,0,0,0,11,29,0
360624,2,1,0,0,0,0,0,0,0,0,0,0
360625,0,1,0,0,0,0,0,0,0,0,0,0
360625,1,1,19,0,0,0,0,0,0,0,0,27
360626,1,1,26,27,6,12,22,14,18,8,47,12
360627,1,1,0,10,11,3,6,0,22,13,8,10
360628,1,1,0,0,0,0,0,0,0,0,0,0
360628,2,1,0,0,0,0,0,0,0,0,36,0
360629,0,1,0,0,0,0,0,0,0,0,0,0
360629,1,1,13,0,0,0,0,0,0,0,0,0
360630,1,1,0,14,27,3,15,0,15,35,9,16
360631,1,1,0,0,0,0,0,0,0,0,0,0
360631,2,1,0,0,0,0,0,0,0,0,0,0
360631,3,1,0,0,0,0,0,0,0,0,0,0
360632,1,1,0,0,0,0,0,0,19,0,20,3
360632,2,1,0,0,0,0,0,0,0,0,5,5
360632,3,1,0,0,0,0,14,22,0,0,5,15
360632,4,1,0,0,0,12,0,0,15,0,0,0
360633,1,1,0,4,0,14,0,0,21,0,14,0
360633,2,1,0,0,0,0,0,0,0,0,0,2
360634,0,1,23,23,23,23,23,23,23,23,23,23
360634,1,1,0,0,0,17,0,0,12,35,24,14
360635,1,1,0,0,0,0,0,0,0,0,0,0
360636,1,1,0,32,0,0,0,0,0,0,0,0
360636,2,1,0,0,0,0,0,0,0,0,0,0
360636,3,1,0,0,8,0,0,0,0,0,0,0
360637,1,1,0,0,0,0,0,0,0,0,0,0
360637,2,1,0,0,0,0,0,0,0,0,0,0
360638,0,1,0,0,0,0,0,0,0,0,0,0
360638,1,1,0,0,0,0,0,0,0,0,0,11
360640,1,1,0,0,0,0,0,0,0,0,0,19
360640,2,1,0,0,0,0,0,14,10,16,0,0
360641,1,1,9,16,0,0,18,0,0,15,0,0
360641,2,1,0,13,0,21,0,0,0,0,0,23
360642,0,1,0,0,0,0,0,0,0,0,0,0
360642,1,1,0,0,29,0,0,0,0,0,0,0
360643,0,1,0,0,0,0,0,0,0,0,0,0
360643,1,1,0,0,14,5,0,0,0,16,0,0
360644,1,1,11,11,11,11,11,11,11,11,11,11
360644,2,1,0,0,0,0,0,0,13,0,0,0
360645,1,1,0,0,0,0,0,0,0,0,0,0
360645,2,1,0,0,0,18,17,0,0,0,0,0
360646,1,1,20,20,20,20,20,20,20,20,20,20
360647,1,1,17,17,16,27,17,12,0,15,19,12
360647,2,1,0,0,13,2,9,14,0,0,0,0
360648,0,1,0,0,0,0,0,0,0,0,0,0
360648,1,1,0,0,0,0,0,0,0,0,0,0
360649,0,1,0,0,0,0,0,0,0,0,0,0
360649,1,1,0,19,0,0,37,0,0,0,0,0
360650,1,1,0,0,0,0,0,0,0,0,0,0
360650,2,1,0,5,0,0,0,0,53,0,0,4
360651,1,1,0,0,0,0,0,0,0,0,0,0
360652,1,1,11,0,0,17,21,16,27,11,26,26
360652,2,1,0,0,0,0,0,0,0,0,0,0
360653,1,1,0,0,0,0,17,0,13,19,0,11
360654,1,1,0,0,0,0,0,0,0,0,0,0
360655,0,1,32,32,32,32,32,32,32,32,32,32
360655,1,1,0,0,0,0,0,0,0,0,0,0
360656,1,1,0,0,8,12,36,14,0,0,0,0
360657,1,1,0,0,0,0,0,0,0,13,0,0
360657,2,1,0,0,0,0,0,0,0,0,0,0