ST_CASE,VEH_NO,PER_NO,P1,P2,P3,P4,P5,P6,P7,P8,P9,P10
360657,3,1,0,0,0,0,0,0,0,0,0,0
360658,1,1,0,0,0,0,0,0,15,0,0,0
360658,2,1,0,0,0,0,26,0,0,0,0,0
360658,3,1,0,0,0,0,0,0,0,0,0,0
360659,1,1,0,0,0,0,15,0,0,30,32,0
360659,2,1,0,0,0,0,0,0,0,0,14,0
360659,3,1,18,0,0,12,0,0,0,0,0,0
360660,1,1,0,0,0,0,0,0,0,0,0,0
360661,1,1,0,0,5,0,0,30,0,0,0,0
360662,1,1,2,17,0,0,0,0,16,16,0,0
360662,2,1,0,0,0,0,0,0,0,0,0,0
360663,0,1,0,0,0,0,0,0,0,0,0,0
360663,1,1,0,0,0,0,0,0,0,19,0,0
360664,1,1,0,0,0,0,0,0,0,0,0,0
360665,1,1,17,17,17,17,17,17,17,17,17,17
360666,1,1,0,0,0,0,0,0,0,0,0,0
360667,0,1,0,0,0,0,0,0,0,0,0,0
360667,1,1,0,0,0,0,0,0,0,22,0,0
360668,1,1,0,0,0,0,0,0,0,0,0,0
360669,1,1,7,7,7,7,7,7,7,7,7,7
360670,1,1,0,0,0,0,0,0,0,0,0,0
360670,2,1,0,0,0,0,0,0,0,0,0,0
360671,1,1,12,22,13,35,2,0,0,20,24,3
360672,0,1,5,5,5,5,5,5,5,5,5,5
360672,1,1,0,0,0,0,0,0,0,0,0,0
360673,1,1,21,10,11,16,27,21,22,39,9,5
360674,1,1,0,0,0,0,0,0,0,0,0,0
360674,2,1,0,0,0,0,0,0,0,0,0,0
360675,1,1,0,0,0,0,0,0,0,0,0,0
360676,1,1,27,27,27,27,27,27,27,27,27,27
360677,1,1,0,0,0,0,0,0,0,0,0,0
360677,2,1,0,0,0,0,0,0,0,0,0,0
360678,1,1,0,0,0,0,0,0,0,0,0,0
360678,2,1,0,28,0,17,16,0,0,0,0,0
360679,1,1,0,0,0,0,0,5,19,0,0,0
360679,2,1,0,0,33,0,0,0,0,25,12,0
360680,1,1,20,20,20,20,20,20,20,20,20,20
360682,1,1,0,0,0,0,0,0,0,0,0,0
360683,1,1,35,0,0,0,0,0,0,0,0,0
360683,2,1,0,0,0,0,0,0,0,0,0,0
360684,1,1,0,0,0,0,0,0,0,0,0,0
360685,1,1,0,0,0,0,0,0,0,0,0,0
360685,2,1,0,0,0,0,0,0,0,0,0,0
360685,3,1,0,0,0,9,0,0,0,0,11,0
360686,1,1,10,10,10,10,10,10,10,10,10,10
360686,2,1,0,0,0,0,0,0,0,0,20,0
360687,1,1,12,13,10,16,0,0,25,0,7,0
360688,0,1,0,0,0,0,0,0,0,0,0,0
360688,1,1,0,0,0,0,0,0,0,15,0,0
360689,1,1,0,0,0,0,0,0,0,0,0,0
360690,1,1,19,19,19,19,19,19,19,19,19,19
360691,1,1,0,0,0,0,0,0,0,5,0,0
360691,2,1,0,0,16,0,0,0,0,0,0,0
360692,1,1,17,0,28,5,41,50,13,0,7,36
360693,0,1,0,36,0,0,0,16,0,0,22,0
360693,1,1,19,40,20,16,11,12,7,28,20,15
360694,1,1,0,0,0,0,0,9,17,0,0,12
360694,2,1,0,0,0,0,0,0,0,0,0,0
360695,1,1,0,0,0,0,0,23,0,0,0,0
360695,2,1,0,0,0,0,0,0,0,0,0,0
360696,0,1,0,0,0,0,0,0,0,0,16,31
360696,1,1,0,0,0,0,0,0,0,0,0,0
360697,1,1,19,0,16,3,24,14,0,0,0,29
360698,1,1,0,0,0,0,0,0,0,0,0,0
360699,1,1,0,16,0,0,0,0,0,0,0,0
360700,1,1,0,27,12,18,0,0,24,0,18,0
360700,2,1,20,25,18,0,0,0,0,0,0,0
360701,1,1,0,0,0,0,0,0,0,0,0,0
360701,2,1,0,0,7,0,17,0,0,0,26,0
360702,1,1,0,0,0,0,0,0,0,0,0,0
360703,1,1,21,6,0,0,0,0,0,11,22,0
360703,2,1,0,0,0,0,0,0,0,0,0,0
360704,1,1,0,9,0,0,0,0,0,0,0,0
360704,2,1,0,0,0,0,0,0,0,0,0,0
360705,1,1,0,0,0,0,0,0,0,0,0,0
360705,2,1,0,0,0,0,0,0,0,0,0,0
360706,1,1,0,0,0,0,0,0,0,0,0,0
360706,2,1,0,0,0,0,0,0,0,0,0,0
360707,1,1,0,0,0,0,0,0,0,0,0,0
360707,2,1,0,0,0,0,0,0,0,0,0,0
360708,0,1,30,30,30,30,30,30,30,30,30,30
360708,1,1,25,0,0,14,46,0,21,0,0,0
360709,1,1,18,16,0,0,42,0,0,6,8,0
360709,2,1,16,0,0,0,0,0,0,19,0,10
360710,0,1,0,0,0,0,0,0,0,0,0,0
360710,1,1,0,0,0,0,0,0,0,0,0,0
360711,0,1,0,29,12,7,0,0,21,0,15,31
360711,1,1,0,0,0,0,0,0,0,0,0,0
360712,0,1,0,0,0,0,0,0,0,0,0,0
360712,1,1,0,0,0,0,0,0,13,0,0,0
360713,1,1,0,0,0,0,0,0,0,0,0,0
360713,2,1,0,0,0,0,0,0,0,0,0,0
360714,1,1,18,18,18,18,18,18,18,18,18,18
360715,1,1,0,0,0,18,0,0,0,0,17,0
360715,2,1,0,0,0,0,0,0,0,0,0,0
360716,1,1,0,0,0,25,0,0,0,0,0,40
360717,0,1,0,12,17,0,0,0,5,0,23,22
360717,0,2,0,0,0,14,0,12,0,0,0,0
360717,1,1,0,0,0,0,0,0,17,0,0,11
360718,1,1,0,0,0,0,0,0,0,0,0,0
360719,1,1,13,0,0,0,0,0,0,10,0,0
360720,0,1,0,0,0,0,0,0,0,0,0,0
360720,1,1,0,0,0,0,0,8,0,0,0,25
360721,1,1,19,13,0,0,0,25,25,15,0,0
360722,1,1,30,27,0,0,0,0,0,0,0,0
360723,0,1,0,0,0,25,14,0,0,0,37,0
360723,1,1,0,0,0,0,0,0,0,26,0,26
360724,1,1,15,7,6,0,0,0,0,0,0,0
360724,2,1,0,8,0,0,0,0,0,0,0,0
360725,1,1,17,17,17,17,17,17,17,17,17,17
360726,0,1,0,0,0,0,0,0,0,0,0,0
360726,1,1,0,0,0,0,0,0,0,11,0,18
360727,1,1,0,0,0,0,0,0,0,0,0,0
360727,2,1,0,0,0,0,0,0,7,0,0,0
360727,3,1,12,12,12,12,12,12,12,12,12,12
360728,1,1,0,0,0,0,0,0,0,0,0,0
360728,2,1,0,0,0,0,13,0,18,37,0,11
360729,1,1,0,0,0,0,0,0,0,0,0,0
360729,2,1,0,0,0,0,17,0,0,0,0,0
360730,1,1,2,2,2,2,2,2,2,2,2,2
360731,1,1,0,15,0,0,13,4,0,0,0,0
360732,1,1,0,0,0,0,0,0,0,0,0,0
360732,2,1,0,0,0,0,0,0,0,0,0,0
360732,3,1,0,0,0,0,0,0,0,0,0,0
360733,0,1,0,0,0,0,0,0,0,0,0,0
360733,1,1,0,0,0,21,0,0,29,0,0,0
360734,0,1,0,0,0,0,7,0,0,0,0,0
360734,1,1,0,7,11,13,0,0,20,0,0,29
360735,1,1,0,0,0,0,0,0,0,0,0,0
360735,2,1,0,0,0,0,0,0,0,0,0,0
360736,1,1,17,11,14,8,23,26,21,24,8,22
360737,0,1,1,1,1,1,1,1,1,1,1,1
360737,1,1,0,0,0,0,0,0,0,0,0,0
360738,0,1,0,0,0,0,0,0,0,0,0,0
360738,1,1,0,0,15,0,0,0,0,0,0,0
360739,1,1,0,22,0,31,0,14,0,0,0,0
360739,2,1,0,0,0,0,0,0,0,0,0,0
360740,1,1,0,0,0,0,0,0,0,0,0,0
360740,2,1,0,0,0,0,0,0,0,0,0,0
360741,1,1,26,26,26,26,26,26,26,26,26,26
360743,0,1,0,0,0,0,0,0,0,33,0,0
360743,1,1,0,0,0,7,0,11,0,0,0,17
360744,1,1,0,0,36,0,0,0,0,0,9,9
360744,2,1,0,0,0,0,0,0,0,18,0,11
360745,1,1,0,20,19,0,0,0,0,0,0,0
360745,2,1,0,0,0,21,17,0,0,0,0,0
360746,1,1,24,0,7,0,0,18,0,0,0,0
360746,2,1,17,0,0,6,0,22,23,0,0,0
360747,0,1,20,20,20,20,20,20,20,20,20,20
360747,1,1,0,0,0,13,0,5,0,0,0,0
360748,1,1,0,0,0,0,0,0,0,0,0,0
360749,1,1,15,0,0,0,0,0,0,0,20,29
360750,0,1,12,12,12,12,12,12,12,12,12,12
360750,1,1,0,13,0,18,0,18,0,15,0,8
360750,2,1,0,0,3,0,0,0,0,0,23,25
360751,0,1,0,27,25,0,16,27,0,21,0,8
360751,1,1,9,0,0,19,0,0,23,21,26,0
360752,1,1,37,0,0,20,35,0,16,0,0,0
360753,1,1,0,0,0,0,0,0,0,0,0,0
360753,2,1,0,0,0,0,0,0,0,0,0,0
360754,1,1,0,0,0,0,0,0,0,0,0,0
360754,2,1,0,0,0,0,0,0,0,0,0,0
360755,1,1,0,0,9,10,9,0,0,0,11,0
360756,1,1,0,0,16,0,17,0,19,11,0,15
360757,1,1,12,12,12,12,12,12,12,12,12,12
360758,0,1,0,0,0,0,0,0,0,0,0,0
360758,1,1,0,0,0,0,11,0,0,0,0,0
360760,0,1,0,0,6,0,0,16,0,0,11,20
360760,1,1,0,0,0,0,0,0,0,0,0,0
360761,0,1,1,1,1,1,1,1,1,1,1,1
360761,1,1,0,11,17,0,28,0,0,0,0,0
360762,1,1,0,0,0,0,0,0,0,0,0,0
360762,2,1,0,17,11,0,0,23,0,0,0,0
360763,1,1,0,0,0,0,0,0,0,0,0,0
360764,1,1,0,0,0,0,0,0,0,0,0,0
360764,2,1,0,0,0,0,0,0,0,0,0,0
360765,0,1,22,22,22,22,22,22,22,22,22,22
360765,1,1,0,6,0,0,11,0,0,0,16,0
360766,1,1,18,18,18,18,18,18,18,18,18,18
360767,1,1,0,0,0,0,0,0,0,7,0,0
360767,2,1,0,0,0,0,0,0,0,4,0,17
360768,1,1,0,0,0,0,0,0,0,0,0,0
360768,2,1,0,0,0,0,0,0,0,16,0,0
360769,1,1,0,0,0,0,0,0,0,0,0,0
360769,2,1,7,0,0,0,18,0,0,0,0,0
360769,3,1,0,0,0,0,0,0,0,0,0,0
360770,1,1,0,0,0,0,0,0,0,0,0,0
360770,2,1,0,0,0,0,0,0,0,0,0,0
360771,1,1,0,0,0,0,0,0,0,0,0,0
360771,2,1,0,0,0,0,0,0,13,0,0,0
360771,3,1,0,0,15,0,0,0,0,0,0,5
360772,1,1,0,0,0,0,0,0,0,0,0,0
360773,1,1,12,12,12,12,12,12,12,12,12,12
360774,1,1,0,0,0,0,0,0,0,0,0,0
360775,1,1,0,0,0,0,0,0,0,0,0,0
360775,2,1,0,0,0,15,11,0,0,0,0,11
360776,1,1,0,0,0,0,0,0,0,0,0,0
360776,2,1,0,0,0,0,0,0,0,0,0,0
360778,1,1,0,0,11,0,18,0,0,0,0,19
360778,2,1,0,11,11,0,0,13,0,0,21,16
360779,1,1,0,17,0,14,10,17,0,0,0,13
360780,1,1,32,12,11,30,33,25,9,29,18,24
360781,0,1,0,0,0,0,12,0,0,0,0,0
360781,1,1,0,0,0,0,0,20,0,0,15,2
360783,1,1,13,13,13,13,13,13,13,13,13,13
360784,1,1,0,19,0,0,0,0,13,5,8,0
360785,1,1,16,16,10,20,0,0,24,16,0,17
360785,2,1,0,0,0,0,0,0,0,0,0,0
360786,1,1,0,0,0,0,0,0,23,10,0,0
360787,1,1,0,0,0,0,0,0,0,0,0,0
360787,2,1,0,0,23,0,0,0,0,0,0,0
360788,1,1,0,24,0,0,0,0,0,0,0,0
360788,2,1,0,0,0,0,0,0,0,0,0,0
360789,1,1,0,0,0,0,0,0,0,0,0,0
360789,2,1,0,0,0,0,0,0,0,0,10,5
360790,0,1,0,0,0,0,0,0,0,0,0,0
360790,1,1,0,0,0,0,0,0,0,0,0,0
360791,0,1,30,0,9,0,0,0,0,0,0,34
360791,1,1,0,0,20,0,0,0,0,0,0,0
360792,2,1,18,18,18,18,18,18,18,18,18,18
360794,0,1,0,12,27,14,0,0,19,0,0,0
360794,1,1,8,0,0,0,0,0,20,0,28,0
360795,1,1,0,0,0,0,0,0,0,0,0,0
360795,2,1,0,0,0,0,0,0,0,0,0,0
360796,0,1,0,0,0,11,0,0,0,0,0,0
360796,1,1,32,0,7,3,5,0,0,0,0,0
360797,0,1,0,0,0,0,0,16,0,0,0,0
360797,1,1,0,0,0,11,0,0,0,0,0,0
360798,0,1,0,0,0,0,0,0,0,0,0,0
360798,1,1,20,0,0,0,0,18,0,0,0,0
360799,1,1,13,10,22,22,21,11,11,14,5,13
360800,1,1,0,0,0,0,0,0,0,16,0,0
360801,1,1,0,0,0,0,0,0,0,0,0,0
360801,2,1,0,0,0,0,35,0,0,0,0,0
360802,1,1,0,0,0,0,0,0,0,0,0,0
360803,0,1,0,0,0,0,0,0,0,0,0,0
360803,1,1,17,0,27,0,16,0,0,0,12,0
360804,1,1,0,0,0,0,0,0,0,0,0,0
360805,0,1,0,0,0,0,0,14,22,0,21,0
360805,1,1,0,0,0,0,0,0,0,0,30,0
360806,0,1,0,0,0,0,0,0,0,0,0,0
360806,1,1,0,2,23,31,0,0,0,0,0,0
360807,1,1,0,0,0,0,0,0,0,0,0,0
360808,1,1,0,0,0,0,0,0,4,0,25,34
360809,0,1,0,0,0,0,0,22,25,0,0,0
360809,1,1,0,0,0,0,0,23,0,0,7,0
360810,1,1,15,11,23,26,11,15,3,23,12,17
360811,1,1,0,0,0,0,0,0,0,0,0,0
360811,2,1,5,0,9,0,0,0,0,0,0,0
360813,0,1,0,0,0,0,0,0,0,0,0,0
360813,1,1,0,21,19,14,3,0,5,24,0,5
360814,1,1,0,0,0,0,0,0,0,0,0,0
360815,0,1,0,0,0,0,0,0,0,0,0,0
360815,1,1,0,0,15,0,0,0,0,0,0,0
360816,1,1,0,19,8,25,18,0,18,0,0,11
360816,2,1,0,20,0,0,0,12,0,0,20,0
360817,0,1,31,0,0,0,27,0,0,0,58,0
360817,1,1,0,0,0,0,0,0,0,0,0,0
360817,2,1,0,0,0,0,0,0,0,0,0,0
360818,1,1,0,0,0,0,0,0,0,0,0,0
360819,0,1,0,10,0,0,0,0,0,0,0,0
360819,1,1,0,19,0,0,0,38,0,0,0,16
360820,0,1,0,0,0,0,0,0,0,0,0,0
360820,1,1,0,19,0,0,0,25,17,22,0,11
360820,2,1,0,0,0,15,0,0,0,0,0,0
360821,0,1,0,36,27,26,16,13,0,0,36,23
360821,1,1,3,0,0,0,0,0,15,0,0,0
360822,0,1,0,0,0,0,0,0,0,0,0,0
360822,1,1,0,0,0,0,0,0,0,0,3,0
360823,1,1,0,0,0,0,0,0,0,0,0,16
360824,1,1,20,0,25,0,0,23,0,0,0,0
360825,1,1,0,0,0,0,0,0,0,0,0,0
360825,2,1,0,0,0,0,0,0,0,0,0,0
360826,1,1,29,0,0,20,8,13,29,8,17,0
360827,0,1,0,0,11,0,0,0,0,20,0,0
360827,1,1,0,0,0,0,0,0,0,0,0,0
360828,1,1,0,0,0,0,0,15,41,0,25,28
360828,2,1,0,0,0,0,13,0,0,0,0,0
360829,1,1,0,0,0,0,0,19,0,0,0,0
360830,1,1,17,0,0,0,0,16,0,9,0,21
360831,1,1,10,0,0,0,0,19,0,9,0,0
360831,2,1,14,0,0,0,0,23,23,0,0,0
360831,3,1,0,17,17,0,0,20,0,9,0,0
360832,1,1,0,0,0,0,0,0,0,0,0,0
360832,2,1,0,0,0,0,0,0,0,0,0,0
360833,1,1,0,8,0,0,0,0,25,26,0,0
360833,2,1,16,10,0,0,0,4,0,0,0,0
360834,1,1,11,22,0,0,35,29,0,0,14,15
360835,0,1,0,0,0,0,0,0,0,0,0,0
360835,1,1,0,0,0,0,0,0,0,0,0,0
360836,0,1,11,11,11,11,11,11,11,11,11,11
360836,1,1,0,0,0,9,0,0,0,0,0,0
360837,0,1,28,28,28,28,28,28,28,28,28,28
360837,1,1,22,13,28,11,9,19,12,0,17,0
360838,0,1,0,0,0,0,0,0,0,0,0,0
360838,1,1,0,32,0,0,0,0,0,0,0,0
360839,0,1,0,0,0,0,0,5,0,0,12,0
360839,2,1,0,18,0,11,0,0,26,0,11,0
360840,1,1,0,0,0,17,0,0,0,0,0,0
360840,2,1,0,0,0,13,6,0,10,21,18,0
360840,3,1,8,0,20,24,0,0,23,4,0,0
360841,0,1,14,0,0,0,0,0,0,0,0,0
360841,1,1,0,0,0,0,0,0,0,0,0,0
360842,1,1,0,0,0,0,0,0,0,0,0,0
360842,2,1,0,0,0,0,0,0,0,0,0,0
360843,1,1,0,0,0,7,0,11,0,0,0,0
360843,2,1,0,0,0,0,0,0,0,0,0,0
360844,0,1,11,0,0,0,9,0,0,0,0,6
360844,1,1,9,0,0,0,0,3,0,18,0,0
360845,0,1,0,0,0,0,0,0,0,0,0,0
360845,1,1,0,0,0,0,0,0,0,0,0,0
360846,1,1,23,13,13,27,12,13,26,25,13,12
360847,0,1,23,0,4,17,0,0,15,0,0,0
360847,1,1,27,31,0,15,0,6,0,0,0,0
360848,1,1,0,0,0,0,0,0,0,0,7,0
360848,2,1,0,0,0,0,25,0,0,0,0,0
360849,1,1,0,0,0,0,0,32,0,10,16,0
360849,2,1,0,0,0,0,0,0,0,8,0,0
360850,1,1,6,18,17,14,23,11,16,27,11,32
360851,1,1,24,20,17,13,18,26,18,19,7,20
360852,1,1,44,0,23,0,0,24,0,0,0,0
360853,1,1,0,0,0,0,0,0,0,0,0,0
360853,2,1,0,0,23,0,0,0,0,0,0,0
360854,1,1,0,0,0,0,0,0,0,21,0,0
360854,2,1,0,0,0,0,0,0,0,0,0,0
360855,0,1,49,0,22,36,28,26,0,0,0,0
360855,1,1,0,37,17,13,0,0,16,13,0,0
360856,0,1,0,0,0,26,0,0,0,0,0,0
360856,1,1,0,6,0,0,0,0,0,0,0,0
360857,1,1,0,0,0,0,0,0,0,0,0,0
360857,2,1,0,0,0,0,0,0,0,0,0,0
360857,3,1,0,0,0,0,0,0,0,0,0,0
360857,4,1,0,7,0,0,0,0,0,0,0,0
360858,1,1,0,6,0,0,0,0,13,0,0,5
360859,1,1,0,0,0,31,0,0,0,0,0,0
360859,2,1,0,0,0,0,0,0,0,0,0,0
360860,1,1,0,0,0,24,0,0,0,0,26,0
360861,1,1,0,0,0,29,0,0,0,0,32,0
360861,2,1,27,0,0,0,0,0,0,0,13,0
360862,1,1,0,0,0,0,0,0,0,0,0,14
360862,2,1,0,0,0,0,0,0,0,0,0,0
360862,3,1,0,0,0,0,0,0,0,0,0,0
360863,1,1,37,0,0,37,18,0,0,6,0,0
360864,1,1,21,21,21,21,21,21,21,21,21,21
360864,2,1,0,0,0,0,0,0,0,0,0,0
360865,0,1,0,0,10,0,0,0,0,0,0,0
360865,1,1,0,0,0,0,0,0,0,0,0,0
360866,1,1,0,0,0,0,0,0,0,0,0,0
360866,2,1,0,0,0,0,0,0,19,0,17,0
360867,1,1,0,0,0,0,0,0,21,0,0,0
360867,2,1,0,0,0,0,0,0,0,0,0,0
360868,1,1,0,0,0,0,17,0,0,0,0,0
360869,1,1,0,0,0,0,0,0,0,0,0,0
360869,2,1,0,0,0,0,0,0,0,0,0,0
360870,1,1,0,27,0,16,0,0,0,0,0,0
360870,2,1,0,0,0,0,0,0,0,0,0,0
360870,3,1,0,0,0,0,0,0,0,0,0,0
360871,0,1,0,0,0,0,0,0,0,0,0,0
360871,1,1,0,0,0,0,0,0,0,0,0,0
360872,1,1,9,0,0,0,0,13,0,0,0,13
360873,0,1,23,0,0,0,0,0,14,0,0,9
360873,1,1,15,7,5,19,27,0,8,12,8,4
360874,1,1,32,16,19,8,0,0,0,25,20,21
360874,2,1,0,0,0,0,0,0,0,0,0,0
360874,3,1,0,0,0,0,0,0,27,0,18,0
360875,1,1,0,0,0,0,0,0,0,0,23,0
360875,2,1,0,0,0,0,0,0,0,0,0,0
360876,0,1,0,0,0,0,0,0,0,0,0,0
360876,1,1,13,27,14,15,8,32,12,9,31,23
360877,1,1,0,0,0,8,0,0,0,0,0,0
360877,2,1,0,0,0,0,0,0,0,0,0,0
360878,0,1,0,0,0,40,0,0,0,0,0,0
360878,1,1,17,0,0,0,0,0,0,34,0,0
360879,0,1,0,0,0,29,32,30,0,14,8,0
360879,1,1,0,23,15,15,24,0,0,0,16,24
360880,1,1,0,0,0,12,0,0,0,0,0,0
360881,0,1,0,0,0,0,0,0,0,0,0,0
360881,1,1,15,24,0,0,0,0,0,0,0,0
360882,1,1,0,0,0,0,0,0,0,0,0,0
360883,1,1,0,0,5,0,0,0,33,0,0,10
360883,2,1,6,0,0,0,0,0,0,0,0,0
360884,0,1,0,0,0,0,0,0,17,0,0,0
360884,0,2,20,0,0,29,0,0,0,0,0,0
360884,0,3,0,0,0,0,0,0,0,0,0,0
360884,0,4,0,0,35,22,0,0,0,20,0,0
360884,1,1,26,26,26,26,26,26,26,26,26,26
360885,1,1,0,0,0,0,0,0,0,0,0,0
360885,2,1,0,0,0,0,0,0,0,0,0,0
360886,1,1,9,0,0,0,0,0,0,8,0,0
360887,1,1,14,23,19,25,19,11,0,17,6,13
360888,1,1,39,30,7,18,18,20,10,0,20,10
360889,1,1,0,20,0,0,20,0,0,0,19,18
360889,2,1,0,0,6,0,0,0,0,0,0,0
360890,0,1,10,18,0,22,20,6,35,0,19,0
360890,1,1,0,7,0,15,0,12,37,14,6,11
360891,1,1,0,0,0,0,0,0,0,0,0,0
360891,2,1,0,0,0,0,0,0,0,0,0,0
360892,0,1,0,0,25,0,0,0,0,0,0,9
360892,1,1,0,0,0,0,0,0,0,0,0,0
360893,1,1,17,0,0,0,0,14,11,19,0,0
360893,2,1,0,0,20,0,14,0,0,0,15,0
360894,0,1,20,10,12,0,0,22,0,26,0,0
360894,1,1,0,0,0,0,0,20,0,0,0,0
360895,1,1,0,0,0,0,0,0,0,0,0,0
360895,2,1,0,0,14,12,0,0,0,0,0,0
360895,3,1,0,0,0,0,0,0,0,0,0,0
360896,1,1,2,2,2,2,2,2,2,2,2,2
360897,1,1,0,0,0,0,0,15,0,0,0,0
360897,2,1,4,0,0,0,0,0,0,15,0,0
360898,0,1,39,39,39,39,39,39,39,39,39,39
360898,1,1,17,9,25,14,30,7,0,19,0,30
360899,1,1,0,0,0,0,0,0,0,0,0,0
360900,0,1,13,13,13,13,13,13,13,13,13,13
360900,1,1,19,14,17,33,0,47,0,0,0,0
360901,1,1,0,0,0,0,0,0,0,0,0,0
360902,1,1,16,16,16,16,16,16,16,16,16,16
360903,1,1,9,0,0,0,19,0,0,0,0,14
360903,2,1,0,0,0,0,0,0,0,0,0,0
360904,1,1,0,39,0,6,0,0,0,3,0,0
360904,2,1,0,0,0,0,0,0,0,0,0,0
360905,1,1,0,0,0,0,0,0,0,0,0,0
360905,2,1,16,0,0,11,0,0,0,0,0,0
360906,1,1,0,0,0,0,0,0,0,0,0,0
360906,2,1,0,0,0,0,0,0,0,0,0,0
360907,1,1,0,0,0,0,0,0,0,0,0,0
360907,2,1,0,0,0,0,0,0,0,0,0,0
360908,0,1,0,0,0,0,0,0,0,0,0,0
360908,1,1,0,0,0,3,0,0,11,0,0,0
360909,1,1,0,0,15,0,19,28,15,0,0,0
360909,2,1,0,0,0,3,0,18,0,0,0,0
360910,0,1,0,0,0,0,0,0,0,0,0,0
360910,1,1,0,0,0,0,0,0,0,0,0,0
360911,0,1,29,27,0,19,16,0,0,21,29,24
360911,1,1,38,0,35,24,33,0,0,18,15,0
360912,1,1,24,24,24,24,24,24,24,24,24,24
360912,2,1,0,14,0,0,0,0,36,0,17,16
360912,3,1,21,16,15,33,0,5,16,0,29,0
360913,0,1,0,0,23,27,0,0,0,0,0,35
360913,1,1,12,0,0,44,0,0,0,0,0,0
360914,0,1,8,8,8,8,8,8,8,8,8,8
360914,1,1,0,0,0,0,0,0,0,0,0,0
360915,0,1,15,0,0,0,0,0,0,0,0,0
360915,0,2,0,0,16,0,0,0,0,0,0,0
360915,1,1,8,8,8,8,8,8,8,8,8,8
360916,0,1,0,0,0,0,0,0,0,0,0,0
360916,0,2,0,0,0,0,0,0,0,0,0,0
360916,1,1,0,0,0,0,0,0,0,0,0,0
360917,1,1,28,0,11,24,18,34,11,15,11,8
360918,0,1,34,34,34,34,34,34,34,34,34,34
360918,1,1,0,0,0,18,0,21,0,0,0,0
360919,0,1,17,17,17,17,17,17,17,17,17,17
360919,1,1,38,16,0,7,15,0,4,39,17,25
360920,1,1,13,5,33,33,8,15,11,11,15,11
360921,1,1,0,0,28,0,18,0,0,10,22,14
360922,1,1,0,0,0,0,19,0,18,0,0,0
360922,2,1,0,0,0,0,0,0,0,0,0,0
360923,1,1,15,0,0,0,0,0,0,0,0,0
360923,2,1,0,7,0,0,0,0,0,0,0,0
360924,1,1,0,0,0,0,0,0,0,0,24,0
360925,1,1,0,0,0,31,0,0,0,0,0,0
360926,1,1,0,4,0,0,0,12,0,0,0,0
360926,2,1,1,1,1,1,1,1,1,1,1,1
360927,1,1,0,0,18,30,22,19,0,0,15,0
360927,2,1,0,0,0,32,0,22,26,0,16,0
360928,1,1,18,0,0,0,0,0,0,0,0,0
360928,2,1,0,0,0,0,0,9,0,0,1,0
360929,1,1,0,0,0,0,0,0,0,0,0,0
360930,1,1,0,0,0,0,0,15,0,0,12,0
360931,1,1,0,0,0,0,0,0,0,0,0,0
360932,1,1,0,25,0,0,0,0,0,0,0,0
360932,2,1,4,0,0,0,0,0,0,0,0,0
360933,1,1,0,0,0,0,0,0,0,0,0,0
360934,1,1,0,0,0,0,12,0,0,0,0,0
360934,2,1,12,0,0,0,0,0,0,0,0,0
360935,1,1,0,0,0,0,0,0,0,0,0,9
360935,2,1,0,0,0,0,0,0,0,0,0,0
360936,1,1,0,0,0,0,0,0,0,0,0,0
360936,2,1,0,0,0,0,0,0,0,0,22,0
360937,1,1,0,0,31,0,0,18,0,0,0,0
360937,2,1,0,0,0,0,0,0,23,0,0,0
360938,0,1,12,17,8,21,28,14,34,14,16,37
360938,1,1,22,20,0,0,7,0,0,24,0,22
360939,1,1,0,0,0,0,0,8,14,0,0,0
360940,1,1,0,12,0,19,20,21,24,21,8,0
360941,1,1,0,0,0,0,5,0,22,0,0,0
360942,1,1,23,0,14,15,11,23,25,4,11,32
360943,1,1,0,0,0,0,0,0,0,0,0,0
360943,2,1,0,0,0,0,27,0,12,0,0,0
360944,0,1,0,8,0,0,0,21,0,0,0,0
360944,1,1,0,0,0,0,20,0,4,0,0,0
360945,1,1,0,0,0,0,0,0,0,0,0,0
360945,2,1,0,0,0,0,0,0,0,0,0,0
360946,0,1,26,23,14,11,6,29,8,48,5,19
360946,1,1,0,0,0,15,0,0,0,0,21,0
360947,1,1,0,0,0,0,0,0,0,0,0,0
360947,2,1,0,7,10,0,0,0,16,0,0,0
360947,3,1,0,0,0,0,0,0,0,0,0,0
360947,4,1,6,0,0,0,21,13,0,0,0,6
360947,5,1,0,0,30,0,0,0,0,0,0,0
360947,6,1,0,0,0,0,0,0,0,0,4,19
360948,0,1,0,0,0,0,0,0,0,0,0,0
360948,1,1,0,24,0,0,0,0,0,0,0,0
360949,1,1,48,0,12,21,0,0,0,0,0,0
360949,2,1,0,0,0,0,0,0,0,8,0,0
360950,1,1,0,0,0,0,0,0,0,0,0,0
360950,2,1,0,0,0,0,0,0,0,0,9,0
360951,1,1,33,0,7,17,38,0,0,10,16,36
360952,1,1,27,14,17,24,7,20,3,21,6,10
370001,1,1,0,0,0,0,27,0,0,0,0,0
370001,2,1,0,0,0,0,0,0,0,0,0,0
370002,1,1,0,0,0,0,0,0,0,0,0,0
370002,2,1,0,0,0,0,0,0,0,0,0,0
370003,1,1,0,0,0,0,0,0,0,0,0,0