ST_CASE,VEH_NO,PER_NO,P1,P2,P3,P4,P5,P6,P7,P8,P9,P10
370004,1,1,0,0,0,0,0,0,0,0,0,0
370004,2,1,0,0,0,0,0,0,0,0,0,0
370005,1,1,0,0,0,0,0,0,0,0,0,0
370005,2,1,0,0,0,0,0,0,0,0,0,0
370006,1,1,0,0,0,0,0,0,0,0,0,0
370006,2,1,0,0,0,0,0,0,0,0,0,0
370007,1,1,0,0,0,0,0,0,0,0,0,0
370007,2,1,0,0,0,0,0,0,0,0,0,0
370007,3,1,0,0,0,0,16,0,0,0,0,0
370008,1,1,0,0,0,0,0,0,0,0,0,0
370008,2,1,0,0,14,0,0,0,0,32,0,0
370009,1,1,0,0,0,0,0,0,0,0,0,0
370009,2,1,0,0,0,0,0,0,0,0,7,2
370010,1,1,0,0,0,0,0,0,8,0,0,0
370010,2,1,0,0,0,0,0,0,0,0,0,0
370011,1,1,0,0,0,0,0,0,0,0,4,0
370011,2,1,0,0,0,0,0,0,0,0,0,0
370012,1,1,0,0,0,0,0,0,0,0,0,0
370012,2,1,4,4,4,4,4,4,4,4,4,4
370013,1,1,0,0,0,24,0,9,23,0,0,0
370013,2,1,0,0,0,0,0,0,0,0,0,0
370014,0,1,0,0,0,0,0,0,0,0,0,0
370014,1,1,12,0,0,0,0,0,0,0,0,0
370015,1,1,0,0,0,0,0,0,0,0,0,0
370015,2,1,0,0,0,0,0,0,0,0,0,0
370016,1,1,0,0,0,11,8,0,0,0,0,0
370017,1,1,16,10,25,14,30,32,20,0,0,15
370017,2,1,0,0,0,0,0,0,0,0,0,0
370017,3,1,0,0,0,0,0,0,0,0,0,0
370018,1,1,0,0,0,0,0,0,0,0,0,0
370018,2,1,0,0,0,0,0,0,0,0,0,0
370019,0,1,6,6,6,6,6,6,6,6,6,6
370019,1,1,0,0,16,12,12,3,0,0,12,18
370020,1,1,0,19,7,17,5,25,14,17,15,0
370021,1,1,0,0,0,0,0,0,0,0,0,0
370022,1,1,0,0,0,0,0,0,0,0,0,0
370022,2,1,0,0,0,0,0,0,0,0,0,0
370023,0,1,0,0,0,0,0,24,0,0,0,29
370023,1,1,0,0,0,0,0,0,0,0,0,0
370024,1,1,15,15,15,15,15,15,15,15,15,15
370025,1,1,0,0,0,0,0,0,0,0,0,0
370025,2,1,0,0,0,0,0,0,0,0,0,0
370026,1,1,0,0,12,0,0,0,6,0,0,0
370027,1,1,0,0,0,14,0,0,12,0,0,0
370027,2,1,0,0,0,0,0,0,0,0,0,0
370028,2,1,0,0,0,0,27,0,0,0,0,0
370029,0,1,0,0,0,0,0,0,0,0,0,0
370029,1,1,0,0,0,0,0,0,11,0,0,0
370030,0,1,3,3,3,3,3,3,3,3,3,3
370030,1,1,0,0,0,0,0,0,0,0,0,0
370031,0,1,0,0,0,0,0,0,0,0,0,0
370031,1,1,0,0,0,0,23,0,5,0,0,0
370032,1,1,0,0,0,0,0,0,0,0,0,0
370032,2,1,0,0,9,0,0,10,0,16,0,0
370033,1,1,0,0,0,0,0,0,0,0,0,0
370034,1,1,20,20,20,20,20,20,20,20,20,20
370035,1,1,0,0,0,0,0,0,0,0,0,0
370036,1,1,0,0,0,12,0,0,0,38,0,0
370036,2,1,18,18,18,18,18,18,18,18,18,18
370036,3,1,0,0,0,0,0,0,0,0,0,0
370037,0,1,0,0,0,0,0,0,0,0,0,0
370037,1,1,0,0,0,15,0,0,0,0,0,0
370038,1,1,0,0,0,0,0,0,0,0,0,0
370038,2,1,0,0,0,0,0,0,0,0,0,0
370039,1,1,0,0,0,0,0,0,0,0,0,0
370039,2,1,0,0,0,0,0,0,0,0,0,0
370040,1,1,0,0,0,0,0,0,0,0,0,0
370041,1,1,0,0,0,0,0,0,0,0,0,0
370041,2,1,0,0,0,0,0,0,0,0,0,0
370042,1,1,22,22,22,22,22,22,22,22,22,22
370043,0,1,11,11,11,11,11,11,11,11,11,11
370043,1,1,0,0,0,0,0,0,0,0,0,0
370044,0,1,0,0,0,0,0,0,0,0,0,0
370044,1,1,17,19,0,10,9,0,0,0,15,9
370045,1,1,0,0,9,0,0,0,0,0,0,0
370045,2,1,0,0,0,0,0,0,0,0,0,0
370046,1,1,0,0,0,0,0,0,0,0,0,0
370046,2,1,0,0,0,0,0,0,0,0,0,0
370047,1,1,0,0,0,0,0,0,0,0,0,0
370048,1,1,0,16,0,0,0,0,0,11,0,14
370049,1,1,0,0,0,0,0,0,0,0,0,0
370050,1,1,10,10,10,10,10,10,10,10,10,10
370051,0,1,0,0,0,0,0,0,0,0,0,0
370051,1,1,0,0,0,0,0,0,0,0,0,0
370052,0,1,0,0,0,0,0,0,0,0,0,0
370052,1,1,0,0,9,27,12,15,0,0,0,0
370053,1,1,2,18,9,4,4,26,7,19,5,19
370054,1,1,15,15,15,15,15,15,15,15,15,15
370055,1,1,19,19,19,19,19,19,19,19,19,19
370055,2,1,0,2,0,0,0,0,0,0,0,14
370056,0,1,16,16,16,16,16,16,16,16,16,16
370056,1,1,16,16,16,16,16,16,16,16,16,16
370057,0,1,0,0,0,0,0,0,13,0,0,0
370057,1,1,0,0,0,0,0,0,0,0,0,0
370058,1,1,6,6,6,6,6,6,6,6,6,6
370059,1,1,0,0,0,0,0,17,0,31,0,0
370059,2,1,0,0,0,0,0,0,0,0,0,0
370060,1,1,0,0,28,0,0,0,0,0,0,0
370061,1,1,0,0,0,0,28,0,0,16,0,0
370062,1,1,8,9,15,22,13,13,16,0,13,0
370063,1,1,0,18,0,0,0,0,17,0,0,4
370064,1,1,0,0,0,0,0,0,0,0,0,0
370065,0,1,21,0,0,0,0,0,0,0,0,0
370065,1,1,0,0,0,19,0,11,12,34,29,17
370066,1,1,0,8,14,0,0,0,0,0,0,0
370067,1,1,0,0,0,0,0,10,0,0,0,0
370067,2,1,0,0,0,0,0,0,0,0,0,0
370067,3,1,0,0,0,0,0,0,0,0,0,0
370068,1,1,29,29,29,29,29,29,29,29,29,29
370068,2,1,0,0,0,0,0,9,0,0,0,0
370069,1,1,0,0,14,0,0,0,22,12,0,0
370069,2,1,0,12,13,0,0,0,0,0,0,0
370070,1,1,0,0,0,0,0,0,0,0,0,0
370070,2,1,0,0,20,0,0,0,0,0,9,0
370071,0,1,0,0,0,0,0,0,0,0,0,0
370071,1,1,0,0,0,4,0,0,0,0,0,0
370072,1,1,20,20,20,20,20,20,20,20,20,20
370073,1,1,0,0,0,0,0,0,0,0,0,0
370073,2,1,0,0,0,0,0,0,0,19,0,0
370073,3,1,0,0,0,0,0,0,4,0,0,0
370073,4,1,5,0,0,0,0,21,21,0,0,0
370074,1,1,0,0,0,0,0,0,0,0,0,0
370075,1,1,25,25,25,25,25,25,25,25,25,25
370075,2,1,0,0,0,0,0,0,0,0,0,0
370075,3,1,0,0,0,0,0,0,0,0,0,0
370076,1,1,0,0,0,0,0,0,0,0,0,0
370076,2,1,0,0,0,0,0,0,0,0,0,0
370077,1,1,16,16,16,16,16,16,16,16,16,16
370078,1,1,0,0,0,0,0,0,0,0,0,0
370078,2,1,0,0,0,0,0,0,0,0,0,0
370078,3,1,0,0,0,0,0,0,0,0,0,0
370078,4,1,0,0,0,0,0,0,0,0,0,0
370079,0,1,13,0,0,0,0,0,0,0,0,0
370079,1,1,0,0,0,22,0,0,0,0,0,22
370080,1,1,0,0,0,0,0,0,0,0,0,0
370080,2,1,0,0,0,0,0,0,0,0,0,0
370081,0,1,19,19,19,19,19,19,19,19,19,19
370081,1,1,0,0,0,0,0,0,24,23,13,0
370082,1,1,0,0,0,0,0,0,0,0,0,0
370083,1,1,0,0,0,0,0,0,0,0,0,0
370084,1,1,0,0,0,0,0,0,0,0,0,0
370085,1,1,0,0,0,0,0,0,0,0,0,0
370085,2,1,0,0,0,0,0,0,0,0,0,0
370086,1,1,0,0,0,0,0,0,0,0,0,0
370086,2,1,0,0,0,0,0,0,0,0,0,0
370086,3,1,0,0,0,0,0,16,0,0,0,0
370086,4,1,0,0,0,0,0,0,0,0,0,0
370087,1,1,0,0,0,0,0,0,0,0,0,0
370087,2,1,0,0,0,0,0,0,0,0,0,0
370088,1,1,0,0,0,0,0,19,0,0,0,0
370088,2,1,0,0,0,0,0,0,0,0,0,0
370089,0,1,0,0,0,0,0,0,0,0,0,0
370089,1,1,0,0,0,0,0,0,0,0,0,0
370090,1,1,0,0,0,0,0,0,0,0,0,0
370090,2,1,0,0,0,0,0,0,0,19,0,0
370091,0,1,0,0,0,0,0,0,0,14,0,0
370091,1,1,0,0,0,17,0,0,0,0,0,0
370091,2,1,0,16,20,0,0,6,0,0,1,20
370091,3,1,0,0,0,0,0,0,0,0,0,0
370092,1,1,0,0,0,0,0,0,0,0,0,0
370093,0,1,0,13,0,0,0,0,0,0,44,11
370093,1,1,0,0,0,0,0,0,16,0,0,0
370094,1,1,0,0,0,0,0,0,6,0,0,0
370094,2,1,32,32,32,32,32,32,32,32,32,32
370095,1,1,0,0,0,0,14,0,0,0,7,16
370096,1,1,0,0,0,0,0,0,0,0,0,0
370097,1,1,0,0,0,0,0,0,0,0,0,0
370097,2,1,32,32,32,32,32,32,32,32,32,32
370098,1,1,0,0,15,0,0,0,0,0,0,0
370098,2,1,0,0,0,0,0,0,0,0,0,21
370098,3,1,0,0,0,0,0,0,0,0,0,0
370099,1,1,0,0,0,0,0,0,0,0,0,0
370100,1,1,0,0,0,0,0,0,0,0,0,0
370100,2,1,0,0,0,0,0,0,0,0,0,0
370100,3,1,0,0,0,0,0,0,0,0,0,0
370101,1,1,25,25,25,25,25,25,25,25,25,25
370102,1,1,21,0,25,0,0,31,21,15,15,0
370103,0,1,0,0,0,0,0,0,0,0,0,0
370103,1,1,0,0,18,0,0,27,0,0,0,0
370104,1,1,0,0,0,0,0,0,0,0,0,0
370104,2,1,17,17,17,17,17,17,17,17,17,17
370105,1,1,15,15,15,15,15,15,15,15,15,15
370105,2,1,0,0,0,0,0,0,0,0,0,0
370106,1,1,0,0,0,0,0,0,0,0,0,0
370106,2,1,0,0,0,0,0,0,0,0,0,0
370107,0,1,20,20,20,20,20,20,20,20,20,20
370107,1,1,5,14,34,24,0,13,6,13,18,0
370108,1,1,20,6,13,17,20,22,28,8,12,15
370109,1,1,0,0,0,0,0,21,0,0,0,0
370109,2,1,0,0,0,0,0,0,0,0,0,0
370110,1,1,0,22,0,0,0,0,0,0,0,0
370110,2,1,0,0,0,0,0,0,0,0,0,0
370111,1,1,0,0,0,0,0,0,0,0,0,0
370111,2,1,0,0,0,0,0,0,0,0,0,0
370112,1,1,0,0,0,0,0,0,0,0,0,0
370113,1,1,0,0,0,0,0,0,0,0,0,0
370114,1,1,0,0,0,0,0,0,0,0,0,0
370115,0,1,15,15,15,15,15,15,15,15,15,15
370115,1,1,0,0,0,0,0,0,0,0,16,0
370116,1,1,0,0,0,0,0,0,0,0,0,0
370116,2,1,0,0,0,0,0,0,0,0,0,0
370117,1,1,20,20,20,20,20,20,20,20,20,20
370117,2,1,0,0,0,0,0,21,0,27,0,0
370118,1,1,0,0,0,0,0,0,0,0,0,0
370118,2,1,0,0,0,0,0,26,0,0,0,0
370119,0,1,0,0,0,0,0,0,0,0,0,0
370119,1,1,0,0,0,0,0,0,0,0,0,0
370120,1,1,0,0,0,0,0,0,0,0,0,0
370120,2,1,0,0,0,0,0,0,0,0,0,0
370121,1,1,0,0,0,0,0,0,0,0,0,0
370121,2,1,0,0,0,0,0,0,0,0,0,0
370122,1,1,0,0,0,0,0,0,0,0,0,0
370122,2,1,0,0,0,0,0,0,0,0,0,0
370123,1,1,0,0,0,0,0,0,0,0,0,0
370123,2,1,0,0,0,0,0,0,0,0,0,0
370124,1,1,24,24,24,24,24,24,24,24,24,24
370125,1,1,0,0,0,0,0,0,0,0,0,0
370125,2,1,0,0,0,0,0,0,0,0,0,19
370125,3,1,0,0,0,0,0,0,0,0,0,0
370126,0,1,0,0,14,26,0,0,0,4,0,0
370126,1,1,0,0,0,0,0,0,0,0,0,0
370127,1,1,0,0,0,0,0,0,0,0,0,0
370127,2,1,24,0,0,7,0,0,0,0,23,0
370128,1,1,16,16,16,16,16,16,16,16,16,16
370129,1,1,0,0,0,0,0,0,0,0,0,0
370130,1,1,16,0,0,0,9,17,0,0,0,0
370131,0,1,0,0,0,0,0,0,0,0,0,7
370131,2,1,0,0,0,0,0,0,0,0,9,0
370132,1,1,18,18,18,18,18,18,18,18,18,18
370133,1,1,0,18,31,4,0,0,0,0,14,0
370134,1,1,0,18,0,0,0,0,0,0,0,0
370135,1,1,23,22,0,31,0,0,0,0,0,0
370135,2,1,11,11,11,11,11,11,11,11,11,11
370135,3,1,0,0,0,0,0,7,10,0,0,3
370136,1,1,0,0,0,0,0,0,0,0,0,0
370136,2,1,0,0,0,0,0,0,0,0,0,0
370136,3,1,0,0,0,0,0,15,0,21,0,0
370137,1,1,0,0,0,0,0,0,0,0,15,0
370138,1,1,0,0,0,0,0,0,0,0,0,0
370139,1,1,26,26,26,26,26,26,26,26,26,26
370140,1,1,32,32,32,32,32,32,32,32,32,32
370141,1,1,0,0,0,0,0,0,0,0,0,0
370141,2,1,0,0,0,0,0,0,0,0,0,0
370141,3,1,0,0,0,0,0,0,0,0,0,0
370142,1,1,0,0,0,0,25,0,14,0,0,0
370143,1,1,0,0,0,0,0,0,0,0,0,0
370143,2,1,0,0,0,0,0,0,0,0,0,0
370144,1,1,0,8,0,0,0,9,20,0,0,0
370144,2,1,0,0,0,0,0,0,0,0,0,0
370145,1,1,0,0,0,0,0,0,0,0,0,0
370145,2,1,0,0,0,0,0,0,0,0,0,0
370146,0,1,24,24,24,24,24,24,24,24,24,24
370146,1,1,0,0,0,0,0,0,0,0,0,0
370146,2,1,17,16,0,12,0,0,0,0,0,0
370147,1,1,0,0,0,0,0,0,0,0,0,0
370148,0,1,2,2,2,2,2,2,2,2,2,2
370148,1,1,0,0,0,0,0,0,0,0,0,0
370149,1,1,0,0,0,0,0,0,0,0,0,0
370149,2,1,0,0,0,0,0,0,0,0,0,0
370150,1,1,0,0,0,0,0,0,0,0,0,0
370150,2,1,0,0,0,0,0,0,0,0,0,0
370151,1,1,0,0,0,0,0,0,0,0,0,0
370151,2,1,0,0,0,0,0,0,0,0,0,0
370152,1,1,18,18,18,18,18,18,18,18,18,18
370153,1,1,0,0,0,0,0,0,0,0,0,0
370154,1,1,5,5,5,5,5,5,5,5,5,5
370155,1,1,0,0,0,0,0,0,0,0,0,0
370155,2,1,0,0,0,0,0,0,0,0,0,0
370156,1,1,20,35,33,22,9,41,5,28,15,6
370157,1,1,9,15,7,14,25,12,9,7,0,13
370158,1,1,0,0,0,0,0,0,0,0,0,0
370159,1,1,0,9,0,0,0,0,0,0,0,0
370160,1,1,22,22,22,22,22,22,22,22,22,22
370161,0,1,26,26,26,26,26,26,26,26,26,26
370161,1,1,0,0,0,0,0,0,0,0,0,0
370162,1,1,0,0,0,0,0,0,0,0,0,0
370163,1,1,0,0,0,0,0,0,0,0,0,0
370163,2,1,0,0,0,0,0,0,0,0,0,0
370163,3,1,0,0,0,0,0,0,0,0,0,0
370164,1,1,0,0,0,0,0,0,0,0,0,0
370164,2,1,7,7,7,7,7,7,7,7,7,7
370165,1,1,14,16,17,7,18,14,16,17,27,14
370165,2,1,0,0,0,0,0,0,0,0,0,0
370166,1,1,4,4,4,4,4,4,4,4,4,4
370166,2,1,0,0,0,0,0,0,0,0,0,0
370167,1,1,21,21,21,21,21,21,21,21,21,21
370168,1,1,0,0,0,0,0,0,0,0,0,0
370169,0,1,0,0,0,0,0,0,0,0,0,0
370169,1,1,0,0,0,0,0,0,0,0,0,0
370170,0,1,0,0,0,0,0,0,0,0,0,0
370170,1,1,9,12,12,7,12,31,5,0,12,26
370171,1,1,29,29,29,29,29,29,29,29,29,29
370171,2,1,0,0,0,0,0,23,0,0,0,0
370172,0,1,31,31,31,31,31,31,31,31,31,31
370172,1,1,0,0,0,0,0,0,0,0,0,0
370173,1,1,6,6,6,6,6,6,6,6,6,6
370174,1,1,0,0,0,0,0,0,0,0,0,0
370174,2,1,0,0,0,0,0,0,0,0,0,0
370175,1,1,0,0,0,0,0,0,0,0,0,0
370175,2,1,0,0,0,0,0,0,0,0,0,0
370176,1,1,11,11,11,11,11,11,11,11,11,11
370177,1,1,0,0,0,0,0,0,0,0,0,0
370177,2,1,0,0,0,0,0,0,0,0,0,0
370177,3,1,0,0,0,0,0,0,0,0,0,0
370178,1,1,31,31,31,31,31,31,31,31,31,31
370179,1,1,5,7,5,0,21,13,26,7,25,21
370180,1,1,0,0,0,6,0,0,0,0,0,0
370181,1,1,12,12,12,12,12,12,12,12,12,12
370182,1,1,5,0,0,0,9,0,0,0,19,0
370183,1,1,0,0,0,0,0,0,0,0,0,0
370183,2,1,0,0,0,0,0,0,0,0,0,0
370184,1,1,0,0,0,0,0,0,0,0,0,0
370184,2,1,0,0,0,0,0,0,0,0,0,0
370185,1,1,0,0,0,0,0,0,0,18,0,0
370186,1,1,0,0,0,0,0,0,0,0,0,0
370186,2,1,0,0,0,0,0,0,0,0,0,0
370187,1,1,0,0,0,0,0,0,0,0,0,0
370188,1,1,0,0,0,30,0,0,10,33,0,0
370188,2,1,0,0,0,20,0,0,0,0,0,0
370188,3,1,0,0,0,8,0,0,0,15,0,0
370189,1,1,0,0,0,0,0,0,0,0,0,0
370189,2,1,0,0,0,0,0,0,0,0,0,0
370190,1,1,0,0,0,0,0,0,0,0,0,0
370190,2,1,0,0,0,0,0,0,0,0,0,0
370191,0,1,0,0,0,0,0,0,0,0,0,0
370191,1,1,0,0,0,0,0,0,0,0,0,0
370192,1,1,0,0,0,0,0,0,0,0,0,0
370193,1,1,16,16,16,16,16,16,16,16,16,16
370193,2,1,0,0,0,0,28,0,0,0,0,11
370194,0,1,0,0,0,0,0,0,0,0,0,0
370194,1,1,0,0,0,0,0,0,0,0,0,0
370195,1,1,5,12,12,18,13,12,13,14,11,20
370196,1,1,2,2,2,2,2,2,2,2,2,2
370197,1,1,17,17,17,17,17,17,17,17,17,17
370197,2,1,0,0,0,0,0,0,0,0,0,0
370197,3,1,0,0,0,0,0,0,0,0,0,0
370198,1,1,11,11,11,11,11,11,11,11,11,11
370199,1,1,0,0,0,0,0,0,0,0,0,0
370199,2,1,0,0,0,0,0,0,0,0,0,0
370200,1,1,17,17,17,17,17,17,17,17,17,17
370200,2,1,0,0,0,0,0,0,0,0,0,0
370201,1,1,20,20,20,20,20,20,20,20,20,20
370202,1,1,0,0,0,0,0,0,11,0,0,0
370203,1,1,0,0,0,0,0,0,0,0,0,19
370204,1,1,11,0,18,0,0,28,0,0,0,20
370204,2,1,0,0,0,0,0,0,0,6,0,0
370205,1,1,0,0,0,0,0,0,0,0,0,0
370205,2,1,11,11,11,11,11,11,11,11,11,11
370206,1,1,0,16,14,11,0,0,19,0,11,0
370206,2,1,0,0,0,0,0,0,0,21,0,0
370207,1,1,17,17,17,17,17,17,17,17,17,17
370208,1,1,0,0,0,0,0,15,0,0,0,0
370208,2,1,0,0,0,0,0,8,0,0,0,0
370208,3,1,0,0,0,0,0,0,0,0,0,0
370209,1,1,25,25,25,25,25,25,25,25,25,25
370210,1,1,0,0,21,5,16,5,22,12,12,20
370210,2,1,0,0,0,0,17,11,0,0,0,0
370211,1,1,0,0,0,0,18,16,24,0,0,0
370211,2,1,0,0,0,0,0,0,0,0,0,0
370212,0,1,0,0,19,8,24,10,0,0,0,0
370212,1,1,0,0,0,0,0,0,10,0,0,0
370213,1,1,17,17,17,17,17,17,17,17,17,17
370214,1,1,3,3,3,3,3,3,3,3,3,3
370215,1,1,7,7,7,7,7,7,7,7,7,7
370215,2,1,0,0,0,0,0,0,0,0,0,0
370216,1,1,0,0,0,0,0,0,0,0,0,0
370217,1,1,16,16,16,16,16,16,16,16,16,16
370217,2,1,0,0,0,0,24,0,0,0,0,10
370218,0,1,0,0,22,0,0,0,34,0,17,0
370218,1,1,0,0,0,7,0,0,0,0,0,0
370219,1,1,0,0,0,0,0,0,0,0,0,35
370219,2,1,0,0,0,0,0,0,0,0,0,0
370220,0,1,0,0,0,0,0,0,0,0,0,0
370220,1,1,0,0,0,0,0,0,0,0,0,0
370221,1,1,0,0,0,0,0,0,0,0,0,0
370221,2,1,0,0,0,0,0,0,0,0,0,0
370222,1,1,0,4,0,0,0,0,0,0,0,0
370222,2,1,7,7,7,7,7,7,7,7,7,7
370223,1,1,0,0,0,0,0,0,0,0,0,0
370223,2,1,0,0,0,0,0,0,0,0,0,0
370224,1,1,17,17,17,17,17,17,17,17,17,17
370225,1,1,20,20,20,20,20,20,20,20,20,20
370226,0,1,0,15,0,0,0,0,0,0,0,0
370226,1,1,0,0,0,0,0,14,0,0,0,0
370227,1,1,6,6,6,6,6,6,6,6,6,6
370227,2,1,0,0,0,0,0,0,0,0,28,0
370227,3,1,0,0,0,0,0,0,0,0,0,0
370227,4,1,0,0,0,0,0,0,0,0,0,0
370228,1,1,2,2,2,2,2,2,2,2,2,2
370228,2,1,0,0,0,0,0,0,0,0,0,0
370229,0,1,0,0,0,0,0,0,0,31,0,16
370229,1,1,0,0,0,0,5,0,0,0,0,0
370230,1,1,0,0,0,0,13,0,0,8,11,0
370230,2,1,0,0,0,0,0,0,0,11,0,0
370230,3,1,0,0,0,0,0,0,0,0,0,0
370231,1,1,0,0,0,0,0,0,0,0,20,15
370232,1,1,0,0,0,0,0,0,0,0,0,0
370232,2,1,0,0,0,0,0,0,0,0,0,0
370233,1,1,3,3,3,3,3,3,3,3,3,3
370234,1,1,0,0,0,0,0,0,0,0,0,0
370235,0,1,36,36,36,36,36,36,36,36,36,36
370235,1,1,0,0,0,0,0,0,0,0,0,0
370236,1,1,0,0,0,0,0,0,0,0,0,0
370236,2,1,0,0,0,0,0,0,0,0,0,0
370237,1,1,0,0,0,0,0,0,0,0,0,0
370237,2,1,0,0,0,0,0,0,0,0,0,0
370237,3,1,0,0,0,0,0,0,0,0,0,0
370238,1,1,0,0,0,0,0,0,0,0,0,0
370238,2,1,26,26,26,26,26,26,26,26,26,26
370239,1,1,0,0,0,0,0,0,22,0,0,0
370239,2,1,0,0,0,0,0,19,0,0,0,0
370240,0,1,23,23,23,23,23,23,23,23,23,23
370240,1,1,0,0,0,0,0,0,0,0,0,0
370241,1,1,0,0,0,0,0,0,0,0,0,0
370242,0,1,0,0,0,0,0,0,0,0,0,0
370242,1,1,0,0,0,0,0,0,12,0,0,0
370243,1,1,0,0,0,0,28,0,0,0,0,0
370244,1,1,0,0,0,0,0,0,0,0,0,0
370244,2,1,0,0,0,0,0,0,0,0,0,0
370245,1,1,0,0,0,0,0,0,0,0,0,0
370245,2,1,0,0,0,0,0,0,20,0,0,0
370246,1,1,0,0,0,0,0,0,0,12,0,0
370247,1,1,30,30,30,30,30,30,30,30,30,30
370248,0,1,22,22,22,22,22,22,22,22,22,22
370248,1,1,0,0,0,0,0,0,0,0,0,0
370249,1,1,6,6,6,6,6,6,6,6,6,6
370249,2,1,0,0,0,0,0,0,0,0,0,0
370250,1,1,0,0,0,0,0,0,0,0,0,0
370250,2,1,0,0,0,0,0,0,0,0,0,0
370251,1,1,0,0,0,0,0,0,0,0,0,0
370251,2,1,0,0,0,0,0,12,0,0,0,0
370252,1,1,17,0,0,0,0,0,0,0,0,0
370253,1,1,0,0,13,0,0,0,0,0,0,0
370253,2,1,0,0,0,0,0,0,0,0,0,0
370254,1,1,10,10,10,10,10,10,10,10,10,10
370255,1,1,0,0,0,0,0,0,0,0,0,0
370256,1,1,0,20,0,0,15,0,0,0,0,0
370257,1,1,16,0,0,0,0,0,0,0,0,0
370258,1,1,0,0,0,0,0,0,0,15,0,0
370258,2,1,0,18,0,0,0,0,0,0,0,0
370259,1,1,0,0,0,0,0,0,0,0,0,0
370260,1,1,0,0,0,0,0,0,0,0,0,0
370260,2,1,0,0,0,0,0,0,0,0,0,0
370261,1,1,0,0,0,0,0,14,0,0,0,0
370261,2,1,4,4,4,4,4,4,4,4,4,4
370262,1,1,10,0,17,17,0,0,11,0,30,33
370263,1,1,0,0,0,0,0,0,0,0,0,0
370263,2,1,0,0,0,0,0,0,0,0,0,0
370264,1,1,0,0,0,0,0,0,0,0,14,0
370265,1,1,0,0,0,0,15,0,0,0,0,0
370265,2,1,2,2,2,2,2,2,2,2,2,2
370266,1,1,0,0,0,18,26,15,25,6,0,0
370267,1,1,0,0,0,0,0,0,0,0,0,0
370267,2,1,0,0,0,0,0,0,0,0,0,0
370268,1,1,21,21,21,21,21,21,21,21,21,21
370269,0,1,0,0,0,0,0,0,0,0,0,0
370269,1,1,0,0,0,0,0,0,0,0,0,0
370270,1,1,5,5,5,5,5,5,5,5,5,5
370270,2,1,0,0,0,0,0,0,0,0,19,0
370271,0,1,0,0,0,0,0,0,0,0,0,0
370271,1,1,0,0,0,0,0,0,0,0,0,0
370272,1,1,8,16,10,0,50,0,7,39,18,18
370272,2,1,0,0,0,19,0,0,0,0,0,0
370273,1,1,20,9,20,13,11,15,11,8,13,18
370273,2,1,0,0,0,0,0,0,0,0,0,0
370274,1,1,0,0,0,0,0,0,0,0,0,0
370275,1,1,0,0,0,0,0,0,8,0,0,0
370275,2,1,0,0,0,0,0,0,0,0,0,0
370276,0,1,23,23,23,23,23,23,23,23,23,23
370276,1,1,0,0,0,0,16,0,0,0,0,0
370277,1,1,24,24,24,24,24,24,24,24,24,24
370278,1,1,0,0,0,0,0,0,0,0,0,0
370278,2,1,0,0,0,0,0,0,0,0,0,0
370279,1,1,28,28,28,28,28,28,28,28,28,28
370279,2,1,0,0,0,0,0,0,0,0,0,0
370280,1,1,23,23,23,23,23,23,23,23,23,23
370281,1,1,0,0,0,0,0,0,0,0,0,0
370281,2,1,17,11,12,17,53,17,5,29,14,0
370282,0,1,13,11,15,12,0,46,5,35,24,17
370282,1,1,0,0,0,0,0,0,0,0,0,0
370283,1,1,0,0,0,0,0,0,0,0,0,0
370284,0,1,0,0,0,0,0,14,0,0,0,0
370284,1,1,0,16,17,0,0,25,0,0,0,0
370285,0,1,0,0,0,0,0,0,0,0,0,0
370285,1,1,0,0,0,0,0,0,0,0,0,0
370285,2,1,0,0,0,0,0,0,0,0,0,0
370286,1,1,0,0,24,0,18,11,0,0,8,0
370287,0,1,16,0,24,0,0,22,0,43,22,10
370287,1,1,0,0,26,0,0,6,0,12,7,0
370288,1,1,0,0,0,0,0,0,0,0,0,0
370288,2,1,0,0,0,0,0,0,0,0,4,0
370289,1,1,0,0,0,0,0,0,0,0,0,0
370289,2,1,0,0,0,0,0,44,0,0,0,0
370290,1,1,0,0,0,16,23,0,6,0,0,5
370291,1,1,0,0,0,0,0,0,0,0,0,0
370292,1,1,0,0,0,0,0,0,0,0,0,13
370292,2,1,0,0,0,0,0,0,0,0,0,0
370293,1,1,15,15,15,15,15,15,15,15,15,15
370294,1,1,0,0,0,0,0,0,0,0,0,0
370294,2,1,0,0,0,0,0,0,0,0,0,0
370295,1,1,0,0,0,0,0,0,0,0,0,0
370296,1,1,11,11,11,11,11,11,11,11,11,11
370297,0,1,0,0,0,0,27,0,0,0,0,0
370297,1,1,0,0,0,0,0,0,0,0,0,0
370298,1,1,0,0,0,0,0,0,0,0,0,0
370298,2,1,0,0,0,0,0,0,0,0,0,0
370299,1,1,0,0,0,0,0,0,0,14,0,0
370299,2,1,0,0,0,0,0,0,0,0,0,0
370299,3,1,0,0,0,0,0,0,0,0,0,11
370300,1,1,26,18,16,7,9,26,18,19,12,11
370300,2,1,0,0,0,37,7,0,0,0,0,0
370301,0,1,0,0,0,0,0,0,0,0,0,36
370301,1,1,0,0,0,0,0,0,0,0,0,0
370302,1,1,0,0,0,0,0,0,0,0,0,0