ST_CASE,VEH_NO,PER_NO,P1,P2,P3,P4,P5,P6,P7,P8,P9,P10
370302,2,1,0,0,0,0,0,0,0,0,0,0
370303,1,1,0,0,0,0,0,0,0,0,0,0
370303,2,1,11,13,0,0,0,0,0,0,0,0
370304,1,1,0,0,0,0,0,0,0,0,0,0
370304,2,1,0,0,0,0,0,0,0,0,0,0
370305,0,1,15,37,0,17,8,0,15,0,26,10
370305,1,1,0,0,9,0,0,0,0,0,0,0
370306,0,1,0,0,0,0,0,0,0,0,0,0
370306,1,1,9,0,0,5,29,39,0,0,0,13
370307,0,1,17,17,17,17,17,17,17,17,17,17
370307,1,1,0,0,0,0,0,1,0,0,0,0
370308,0,1,28,28,28,28,28,28,28,28,28,28
370308,1,1,0,11,13,37,13,0,26,0,0,14
370309,1,1,0,0,0,0,0,0,0,0,0,0
370310,0,1,0,0,0,0,0,0,0,0,0,0
370310,1,1,0,0,0,0,0,0,0,0,0,0
370311,1,1,15,15,15,15,15,15,15,15,15,15
370312,1,1,0,15,11,10,0,15,0,0,0,18
370313,1,1,0,0,0,0,0,0,0,0,0,0
370313,2,1,0,0,0,0,0,0,0,0,0,0
370314,1,1,0,0,0,0,0,0,0,0,0,0
370315,1,1,0,0,0,0,0,0,0,0,0,0
370315,2,1,15,0,0,0,0,11,0,0,0,30
370316,1,1,0,0,0,0,0,0,0,0,0,0
370317,1,1,0,0,7,0,0,0,0,0,0,0
370317,2,1,14,0,0,0,0,0,0,0,0,0
370318,1,1,0,0,0,25,0,23,0,0,0,0
370319,0,1,0,45,12,0,0,0,22,0,0,0
370319,1,1,0,0,0,0,0,0,0,0,0,0
370320,1,1,0,0,0,0,0,0,0,0,0,0
370321,1,1,0,0,0,0,0,0,7,0,0,0
370321,2,1,0,0,0,0,0,0,0,0,0,0
370321,3,1,0,0,0,0,0,0,0,0,0,0
370322,1,1,0,0,0,0,0,0,0,0,0,0
370322,2,1,0,0,0,0,0,0,0,0,0,0
370322,3,1,0,0,0,0,0,0,0,0,0,0
370323,1,1,25,25,25,25,25,25,25,25,25,25
370324,1,1,13,13,13,13,13,13,13,13,13,13
370325,1,1,21,21,21,21,21,21,21,21,21,21
370326,1,1,0,0,0,0,0,0,0,0,0,0
370327,1,1,0,0,0,0,0,0,0,0,0,0
370327,2,1,0,0,0,0,0,0,0,0,0,0
370328,1,1,34,34,34,34,34,34,34,34,34,34
370329,1,1,4,4,4,4,4,4,4,4,4,4
370329,2,1,0,0,0,0,0,0,0,0,0,6
370330,1,1,0,0,0,0,0,0,0,0,0,0
370331,1,1,0,0,0,32,0,0,7,0,10,0
370331,2,1,0,0,0,0,0,0,0,0,0,0
370332,1,1,0,0,0,0,0,0,0,0,0,0
370333,1,1,27,0,0,0,15,29,20,20,14,0
370334,1,1,0,0,0,0,0,0,0,0,0,0
370334,2,1,29,24,29,16,17,12,11,14,19,0
370335,0,1,24,24,24,24,24,24,24,24,24,24
370335,1,1,0,0,0,0,0,0,0,0,0,0
370336,1,1,0,0,0,0,0,26,0,0,0,0
370337,1,1,0,0,0,18,22,5,32,3,23,0
370338,1,1,0,0,0,0,0,0,0,0,0,0
370339,1,1,18,18,18,18,18,18,18,18,18,18
370340,1,1,0,0,0,0,0,0,0,0,0,0
370340,2,1,0,0,0,0,0,0,0,0,0,0
370341,1,1,0,0,0,0,0,0,0,0,0,0
370341,2,1,0,0,0,0,0,0,0,0,0,0
370342,1,1,0,0,0,0,0,0,0,0,0,0
370342,2,1,0,0,0,0,0,0,0,0,0,0
370343,1,1,19,19,19,19,19,19,19,19,19,19
370344,1,1,0,16,0,0,27,0,0,0,0,0
370345,1,1,0,9,0,12,0,0,0,0,0,12
370345,2,1,0,0,0,0,0,0,0,0,0,0
370346,1,1,24,23,0,0,0,0,0,0,0,0
370347,1,1,0,0,0,23,28,15,0,0,16,0
370347,2,1,0,0,0,8,0,0,0,0,0,17
370348,1,1,0,19,0,5,18,10,0,33,0,12
370349,0,1,0,0,0,0,0,0,0,0,0,0
370349,1,1,0,0,0,0,0,0,0,0,0,0
370350,0,1,0,0,4,0,0,0,23,0,12,0
370350,0,2,0,0,0,0,0,0,0,0,0,0
370350,1,1,0,0,0,0,0,0,0,0,0,19
370351,0,1,0,0,0,0,16,6,0,0,16,0
370352,1,1,25,0,21,20,21,16,0,0,0,0
370353,1,1,0,0,0,0,0,0,0,0,0,0
370353,2,1,0,0,0,0,0,0,0,0,0,0
370354,1,1,0,0,0,0,0,0,0,0,0,0
370354,2,1,0,0,0,0,0,0,0,0,0,0
370355,1,1,0,0,0,0,0,0,37,0,0,0
370356,1,1,0,0,0,0,0,0,0,0,0,0
370357,1,1,0,0,0,0,0,0,0,0,0,0
370357,2,1,19,19,19,19,19,19,19,19,19,19
370358,1,1,0,0,0,26,0,0,0,0,0,20
370359,1,1,19,21,19,25,10,0,14,0,14,0
370360,1,1,0,0,0,0,0,0,0,0,0,0
370360,2,1,0,0,0,0,0,0,0,0,0,0
370360,3,1,0,0,0,0,0,0,0,0,12,0
370360,4,1,0,0,0,0,0,0,0,0,0,0
370361,1,1,0,0,0,0,0,18,0,0,0,0
370362,1,1,0,0,0,0,0,0,0,0,0,0
370362,2,1,0,0,0,0,0,0,0,0,0,0
370363,1,1,0,0,0,0,0,0,0,0,0,0
370363,2,1,0,0,0,0,0,0,0,22,0,0
370364,1,1,22,15,28,17,14,15,7,6,14,12
370365,1,1,8,31,3,18,8,9,33,13,36,9
370365,2,1,0,0,0,0,0,0,0,0,0,0
370366,1,1,0,0,0,0,0,0,0,21,0,0
370366,2,1,0,0,0,0,0,0,0,0,0,0
370367,1,1,0,14,0,19,0,5,13,18,0,5
370368,0,1,10,0,16,23,0,0,21,18,0,22
370368,1,1,0,0,0,0,0,0,0,0,0,0
370369,1,1,0,0,0,0,0,0,0,0,0,0
370369,2,1,0,0,0,0,0,13,0,0,0,0
370370,1,1,0,0,0,0,0,0,0,0,0,0
370370,2,1,0,0,0,0,0,0,0,0,0,0
370371,1,1,0,0,0,0,0,0,0,0,0,0
370372,1,1,0,0,0,0,0,0,0,0,0,0
370372,2,1,0,0,0,0,0,0,0,0,0,0
370373,1,1,0,0,0,0,0,0,0,0,29,0
370373,2,1,0,0,0,0,0,0,0,0,0,0
370373,3,1,0,0,0,24,0,0,0,0,0,0
370373,4,1,0,0,0,0,0,16,0,0,0,0
370374,1,1,0,0,0,0,0,0,0,0,0,0
370374,2,1,0,0,24,0,0,0,0,0,0,0
370375,1,1,0,0,0,0,0,0,0,0,0,0
370375,2,1,0,0,0,0,0,0,0,0,0,0
370376,1,1,0,0,0,0,0,0,0,0,0,0
370376,2,1,0,0,0,0,0,0,0,0,0,0
370377,1,1,0,0,0,0,0,0,0,0,0,0
370377,2,1,0,0,0,0,0,0,0,0,0,25
370378,1,1,0,0,6,0,0,0,0,0,0,0
370378,2,1,0,0,11,0,0,0,0,0,0,0
370379,1,1,0,0,0,0,0,0,0,0,0,0
370379,2,1,0,0,0,0,0,0,0,0,0,0
370380,1,1,0,0,0,0,0,0,0,0,0,0
370380,2,1,23,0,0,0,0,0,0,0,0,0
370381,1,1,15,15,15,15,15,15,15,15,15,15
370382,1,1,0,0,0,0,0,0,0,0,0,0
370383,1,1,0,0,0,0,0,12,0,0,0,0
370383,2,1,14,20,0,0,0,9,0,0,0,0
370384,1,1,0,0,0,0,0,0,0,0,0,0
370385,1,1,0,0,18,0,0,0,0,0,19,0
370386,1,1,27,27,27,27,27,27,27,27,27,27
370386,2,1,0,15,0,0,0,0,0,0,24,21
370387,1,1,20,0,21,0,0,0,0,0,0,0
370388,1,1,8,0,0,0,11,0,0,0,0,0
370389,0,1,0,0,0,0,0,0,0,0,0,0
370389,0,2,0,0,0,0,0,0,0,0,0,0
370389,1,1,0,0,0,0,0,0,0,0,0,0
370390,1,1,0,0,0,0,0,0,0,0,0,0
370390,2,1,0,0,0,0,0,0,0,0,0,0
370391,1,1,22,22,22,22,22,22,22,22,22,22
370393,1,1,0,0,0,0,0,0,0,0,0,0
370393,2,1,0,0,0,0,0,0,0,0,0,0
370394,1,1,0,0,0,0,0,0,0,0,0,0
370394,2,1,0,0,0,0,0,0,0,0,0,0
370394,3,1,0,0,0,0,0,0,0,0,0,0
370395,1,1,10,10,10,10,10,10,10,10,10,10
370395,2,1,11,11,11,11,11,11,11,11,11,11
370396,1,1,0,20,0,0,0,0,16,19,0,0
370397,1,1,10,10,10,10,10,10,10,10,10,10
370398,1,1,12,23,24,0,0,27,30,30,25,15
370399,1,1,29,19,15,9,14,12,11,20,17,24
370400,1,1,32,32,32,32,32,32,32,32,32,32
370400,2,1,14,18,8,16,17,14,11,6,5,3
370400,3,1,0,0,0,15,0,0,0,0,0,0
370401,1,1,15,15,15,15,15,15,15,15,15,15
370402,1,1,16,16,16,16,16,16,16,16,16,16
370403,1,1,0,0,0,0,0,0,0,0,0,4
370403,2,1,0,0,0,12,0,17,9,0,0,0
370404,1,1,0,0,0,0,0,0,0,0,0,0
370404,2,1,0,0,0,0,0,0,0,0,0,0
370405,1,1,0,12,0,11,0,0,0,0,0,0
370406,1,1,0,0,0,0,0,0,0,0,0,0
370407,1,1,0,0,0,0,0,0,0,30,0,0
370407,2,1,20,20,20,20,20,20,20,20,20,20
370408,1,1,0,26,12,9,18,31,0,39,31,35
370409,1,1,0,0,0,0,0,0,0,0,0,0
370409,2,1,0,0,0,0,0,0,0,0,0,0
370410,1,1,0,0,6,0,0,0,0,0,0,0
370410,2,1,0,0,0,0,0,0,0,0,0,0
370411,0,1,12,12,12,12,12,12,12,12,12,12
370411,1,1,0,17,0,0,0,0,0,0,0,0
370412,1,1,11,29,20,28,8,13,38,21,21,16
370413,1,1,9,9,9,9,9,9,9,9,9,9
370414,1,1,13,13,13,13,13,13,13,13,13,13
370415,1,1,12,9,21,18,18,17,21,26,16,22
370416,1,1,0,7,0,0,0,0,0,0,0,0
370416,2,1,0,0,0,0,0,0,0,0,0,0
370417,0,1,9,28,0,23,17,0,10,0,11,0
370417,1,1,0,0,0,0,0,0,0,0,0,0
370418,1,1,0,22,0,0,0,0,0,0,0,0
370418,2,1,0,0,0,0,6,0,0,0,0,0
370419,1,1,0,0,0,0,0,0,0,0,0,0
370419,2,1,0,0,0,0,0,11,0,0,0,0
370420,1,1,0,19,0,0,0,0,0,0,0,0
370421,1,1,0,0,22,0,0,0,0,0,0,33
370421,2,1,7,0,13,0,9,0,0,0,0,0
370422,0,1,0,0,0,0,0,0,0,0,0,0
370422,1,1,16,0,0,0,2,0,0,0,0,30
370423,0,1,17,0,0,3,7,0,0,0,0,29
370423,1,1,0,0,17,0,0,0,0,0,0,0
370424,1,1,0,0,18,0,0,0,0,0,0,0
370424,2,1,0,19,0,0,0,0,0,0,14,0
370424,3,1,0,0,0,0,0,0,14,0,0,0
370425,1,1,0,16,0,0,0,19,0,14,0,0
370427,1,1,0,0,0,0,0,0,0,0,0,0
370427,2,1,0,0,0,0,0,0,13,0,0,0
370427,3,1,0,0,0,0,0,0,0,0,0,0
370427,4,1,0,0,0,24,0,0,0,0,0,33
370427,5,1,0,0,0,0,0,0,0,0,0,0
370428,1,1,17,17,17,17,17,17,17,17,17,17
370429,1,1,0,0,0,0,0,0,0,0,0,0
370429,2,1,0,0,0,0,0,0,0,0,0,0
370430,1,1,0,24,17,26,0,16,11,5,0,12
370431,1,1,0,0,0,0,0,0,0,0,0,0
370431,2,1,0,0,0,0,0,17,0,0,0,0
370432,0,1,10,0,0,0,0,0,0,0,0,0
370432,1,1,0,0,0,17,0,0,0,0,0,0
370433,1,1,6,14,25,9,0,0,0,0,0,0
370433,2,1,20,20,20,20,20,20,20,20,20,20
370434,1,1,0,0,0,0,16,0,0,0,0,24
370435,0,1,24,15,12,17,11,9,16,20,20,46
370435,1,1,16,16,16,16,16,16,16,16,16,16
370436,1,1,0,0,0,0,0,0,28,14,0,0
370436,2,1,0,0,11,0,0,0,7,0,4,0
370437,1,1,0,0,0,0,0,0,0,0,0,0
370437,2,1,0,0,0,0,0,0,0,25,0,0
370438,1,1,0,0,0,17,0,0,0,0,0,0
370439,1,1,0,0,0,0,0,0,0,0,0,0
370440,1,1,0,0,0,0,0,0,0,0,0,0
370440,2,1,0,0,0,0,0,0,0,0,0,0
370441,1,1,0,0,0,0,0,0,0,0,0,0
370441,2,1,0,0,0,0,0,0,0,0,0,17
370442,1,1,0,0,0,0,0,0,0,0,0,0
370442,2,1,0,0,0,0,0,0,0,0,10,0
370443,1,1,24,24,24,24,24,24,24,24,24,24
370443,2,1,0,0,0,0,0,0,0,0,0,0
370444,1,1,0,0,0,0,0,0,0,0,0,0
370445,1,1,0,0,0,0,0,0,0,0,0,0
370446,1,1,0,0,0,0,0,0,0,0,0,0
370446,2,1,30,30,30,30,30,30,30,30,30,30
370447,0,1,32,32,32,32,32,32,32,32,32,32
370447,1,1,0,0,0,0,0,0,21,0,0,0
370448,1,1,0,0,0,0,0,0,0,0,0,0
370448,2,1,0,0,0,0,0,0,0,0,0,0
370449,1,1,0,0,0,28,0,0,0,0,0,0
370449,2,1,0,0,0,0,0,0,0,0,0,0
370450,1,1,2,2,2,2,2,2,2,2,2,2
370450,2,1,0,0,0,0,0,0,0,0,0,0
370451,1,1,0,0,0,0,0,0,0,0,0,0
370452,1,1,0,0,0,0,0,0,0,0,0,0
370453,1,1,0,0,0,0,0,0,0,0,0,0
370453,2,1,0,0,0,0,0,0,0,0,0,0
370453,3,1,0,0,0,0,0,0,0,0,33,0
370454,1,1,0,0,0,0,0,23,0,0,0,0
370454,2,1,0,0,0,0,0,0,0,0,0,0
370455,1,1,0,0,0,0,0,0,0,0,0,0
370455,2,1,0,0,0,0,0,0,0,0,0,0
370456,1,1,0,0,0,0,0,0,0,0,0,0
370456,2,1,0,0,0,0,0,0,0,0,0,0
370457,1,1,0,0,0,0,0,0,0,0,0,0
370458,1,1,0,0,0,0,0,0,0,0,0,0
370458,2,1,0,0,0,0,0,0,0,0,0,0
370459,1,1,29,29,29,29,29,29,29,29,29,29
370460,1,1,0,0,0,0,0,0,0,0,0,9
370460,2,1,0,0,0,0,0,0,0,0,0,0
370460,3,1,0,0,0,11,0,0,0,0,0,0
370460,4,1,0,0,0,0,0,0,0,0,0,0
370462,1,1,0,0,0,0,0,0,0,0,0,0
370462,2,1,0,0,0,0,0,0,0,0,0,0
370462,3,1,0,0,0,0,0,0,0,0,0,0
370462,4,1,0,0,0,0,0,0,0,0,0,0
370463,1,1,22,22,22,22,22,22,22,22,22,22
370464,0,1,0,11,11,0,0,0,0,0,0,0
370464,1,1,0,0,0,0,0,0,0,0,0,0
370465,0,1,0,51,0,22,19,12,0,19,30,26
370465,1,1,0,18,0,0,0,0,0,0,0,0
370466,2,1,0,0,0,0,0,0,0,0,0,0
370467,0,1,13,13,13,13,13,13,13,13,13,13
370467,1,1,0,0,0,0,0,0,0,36,0,0
370468,1,1,17,17,17,17,17,17,17,17,17,17
370468,2,1,0,0,0,0,0,14,0,0,0,0
370469,1,1,22,22,22,22,22,22,22,22,22,22
370469,2,1,0,0,0,0,0,0,0,0,0,0
370470,1,1,0,0,0,0,0,0,0,0,0,0
370470,2,1,0,0,0,0,0,0,0,0,0,0
370471,1,1,0,0,0,0,0,0,0,0,0,0
370472,1,1,3,0,0,0,0,29,0,0,0,0
370472,2,1,0,0,0,0,0,0,0,0,0,0
370473,1,1,0,0,0,0,0,0,0,0,0,0
370473,2,1,0,0,0,0,5,0,0,0,0,13
370474,0,1,0,13,38,20,40,8,0,19,26,24
370474,1,1,6,6,6,6,6,6,6,6,6,6
370475,0,1,20,0,28,0,0,0,0,24,0,0
370475,1,1,0,0,0,0,0,0,0,0,0,3
370476,1,1,18,0,9,0,12,0,0,21,15,0
370477,1,1,0,0,0,0,0,0,0,0,0,0
370477,2,1,0,0,0,0,0,0,0,0,0,0
370478,1,1,0,0,0,0,0,0,0,0,0,0
370479,1,1,0,0,0,0,0,0,0,0,0,0
370479,2,1,0,14,0,0,0,0,0,0,0,0
370480,1,1,0,0,0,0,0,0,0,0,0,0
370480,2,1,0,0,0,0,0,0,0,0,0,0
370481,1,1,0,0,12,0,0,0,0,0,0,0
370482,1,1,0,0,0,0,0,0,0,0,0,0
370482,2,1,0,0,0,0,0,0,0,0,0,0
370483,1,1,14,14,14,14,14,14,14,14,14,14
370484,0,1,0,0,0,0,0,0,0,0,0,0
370484,1,1,0,0,0,0,0,0,0,13,0,0
370485,1,1,0,0,0,0,0,0,0,0,0,0
370486,1,1,0,0,0,0,0,0,0,0,0,0
370486,2,1,0,0,0,0,0,0,0,0,0,0
370486,3,1,0,0,0,0,0,0,0,0,0,0
370486,4,1,0,0,0,0,0,0,0,0,0,0
370486,5,1,0,0,0,0,0,0,0,0,0,0
370486,6,1,0,0,0,0,0,0,0,0,0,0
370487,1,1,0,0,8,0,16,0,5,17,0,0
370488,0,1,0,0,0,0,0,0,0,0,0,0
370488,1,1,0,23,0,0,0,0,0,0,0,0
370489,0,1,0,0,0,0,0,0,0,0,0,0
370489,1,1,0,0,0,0,0,0,8,0,0,0
370490,1,1,13,13,13,13,13,13,13,13,13,13
370491,1,1,0,0,0,0,0,0,0,0,0,0
370491,2,1,0,0,0,0,0,0,0,0,0,0
370491,3,1,13,0,0,0,0,0,0,0,0,0
370492,1,1,0,0,0,0,0,0,0,0,0,0
370492,2,1,0,0,0,0,0,0,0,0,0,0
370492,3,1,0,0,0,0,0,0,0,0,0,0
370493,1,1,0,0,0,0,0,0,0,0,0,0
370494,1,1,0,0,0,0,0,0,0,0,0,0
370495,1,1,0,0,0,0,0,0,0,0,0,0
370495,2,1,0,0,0,0,0,0,0,0,0,0
370496,1,1,0,0,0,0,0,0,0,0,0,0
370497,0,1,0,0,30,0,0,0,25,11,0,0
370497,1,1,11,0,23,0,0,0,0,22,0,0
370498,1,1,8,26,32,13,12,24,16,7,11,19
370499,1,1,29,17,0,0,37,11,0,0,0,0
370500,1,1,8,6,18,27,0,12,0,0,0,41
370501,1,1,0,19,0,34,0,0,15,0,13,12
370501,2,1,2,2,2,2,2,2,2,2,2,2
370502,1,1,0,0,0,0,0,6,0,0,0,0
370503,1,1,4,4,4,4,4,4,4,4,4,4
370504,1,1,0,0,0,0,0,0,0,0,0,0
370505,0,1,0,0,0,0,0,0,0,19,0,0
370505,1,1,0,0,0,0,0,0,0,0,0,0
370506,0,1,0,0,39,0,0,0,0,0,19,0
370506,1,1,0,0,0,0,0,0,0,0,0,0
370507,1,1,0,0,0,0,0,0,0,0,0,0
370508,1,1,0,0,0,0,0,0,0,0,0,0
370508,2,1,0,0,0,0,0,0,0,0,0,0
370509,1,1,0,36,0,0,0,0,0,5,0,32
370510,1,1,0,16,0,0,0,0,0,0,0,0
370511,1,1,0,0,0,0,0,0,0,0,0,0
370511,2,1,0,0,0,0,0,0,0,0,0,0
370512,1,1,0,0,0,0,0,0,0,0,0,0
370512,2,1,0,0,0,0,0,0,23,0,0,0
370513,1,1,0,0,0,0,0,0,0,0,0,0
370514,1,1,0,0,0,0,0,19,17,0,0,0
370514,2,1,0,0,20,0,0,0,0,0,0,0
370515,1,1,0,0,0,33,0,0,0,0,0,0
370516,1,1,39,0,0,40,25,25,10,10,0,0
370517,1,1,0,0,23,0,0,0,17,11,0,24
370518,1,1,8,8,8,8,8,8,8,8,8,8
370518,2,1,0,0,0,18,0,0,0,21,0,11
370519,0,1,0,0,0,0,0,0,0,0,0,0
370519,1,1,0,0,0,0,0,20,0,0,25,0
370520,1,1,16,16,16,16,16,16,16,16,16,16
370520,2,1,0,0,0,0,0,0,0,0,14,0
370520,3,1,0,0,0,0,0,0,0,0,14,0
370523,0,1,0,0,12,0,0,0,15,0,0,0
370523,1,1,0,9,0,0,0,0,0,0,0,0
370524,1,1,6,23,16,7,28,0,20,14,32,0
370525,1,1,0,0,0,0,0,0,0,0,0,0
370526,1,1,20,17,11,23,23,0,21,27,14,15
370526,2,1,0,0,0,0,0,0,0,0,0,0
370527,1,1,0,0,25,35,13,0,0,0,0,0
370528,1,1,0,0,0,0,0,0,0,0,0,0
370529,1,1,0,0,0,0,0,0,0,0,0,0
370530,1,1,0,0,0,0,0,0,0,0,0,0
370530,2,1,0,0,0,0,0,0,0,0,0,0
370531,1,1,0,0,0,0,0,0,0,0,0,0
370531,2,1,0,0,0,0,0,0,0,0,0,0
370532,1,1,0,0,0,0,0,0,0,0,4,0
370532,2,1,0,0,0,0,0,0,0,0,0,0
370533,1,1,20,20,20,20,20,20,20,20,20,20
370534,1,1,0,0,0,0,0,0,0,0,0,0
370534,2,1,0,0,0,0,0,0,0,0,0,0
370535,1,1,0,0,0,0,0,0,0,0,0,0
370535,2,1,0,0,0,0,0,0,0,0,0,0
370535,3,1,0,0,0,0,0,0,0,0,0,0
370536,1,1,0,17,11,0,0,0,16,0,0,7
370536,2,1,0,0,27,10,0,0,0,0,0,0
370537,1,1,0,0,0,0,0,0,0,0,0,0
370537,2,1,0,0,0,0,0,0,0,0,0,0
370538,1,1,14,0,0,0,11,0,0,0,0,0
370538,2,1,0,4,0,0,0,0,0,0,0,0
370539,1,1,0,0,0,0,0,0,0,0,18,0
370540,1,1,16,20,27,15,12,28,32,10,22,5
370541,1,1,0,0,0,0,0,0,0,0,0,25
370541,2,1,0,0,0,0,0,0,0,0,0,0
370542,1,1,0,0,0,0,0,0,0,0,0,0
370543,1,1,0,0,0,0,0,0,0,0,0,0
370544,1,1,14,0,0,0,26,18,0,0,0,0
370545,1,1,0,0,0,0,0,0,0,0,0,0
370545,2,1,0,0,0,0,0,0,0,0,0,0
370545,3,1,0,0,0,0,0,0,0,0,0,0
370546,0,1,0,24,0,0,0,20,32,0,0,0
370546,1,1,0,22,0,0,0,0,0,0,0,0
370547,1,1,9,9,9,9,9,9,9,9,9,9
370547,2,1,0,0,0,0,0,0,0,0,0,0
370548,1,1,11,26,0,13,38,0,15,9,23,39
370548,2,1,0,0,0,0,0,0,0,0,0,0
370549,1,1,0,0,0,0,0,37,0,0,0,0
370550,1,1,0,0,0,0,0,0,0,0,0,0
370551,1,1,0,0,0,0,0,0,0,0,0,0
370552,1,1,0,0,0,0,0,0,0,0,0,0
370552,2,1,0,0,0,0,0,0,0,0,0,0
370553,1,1,0,0,24,13,25,8,0,0,0,12
370553,2,1,0,0,0,0,0,0,0,0,0,10
370554,1,1,0,0,0,0,0,0,0,0,0,0
370555,1,1,17,17,17,17,17,17,17,17,17,17
370556,0,1,0,0,0,0,0,0,0,0,0,0
370556,2,1,0,0,0,0,0,0,0,0,0,0
370557,1,1,0,0,0,0,0,0,0,0,0,0
370558,1,1,0,0,24,11,0,0,0,0,0,16
370558,2,1,0,0,0,0,0,0,0,0,0,0
370559,1,1,0,0,0,22,0,0,0,0,0,0
370560,0,1,14,0,0,0,0,0,0,0,0,0
370560,1,1,0,0,0,28,0,0,0,0,0,0
370561,0,1,24,24,24,24,24,24,24,24,24,24
370561,1,1,4,4,4,4,4,4,4,4,4,4
370562,1,1,0,0,0,0,0,0,0,0,0,0
370562,2,1,0,0,0,0,0,0,0,0,0,0
370563,1,1,0,0,0,0,0,0,0,0,0,0
370564,1,1,0,0,0,0,0,0,0,0,0,17
370565,1,1,0,31,0,0,0,0,0,0,0,0
370566,1,1,15,15,15,15,15,15,15,15,15,15
370567,1,1,42,18,0,0,0,27,0,0,0,0
370568,1,1,0,0,0,0,0,0,0,0,0,25
370568,2,1,0,0,0,0,0,0,0,0,0,0
370569,1,1,0,0,0,0,0,0,0,0,0,0
370569,2,1,0,0,0,0,0,0,0,0,0,0
370570,1,1,0,0,0,0,0,0,0,0,0,0
370570,2,1,0,0,0,0,0,0,0,0,10,0
370571,1,1,0,0,0,0,0,17,0,0,0,0
370571,2,1,0,0,0,0,0,0,0,0,0,7
370572,1,1,0,0,0,0,0,0,0,0,0,0
370573,0,1,0,17,0,0,0,0,11,0,0,0
370573,1,1,0,0,16,0,0,0,0,0,0,0
370574,0,1,30,30,30,30,30,30,30,30,30,30
370574,1,1,0,0,0,0,0,0,0,0,0,0
370575,1,1,0,0,0,0,0,0,0,0,0,0
370575,2,1,0,0,0,0,0,0,0,0,2,13
370576,1,1,0,0,0,0,0,0,0,0,0,0
370577,1,1,0,0,0,18,21,0,0,0,0,0
370578,2,1,0,0,0,0,0,0,0,0,0,0
370579,1,1,0,0,0,0,0,0,0,0,0,0
370579,2,1,0,0,0,0,0,0,0,0,0,0
370580,0,1,6,21,4,14,26,11,27,17,14,15
370580,1,1,0,0,0,0,0,0,0,11,0,0
370581,1,1,18,18,18,18,18,18,18,18,18,18
370581,2,1,0,0,0,0,0,0,0,29,0,0
370582,1,1,0,0,0,0,0,0,0,0,0,0
370582,2,1,0,0,0,0,0,0,0,0,0,0
370583,1,1,20,20,20,20,20,20,20,20,20,20
370584,1,1,0,0,16,0,21,0,0,0,0,0
370584,2,1,0,0,0,0,0,0,0,0,0,0
370585,1,1,0,0,0,0,0,0,0,0,0,0
370585,2,1,0,0,0,0,0,0,0,0,0,0
370586,1,1,0,0,0,0,0,29,0,0,0,0
370587,1,1,12,12,12,12,12,12,12,12,12,12
370588,1,1,20,20,20,20,20,20,20,20,20,20
370588,2,1,0,0,0,0,3,0,0,18,0,0
370588,3,1,0,0,0,0,0,0,0,0,0,0
370588,4,1,0,0,7,0,0,0,0,0,0,0
370589,1,1,0,0,0,0,0,0,0,0,0,0
370589,2,1,0,0,0,0,0,0,0,0,0,0
370590,1,1,22,0,0,0,0,0,0,0,0,0
370591,1,1,0,0,0,0,0,0,0,0,0,0
370591,2,1,0,0,0,0,0,0,0,0,0,0
370591,3,1,0,0,0,0,0,0,0,0,0,0
370591,4,1,0,0,0,0,0,0,0,0,0,0
370592,1,1,5,5,5,5,5,5,5,5,5,5
370593,1,1,15,17,0,21,0,0,0,0,0,0
370593,2,1,0,0,0,0,0,0,0,0,0,0
370593,3,1,0,0,0,0,0,0,0,0,0,0
370594,1,1,0,0,0,0,0,0,0,0,0,0
370594,2,1,0,0,0,15,0,0,0,0,0,0
370595,1,1,11,21,0,0,0,16,0,13,8,27
370595,2,1,0,0,0,0,0,0,0,0,0,0
370596,1,1,0,9,17,19,5,25,15,18,12,18
370596,2,1,0,0,0,0,0,0,0,0,15,0
370597,1,1,0,0,0,0,0,0,0,0,0,6
370597,2,1,0,0,0,0,0,0,0,0,0,0
370598,0,1,18,0,0,0,0,0,0,0,0,0
370598,0,2,0,0,0,0,0,0,0,0,0,0
370598,1,1,0,0,0,0,0,0,0,0,0,0
370599,0,1,0,0,0,0,0,0,0,0,0,0
370599,1,1,0,22,35,5,23,9,0,0,0,17
370600,1,1,0,0,0,0,0,0,0,0,0,0
370600,2,1,0,0,0,0,0,0,0,0,0,0
370601,0,1,32,32,32,32,32,32,32,32,32,32
370601,1,1,0,0,0,0,0,0,0,0,0,0
370602,1,1,0,0,0,0,0,0,0,0,0,0
370602,2,1,0,0,0,0,0,0,0,0,0,0
370603,1,1,0,0,0,0,0,0,12,0,11,15
370603,2,1,0,0,0,0,0,0,0,0,0,0
370604,1,1,19,19,19,19,19,19,19,19,19,19
370605,0,1,20,20,20,20,20,20,20,20,20,20
370605,1,1,6,3,32,17,22,18,25,16,17,9
370606,1,1,10,17,20,0,16,12,13,33,6,4
370607,1,1,0,25,0,0,0,0,0,0,0,0
370608,0,1,0,0,0,0,0,0,0,0,0,0
370608,1,1,0,0,0,0,0,0,0,0,22,51
370609,0,1,0,0,0,0,0,0,0,0,0,0
370609,2,1,0,0,0,0,0,0,0,0,0,0
370610,1,1,7,7,7,7,7,7,7,7,7,7
370610,2,1,0,0,0,0,0,0,0,16,0,0
370611,1,1,18,18,18,18,18,18,18,18,18,18