ST_CASE,VEH_NO,PER_NO,P1,P2,P3,P4,P5,P6,P7,P8,P9,P10
370611,2,1,0,0,0,0,0,0,0,0,0,0
370612,1,1,0,0,0,0,0,0,0,0,0,0
370613,0,1,0,0,0,0,0,0,0,0,0,0
370613,1,1,18,13,10,0,14,19,18,29,17,21
370614,1,1,0,0,0,0,0,0,0,0,0,0
370614,2,1,0,0,0,0,0,0,0,0,0,0
370615,1,1,23,23,23,23,23,23,23,23,23,23
370616,1,1,0,0,0,0,0,0,0,0,0,0
370616,2,1,0,0,0,25,0,0,0,0,0,0
370617,1,1,0,0,17,11,11,0,22,0,17,0
370618,1,1,0,0,0,0,0,0,0,0,0,0
370618,2,1,0,0,0,0,0,0,0,0,0,0
370619,1,1,0,0,0,0,35,0,0,0,0,0
370620,1,1,0,0,0,0,0,0,0,0,0,0
370621,1,1,0,0,0,0,0,0,0,0,0,0
370621,2,1,0,0,0,0,0,0,0,0,0,0
370622,1,1,0,0,0,0,0,0,0,0,0,0
370622,2,1,0,0,0,0,0,0,0,0,0,0
370623,1,1,16,16,16,16,16,16,16,16,16,16
370624,1,1,0,0,0,0,0,0,0,0,0,0
370625,1,1,0,0,11,14,0,0,0,0,0,0
370626,1,1,10,0,0,0,0,0,0,0,0,0
370627,0,1,0,0,0,10,0,38,0,0,0,48
370627,1,1,16,16,5,22,4,53,0,12,9,21
370628,1,1,0,0,0,8,0,0,0,0,9,0
370629,1,1,0,0,0,0,0,0,0,0,0,0
370629,2,1,0,0,0,0,0,0,0,0,0,0
370629,3,1,0,0,0,0,0,0,0,0,0,0
370630,0,1,28,28,28,28,28,28,28,28,28,28
370630,1,1,0,0,0,0,0,0,0,0,0,0
370631,1,1,4,27,20,13,18,20,7,21,0,15
370631,2,1,0,0,0,0,0,0,0,0,0,0
370632,1,1,0,0,0,0,0,0,0,0,0,0
370633,1,1,0,0,0,18,0,29,0,0,0,17
370634,1,1,0,0,0,0,0,0,0,0,0,0
370634,2,1,0,0,0,0,0,0,0,0,0,0
370635,1,1,0,0,0,0,0,0,0,0,0,0
370635,2,1,0,0,0,0,0,0,0,0,0,0
370636,1,1,0,0,10,0,12,0,0,0,0,0
370637,1,1,0,0,22,0,11,26,21,0,0,0
370638,1,1,0,0,0,0,0,0,0,0,0,0
370639,1,1,0,0,0,0,0,0,0,0,0,0
370640,1,1,0,0,0,0,0,0,7,0,0,0
370641,1,1,14,14,14,14,14,14,14,14,14,14
370641,2,1,0,0,0,0,0,0,0,0,0,0
370642,1,1,0,0,20,0,0,0,0,0,0,0
370643,1,1,22,5,18,13,0,5,10,17,5,6
370643,2,1,0,0,0,0,0,0,0,10,0,0
370644,1,1,0,0,0,0,0,0,0,0,0,0
370645,0,1,17,0,0,0,0,0,0,0,0,0
370645,1,1,0,0,0,0,0,0,0,0,0,0
370646,1,1,0,0,0,0,0,0,0,0,0,0
370647,1,1,0,0,0,0,0,0,0,0,0,0
370648,1,1,13,13,13,13,13,13,13,13,13,13
370648,2,1,0,0,0,0,0,0,0,0,0,0
370649,1,1,0,0,0,9,0,0,0,0,0,0
370649,2,1,0,0,0,0,0,0,0,0,0,0
370650,1,1,39,0,0,0,12,0,30,38,0,0
370651,0,1,17,17,17,17,17,17,17,17,17,17
370651,1,1,0,0,17,0,0,0,0,0,0,0
370652,0,1,0,0,0,0,0,0,0,0,0,0
370652,1,1,0,0,8,0,0,0,0,17,0,0
370653,1,1,0,0,0,0,0,0,0,0,0,0
370654,1,1,0,0,0,0,0,0,0,0,0,0
370654,2,1,0,0,0,0,0,0,0,0,0,3
370655,1,1,0,0,0,0,0,0,0,0,0,0
370656,1,1,17,21,6,24,20,7,10,23,17,36
370656,2,1,14,14,14,14,14,14,14,14,14,14
370657,0,1,15,15,15,15,15,15,15,15,15,15
370657,1,1,0,0,0,0,0,29,0,0,0,0
370658,1,1,26,26,26,26,26,26,26,26,26,26
370658,2,1,10,0,0,31,0,0,0,0,0,0
370659,1,1,0,0,0,0,0,0,0,0,0,0
370660,1,1,0,0,0,0,0,0,0,0,0,0
370660,2,1,0,0,0,0,0,0,0,0,0,0
370661,1,1,0,0,0,0,0,0,0,0,0,0
370661,2,1,0,0,0,10,0,0,0,0,0,0
370662,1,1,0,0,0,0,0,0,0,0,0,0
370663,0,1,31,0,23,0,17,0,0,0,37,0
370663,1,1,11,0,0,5,0,0,23,0,27,0
370664,1,1,0,0,18,0,0,0,0,0,0,26
370664,2,1,0,0,8,7,0,18,0,0,0,2
370664,3,1,0,0,0,0,0,0,0,0,0,0
370665,1,1,0,12,0,0,0,0,0,0,0,0
370665,2,1,0,0,0,0,0,0,0,0,0,0
370666,1,1,12,12,12,12,12,12,12,12,12,12
370667,1,1,0,0,0,0,0,0,0,0,0,0
370667,2,1,0,0,0,0,0,0,0,0,0,0
370667,3,1,0,0,0,0,0,0,0,0,0,0
370668,1,1,0,23,26,8,0,21,43,9,15,6
370668,2,1,0,0,0,0,0,0,0,0,0,0
370668,3,1,0,0,0,0,0,0,0,0,0,0
370669,1,1,0,0,0,0,0,0,0,0,0,0
370670,1,1,0,0,0,0,0,0,0,0,0,0
370671,0,1,0,0,0,0,0,0,0,0,0,0
370671,1,1,0,0,0,0,0,0,0,0,0,0
370672,0,1,0,0,0,0,0,0,0,0,0,0
370672,1,1,0,0,0,23,23,0,23,0,21,10
370673,1,1,10,10,10,10,10,10,10,10,10,10
370674,1,1,0,0,0,0,0,0,0,0,0,0
370675,1,1,0,6,13,34,35,18,14,22,20,30
370676,1,1,22,40,0,16,16,19,15,15,9,20
370677,1,1,0,0,0,0,0,0,0,0,0,0
370677,2,1,0,0,0,0,0,0,0,0,0,0
370678,1,1,0,0,0,0,0,0,0,0,0,0
370678,2,1,0,0,0,0,0,0,0,0,0,0
370679,0,1,0,0,0,0,0,0,0,0,0,0
370679,1,1,0,12,0,0,0,0,0,0,0,0
370680,0,1,15,25,0,0,5,0,28,15,21,0
370680,1,1,0,9,40,5,0,0,0,10,23,0
370681,1,1,0,0,0,0,0,0,0,0,0,0
370681,2,1,0,0,0,0,0,0,0,0,0,0
370682,1,1,4,4,4,4,4,4,4,4,4,4
370683,1,1,32,26,0,21,28,9,17,24,17,5
370683,2,1,17,0,0,0,0,0,0,0,0,0
370684,1,1,0,0,0,0,0,0,0,0,0,0
370684,2,1,0,0,0,0,0,0,0,0,0,0
370685,1,1,0,0,0,0,0,0,0,0,0,0
370685,2,1,0,0,0,0,0,0,0,0,0,0
370686,0,1,19,20,21,0,25,24,45,16,0,27
370686,1,1,0,0,0,0,0,0,0,0,0,0
370687,1,1,20,13,10,21,24,22,12,18,0,3
370687,2,1,0,0,0,0,0,0,0,0,0,0
370688,0,1,24,24,24,24,24,24,24,24,24,24
370688,1,1,0,0,0,0,33,0,14,24,0,0
370689,1,1,27,0,0,0,0,0,0,0,0,0
370689,2,1,0,0,0,0,0,0,0,0,0,0
370690,1,1,6,6,6,6,6,6,6,6,6,6
370691,1,1,0,0,0,0,0,0,0,26,14,0
370692,1,1,19,19,19,19,19,19,19,19,19,19
370693,1,1,20,20,20,20,20,20,20,20,20,20
370694,1,1,0,0,0,0,15,0,0,19,0,18
370695,0,1,9,9,9,9,9,9,9,9,9,9
370695,1,1,0,0,0,0,0,0,0,0,0,0
370696,0,1,0,0,0,0,0,0,0,0,0,0
370696,1,1,23,0,19,0,0,0,0,0,0,0
370697,1,1,0,0,0,15,0,0,0,0,0,0
370698,1,1,0,0,0,0,0,0,0,0,0,0
370698,2,1,0,0,0,0,0,0,0,0,0,18
370699,1,1,0,0,0,0,0,0,0,0,0,10
370699,2,1,0,0,0,0,0,0,0,0,0,0
370700,0,1,0,0,0,0,0,0,0,0,0,0
370700,1,1,0,0,0,0,0,0,0,0,0,14
370701,1,1,0,0,0,0,0,0,0,0,0,0
370702,0,1,0,0,0,0,0,0,0,0,0,0
370702,1,1,0,0,0,0,0,0,0,0,0,0
370703,0,1,0,0,0,0,0,0,0,0,0,0
370703,1,1,0,0,0,0,0,0,24,0,0,0
370704,1,1,0,0,0,0,0,0,0,37,0,31
370704,2,1,0,0,12,0,0,0,12,0,0,0
370705,1,1,9,9,9,9,9,9,9,9,9,9
370706,1,1,0,0,0,0,0,0,0,0,0,0
370706,2,1,0,0,0,0,0,0,0,0,0,0
370707,1,1,0,0,0,0,0,0,0,0,0,0
370708,1,1,0,0,0,0,0,0,13,0,0,0
370709,1,1,24,24,24,24,24,24,24,24,24,24
370710,1,1,0,0,0,0,0,0,0,0,0,0
370711,1,1,26,18,22,15,17,20,9,22,21,24
370712,1,1,0,0,0,0,0,0,0,0,0,0
370712,2,1,0,0,0,0,0,0,0,0,0,0
370712,3,1,0,0,0,0,0,0,0,0,0,0
370713,1,1,5,5,5,5,5,5,5,5,5,5
370714,1,1,0,0,0,0,0,0,0,0,0,0
370715,1,1,0,0,0,0,0,0,0,0,0,0
370715,2,1,0,0,0,0,0,0,0,0,0,0
370715,3,1,0,0,0,0,0,0,0,0,0,0
370715,4,1,0,0,0,0,0,0,0,0,0,0
370715,5,1,0,0,0,0,0,0,0,0,0,0
370715,6,1,25,0,0,0,0,0,0,0,0,0
370716,1,1,14,14,14,14,14,14,14,14,14,14
370717,1,1,23,12,22,21,41,5,35,13,29,23
370718,0,1,34,34,34,34,34,34,34,34,34,34
370718,1,1,0,0,0,0,0,0,0,0,0,0
370719,1,1,21,22,24,8,16,14,17,19,9,24
370720,1,1,0,0,0,0,0,0,0,0,0,0
370721,1,1,32,32,32,32,32,32,32,32,32,32
370722,1,1,0,0,0,0,0,0,0,0,0,0
370724,1,1,18,16,0,0,8,23,32,14,40,7
370725,1,1,18,0,0,0,0,0,0,0,0,0
370726,1,1,0,0,0,0,19,12,12,26,0,5
370727,1,1,0,0,0,0,0,0,0,0,0,0
370728,1,1,0,0,0,0,0,0,0,0,0,0
370728,2,1,0,0,0,0,0,0,0,0,0,0
370728,3,1,0,0,0,0,0,0,0,0,0,0
370728,4,1,0,0,0,0,0,0,0,0,0,0
370728,5,1,0,0,0,0,0,0,0,0,0,0
370728,6,1,0,0,0,0,0,0,2,0,0,0
370728,7,1,0,0,0,0,0,0,0,0,0,0
370729,1,1,0,0,0,0,0,0,0,0,0,0
370729,2,1,0,0,0,0,0,0,0,0,0,0
370730,0,1,0,0,0,0,27,0,0,0,0,0
370730,1,1,0,0,0,20,0,0,0,0,0,0
370731,0,1,0,0,0,0,0,0,0,0,0,0
370731,1,1,16,16,16,16,16,16,16,16,16,16
370732,1,1,6,9,6,9,0,17,7,14,4,12
370732,2,1,0,0,0,0,0,0,0,0,0,0
370733,1,1,9,9,9,9,9,9,9,9,9,9
370734,1,1,11,0,13,3,15,24,11,7,7,15
370735,1,1,0,0,0,0,0,0,0,0,0,18
370735,2,1,13,13,13,13,13,13,13,13,13,13
370736,0,1,19,0,0,0,31,0,18,0,25,27
370736,1,1,0,21,14,7,0,0,9,27,23,0
370737,1,1,0,0,0,0,0,0,0,0,0,0
370737,2,1,0,0,0,0,0,0,0,0,0,0
370738,1,1,0,0,0,0,0,0,0,0,0,0
370739,1,1,0,0,0,0,0,0,5,7,0,0
370739,2,1,0,0,0,0,0,0,0,0,0,0
370739,3,1,0,0,0,0,0,0,0,0,0,0
370740,0,1,0,0,0,0,0,0,0,0,0,0
370740,1,1,0,0,0,0,0,0,0,0,0,0
370741,1,1,0,0,0,0,0,0,0,0,0,0
370741,2,1,0,0,0,0,0,0,0,0,0,0
370742,1,1,10,0,0,0,0,0,0,20,20,0
370742,2,1,0,0,0,0,0,0,0,0,0,0
370743,1,1,23,23,23,23,23,23,23,23,23,23
370744,1,1,0,0,0,0,0,0,0,0,0,0
370744,2,1,0,0,0,0,0,0,0,0,0,0
370745,1,1,21,21,21,21,21,21,21,21,21,21
370746,1,1,15,15,15,15,15,15,15,15,15,15
370746,2,1,0,0,0,0,0,0,0,0,0,0
370747,1,1,0,0,0,0,0,17,0,0,0,0
370747,2,1,0,0,0,0,0,0,0,0,0,0
370748,0,1,0,0,0,0,0,0,0,0,0,0
370748,1,1,0,0,37,0,13,0,0,0,0,0
370749,1,1,14,14,14,14,14,14,14,14,14,14
370750,1,1,6,6,6,6,6,6,6,6,6,6
370750,2,1,0,0,0,0,0,0,0,18,0,0
370751,1,1,0,0,0,0,0,15,0,0,0,0
370751,2,1,0,0,0,2,0,0,0,0,0,0
370751,3,1,19,0,0,0,0,0,0,0,0,0
370752,1,1,0,0,0,17,0,0,0,13,0,0
370752,2,1,0,0,0,0,0,0,0,0,0,0
370753,1,1,0,0,0,0,0,0,0,0,0,0
370754,1,1,0,0,0,0,0,0,0,0,0,11
370754,2,1,0,0,0,0,0,0,0,0,0,0
370755,1,1,9,9,9,9,9,9,9,9,9,9
370756,1,1,15,15,15,15,15,15,15,15,15,15
370757,0,1,29,29,29,29,29,29,29,29,29,29
370757,1,1,0,0,0,0,0,0,0,0,0,0
370758,0,1,0,0,0,0,0,0,0,0,0,0
370758,1,1,0,0,0,0,0,0,0,0,0,0
370759,0,1,0,0,0,0,0,0,0,0,0,0
370759,1,1,0,0,0,0,0,0,0,0,17,0
370760,1,1,15,0,0,19,0,3,0,7,9,6
370760,2,1,21,0,0,0,0,0,9,13,10,0
370761,1,1,0,0,0,0,0,0,0,0,0,0
370761,2,1,0,0,0,0,0,0,0,0,0,20
370762,1,1,0,0,0,0,0,0,0,0,0,0
370762,2,1,0,0,0,0,0,0,0,0,0,0
370763,1,1,0,0,0,0,0,0,0,0,0,0
370763,2,1,5,0,0,0,0,0,0,0,0,0
370764,1,1,0,20,0,0,0,20,0,0,0,0
370765,1,1,0,0,0,0,0,0,0,0,0,0
370765,2,1,0,0,0,0,0,0,0,0,0,0
370766,0,1,0,23,12,0,0,25,21,0,0,8
370766,1,1,0,0,0,0,0,0,0,0,0,0
370767,1,1,0,0,0,0,0,0,0,0,0,0
370767,2,1,0,0,0,0,0,0,0,0,0,0
370768,1,1,0,0,0,0,0,0,0,0,0,0
370770,0,1,0,0,0,0,0,0,11,0,0,0
370770,1,1,0,0,0,8,0,7,0,0,0,0
370771,1,1,18,18,18,18,18,18,18,18,18,18
370772,1,1,0,0,0,0,0,0,0,0,0,0
370772,2,1,0,18,0,9,16,11,0,0,12,0
370773,1,1,0,0,0,0,0,0,0,0,0,0
370773,2,1,0,0,0,0,0,0,0,0,0,0
370774,1,1,21,21,21,21,21,21,21,21,21,21
370775,1,1,0,0,0,0,0,0,0,0,0,0
370775,2,1,15,0,0,0,0,0,0,0,0,0
370776,1,1,8,8,8,8,8,8,8,8,8,8
370777,1,1,22,20,8,21,17,23,34,0,0,12
370777,2,1,0,0,0,0,0,0,0,0,0,0
370777,3,1,0,15,0,0,0,0,0,0,0,0
370778,1,1,0,0,0,0,0,0,0,0,0,0
370778,2,1,0,0,0,0,0,0,0,0,0,0
370779,1,1,0,0,0,0,0,0,0,0,0,0
370779,2,1,0,0,0,0,0,26,0,0,0,0
370780,1,1,15,15,15,15,15,15,15,15,15,15
370781,1,1,0,17,6,0,10,5,9,0,0,0
370781,2,1,0,0,0,0,0,0,0,0,0,0
370782,1,1,0,0,38,0,30,34,0,0,0,6
370783,1,1,0,0,0,0,0,0,0,0,0,0
370784,1,1,0,0,0,0,0,15,12,24,0,0
370784,2,1,21,7,21,0,19,27,19,4,13,24
370784,3,1,13,0,0,0,0,0,15,0,18,14
370785,1,1,20,0,0,0,0,0,0,0,0,0
370785,2,1,0,0,0,0,0,0,18,0,9,0
370786,1,1,0,26,28,7,22,9,11,0,11,27
370786,2,1,0,0,0,0,0,0,0,0,0,0
370787,1,1,11,11,11,11,11,11,11,11,11,11
370787,2,1,8,0,5,13,27,0,22,0,0,0
370787,3,1,0,0,0,0,0,0,0,0,0,0
370788,1,1,0,0,0,0,0,0,0,0,0,0
370788,2,1,0,0,0,0,0,0,0,0,0,0
370789,1,1,0,0,0,0,0,0,0,0,0,0
370789,2,1,0,0,0,12,0,0,0,0,0,0
370790,0,1,23,0,0,0,0,0,0,0,0,0
370790,1,1,0,0,0,0,0,0,0,0,0,0
370791,1,1,0,0,0,0,14,0,0,0,0,0
370791,2,1,0,0,0,0,0,0,0,0,0,0
370792,1,1,0,0,0,0,25,0,0,0,0,7
370793,1,1,0,0,0,0,0,0,0,0,0,0
370793,2,1,0,0,0,0,0,0,0,0,0,0
370794,1,1,6,6,6,6,6,6,6,6,6,6
370794,2,1,15,15,15,15,15,15,15,15,15,15
370795,1,1,12,12,12,12,12,12,12,12,12,12
370796,0,1,0,0,0,0,0,0,0,0,0,0
370796,1,1,6,11,0,0,0,0,0,12,0,0
370797,1,1,26,26,26,26,26,26,26,26,26,26
370798,1,1,0,0,0,0,0,0,0,24,0,0
370798,2,1,0,0,0,0,0,0,0,0,0,0
370799,1,1,19,19,19,19,19,19,19,19,19,19
370800,1,1,0,0,0,0,0,0,0,0,0,0
370800,2,1,16,16,16,16,16,16,16,16,16,16
370801,1,1,0,0,0,0,0,0,0,0,0,0
370801,2,1,0,0,0,0,0,0,0,0,0,0
370802,1,1,0,0,0,0,0,0,0,0,0,0
370803,0,1,0,0,0,0,0,0,0,0,0,0
370803,1,1,0,0,0,0,0,0,0,0,18,0
370803,2,1,0,0,0,0,0,0,0,0,0,0
370804,1,1,0,0,0,12,0,0,0,0,0,0
370805,0,1,0,0,0,0,0,0,0,0,0,0
370805,1,1,0,0,8,9,0,6,14,0,0,0
370806,0,1,0,0,0,0,0,0,0,0,0,0
370806,1,1,0,0,0,0,0,0,0,0,0,0
370806,2,1,0,0,0,0,0,0,0,0,0,0
370807,0,1,31,0,36,0,0,16,20,0,0,18
370808,1,1,19,0,16,10,17,12,0,9,41,10
370809,0,1,0,0,0,0,0,0,0,0,0,0
370809,1,1,15,15,15,15,15,15,15,15,15,15
370810,1,1,0,0,0,0,3,0,0,15,0,0
370810,2,1,0,0,0,0,0,0,0,0,0,0
370811,1,1,34,0,0,0,0,16,0,0,0,0
370811,2,1,18,0,0,0,0,0,0,0,0,0
370812,1,1,6,0,14,0,0,0,20,21,14,16
370812,2,1,0,0,0,0,0,0,0,0,0,0
370813,1,1,18,18,18,18,18,18,18,18,18,18
370813,2,1,0,0,0,0,0,0,0,0,0,0
370814,1,1,0,0,27,0,24,0,0,0,14,18
370814,2,1,0,23,0,11,0,0,0,0,0,0
370814,3,1,0,0,0,0,0,0,0,0,0,0
370815,0,1,8,8,8,8,8,8,8,8,8,8
370815,1,1,0,0,0,0,0,0,0,0,0,0
370816,0,1,0,0,0,0,0,0,0,0,0,0
370816,1,1,18,18,18,18,18,18,18,18,18,18
370817,1,1,23,23,23,23,23,23,23,23,23,23
370818,1,1,0,0,0,0,0,0,0,0,0,0
370818,2,1,0,11,0,34,7,0,9,0,0,0
370819,1,1,0,0,0,0,0,0,16,0,0,0
370820,0,1,0,0,0,0,0,0,0,0,0,0
370820,1,1,0,0,0,0,0,0,0,0,0,0
370821,1,1,27,0,0,0,0,0,0,0,0,32
370821,2,1,0,0,9,0,32,0,0,0,9,0
370822,1,1,0,0,0,0,0,0,0,0,0,0
370823,1,1,0,0,0,0,0,0,0,0,0,0
370823,2,1,0,0,0,0,0,0,0,0,0,0
370824,1,1,0,0,0,0,0,0,0,0,0,0
370824,2,1,0,0,0,0,0,0,0,0,0,12
370825,1,1,11,0,13,0,0,13,15,0,0,0
370826,1,1,0,0,0,0,0,0,0,0,0,0
370826,2,1,0,0,0,0,0,0,6,0,0,0
370826,3,1,0,0,0,0,0,0,0,0,0,0
370827,1,1,1,0,6,12,0,0,6,0,23,0
370827,2,1,0,0,0,0,0,0,0,0,0,0
370828,1,1,33,33,33,33,33,33,33,33,33,33
370829,1,1,0,0,0,0,0,0,23,0,0,0
370830,0,1,0,0,0,25,0,0,11,0,26,0
370830,1,1,0,0,0,0,14,0,0,0,0,0
370830,2,1,0,0,0,0,0,0,0,0,0,0
370831,1,1,0,0,10,12,0,0,0,0,0,0
370831,2,1,0,0,0,0,0,0,0,0,0,0
370832,1,1,0,0,0,0,0,0,0,0,0,0
370833,1,1,0,0,0,0,0,0,0,0,0,0
370834,0,1,0,0,0,0,0,0,0,0,0,0
370834,1,1,13,20,0,0,0,19,27,13,6,0
370835,0,1,18,18,18,18,18,18,18,18,18,18
370835,1,1,0,0,0,0,21,0,0,0,0,8
370836,1,1,0,0,38,0,0,0,0,0,0,0
370837,0,1,16,17,29,13,4,18,0,21,16,13
370837,1,1,0,0,0,0,0,0,0,0,0,0
370838,0,1,0,0,0,0,0,0,0,0,0,0
370838,1,1,0,0,0,0,0,25,0,0,0,12
370839,0,1,0,0,0,0,0,0,0,0,0,0
370839,0,2,0,16,21,0,0,0,0,0,42,10
370839,1,1,11,11,11,11,11,11,11,11,11,11
370840,1,1,27,12,21,12,16,37,15,8,10,16
370841,1,1,0,0,0,0,0,0,0,0,0,0
370841,2,1,0,0,0,0,0,0,0,0,0,0
370841,3,1,0,0,0,0,0,0,0,0,0,0
370842,1,1,23,23,9,34,0,0,0,15,0,38
370843,1,1,13,0,0,25,0,0,0,0,0,0
370844,1,1,0,0,0,0,9,0,0,0,0,0
370844,2,1,0,0,0,10,0,0,0,0,0,0
370844,3,1,0,0,0,0,0,0,0,0,0,0
370845,1,1,0,0,0,0,0,0,0,0,0,0
370845,2,1,0,0,0,0,0,0,0,0,0,0
370846,0,1,13,6,25,23,15,0,16,33,14,11
370846,1,1,0,0,0,19,26,0,0,13,0,0
370847,1,1,0,0,0,0,0,0,0,0,0,18
370848,0,1,0,0,0,0,0,5,0,18,13,0
370848,1,1,5,0,12,0,0,0,0,0,0,0
370849,1,1,0,3,0,0,0,0,0,0,0,0
370849,2,1,0,0,0,0,0,0,0,0,0,0
370849,3,1,0,0,0,0,0,0,0,0,0,0
370850,1,1,0,0,0,0,0,0,0,0,0,0
370850,2,1,0,0,0,0,0,0,0,0,0,0
370851,1,1,3,13,9,25,32,10,22,18,23,25
370852,1,1,12,0,0,0,0,0,0,0,0,0
370852,2,1,0,0,0,0,0,0,0,0,3,0
370853,1,1,0,0,0,0,21,29,0,0,0,11
370854,1,1,2,2,14,19,34,23,45,21,21,4
370855,1,1,0,0,0,0,0,0,0,0,0,0
370855,2,1,0,0,0,0,0,0,0,0,0,0
370855,3,1,0,0,0,0,0,0,0,0,0,0
370856,1,1,0,14,13,33,6,25,13,14,20,10
370857,1,1,0,0,0,0,0,0,0,0,0,0
370857,2,1,0,32,0,0,0,17,4,17,19,0
370858,1,1,0,0,0,0,0,0,0,0,0,0
370859,1,1,0,0,0,0,0,0,0,0,14,0
370860,1,1,0,7,0,0,0,0,0,0,0,0
370860,2,1,0,0,0,0,0,0,0,0,0,0
370861,1,1,20,20,20,20,20,20,20,20,20,20
370862,0,1,0,0,0,0,0,0,0,0,0,0
370862,0,2,0,0,0,0,0,0,0,0,39,0
370862,1,1,4,24,17,13,27,28,4,12,14,8
370863,1,1,0,6,0,0,0,8,17,0,0,0
370864,1,1,25,16,0,14,0,20,0,0,24,0
370865,1,1,0,21,0,0,0,0,18,0,0,11
370865,2,1,0,0,4,0,0,0,0,0,0,0
370866,1,1,22,22,22,22,22,22,22,22,22,22
370867,1,1,29,0,26,0,15,0,0,0,15,11
370867,2,1,0,0,0,0,0,0,0,0,0,0
370868,1,1,0,12,0,0,0,0,0,0,23,12
370869,1,1,0,23,13,17,19,20,26,18,25,12
370869,2,1,0,0,0,0,0,0,0,0,0,0
370869,3,1,0,0,0,0,0,0,0,0,0,0
370870,1,1,0,0,0,0,0,0,0,0,0,0
370870,2,1,0,23,0,0,0,0,0,0,0,0
370871,1,1,0,0,0,0,0,0,0,0,0,0
370872,1,1,0,0,0,0,0,0,0,0,0,0
370872,2,1,0,0,0,0,0,0,0,0,0,0
370873,1,1,0,0,0,0,0,0,0,0,0,0
370874,1,1,16,16,16,16,16,16,16,16,16,16
370875,1,1,0,0,0,0,0,0,0,0,0,0
370876,0,1,0,0,13,15,0,0,0,10,35,0
370876,1,1,7,7,7,7,7,7,7,7,7,7
370877,1,1,0,38,23,33,17,22,20,31,14,10
370877,2,1,0,2,0,0,0,0,0,0,0,0
370878,1,1,0,0,11,0,0,0,0,0,0,0
370878,2,1,0,0,0,0,0,0,0,0,0,0
370878,3,1,0,0,0,0,0,0,0,0,0,0
370879,1,1,0,0,0,27,0,0,0,0,0,0
370879,2,1,0,0,0,0,0,0,0,0,0,0
370880,1,1,0,0,0,0,0,0,0,0,0,0
370880,2,1,0,0,0,0,0,0,0,0,0,0
370880,3,1,0,0,0,0,0,0,30,0,0,6
370881,1,1,0,0,0,0,0,0,0,0,0,0
370882,1,1,20,20,20,20,20,20,20,20,20,20
370882,2,1,0,0,13,0,0,0,0,0,0,0
370883,1,1,0,0,0,0,0,0,0,0,0,0
370883,2,1,0,0,0,0,0,0,0,0,0,0
370884,1,1,11,11,11,11,11,11,11,11,11,11
370885,0,1,0,22,24,0,12,38,0,48,19,28
370885,1,1,0,0,0,0,0,0,0,0,0,0
370886,1,1,0,0,0,0,0,0,0,0,0,0
370886,2,1,0,0,0,0,0,0,0,0,0,0
370887,1,1,28,10,10,20,19,13,8,23,20,0
370887,2,1,0,33,0,0,0,0,0,0,0,0
370888,1,1,0,0,0,0,0,0,0,0,0,12
370889,1,1,0,0,0,16,0,0,0,0,11,0
370890,1,1,0,0,0,0,0,15,0,0,0,0
370891,1,1,0,0,0,0,0,0,0,0,0,0
370891,2,1,0,0,0,0,0,0,0,0,0,0
370892,1,1,0,0,0,0,0,0,0,0,0,0
370892,2,1,0,0,0,0,0,0,0,0,0,0
370892,3,1,0,0,0,0,0,0,0,0,0,0
370892,4,1,0,0,0,0,0,0,13,0,0,0
370893,1,1,0,0,0,0,0,0,0,0,16,0
370893,2,1,0,0,0,0,0,0,0,0,0,0
370894,1,1,16,16,16,16,16,16,16,16,16,16
370895,2,1,20,0,0,0,0,0,0,0,0,7
370895,3,1,0,0,0,0,0,0,0,0,0,0
370896,1,1,33,0,6,6,20,11,23,0,16,41
370896,2,1,0,0,0,0,0,0,0,0,0,0
370896,3,1,0,0,0,0,0,0,0,0,0,0
370897,1,1,0,0,0,0,0,0,0,0,0,0
370897,2,1,0,37,0,22,0,0,0,0,0,0
370897,3,1,0,0,0,0,0,0,0,0,0,0
370898,1,1,0,0,0,0,0,0,0,0,0,0
370898,2,1,0,0,0,0,0,0,0,0,0,0
370899,1,1,0,0,0,0,0,0,0,0,0,0
370900,1,1,13,13,13,13,13,13,13,13,13,13
370900,2,1,11,11,11,11,11,11,11,11,11,11
370901,1,1,0,0,0,0,0,0,0,0,0,0
370901,2,1,0,0,0,0,0,0,0,13,0,21
370902,1,1,0,0,0,0,0,0,0,0,0,0
370902,2,1,0,0,0,0,0,0,0,0,0,0
370903,0,1,13,11,23,7,21,37,17,22,18,25
370903,1,1,25,0,0,0,0,0,0,0,0,0
370904,1,1,0,0,0,0,0,0,5,0,0,0
370905,1,1,0,0,0,0,0,6,0,0,0,0
370905,2,1,20,0,0,0,0,0,0,0,0,0
370906,1,1,0,0,0,0,0,0,0,0,0,0
370906,2,1,0,0,0,0,0,0,0,0,0,0
370907,0,1,0,0,0,0,23,36,14,0,0,0
370907,1,1,0,0,0,0,0,0,0,0,0,0
370908,1,1,0,0,0,0,0,0,0,0,0,0
370908,2,1,0,0,0,0,0,0,0,0,0,0
370909,1,1,14,10,0,0,0,0,6,24,0,0
370909,2,1,0,0,0,0,0,0,0,0,0,0
370910,1,1,0,0,0,0,0,0,0,0,0,0
370911,1,1,0,0,0,0,0,0,0,0,0,0