ST_CASE,VEH_NO,PER_NO,P1,P2,P3,P4,P5,P6,P7,P8,P9,P10
370912,1,1,30,0,0,0,0,0,0,24,0,0
370913,1,1,14,14,14,14,14,14,14,14,14,14
370914,1,1,0,0,0,0,7,0,0,0,0,0
370915,1,1,0,0,0,0,0,0,0,0,0,0
370915,2,1,0,0,0,0,0,0,0,0,0,0
370915,3,1,0,0,0,0,0,0,0,0,0,0
370916,1,1,11,10,15,13,31,0,18,22,20,18
370917,1,1,0,0,21,0,0,0,0,0,0,0
370917,2,1,0,0,0,0,0,0,0,0,0,0
370918,1,1,0,0,0,0,0,0,0,12,0,0
370918,2,1,0,0,0,9,0,0,0,0,0,0
370919,1,1,0,0,0,0,0,0,0,0,0,16
370919,2,1,0,0,0,0,0,0,0,0,0,0
370920,0,1,21,21,21,21,21,21,21,21,21,21
370920,1,1,25,0,0,0,0,0,0,0,0,0
370921,1,1,0,0,0,0,0,0,0,6,0,21
370921,2,1,0,0,0,0,0,0,4,0,0,0
370922,1,1,24,24,24,24,24,24,24,24,24,24
370923,0,1,17,0,20,16,0,21,0,25,14,0
370923,1,1,0,0,0,0,0,0,17,0,0,0
370924,0,1,20,20,20,20,20,20,20,20,20,20
370924,1,1,5,5,5,5,5,5,5,5,5,5
370925,1,1,0,0,0,0,0,0,0,0,0,23
370925,2,1,0,0,0,0,0,0,0,0,0,0
370925,3,1,0,0,0,0,0,0,0,0,0,0
370926,1,1,0,0,0,0,0,0,0,0,0,0
370927,1,1,0,0,20,0,0,0,0,0,0,0
370927,2,1,0,0,0,0,0,0,0,0,0,0
370928,1,1,37,0,0,0,0,0,0,0,0,0
370928,2,1,0,0,0,0,0,0,0,0,0,0
370929,1,1,18,18,18,18,18,18,18,18,18,18
370930,1,1,17,0,0,0,0,0,0,0,0,0
370930,2,1,0,0,0,0,0,0,0,0,0,0
370930,3,1,0,0,0,0,0,0,0,0,0,0
370930,4,1,0,0,0,0,0,0,0,0,0,0
370930,5,1,0,0,0,0,20,0,0,5,0,0
370931,1,1,0,0,0,0,0,0,0,0,0,0
370931,2,1,0,0,0,0,0,0,0,0,0,0
370932,0,1,15,0,0,0,0,0,0,0,22,0
370932,1,1,0,0,0,0,0,0,0,0,0,0
370933,1,1,0,0,0,0,0,0,0,0,0,0
370933,2,1,0,0,0,0,0,0,0,0,0,0
370934,1,1,15,15,15,15,15,15,15,15,15,15
370935,1,1,0,0,0,0,0,0,0,0,0,0
370936,1,1,5,0,0,0,0,0,0,0,0,0
370937,0,1,19,32,22,18,0,0,16,17,16,21
370937,1,1,0,0,0,0,0,0,0,0,0,0
370938,1,1,0,0,0,0,22,38,17,0,11,0
370939,1,1,0,0,0,0,0,0,0,0,0,0
370940,1,1,19,7,15,17,23,16,30,20,20,15
370940,2,1,0,0,0,0,0,0,18,0,17,0
370941,1,1,0,0,0,0,0,0,0,0,0,0
370942,1,1,8,8,8,8,8,8,8,8,8,8
370942,2,1,0,0,0,0,51,0,0,0,0,0
370943,1,1,0,0,0,14,0,0,0,0,0,0
370944,1,1,0,0,0,0,0,0,0,0,0,0
370945,0,1,0,0,0,0,0,0,0,0,0,0
370945,1,1,0,0,0,0,0,0,0,0,0,0
370946,1,1,21,21,21,21,21,21,21,21,21,21
370947,1,1,0,0,0,0,0,0,8,0,0,0
370948,0,1,0,0,0,0,0,0,0,0,0,0
370948,1,1,0,3,0,18,0,0,9,12,0,9
370949,1,1,0,0,0,0,0,0,0,0,0,0
370949,2,1,0,0,0,0,0,0,0,0,0,0
370950,0,1,0,26,20,28,0,0,25,18,13,22
370950,1,1,0,0,0,11,0,0,0,0,6,14
370951,1,1,0,0,0,0,0,0,0,0,22,0
370951,2,1,0,0,0,0,0,0,0,0,0,0
370952,1,1,0,0,0,0,0,0,0,0,0,0
370953,1,1,0,0,0,0,0,0,0,0,0,0
370953,2,1,0,0,0,0,23,0,0,0,0,0
370954,1,1,0,0,0,0,0,0,0,28,0,10
370954,2,1,0,0,0,0,0,0,0,0,0,0
370955,1,1,0,0,0,0,0,0,0,0,9,0
370955,2,1,0,11,0,0,0,0,0,0,0,0
370956,1,1,0,38,0,17,0,0,34,0,12,0
370957,1,1,0,6,0,0,33,0,0,0,0,0
370958,1,1,20,8,19,14,14,6,3,7,18,9
370958,2,1,0,0,0,0,0,0,0,0,0,0
370958,4,1,0,0,0,0,0,17,0,0,0,0
370959,1,1,0,0,0,0,0,0,0,0,0,0
370959,2,1,0,0,0,0,0,0,0,0,0,0
370960,1,1,0,0,0,0,0,0,0,0,0,0
370960,2,1,0,0,0,0,0,0,0,0,0,0
370961,0,1,0,0,0,7,0,0,0,18,0,0
370961,1,1,15,15,15,15,15,15,15,15,15,15
370962,1,1,0,5,0,12,0,0,0,5,0,0
370962,2,1,0,0,0,0,0,10,0,0,0,0
370963,1,1,25,25,25,25,25,25,25,25,25,25
370963,2,1,0,0,0,0,0,0,0,0,0,0
370964,1,1,11,0,0,0,11,0,21,7,9,0
370965,1,1,9,0,25,21,0,22,4,0,0,0
370966,1,1,0,0,0,13,0,0,0,0,0,0
370966,2,1,0,0,0,0,0,0,0,0,0,0
370967,0,1,24,0,12,0,35,0,20,26,0,0
370967,1,1,0,0,0,0,0,0,0,0,0,0
370968,1,1,0,3,0,4,16,0,0,0,10,0
370968,2,1,0,0,0,0,0,0,0,0,0,18
370969,1,1,0,0,0,0,0,0,0,0,0,0
370969,2,1,0,0,0,0,0,0,0,0,0,0
370970,1,1,0,0,0,0,0,0,0,0,0,0
370970,2,1,0,0,0,0,0,0,0,0,0,0
370971,0,1,0,0,0,0,0,0,0,0,0,0
370971,1,1,0,0,0,0,0,0,0,0,0,0
370972,1,1,17,17,17,17,17,17,17,17,17,17
370973,1,1,0,0,0,0,0,0,0,0,0,0
370973,2,1,0,0,0,0,0,0,0,0,0,0
370974,1,1,0,0,0,0,0,0,0,0,0,0
370974,2,1,0,0,0,0,0,0,0,0,0,0
370975,1,1,15,15,20,22,9,30,8,11,20,8
370975,2,1,0,0,0,0,0,0,0,0,0,9
370976,1,1,0,0,0,0,0,0,0,0,0,0
370976,2,1,0,0,0,0,0,0,6,0,18,0
370977,1,1,0,0,0,0,0,0,0,0,0,0
370978,0,1,0,0,17,0,0,0,0,0,0,0
370978,1,1,18,17,5,20,8,4,27,16,3,10
370979,1,1,0,0,0,0,0,0,0,0,0,0
370980,0,1,0,0,0,0,0,0,0,0,0,0
370980,1,1,0,24,0,0,0,0,0,0,0,12
370981,1,1,18,18,18,18,18,18,18,18,18,18
370981,2,1,0,0,0,0,0,0,0,0,0,0
370982,1,1,12,0,0,14,0,0,0,0,0,0
370983,1,1,0,0,0,0,0,0,0,0,0,0
370984,1,1,0,0,0,27,0,0,19,0,0,21
370984,2,1,0,0,0,0,0,0,0,0,0,0
370985,1,1,9,9,9,9,9,9,9,9,9,9
370986,1,1,0,0,23,0,10,0,0,17,27,0
370987,1,1,0,17,0,0,0,0,13,0,0,0
370987,2,1,0,0,9,0,0,0,0,0,0,0
370988,1,1,0,0,0,0,0,0,0,0,0,0
370988,2,1,7,0,0,0,0,0,0,0,0,0
370988,3,1,0,0,0,0,0,0,0,0,0,0
370989,1,1,0,0,0,8,0,0,0,0,0,0
370989,2,1,0,0,0,0,0,0,0,0,0,0
370989,3,1,0,0,0,0,0,0,0,0,0,0
370990,1,1,0,0,16,0,22,11,0,0,0,0
370991,1,1,13,0,11,32,22,0,16,0,12,0
370991,2,1,0,0,0,0,0,0,0,0,0,0
370991,3,1,26,22,18,15,0,0,0,0,12,18
370992,0,1,0,30,35,11,0,24,16,21,27,6
370992,1,1,0,0,0,0,0,0,0,0,0,0
370993,0,1,25,25,25,25,25,25,25,25,25,25
370993,1,1,15,6,0,27,14,20,8,16,20,0
370994,1,1,0,20,0,0,0,0,0,0,0,0
370995,1,1,11,11,11,11,11,11,11,11,11,11
370996,1,1,0,0,0,0,0,0,0,0,0,0
370996,2,1,0,0,0,0,0,0,0,0,0,0
370997,1,1,8,0,13,0,0,0,26,0,0,0
370998,1,1,27,27,27,27,27,27,27,27,27,27
370999,0,1,0,0,0,0,0,0,0,0,0,0
370999,1,1,0,0,0,0,0,0,0,0,0,0
371000,1,1,5,5,5,5,5,5,5,5,5,5
371001,1,1,0,0,0,0,0,0,0,0,0,0
371002,1,1,22,20,18,17,16,0,26,28,8,8
371003,1,1,0,0,0,0,0,0,0,0,0,0
371003,2,1,0,0,0,0,0,0,0,0,8,0
371004,0,1,0,0,0,0,4,0,0,0,21,3
371004,1,1,3,0,0,0,0,0,0,0,0,0
371005,1,1,21,21,21,21,21,21,21,21,21,21
371006,1,1,15,15,15,15,15,15,15,15,15,15
371007,0,1,0,25,0,25,0,4,9,0,17,0
371007,1,1,0,0,0,0,0,0,0,0,0,0
371007,2,1,23,2,3,15,15,24,17,17,18,16
371008,1,1,0,0,0,0,0,0,0,0,0,0
371008,2,1,0,0,0,0,0,0,0,0,5,9
371009,1,1,0,9,5,16,0,0,27,31,12,5
371010,0,1,0,27,0,0,8,0,0,0,0,6
371010,1,1,25,35,9,22,28,22,12,17,10,4
371011,0,1,0,0,0,0,0,0,0,0,0,0
371011,1,1,0,0,0,0,0,0,0,0,0,0
371012,1,1,0,36,0,0,15,0,0,0,0,0
371012,2,1,0,0,0,0,0,0,0,0,0,0
371012,3,1,39,0,0,0,0,21,0,0,0,0
371013,1,1,17,17,17,17,17,17,17,17,17,17
371013,2,1,13,4,0,0,0,0,5,0,0,0
371014,1,1,0,0,26,0,0,0,17,0,16,17
371015,1,1,0,0,0,0,0,0,0,0,0,0
371015,2,1,0,23,0,0,0,0,0,0,11,0
371016,1,1,12,16,27,33,25,22,0,17,0,24
371017,1,1,22,13,32,23,21,30,3,16,19,31
371017,2,1,0,0,0,0,0,0,0,0,0,6
371018,1,1,0,0,0,0,0,0,0,0,0,9
371019,1,1,21,21,21,21,21,21,21,21,21,21
371020,1,1,0,0,0,0,0,0,0,0,0,0
371020,2,1,0,0,0,0,0,0,0,0,0,0
371021,1,1,0,0,0,0,0,0,0,0,0,0
371021,2,1,0,0,0,0,0,0,0,0,0,9
371022,1,1,0,0,0,0,0,0,0,0,0,0
371023,1,1,20,20,20,20,20,20,20,20,20,20
371024,1,1,0,0,0,0,0,0,0,0,0,0
371024,2,1,31,31,31,31,31,31,31,31,31,31
371025,1,1,0,0,0,0,0,0,0,0,0,0
371025,2,1,0,0,0,0,0,0,0,0,0,0
371025,3,1,0,0,0,0,0,0,0,0,0,0
371026,1,1,0,0,0,0,0,0,0,0,0,0
371027,1,1,11,11,11,11,11,11,11,11,11,11
371028,1,1,13,0,0,0,0,0,0,0,0,0
371028,2,1,0,0,0,0,0,0,0,0,0,0
371029,1,1,0,0,0,0,0,0,0,0,9,0
371030,1,1,0,0,0,0,0,0,0,0,0,0
371030,2,1,0,0,0,0,0,0,0,0,0,0
371031,1,1,16,16,16,16,16,16,16,16,16,16
371032,1,1,0,0,0,0,0,0,0,0,0,0
371033,0,1,31,31,31,31,31,31,31,31,31,31
371033,1,1,0,0,0,0,0,0,0,0,0,2
371034,0,1,0,0,0,0,0,0,0,0,0,0
371034,1,1,0,0,0,0,0,0,0,0,0,0
371035,0,1,0,0,0,0,0,0,0,0,0,0
371035,1,1,0,0,0,0,0,0,0,0,0,0
371036,1,1,0,0,0,0,0,0,0,0,0,0
371036,2,1,0,0,0,0,0,0,0,0,0,0
371037,0,1,9,9,9,9,9,9,9,9,9,9
371037,1,1,0,0,25,15,0,0,0,0,0,0
371038,1,1,15,0,0,19,0,9,19,14,10,12
371039,0,1,14,5,12,14,17,6,18,34,0,16
371039,1,1,18,21,20,24,13,9,0,22,37,12
371039,2,1,0,0,0,0,0,0,14,19,0,18
371039,3,1,0,0,0,0,0,0,0,0,0,0
371040,0,1,0,0,0,15,47,10,26,33,20,0
371040,1,1,0,18,0,18,11,0,25,11,23,9
371041,1,1,17,17,17,17,17,17,17,17,17,17
371042,1,1,0,0,0,0,0,0,0,0,0,0
371042,2,1,0,0,0,0,0,0,0,0,0,0
371043,0,1,16,16,16,16,16,16,16,16,16,16
371043,1,1,0,0,0,0,0,0,0,0,0,0
371044,1,1,0,0,0,0,0,0,0,0,0,0
371045,1,1,0,0,0,0,0,0,0,0,0,0
371045,2,1,0,0,0,0,0,0,0,0,0,0
371046,1,1,0,0,0,0,0,0,0,0,0,0
371047,1,1,0,0,0,0,0,0,0,0,0,0
371048,1,1,14,13,17,16,10,23,14,7,31,13
371049,1,1,0,0,0,0,0,0,0,0,0,0
371049,2,1,0,0,0,0,0,0,0,0,0,0
371050,1,1,0,0,0,0,0,0,0,0,0,0
371051,1,1,15,0,0,42,25,0,0,0,8,22
371052,1,1,0,0,0,0,0,0,0,0,0,0
371053,0,1,14,14,14,14,14,14,14,14,14,14
371053,1,1,5,0,0,0,0,0,0,0,0,0
371054,1,1,0,0,0,0,0,0,0,0,0,0
371054,2,1,5,0,16,36,11,0,22,19,13,0
371055,1,1,0,0,0,0,0,0,8,0,0,0
371056,1,1,19,19,19,19,19,19,19,19,19,19
371057,1,1,0,0,0,0,0,0,0,0,0,0
371057,2,1,0,0,0,0,0,0,0,0,0,0
371058,1,1,0,0,0,0,0,0,0,0,0,0
371059,1,1,0,0,0,0,0,0,0,0,0,0
371059,2,1,0,0,0,0,0,0,0,0,0,0
371060,1,1,13,13,13,13,13,13,13,13,13,13
371061,0,1,27,0,0,0,0,0,29,12,0,0
371061,1,1,0,0,9,0,0,0,0,0,0,0
371062,1,1,20,46,0,3,0,17,0,0,0,24
371063,1,1,0,0,0,0,0,0,0,0,0,0
371063,2,1,0,0,0,0,0,0,0,0,0,0
371064,1,1,0,0,0,0,0,36,0,0,0,0
371064,2,1,0,0,7,0,0,0,0,0,0,0
371065,1,1,0,0,0,0,0,0,0,0,0,0
371065,2,1,0,0,0,0,0,0,0,0,0,0
371066,1,1,0,0,0,0,0,0,0,0,0,0
371067,1,1,26,26,26,26,26,26,26,26,26,26
371068,1,1,11,11,11,11,11,11,11,11,11,11
371068,2,1,0,0,0,0,0,12,0,0,21,0
371069,1,1,0,0,0,0,0,0,0,0,0,0
371069,2,1,0,0,0,0,0,0,0,0,0,0
371070,0,1,0,34,31,11,24,44,11,8,31,22
371070,1,1,0,0,0,0,0,0,0,0,0,0
371071,1,1,22,22,22,22,22,22,22,22,22,22
371072,0,1,0,0,0,0,0,0,0,0,0,0
371072,1,1,0,0,0,0,0,0,0,0,18,0
371073,1,1,0,0,0,0,0,0,0,0,0,0
371074,0,1,0,0,0,0,0,0,0,0,0,0
371074,1,1,0,0,0,0,0,0,0,0,0,0
371075,1,1,0,0,0,0,0,0,0,0,15,0
371075,2,1,0,0,0,0,0,0,0,0,0,0
371075,3,1,0,0,0,0,0,0,0,0,0,0
371076,1,1,15,15,15,15,15,15,15,15,15,15
371077,1,1,0,0,0,0,0,0,0,0,0,0
371077,2,1,0,0,0,28,0,22,0,0,12,0
371078,0,1,0,0,0,0,0,0,0,0,0,0
371078,0,2,0,0,38,0,15,0,0,0,0,0
371078,0,3,0,0,0,0,0,0,0,0,0,0
371078,1,1,0,0,0,0,0,0,0,0,0,0
371078,2,1,0,0,0,0,0,0,0,0,0,0
371079,0,1,0,0,0,0,0,0,0,0,0,0
371079,1,1,0,6,0,0,6,11,10,0,11,0
371080,1,1,10,19,0,6,16,0,18,22,10,10
371081,1,1,0,0,0,0,0,0,0,0,0,18
371082,0,1,0,0,0,0,0,0,0,0,0,9
371082,1,1,8,0,0,20,17,21,10,25,0,4
371083,1,1,0,0,0,0,0,0,0,0,0,0
371083,2,1,0,0,0,0,0,0,0,0,0,0
371084,1,1,0,0,0,0,0,0,0,0,0,0
371084,2,1,0,0,0,0,0,0,0,0,0,0
371085,1,1,0,0,0,0,0,0,0,0,0,0
371086,0,1,21,24,0,9,0,0,32,9,0,21
371086,1,1,0,0,0,0,0,0,0,0,0,0
371087,1,1,0,0,0,0,28,0,0,9,0,0
371088,1,1,11,0,0,0,0,0,0,16,0,0
371089,1,1,1,1,1,1,1,1,1,1,1,1
371090,1,1,0,0,0,0,0,0,0,0,0,0
371090,2,1,12,0,0,0,0,0,0,0,21,0
371091,1,1,0,0,0,0,0,0,0,0,0,0
371091,2,1,0,0,0,0,0,0,0,0,0,0
371092,1,1,0,0,0,0,0,0,0,0,0,0
371092,2,1,0,0,8,0,0,0,0,0,0,0
371092,3,1,0,0,0,0,0,0,13,0,0,0
371092,4,1,21,0,0,0,0,0,0,0,0,0
371093,1,1,3,0,0,0,0,0,0,0,0,0
371094,0,1,0,0,0,0,0,0,0,0,0,0
371094,1,1,0,0,0,0,0,7,9,0,0,0
371095,1,1,0,0,0,0,20,0,0,0,0,0
371096,1,1,0,0,0,0,16,0,0,0,0,0
371096,2,1,0,0,0,0,0,0,0,0,0,0
371096,3,1,0,0,0,0,0,0,0,0,0,0
371096,4,1,0,0,0,7,0,0,0,0,16,0
371096,5,1,0,0,0,0,0,0,0,0,0,0
371097,1,1,15,15,15,15,15,15,15,15,15,15
371098,1,1,0,0,0,0,0,0,0,0,0,0
371098,2,1,0,0,0,0,0,0,0,0,0,0
371098,3,1,0,0,0,0,0,0,0,0,0,0
371099,1,1,23,16,22,0,0,11,0,0,12,0
371100,1,1,14,14,14,14,14,14,14,14,14,14
371101,1,1,0,0,19,0,0,0,0,0,0,0
371101,2,1,4,0,0,0,0,3,0,0,13,0
371102,1,1,0,0,0,0,0,0,0,0,0,0
371103,1,1,0,0,0,0,0,0,0,0,0,0
371105,1,1,14,15,14,0,18,0,12,0,0,23
371106,1,1,0,0,20,0,8,0,11,0,0,15
371106,2,1,0,0,0,0,0,0,0,0,0,0
371107,1,1,0,0,0,0,0,0,0,0,0,0
371107,2,1,0,0,0,0,0,0,0,0,0,0
371108,1,1,0,0,0,0,0,0,0,0,0,26
371109,1,1,0,0,0,0,0,0,0,0,0,0
371109,2,1,0,0,0,0,0,0,0,0,0,0
371109,3,1,0,0,0,0,0,0,0,0,13,0
371110,0,1,0,0,0,0,0,0,0,0,0,0
371110,1,1,0,0,0,0,8,0,0,0,0,0
371112,1,1,19,19,19,19,19,19,19,19,19,19
371113,1,1,17,17,17,17,17,17,17,17,17,17
371114,1,1,17,17,17,17,17,17,17,17,17,17
371115,1,1,0,0,0,0,0,0,0,0,0,0
371115,2,1,0,0,0,0,0,0,0,0,0,0
371116,1,1,0,0,0,0,0,0,0,0,0,0
371117,0,1,0,0,0,0,0,0,21,0,0,0
371117,2,1,0,0,0,0,0,0,0,0,0,0
371118,1,1,0,0,0,0,0,0,0,0,0,0
371119,1,1,8,0,0,27,0,0,0,0,0,0
371120,0,1,44,8,0,11,16,0,0,0,0,12
371120,1,1,0,0,0,0,0,0,0,35,0,0
371121,1,1,0,0,0,0,0,0,0,0,0,0
371122,1,1,23,23,23,23,23,23,23,23,23,23
371122,2,1,0,0,25,0,0,0,0,0,0,0
371123,1,1,0,0,0,0,0,0,0,0,0,0
371123,2,1,0,0,9,0,0,0,0,0,0,0
371123,3,1,0,0,0,0,0,0,0,0,0,0
371123,4,1,0,0,0,0,0,0,11,0,0,0
371124,1,1,0,0,0,0,0,0,0,0,0,0
371125,1,1,0,0,14,0,4,0,0,0,0,0
371125,2,1,0,0,0,0,0,0,0,0,0,0
371126,1,1,0,0,0,0,0,0,0,0,0,0
371126,2,1,0,0,0,0,0,0,0,0,0,0
371127,1,1,0,0,0,0,0,0,0,0,0,0
371127,2,1,0,0,0,0,24,0,0,0,0,0
371128,1,1,0,0,0,0,0,0,0,0,0,0
371129,1,1,0,0,0,0,0,0,0,0,0,0
371129,2,1,0,0,0,0,28,0,0,0,0,0
371129,3,1,0,0,0,0,0,0,0,0,0,0
371130,1,1,0,0,0,0,0,0,0,0,27,0
371131,1,1,0,0,0,0,0,0,0,0,0,0
371131,2,1,0,0,0,0,0,0,0,0,0,0
371132,1,1,16,16,16,16,16,16,16,16,16,16
371133,1,1,23,18,14,0,21,4,7,0,16,14
371133,2,1,0,0,0,0,0,0,0,0,0,0
371133,3,1,0,0,0,0,0,0,0,0,0,0
371134,1,1,0,0,0,0,0,0,0,0,0,0
371134,2,1,17,0,0,0,0,0,0,0,0,0
371135,1,1,15,23,11,22,11,15,0,15,29,0
371136,1,1,0,0,0,0,0,0,0,0,0,0
371136,2,1,0,0,0,0,0,0,0,0,0,0
371137,0,1,0,0,16,0,25,0,0,0,0,0
371137,1,1,0,0,0,0,0,0,0,0,0,16
371138,1,1,0,0,0,0,0,0,0,0,0,0
371138,2,1,0,19,0,0,0,0,0,0,0,0
371139,1,1,0,0,0,0,0,0,0,0,0,0
371139,2,1,0,0,0,0,0,0,0,0,0,0
371140,1,1,18,18,18,18,18,18,18,18,18,18
371141,1,1,0,0,0,0,0,0,0,0,0,0
371142,1,1,22,22,22,22,22,22,22,22,22,22
371142,2,1,0,0,19,0,0,33,0,0,0,0
371143,0,1,0,0,0,0,0,0,0,0,0,0
371143,1,1,17,0,0,0,0,0,0,0,0,0
371144,1,1,20,6,13,19,17,0,22,16,15,18
371145,1,1,0,0,0,0,0,0,0,0,0,0
371145,2,1,0,0,0,0,0,0,0,0,0,0
371146,1,1,0,0,0,0,0,0,0,0,0,0
371146,2,1,0,0,0,0,0,0,0,0,0,0
371147,0,1,0,7,0,0,0,0,0,0,0,0
371147,0,2,0,0,0,0,0,0,0,0,0,0
371147,0,3,0,0,0,0,0,0,0,0,0,0
371147,1,1,12,12,12,12,12,12,12,12,12,12
371148,0,1,0,0,0,0,0,0,0,0,0,0
371148,1,1,21,0,0,0,0,0,0,0,0,0
371149,1,1,0,0,0,0,0,0,16,0,0,0
371150,0,1,0,0,0,0,0,0,0,0,0,0
371150,1,1,0,0,0,0,0,0,0,0,0,0
371151,0,1,0,0,0,0,0,0,0,0,0,13
371151,1,1,0,9,0,0,0,0,0,0,0,0
371152,1,1,0,0,0,0,0,0,0,0,0,0
371153,1,1,0,0,0,0,0,0,0,0,0,0
371154,1,1,0,0,0,0,0,0,0,0,0,0
371154,2,1,0,0,0,0,0,0,0,0,0,0
371155,1,1,0,0,0,0,0,0,0,0,0,0
371156,1,1,0,0,0,0,0,0,0,0,0,12
371157,1,1,0,0,0,0,0,0,0,0,0,0
371158,1,1,0,11,0,0,0,0,0,0,0,0
371158,2,1,0,0,0,0,0,0,0,0,0,0
371159,2,1,0,0,0,0,0,0,14,1,0,0
371160,1,1,0,0,0,0,0,0,0,0,0,0
371160,2,1,0,0,0,29,0,0,0,0,12,0
371161,1,1,0,0,0,0,0,0,0,0,0,0
371161,2,1,0,0,0,0,0,0,0,0,16,0
371162,1,1,0,0,0,7,0,0,0,0,0,0
371162,2,1,0,0,12,0,0,0,0,7,0,0
371163,0,1,11,15,5,9,8,16,36,24,4,11
371163,1,1,0,0,0,0,0,0,0,0,6,0
371164,1,1,18,18,18,18,18,18,18,18,18,18
371165,1,1,0,0,0,25,24,0,0,0,0,0
371166,1,1,0,16,0,12,0,0,0,0,0,0
371167,1,1,25,25,25,25,25,25,25,25,25,25
371168,1,1,0,0,0,0,0,0,0,0,0,0
371168,2,1,0,0,39,0,31,0,20,0,0,0
371169,1,1,0,0,0,0,0,0,0,0,6,0
371169,2,1,0,0,0,0,27,0,0,0,0,0
371170,0,1,9,9,9,9,9,9,9,9,9,9
371170,1,1,0,33,8,12,4,8,16,17,19,21
371171,1,1,20,20,20,20,20,20,20,20,20,20
371172,1,1,0,0,0,0,0,0,0,0,0,0
371172,2,1,0,0,7,0,0,0,0,0,0,0
371173,0,1,0,0,0,0,11,0,0,0,0,0
371173,1,1,0,0,0,0,0,0,0,0,0,0
371174,1,1,20,12,12,13,20,25,17,14,15,12
371175,0,1,0,0,0,0,0,0,0,0,0,0
371175,1,1,27,18,11,11,0,9,13,20,11,7
371176,1,1,16,18,13,5,16,0,21,0,0,0
371177,1,1,0,0,0,0,0,0,12,18,0,0
371178,1,1,0,0,0,0,0,0,21,0,0,0
371179,1,1,4,0,0,0,0,0,0,0,0,0
371179,2,1,0,0,0,0,0,0,0,0,0,0
371179,3,1,0,0,0,0,0,0,0,0,0,0
371180,1,1,0,0,0,0,0,0,0,0,0,0
371181,1,1,15,8,20,12,11,9,26,18,9,25
371181,2,1,0,0,0,0,0,0,0,0,0,0
371181,3,1,0,0,0,0,17,0,0,0,0,0
371182,1,1,0,0,0,0,0,0,0,0,0,0
371182,2,1,5,5,5,5,5,5,5,5,5,5
371183,0,1,27,27,27,27,27,27,27,27,27,27
371183,1,1,9,9,9,9,9,9,9,9,9,9
371184,1,1,0,0,0,0,0,0,0,0,0,0
371184,2,1,0,0,0,0,0,0,0,0,0,0
371185,1,1,0,0,0,0,0,0,0,0,0,0
371186,1,1,0,0,0,0,0,19,13,0,0,0
371186,2,1,0,0,22,0,6,0,0,0,0,0
371187,1,1,0,0,0,0,0,0,0,0,0,0
371187,2,1,0,0,0,0,0,0,0,0,0,0
371187,3,1,0,0,0,0,0,0,0,0,18,0
371187,4,1,0,0,0,0,0,0,0,0,0,0
371188,1,1,0,0,0,0,0,0,0,0,0,0
371188,2,1,0,15,0,25,4,0,0,0,0,14
371189,1,1,0,0,0,0,0,0,0,0,0,0
371189,2,1,0,8,0,0,0,0,0,0,0,0
371190,1,1,12,30,0,0,0,8,0,9,32,0
371191,1,1,0,0,0,0,29,25,0,0,0,0
371191,2,1,0,18,0,9,15,0,21,25,0,0
371192,1,1,0,0,0,0,0,0,0,0,0,0
371192,2,1,0,0,0,0,0,0,0,0,0,0
371193,1,1,0,0,0,0,0,13,0,0,9,0
371193,2,1,0,0,0,0,0,0,5,0,0,0
371194,1,1,0,0,0,20,0,0,0,0,0,0
371194,2,1,0,0,0,0,0,0,16,0,26,0
371195,1,1,8,10,16,4,23,19,20,6,19,24
371196,0,1,0,52,5,28,19,0,32,0,12,15
371196,1,1,0,0,0,0,0,0,0,0,0,0
371197,1,1,0,17,0,0,0,0,0,0,0,0
371198,1,1,0,0,0,0,0,0,10,0,0,0
371198,2,1,0,0,12,0,0,0,0,0,0,0
371199,1,1,0,0,0,0,0,0,0,10,0,0
371199,2,1,0,0,0,0,0,0,0,0,10,0
371199,3,1,0,0,0,0,0,0,0,0,0,0
371200,1,1,28,13,0,18,26,9,26,13,21,7
371201,1,1,0,5,2,0,0,0,0,0,0,0
371201,2,1,0,0,0,0,0,0,0,2,0,0
371202,1,1,22,0,13,12,0,14,0,13,0,19
371203,1,1,0,0,0,12,0,14,17,23,0,0
371204,1,1,0,0,0,0,0,0,0,0,0,0
371204,2,1,0,0,0,0,0,0,0,0,0,0
371205,1,1,6,7,0,0,0,15,0,0,0,12
371205,2,1,0,0,0,0,0,0,0,0,0,0
371206,0,1,0,0,0,0,0,0,0,0,0,0
371206,1,1,0,0,0,0,18,0,0,0,0,0
371207,1,1,0,0,0,0,0,0,0,0,0,0
371208,1,1,0,0,0,0,0,0,13,18,0,0
371209,0,1,0,0,0,0,0,0,0,0,0,0
371209,1,1,30,0,0,0,0,0,0,0,0,0
371210,1,1,0,0,0,0,0,0,0,0,0,0
371210,2,1,0,0,0,0,0,0,0,0,0,0
371211,1,1,0,0,0,0,0,0,0,0,0,0
371211,2,1,0,0,0,0,0,0,0,0,0,0
371211,3,1,0,0,0,0,0,0,0,0,0,0
371212,0,1,0,0,17,18,14,0,25,0,0,26
371212,1,1,0,0,0,0,0,0,0,0,0,0
371213,1,1,0,0,0,0,0,0,0,0,0,0
371214,1,1,0,0,0,0,0,0,0,50,0,0
371215,1,1,12,0,13,15,0,22,0,0,0,0
371216,1,1,0,0,0,0,0,0,0,0,0,0
371216,2,1,0,0,0,0,0,0,0,0,0,0