ST_CASE,VEH_NO,PER_NO,P1,P2,P3,P4,P5,P6,P7,P8,P9,P10
371217,1,1,0,0,0,11,0,0,0,0,0,0
371217,2,1,0,0,0,0,0,0,0,0,0,0
371217,3,1,0,0,0,0,0,0,0,0,0,0
371218,1,1,19,17,12,13,0,11,26,0,14,8
371218,2,1,0,0,0,0,0,0,0,0,0,0
371219,0,1,17,17,17,17,17,17,17,17,17,17
371219,1,1,0,17,0,0,0,0,0,14,8,0
371220,1,1,0,0,0,0,0,0,0,0,0,0
371220,2,1,0,0,0,0,0,0,0,0,0,0
371221,1,1,0,0,0,0,0,0,0,0,0,0
371221,2,1,0,0,0,0,0,0,0,0,0,0
371221,3,1,0,0,0,0,0,0,0,0,0,0
371222,1,1,0,0,0,0,0,0,0,0,0,0
371222,2,1,0,0,22,0,0,0,0,0,0,0
371223,1,1,40,40,40,40,40,40,40,40,40,40
371224,1,1,0,0,0,0,0,0,0,0,0,0
371224,2,1,0,0,0,0,0,0,0,0,0,0
371224,3,1,0,0,0,0,0,0,0,0,0,0
371224,4,1,0,0,0,0,0,0,0,0,0,0
371225,0,1,16,25,8,13,24,0,6,9,13,8
371225,1,1,0,0,0,0,0,0,0,0,0,0
371226,1,1,0,0,0,0,0,0,0,0,0,0
371226,2,1,0,0,0,0,0,0,0,19,14,0
371227,0,1,0,37,13,0,0,0,0,0,0,0
371227,1,1,0,0,0,0,0,0,0,0,0,0
371228,1,1,0,0,0,0,0,0,0,0,0,0
371229,1,1,0,0,0,0,0,0,0,0,0,0
371230,1,1,0,0,0,0,0,0,0,0,0,0
371230,2,1,0,0,0,0,0,0,0,0,0,0
371231,1,1,0,0,0,0,0,0,0,0,0,0
371231,2,1,0,0,0,13,0,0,0,0,0,0
371231,3,1,0,0,0,0,0,0,0,0,0,0
371232,1,1,0,0,0,0,0,0,0,0,0,0
371232,2,1,16,0,0,0,0,0,16,0,0,0
371233,1,1,0,0,0,0,0,0,0,0,0,0
371233,2,1,0,0,0,0,14,0,0,0,0,0
371233,3,1,0,0,0,0,0,0,0,0,0,0
371234,1,1,23,0,0,2,8,15,12,0,0,0
371235,1,1,23,19,0,19,30,17,4,21,20,21
371236,0,1,0,0,0,0,0,0,0,0,0,0
371236,0,2,0,23,0,0,0,0,0,0,0,0
371236,1,1,0,0,0,0,0,0,0,0,23,0
371237,1,1,10,10,10,10,10,10,10,10,10,10
371238,1,1,0,0,0,0,0,0,0,0,0,0
371238,2,1,0,0,0,0,0,0,0,0,0,0
371239,0,1,23,20,5,7,17,15,8,18,9,3
371239,1,1,0,0,0,0,0,0,0,19,0,0
371240,1,1,0,0,0,0,0,0,0,0,0,0
371241,1,1,0,0,0,0,0,0,0,0,0,0
371242,1,1,28,0,0,0,0,0,0,0,0,0
371243,0,1,0,0,0,24,0,14,18,0,0,0
371243,1,1,0,0,0,10,0,0,12,12,0,0
371244,1,1,0,0,0,0,0,0,0,0,0,0
371244,2,1,0,0,0,0,0,0,19,9,0,0
371245,0,1,9,9,9,9,9,9,9,9,9,9
371245,1,1,0,0,16,0,23,30,11,7,15,21
371246,1,1,28,15,0,8,42,13,0,0,0,0
371247,0,1,14,14,14,14,14,14,14,14,14,14
371247,1,1,0,0,17,0,0,0,0,0,18,0
371247,2,1,0,0,0,0,0,0,0,0,0,12
371247,3,1,5,0,9,14,0,0,0,0,0,0
371248,1,1,10,10,10,10,10,10,10,10,10,10
371249,1,1,0,0,0,0,0,0,0,0,0,0
371249,2,1,0,0,0,0,0,0,0,0,0,0
371250,1,1,16,16,16,16,16,16,16,16,16,16
371250,2,1,17,14,20,25,15,23,11,6,9,12
371251,0,1,0,0,37,0,0,0,0,0,0,0
371251,1,1,0,0,0,0,0,0,0,0,0,0
371252,1,1,0,0,0,16,0,0,0,0,0,0
371252,2,1,20,0,0,0,0,0,0,0,0,0
371253,1,1,0,0,13,0,0,17,0,0,0,0
371253,2,1,0,0,0,0,0,0,0,15,0,0
371253,3,1,25,0,0,0,0,0,0,0,0,0
371254,1,1,15,6,0,8,6,17,6,2,0,21
371254,2,1,0,0,0,0,0,0,0,0,0,0
371255,1,1,0,0,0,17,0,0,0,0,0,0
371255,2,1,0,0,0,0,0,0,0,0,0,0
371256,1,1,0,17,19,0,0,0,0,0,0,19
371257,0,1,0,0,0,0,0,0,0,0,0,0
371257,0,2,0,0,0,0,0,0,0,0,0,0
371257,1,1,3,7,0,18,17,25,0,0,18,0
371258,0,1,20,11,12,13,14,26,13,30,25,21
371258,1,1,0,0,0,0,0,0,0,0,0,0
371259,1,1,11,18,10,13,31,13,15,12,14,23
371260,1,1,0,0,0,0,0,23,0,0,7,0
371261,1,1,0,13,0,0,20,0,0,0,12,0
371262,0,1,0,0,0,0,0,0,0,0,0,0
371262,1,1,0,0,0,0,0,0,0,0,0,0
371263,1,1,0,0,0,0,0,0,0,0,0,0
371264,1,1,19,19,19,19,19,19,19,19,19,19
371265,1,1,0,0,0,0,0,0,0,15,0,21
371266,0,1,0,0,0,0,0,12,0,0,0,0
371266,1,1,0,0,0,0,0,0,0,0,0,0
371267,1,1,0,0,0,0,0,0,0,0,0,0
371268,1,1,21,21,21,21,21,21,21,21,21,21
371269,1,1,0,0,0,0,0,0,0,0,0,12
371269,2,1,0,0,0,0,0,22,0,0,0,0
371270,1,1,21,9,19,10,16,32,17,21,10,20
371271,1,1,0,0,16,0,0,0,17,0,0,0
371272,1,1,25,19,17,25,18,20,16,17,38,22
371273,1,1,0,0,0,0,0,0,0,0,0,0
371273,2,1,14,14,14,14,14,14,14,14,14,14
371274,0,1,40,40,40,40,40,40,40,40,40,40
371274,1,1,13,21,0,0,0,28,0,0,0,0
371275,1,1,0,0,0,0,0,0,0,0,0,0
371276,0,1,0,0,0,0,0,0,0,0,0,0
371276,1,1,0,0,0,0,0,0,0,0,0,0
371277,1,1,4,18,14,5,29,24,12,15,26,12
371277,2,1,0,17,23,5,10,15,7,8,8,10
371277,3,1,0,0,26,0,20,0,0,0,0,0
371277,4,1,0,0,0,0,0,0,0,0,0,0
371278,1,1,0,0,0,0,20,0,0,0,0,0
371278,2,1,0,0,4,0,0,0,0,0,0,0
371278,3,1,3,3,3,3,3,3,3,3,3,3
371279,1,1,7,28,18,12,21,17,0,14,13,14
371279,2,1,0,0,0,0,0,0,0,0,0,0
371279,3,1,0,0,0,0,0,12,0,0,0,0
371279,4,1,0,0,0,0,0,0,0,0,0,0
371280,1,1,0,0,0,0,0,0,0,0,0,0
371280,2,1,0,0,0,0,0,0,0,0,0,0
371281,0,1,18,16,0,0,0,0,36,0,21,0
371281,1,1,0,0,0,0,0,0,0,0,0,0
371282,1,1,0,0,0,0,0,0,0,0,0,0
371282,2,1,0,0,0,0,0,0,0,0,0,0
371283,1,1,14,14,14,14,14,14,14,14,14,14
371284,1,1,11,22,25,25,7,27,22,8,27,7
371285,1,1,0,0,0,0,0,0,0,0,0,0
371285,2,1,0,0,0,0,0,0,0,0,0,0
371286,0,1,28,28,28,28,28,28,28,28,28,28
371286,1,1,0,0,0,0,0,0,0,0,0,0
371286,2,1,0,0,0,0,0,0,0,0,0,0
371286,3,1,0,0,0,0,0,0,0,0,0,0
371286,4,1,0,0,0,0,0,0,0,10,0,0
371286,5,1,0,0,0,0,0,0,0,0,0,0
371287,1,1,17,17,17,17,17,17,17,17,17,17
371288,0,1,0,0,0,0,0,0,0,11,0,0
371288,1,1,0,0,0,0,0,0,0,0,0,0
371289,1,1,0,0,0,0,0,0,0,0,0,0
371289,2,1,0,0,0,0,0,0,0,0,0,14
371290,1,1,28,0,19,14,15,9,16,7,13,18
371291,0,1,0,0,0,0,0,0,0,0,0,0
371291,1,1,0,0,0,0,0,0,0,0,0,0
371292,1,1,0,17,0,0,0,0,0,0,0,0
371292,2,1,0,0,0,0,9,0,0,0,0,0
371293,1,1,0,0,0,0,0,0,0,0,0,0
371293,2,1,0,0,20,0,0,0,0,0,0,0
371294,0,1,0,0,0,0,0,0,0,0,0,0
371294,1,1,0,0,0,12,0,12,0,0,0,0
371295,1,1,0,0,0,0,31,0,0,0,0,14
371295,2,1,0,0,0,0,0,0,0,0,0,0
371295,3,1,0,0,0,0,0,0,0,0,0,4
371296,1,1,0,0,0,26,0,0,17,0,0,0
371297,1,1,21,21,21,21,21,21,21,21,21,21
371298,1,1,0,0,0,0,0,0,0,0,0,0
371298,2,1,0,0,0,0,0,0,0,0,0,0
371299,1,1,22,22,22,22,22,22,22,22,22,22
371300,1,1,0,0,0,0,0,0,0,0,0,0
371300,2,1,0,0,0,0,0,0,0,0,0,0
371301,1,1,0,0,0,0,0,0,0,0,0,0
371301,2,1,0,0,0,0,0,0,0,0,0,0
371302,1,1,23,25,13,19,4,18,5,16,3,28
371303,1,1,21,0,0,0,0,0,0,0,0,0
371304,1,1,0,0,0,0,0,0,0,0,0,0
371304,2,1,0,0,0,0,0,0,0,0,0,0
371305,1,1,18,12,18,3,16,12,23,23,14,10
371306,0,1,19,19,19,21,21,9,25,10,3,13
371306,1,1,0,0,0,0,0,0,0,0,0,0
371307,1,1,15,0,0,10,0,0,0,0,0,0
371307,2,1,48,0,0,0,0,0,11,0,0,0
371308,0,1,12,28,49,22,2,7,28,21,13,20
371308,1,1,0,0,0,0,0,0,0,0,6,0
371309,1,1,0,0,0,0,0,0,0,0,0,0
371309,2,1,0,0,0,0,0,0,0,0,0,0
371310,1,1,0,0,0,0,0,0,19,0,11,0
371310,2,1,0,0,0,0,0,0,0,0,0,0
371311,1,1,0,0,0,0,0,0,0,0,0,0
371311,2,1,0,0,0,0,0,0,0,0,0,0
371312,1,1,13,12,18,26,17,17,23,33,20,15
371313,0,1,0,0,0,0,0,0,0,0,0,0
371313,1,1,0,0,0,0,37,0,0,0,0,0
371314,1,1,0,0,0,0,34,24,0,15,0,0
371315,1,1,0,0,0,0,0,0,0,6,19,0
371315,2,1,0,25,0,0,0,0,0,0,0,10
380001,0,1,16,16,16,16,16,16,16,16,16,16
380001,1,1,18,18,18,18,18,18,18,18,18,18
380002,1,1,0,0,0,0,0,0,0,0,0,0
380002,2,1,0,0,0,8,0,0,0,0,0,0
380003,1,1,0,0,0,0,0,0,0,0,0,0
380004,1,1,0,0,0,0,0,0,0,0,0,0
380005,1,1,12,12,12,12,12,12,12,12,12,12
380005,2,1,0,0,0,0,0,0,0,0,0,0
380006,1,1,0,0,0,0,0,0,0,0,0,0
380006,2,1,0,0,0,0,0,0,0,0,0,0
380007,1,1,0,0,0,0,0,0,0,0,0,0
380007,2,1,0,0,0,0,0,0,0,0,0,0
380008,1,1,0,0,0,0,0,0,0,0,0,0
380008,2,1,0,0,0,0,0,0,0,0,0,0
380009,1,1,0,0,0,0,0,0,0,0,0,0
380009,2,1,0,0,0,0,0,0,0,0,0,0
380010,1,1,23,23,23,23,23,23,23,23,23,23
380011,1,1,0,0,0,0,0,0,0,0,0,0
380012,1,1,0,0,0,0,0,0,0,0,0,0
380012,2,1,0,0,0,0,0,0,0,0,0,0
380013,1,1,28,28,28,28,28,28,28,28,28,28
380014,1,1,0,0,0,0,0,0,0,0,0,0
380015,1,1,10,10,10,10,10,10,10,10,10,10
380016,1,1,0,0,0,0,0,0,0,0,0,0
380016,2,1,0,0,0,0,0,0,0,0,0,0
380017,1,1,22,22,22,22,22,22,22,22,22,22
380018,1,1,13,13,13,13,13,13,13,13,13,13
380019,1,1,23,8,24,20,7,24,22,15,9,0
380020,1,1,0,0,0,0,0,0,0,0,0,0
380020,2,1,0,0,0,0,0,0,0,0,0,0
380021,1,1,0,0,0,0,0,0,24,0,19,5
380022,1,1,22,22,22,22,22,22,22,22,22,22
380023,1,1,14,3,4,0,3,0,12,16,4,3
380024,1,1,8,0,0,0,0,0,0,0,0,0
380024,2,1,0,0,0,0,0,0,0,0,0,0
380025,1,1,26,26,26,26,26,26,26,26,26,26
380026,1,1,6,6,6,6,6,6,6,6,6,6
380027,0,1,29,29,29,29,29,29,29,29,29,29
380027,1,1,0,21,43,11,0,16,10,21,0,0
380028,1,1,13,13,13,13,13,13,13,13,13,13
380028,2,1,0,0,0,0,0,0,0,0,0,0
380029,1,1,22,22,22,22,22,22,22,22,22,22
380030,1,1,0,0,0,0,0,0,0,0,0,0
380031,1,1,0,0,0,0,0,0,0,0,0,0
380031,2,1,0,0,0,0,0,0,0,0,0,0
380032,1,1,0,0,0,0,0,0,0,0,0,0
380032,2,1,0,0,0,0,0,0,0,0,0,0
380033,1,1,14,14,14,14,14,14,14,14,14,14
380034,1,1,0,0,0,0,0,0,0,0,0,0
380034,2,1,0,0,0,0,0,0,0,0,0,0
380035,1,1,18,18,18,18,18,18,18,18,18,18
380036,1,1,0,0,0,0,0,0,0,0,0,0
380036,2,1,0,0,0,0,0,0,0,0,0,0
380037,0,1,11,11,11,11,11,11,11,11,11,11
380037,0,2,20,27,12,55,0,14,0,17,0,0
380037,1,1,41,21,0,20,0,14,22,0,0,0
380038,1,1,19,19,19,19,19,19,19,19,19,19
380038,2,1,12,0,0,18,0,0,8,0,0,0
380039,1,1,28,28,28,28,28,28,28,28,28,28
380040,1,1,0,0,0,0,0,0,0,0,0,0
380040,2,1,0,0,0,0,0,0,0,0,0,0
380041,1,1,0,0,0,0,0,0,0,0,0,0
380041,2,1,0,13,0,0,0,0,0,0,0,0
380042,1,1,24,24,24,24,24,24,24,24,24,24
380043,1,1,4,4,4,4,4,4,4,4,4,4
380044,1,1,23,12,31,32,10,19,11,30,9,19
380045,1,1,0,0,0,0,0,0,0,0,0,0
380046,1,1,0,0,0,0,0,0,0,0,0,0
380046,2,1,27,27,27,27,27,27,27,27,27,27
380047,1,1,0,0,0,0,0,0,0,0,0,26
380048,1,1,0,0,0,0,0,0,0,0,0,0
380048,2,1,0,0,0,0,0,0,0,0,0,0
380049,1,1,11,17,28,11,11,22,16,19,3,14
380050,1,1,0,0,0,0,0,0,0,0,0,0
380050,2,1,0,0,0,0,0,0,0,0,0,0
380051,1,1,13,13,13,13,13,13,13,13,13,13
380052,0,1,23,23,23,23,23,23,23,23,23,23
380053,1,1,0,16,0,0,0,0,0,0,0,0
380053,2,1,4,49,15,14,17,20,14,20,19,10
380054,1,1,22,22,22,22,22,22,22,22,22,22
380055,1,1,0,0,0,0,0,0,0,0,0,0
380055,2,1,0,0,0,0,16,0,0,0,14,0
380056,1,1,0,0,0,0,0,0,0,0,0,0
380056,2,1,0,0,0,0,0,0,0,0,0,0
380057,0,1,0,0,0,0,0,0,0,0,0,0
380057,1,1,0,0,0,0,0,0,0,0,0,0
380058,1,1,0,0,0,2,0,0,0,0,0,0
380059,1,1,16,16,16,16,16,16,16,16,16,16
380060,1,1,0,0,0,0,0,0,0,0,0,0
380061,1,1,33,19,19,0,19,25,9,29,16,14
380062,1,1,15,15,15,15,15,15,15,15,15,15
380062,2,1,19,19,19,19,19,19,19,19,19,19
380063,1,1,0,0,0,0,0,0,0,0,0,0
380063,2,1,0,0,0,0,0,0,0,0,0,0
380064,1,1,0,0,0,0,0,0,0,0,0,0
380065,1,1,27,27,27,27,27,27,27,27,27,27
380066,1,1,25,25,25,25,25,25,25,25,25,25
380067,1,1,0,0,0,0,0,0,0,0,0,0
380067,2,1,0,0,0,0,11,0,0,0,6,0
380068,1,1,21,21,21,21,21,21,21,21,21,21
380069,1,1,0,0,0,0,0,0,0,0,0,0
380070,1,1,0,0,0,0,0,0,0,0,0,0
380071,1,1,22,22,22,22,22,22,22,22,22,22
380072,1,1,6,6,6,6,6,6,6,6,6,6
380073,1,1,0,0,0,0,0,0,0,0,0,0
380073,2,1,0,0,0,0,0,0,0,0,0,0
380074,1,1,0,0,0,0,0,0,0,0,0,0
380075,1,1,8,0,14,12,0,0,0,7,0,0
380075,2,1,0,0,0,0,0,11,0,0,0,0
380076,1,1,21,21,21,21,21,21,21,21,21,21
380077,1,1,0,0,0,0,0,0,0,0,0,0
380077,2,1,0,0,0,0,0,0,0,0,0,0
380078,1,1,0,0,0,0,0,0,0,0,0,0
380079,1,1,0,0,0,0,0,0,0,0,0,0
380079,2,1,0,0,0,0,0,0,0,0,0,0
380079,3,1,0,0,0,3,0,0,0,0,0,0
380080,1,1,23,23,23,23,23,23,23,23,23,23
380081,1,1,0,0,0,0,0,0,0,0,0,0
380082,1,1,10,10,10,10,10,10,10,10,10,10
380082,2,1,0,0,0,5,0,10,10,0,0,0
380083,1,1,0,0,0,0,0,0,0,0,0,0
380084,0,1,10,28,0,0,0,0,0,0,0,15
380084,1,1,0,0,0,0,0,0,0,0,0,0
380085,0,1,31,31,31,31,31,31,31,31,31,31
380085,1,1,0,0,0,0,0,0,0,0,0,0
380086,1,1,0,18,0,0,0,0,0,0,0,0
380086,2,1,0,0,0,0,0,0,0,0,0,0
380087,1,1,0,0,0,0,0,0,0,0,0,0
380087,2,1,0,0,0,0,0,0,0,0,0,0
380088,1,1,0,0,0,0,0,0,0,0,0,0
380089,1,1,26,26,26,26,26,26,26,26,26,26
380090,1,1,0,0,0,0,0,0,0,0,0,0
380090,2,1,15,15,15,15,15,15,15,15,15,15
380090,3,1,0,0,0,0,0,0,0,0,0,0
380091,1,1,12,12,12,12,12,12,12,12,12,12
380092,1,1,16,16,16,16,16,16,16,16,16,16
380093,1,1,0,13,27,28,0,14,19,0,0,13
380093,2,1,0,0,0,0,12,11,0,25,0,22
380094,1,1,0,0,0,0,0,0,0,0,0,0
380094,2,1,0,0,0,0,0,0,0,0,0,0
380095,1,1,0,0,0,0,0,0,0,0,0,0
380095,2,1,0,0,0,0,0,0,0,0,0,0
380096,1,1,0,0,0,0,0,0,0,0,0,0
380096,2,1,16,16,16,16,16,16,16,16,16,16
380097,1,2,28,12,0,25,10,0,18,14,5,10
380098,1,1,0,0,0,0,0,0,0,0,0,0
380099,1,1,0,0,0,0,0,0,16,0,0,0
380099,2,1,0,0,0,0,0,0,0,0,0,0
380099,3,1,0,0,0,0,0,0,0,0,0,0
380100,1,1,0,0,0,0,0,0,0,0,0,0
380101,1,1,0,0,0,0,0,0,0,0,0,0
380102,1,1,0,0,0,0,0,0,0,0,0,0
380102,2,1,0,0,0,0,0,0,0,0,0,13
380103,1,2,28,0,0,10,0,9,0,32,13,0
380104,1,1,23,8,15,26,35,16,13,25,11,15
380105,1,1,15,11,21,17,24,24,36,0,29,14
390001,1,1,15,15,15,15,15,15,15,15,15,15
390002,1,1,0,0,0,0,0,0,0,0,0,0
390003,1,1,12,12,12,12,12,12,12,12,12,12
390004,1,1,0,0,0,0,0,0,0,0,0,0
390004,2,1,0,0,0,0,0,0,0,0,0,0
390004,3,1,0,0,0,0,0,0,0,0,0,0
390005,1,1,0,0,0,0,0,0,0,0,0,0
390005,2,1,0,0,0,0,0,0,0,0,0,0
390006,0,1,0,0,0,0,0,0,0,0,0,0
390006,1,1,0,0,0,0,0,0,13,0,0,0
390007,1,1,20,20,20,20,20,20,20,20,20,20
390008,1,1,0,0,0,0,0,0,0,0,0,0
390009,0,1,0,0,0,0,0,0,0,0,0,0
390009,1,1,0,0,0,0,0,0,0,0,0,0
390010,1,1,0,0,0,0,0,0,0,0,0,0
390011,0,1,8,8,8,8,8,8,8,8,8,8
390011,1,1,0,0,0,0,0,0,0,0,0,0
390012,0,1,0,0,0,0,0,0,0,0,0,0
390012,1,1,0,0,0,0,0,0,0,0,0,0
390012,2,1,12,0,0,0,0,0,14,0,0,0
390013,0,1,0,0,0,0,0,0,0,0,0,0
390013,1,1,0,0,0,0,0,0,0,0,0,0
390014,1,1,0,0,0,0,0,0,0,0,0,0
390014,2,1,29,29,29,29,29,29,29,29,29,29
390015,1,1,0,0,0,0,0,0,0,0,0,0
390015,2,1,0,0,0,0,0,0,0,0,0,0
390016,1,1,0,0,0,0,22,0,0,0,0,6
390017,1,1,0,0,0,0,0,0,0,0,0,0
390017,2,1,0,0,0,0,0,0,0,0,0,0
390017,3,1,0,0,0,0,0,0,0,0,0,0
390018,1,1,0,0,0,0,0,0,0,0,0,0
390018,2,1,0,0,0,0,0,0,0,0,0,0
390019,1,1,0,0,0,0,0,0,0,0,0,21
390019,2,1,0,0,0,0,0,0,0,0,0,0
390020,1,1,0,0,0,0,0,0,0,17,0,0
390021,1,1,0,0,0,0,0,0,0,0,0,0
390022,0,1,0,0,0,0,0,0,0,0,0,0
390022,0,2,0,0,32,0,0,0,0,0,16,0
390022,1,1,0,0,0,0,0,0,0,11,0,0
390023,0,1,0,0,10,0,0,0,0,0,0,21
390023,1,1,0,0,0,0,0,0,0,0,0,0
390024,1,1,0,0,0,0,0,0,0,0,0,0
390024,2,1,0,0,0,0,0,0,0,0,0,0
390025,1,1,0,0,0,0,0,0,0,0,0,0
390025,2,1,0,0,0,0,0,0,0,0,15,0
390026,1,1,0,0,0,0,0,0,0,0,0,0
390027,0,1,22,22,22,22,22,22,22,22,22,22
390027,1,1,0,0,0,0,0,0,0,0,0,0
390028,1,1,0,0,11,0,0,0,0,0,0,0
390028,2,1,0,0,0,0,0,0,0,0,0,0
390029,1,1,26,26,26,26,26,26,26,26,26,26
390030,1,1,23,8,9,23,21,4,21,18,8,37
390031,0,1,0,0,0,0,0,0,0,0,0,0
390031,0,2,0,0,0,0,0,24,0,0,0,0
390031,1,1,0,0,0,0,0,0,0,0,0,0
390032,1,1,15,15,15,15,15,15,15,15,15,15
390033,1,1,0,0,0,0,0,0,0,0,0,0
390033,2,1,0,0,0,16,0,0,0,0,0,0
390034,0,1,25,25,25,25,25,25,25,25,25,25
390034,1,1,0,0,0,0,0,0,0,0,0,0
390035,1,1,0,0,0,0,0,0,0,0,0,0
390035,2,1,0,0,0,0,0,0,0,0,0,4
390036,1,1,0,0,0,0,0,0,0,0,0,0
390036,2,1,0,0,0,0,0,0,0,0,0,0
390036,3,1,0,0,0,0,0,0,0,0,0,0
390037,1,1,0,0,0,0,0,0,0,0,0,0
390037,2,1,38,38,38,38,38,38,38,38,38,38
390038,1,1,0,25,18,0,22,26,13,10,15,16
390039,1,1,0,0,0,0,0,0,0,0,0,0
390040,1,1,0,0,0,0,0,0,0,0,0,0
390041,1,1,0,0,0,0,0,0,0,3,0,0
390041,2,1,0,0,0,0,0,0,0,0,0,0
390042,1,1,30,30,30,30,30,30,30,30,30,30
390042,2,1,0,0,0,0,4,0,0,0,0,0
390042,3,1,0,0,0,0,0,0,0,0,0,0
390043,1,1,25,25,25,25,25,25,25,25,25,25
390044,0,1,0,0,0,0,0,0,0,0,0,0
390044,1,1,0,0,0,0,0,0,0,0,0,0
390045,1,1,24,24,24,24,24,24,24,24,24,24
390046,1,1,0,0,0,0,0,0,0,0,0,0
390047,1,1,24,24,24,24,24,24,24,24,24,24
390048,1,1,0,0,0,0,0,0,0,0,0,0
390049,1,1,0,0,0,0,0,0,0,0,0,0
390050,1,1,21,21,21,21,21,21,21,21,21,21
390051,1,1,0,0,0,0,0,22,0,0,0,0
390051,2,1,0,18,0,0,23,0,0,0,0,0
390052,1,1,0,0,0,0,0,0,0,0,0,0
390052,2,1,0,0,0,0,0,0,0,0,0,0
390053,1,1,0,0,0,0,0,0,0,0,18,0
390053,2,1,0,0,0,0,0,0,0,0,18,0
390054,1,1,15,15,15,15,15,15,15,15,15,15
390054,2,1,21,21,21,21,21,21,21,21,21,21
390055,1,1,0,0,0,0,0,0,0,0,0,0
390056,0,1,28,28,28,28,28,28,28,28,28,28
390056,1,1,0,0,0,0,0,0,0,0,0,0
390058,0,1,7,7,7,7,7,7,7,7,7,7
390058,1,1,0,0,0,0,0,0,0,0,19,0
390059,1,1,10,10,10,10,10,10,10,10,10,10
390061,0,1,29,29,29,29,29,29,29,29,29,29
390061,1,1,0,0,0,0,0,0,0,0,0,0
390062,1,1,0,0,0,0,0,0,0,0,0,0
390062,2,1,0,0,0,0,0,0,0,0,0,0
390062,3,1,0,0,0,0,0,0,0,0,0,8
390063,1,1,5,5,5,5,5,5,5,5,5,5
390064,1,1,0,0,0,0,0,0,0,0,0,0
390065,1,1,0,0,0,0,0,0,0,0,0,0
390065,2,1,0,0,0,0,0,0,0,0,0,0
390065,3,1,0,0,0,0,0,0,0,0,0,0
390066,1,1,24,24,24,24,24,24,24,24,24,24
390067,1,2,0,0,0,0,0,0,0,0,0,0
390068,1,1,0,0,0,0,0,0,0,0,0,0
390068,2,1,0,0,0,0,0,0,0,0,0,0
390069,1,1,0,0,0,0,0,0,0,0,0,0
390069,2,1,0,0,0,0,0,0,0,0,0,0
390070,1,1,2,2,2,2,2,2,2,2,2,2
390070,2,1,0,0,11,20,0,0,0,0,24,0
390070,3,1,0,0,0,0,0,0,0,0,0,0
390071,1,1,0,0,0,0,0,0,0,0,0,0
390072,1,1,0,0,0,0,0,0,0,0,0,0
390072,2,1,0,0,0,0,0,0,0,0,0,0
390073,1,1,0,0,0,0,0,0,0,0,0,0
390073,2,1,0,0,0,0,0,0,0,0,0,0
390074,1,1,0,0,0,0,0,0,0,0,0,0
390074,2,1,0,0,0,0,0,0,0,0,0,0
390075,1,1,17,17,17,17,17,17,17,17,17,17
390076,1,1,0,0,0,0,0,0,0,0,0,0
390076,2,1,0,0,0,0,0,0,0,0,0,0
390077,0,1,0,0,0,0,0,0,0,0,0,0
390077,1,1,0,0,0,0,0,0,0,0,0,0
390078,1,2,8,8,19,19,0,11,20,3,0,23
390079,1,1,0,0,0,0,0,0,0,0,0,0
390079,2,1,0,0,0,0,0,0,0,0,0,10
390080,1,1,24,24,24,24,24,24,24,24,24,24
390081,1,1,22,22,22,22,22,22,22,22,22,22
390082,1,1,0,0,0,0,0,0,0,0,0,0
390082,2,1,0,0,0,0,0,0,0,0,0,0
390082,3,1,0,0,0,0,0,0,0,0,0,0
390082,4,1,15,0,0,0,0,0,0,0,0,0
390082,5,1,0,0,0,0,0,0,0,0,0,0
390082,6,1,0,0,0,0,0,0,0,0,0,0
390083,1,1,0,0,0,0,0,0,0,0,0,0
390083,2,1,0,0,0,0,0,0,0,0,0,0
390084,1,1,0,0,0,0,5,0,0,0,0,0
390084,2,1,0,0,0,0,0,0,0,0,0,0
390085,0,1,0,0,0,0,0,0,0,0,0,0
390085,1,1,19,28,0,0,9,7,0,0,10,16
390086,1,1,0,0,0,0,0,0,0,0,0,0
390086,2,1,6,6,6,6,6,6,6,6,6,6
390087,1,1,0,0,0,5,0,0,0,0,0,0
390087,2,1,0,0,0,0,0,0,0,0,0,0
390087,3,1,0,0,0,0,0,0,0,0,0,0
390088,1,1,0,0,0,0,0,0,0,0,0,0
390088,2,1,27,27,27,27,27,27,27,27,27,27
390089,1,1,0,0,0,0,0,0,0,0,0,0
390089,2,1,0,0,0,0,0,0,0,0,0,0
390091,1,1,0,0,0,0,0,0,0,0,0,0
390091,2,1,0,0,0,0,7,0,0,0,0,0
390092,0,1,0,0,0,0,0,0,0,0,0,0
390092,1,1,0,0,0,0,0,0,0,0,0,0
390093,1,1,0,14,0,0,0,0,0,0,13,0
390093,2,1,0,0,0,0,0,0,0,0,0,0
390094,1,1,0,0,0,0,0,0,0,0,0,0
390094,2,1,16,16,16,16,16,16,16,16,16,16
390095,1,1,12,12,12,12,12,12,12,12,12,12
390096,1,1,0,0,0,0,0,0,0,0,0,0
390097,1,1,25,25,25,25,25,25,25,25,25,25
390098,1,1,20,20,20,20,20,20,20,20,20,20