ST_CASE,VEH_NO,PER_NO,P1,P2,P3,P4,P5,P6,P7,P8,P9,P10
400228,1,1,0,0,0,0,0,0,0,0,0,0
400229,1,1,33,0,0,0,15,0,14,0,0,0
400230,1,1,2,2,2,2,2,2,2,2,2,2
400231,1,1,26,26,26,26,26,26,26,26,26,26
400232,0,1,0,0,0,0,0,0,0,0,0,0
400232,1,1,0,0,0,0,0,0,0,0,0,0
400233,1,1,0,0,0,0,0,0,0,0,0,0
400233,2,1,0,0,0,0,0,0,0,0,0,0
400234,1,1,7,7,7,7,7,7,7,7,7,7
400234,2,1,0,0,0,0,0,0,0,0,0,0
400235,1,1,0,0,0,0,0,0,0,0,0,0
400236,1,1,0,0,0,0,0,0,0,0,0,0
400236,2,1,0,0,0,0,0,0,0,0,0,0
400237,1,1,18,18,18,18,18,18,18,18,18,18
400238,1,1,19,19,19,19,19,19,19,19,19,19
400239,1,1,0,0,0,0,0,0,0,0,0,0
400240,1,1,0,0,0,0,0,0,0,0,0,0
400241,1,1,22,22,22,22,22,22,22,22,22,22
400242,1,1,0,0,0,0,0,0,0,0,0,0
400242,2,1,0,0,0,0,0,0,0,0,0,0
400243,1,1,0,0,0,0,0,0,0,0,0,0
400243,2,1,0,0,0,0,0,0,0,0,0,0
400243,3,1,0,0,0,0,0,22,0,0,0,0
400244,1,1,27,27,27,27,27,27,27,27,27,27
400245,1,1,2,2,2,2,2,2,2,2,2,2
400246,1,1,0,0,0,0,0,0,0,0,0,0
400246,2,1,0,0,0,0,0,0,0,0,0,0
400247,1,1,13,13,13,13,13,13,13,13,13,13
400248,1,1,0,0,17,0,0,0,29,0,0,0
400249,1,1,0,0,0,0,0,0,0,0,0,0
400250,1,1,8,0,0,17,0,0,0,1,0,0
400250,2,1,0,0,0,0,0,0,0,0,0,0
400251,1,1,0,0,0,0,0,0,0,0,0,0
400252,1,1,0,0,0,0,0,0,0,0,0,0
400252,2,1,0,0,0,0,0,0,0,0,0,0
400253,1,1,0,0,0,0,0,0,0,0,0,0
400254,0,1,0,0,0,0,0,0,0,0,0,0
400254,1,1,23,0,0,11,0,0,0,18,12,9
400255,0,1,0,0,0,0,0,0,0,0,0,0
400255,1,1,0,0,0,0,0,13,0,0,0,0
400256,0,1,16,16,16,16,16,16,16,16,16,16
400256,1,1,0,15,0,0,0,29,0,0,0,15
400257,1,1,0,0,0,0,0,0,0,0,0,0
400258,1,1,24,24,24,24,24,24,24,24,24,24
400259,1,1,15,15,15,15,15,15,15,15,15,15
400259,2,1,0,0,0,0,0,0,0,0,0,0
400260,1,1,13,13,13,13,13,13,13,13,13,13
400261,1,1,0,0,0,0,0,0,0,0,0,0
400262,1,1,20,20,20,20,20,20,20,20,20,20
400263,1,1,15,15,15,15,15,15,15,15,15,15
400264,1,1,0,0,0,0,0,0,0,0,0,0
400265,1,1,0,0,0,0,0,0,0,0,0,0
400265,2,1,0,0,0,0,0,0,0,0,0,0
400266,1,1,0,0,0,0,0,0,0,0,0,0
400267,1,1,0,0,0,0,0,0,0,0,0,0
400267,2,1,0,0,0,0,0,0,0,0,0,0
400268,1,1,0,0,0,0,0,0,0,0,0,0
400268,2,1,0,0,0,0,0,0,0,0,0,0
400268,3,1,0,0,0,0,0,0,0,0,0,0
400269,1,1,0,0,0,0,0,0,0,0,0,0
400270,1,1,0,0,0,0,0,0,0,0,0,0
400271,1,1,12,12,12,12,12,12,12,12,12,12
400271,2,1,0,0,0,0,0,0,0,0,0,0
400272,1,1,0,0,0,0,0,0,0,0,0,0
400273,1,1,0,0,0,0,0,0,0,0,0,0
400273,2,1,0,0,0,0,0,0,0,0,0,0
400273,3,1,0,0,0,0,0,0,0,0,0,0
400273,4,1,0,0,0,0,0,0,0,0,0,0
400273,5,1,0,0,0,0,4,11,0,0,13,0
400274,1,1,3,3,3,3,3,3,3,3,3,3
400274,2,1,0,0,0,0,0,0,0,0,0,0
400275,1,1,33,33,33,33,33,33,33,33,33,33
400276,1,1,0,0,0,0,0,0,0,0,0,0
400276,2,1,0,0,0,0,0,0,0,0,0,0
400277,1,1,24,24,24,24,24,24,24,24,24,24
400277,2,1,0,0,0,0,0,0,0,0,0,0
400278,1,1,0,0,0,0,0,0,0,0,0,0
400279,0,1,31,31,31,31,31,31,31,31,31,31
400279,1,1,0,0,15,0,17,26,14,0,0,0
400280,1,1,36,36,36,36,36,36,36,36,36,36
400281,1,1,0,0,0,0,0,0,0,0,0,0
400282,1,1,0,0,0,0,0,0,0,0,0,0
400283,1,1,0,0,0,0,0,0,0,0,0,0
400283,2,1,0,0,0,0,0,0,0,0,0,0
400284,1,1,4,4,4,4,4,4,4,4,4,4
400284,2,1,0,0,0,0,0,0,0,0,0,0
400285,1,1,0,0,0,0,0,0,0,0,0,0
400286,1,1,0,0,0,0,0,0,0,0,0,0
400286,2,1,0,0,0,0,0,0,0,0,0,0
400287,1,1,0,0,0,0,0,0,0,0,0,0
400288,0,1,0,0,0,0,0,0,0,0,0,0
400288,0,2,0,0,0,0,0,0,0,0,0,0
400288,0,3,0,0,0,0,0,0,0,0,0,0
400288,1,1,0,0,0,0,0,0,0,0,0,0
400289,1,1,0,0,0,0,0,0,0,0,0,0
400290,1,1,0,0,0,0,0,0,0,0,0,0
400290,2,1,0,0,0,0,0,0,0,0,0,0
400290,3,1,0,0,0,0,0,0,0,0,0,0
400291,1,1,23,23,23,23,23,23,23,23,23,23
400291,2,1,0,0,0,0,0,0,0,0,0,0
400292,1,1,0,0,0,0,0,0,0,0,0,0
400293,1,1,0,0,0,0,0,0,0,0,0,0
400293,2,1,0,0,0,0,0,0,0,0,0,0
400294,1,1,0,0,0,0,0,0,0,0,0,0
400295,1,1,18,18,18,18,18,18,18,18,18,18
400296,1,1,0,0,10,0,0,0,0,15,0,14
400297,1,1,0,0,0,0,0,0,0,0,0,0
400297,2,1,0,0,0,0,0,0,0,0,0,0
400298,1,1,0,0,0,0,0,0,0,0,0,0
400299,1,1,0,0,0,0,0,0,0,0,0,0
400300,1,1,0,0,0,0,0,0,0,0,0,0
400301,1,1,0,0,0,0,0,0,0,0,0,0
400301,2,1,0,0,0,0,0,0,0,0,0,0
400302,1,1,23,23,23,23,23,23,23,23,23,23
400303,1,1,0,0,0,0,0,0,0,0,0,0
400304,1,1,0,0,0,0,0,0,0,0,0,0
400304,2,1,0,0,0,0,0,0,0,0,0,0
400305,1,1,0,0,0,0,0,0,0,0,0,0
400305,2,1,0,0,0,0,0,0,0,0,0,0
400306,1,1,0,0,0,0,0,13,0,0,0,0
400307,1,1,0,0,0,0,0,0,0,0,0,0
400307,2,1,0,0,0,0,0,0,0,0,0,0
400308,1,1,0,0,0,0,0,0,0,0,0,0
400308,2,1,0,0,0,0,0,0,0,0,0,0
400309,1,1,0,0,0,0,0,0,0,0,0,0
400309,2,1,0,0,0,0,0,0,0,0,0,0
400310,1,1,0,0,0,0,0,0,0,0,0,0
400311,1,1,0,0,0,0,0,0,0,0,0,0
400311,2,1,0,0,0,0,0,0,0,0,0,0
400311,3,1,0,10,27,0,0,0,5,0,0,0
400312,1,1,0,0,0,0,0,0,0,0,0,0
400312,2,1,0,0,0,0,0,0,0,0,0,0
400313,1,1,21,21,21,21,21,21,21,21,21,21
400314,1,1,20,20,20,20,20,20,20,20,20,20
400314,2,1,0,0,0,0,0,0,0,0,0,0
400314,3,1,0,0,0,0,0,0,9,0,0,7
400315,1,1,11,11,11,11,11,11,11,11,11,11
400316,1,1,14,25,7,14,22,12,18,20,0,8
400317,1,1,14,14,14,14,14,14,14,14,14,14
400317,2,1,0,0,0,0,0,0,20,0,0,0
400318,1,1,0,0,0,0,0,0,0,0,0,0
400318,2,1,0,0,0,0,0,0,0,0,0,0
400319,1,1,0,0,0,0,0,0,0,0,0,0
400319,2,1,0,0,0,0,0,0,0,0,0,0
400320,1,1,0,0,0,0,0,0,0,0,0,0
400320,2,1,22,22,22,22,22,22,22,22,22,22
400321,1,1,0,0,0,12,0,0,0,10,0,0
400321,2,1,22,22,22,22,22,22,22,22,22,22
400322,1,1,0,0,0,0,0,0,0,0,0,0
400323,1,1,2,2,2,2,2,2,2,2,2,2
400324,0,1,0,0,0,0,0,0,0,0,0,0
400324,1,1,0,0,0,0,0,0,0,0,0,0
400325,0,1,13,13,13,13,13,13,13,13,13,13
400325,1,1,13,7,0,0,8,0,0,0,18,23
400326,1,1,13,13,13,13,13,13,13,13,13,13
400326,2,1,0,0,0,0,0,0,0,0,0,0
400327,1,1,0,0,0,0,0,0,0,0,0,0
400328,1,1,16,16,16,16,16,16,16,16,16,16
400329,1,1,0,0,0,0,0,0,0,0,0,0
400330,1,1,0,0,0,0,0,0,0,0,0,0
400331,1,1,0,0,0,0,0,0,0,0,0,0
400331,2,1,0,0,0,0,0,0,0,0,0,0
400332,1,1,0,0,0,0,0,0,0,0,0,0
400333,0,1,0,0,0,0,0,0,0,0,0,0
400333,1,1,7,7,7,7,7,7,7,7,7,7
400334,1,1,0,0,0,0,0,0,0,0,0,0
400335,0,1,0,0,0,0,0,0,0,0,0,0
400335,1,1,0,0,14,0,0,0,0,14,0,12
400336,1,1,12,7,0,22,19,0,16,0,14,16
400337,1,1,10,10,10,10,10,10,10,10,10,10
400338,0,1,0,0,23,0,0,39,0,0,20,0
400338,1,1,0,0,0,0,0,0,0,0,0,0
400338,2,1,0,0,0,0,20,12,0,0,0,0
400339,1,1,8,28,0,20,20,13,16,0,2,0
400340,1,1,7,7,7,7,7,7,7,7,7,7
400340,2,1,0,0,0,0,0,0,0,0,0,0
400341,0,1,0,0,0,0,0,0,0,0,0,0
400341,2,1,28,0,0,0,0,0,0,0,0,0
400342,1,1,20,20,20,20,20,20,20,20,20,20
400343,1,1,0,0,0,0,0,0,0,0,0,0
400344,1,1,0,0,0,0,0,0,0,0,0,0
400344,2,1,0,0,0,0,0,0,0,0,0,0
400345,0,1,0,0,0,0,0,0,0,0,0,0
400345,1,1,0,15,0,0,0,0,0,0,0,0
400346,0,1,0,0,0,0,0,0,0,0,0,0
400346,1,1,0,0,0,0,0,0,11,3,0,0
400347,1,1,25,25,25,25,25,25,25,25,25,25
400348,1,1,0,0,0,0,0,0,0,0,0,0
400349,0,1,0,0,0,0,0,0,0,0,0,0
400349,1,1,0,0,0,0,0,0,0,0,0,0
400350,1,1,0,0,0,0,0,0,0,0,0,0
400350,2,1,0,0,0,0,0,0,0,0,0,0
400351,1,1,0,0,0,0,0,0,0,0,0,0
400352,1,1,0,0,0,0,0,0,0,0,0,0
400353,1,1,0,0,0,0,0,0,0,0,0,0
400353,2,1,0,11,0,0,0,0,0,17,0,0
400354,1,1,15,15,15,15,15,15,15,15,15,15
400355,1,1,31,31,31,31,31,31,31,31,31,31
400355,2,1,0,0,0,0,0,0,0,0,0,0
400356,1,1,0,0,0,0,0,0,0,0,0,0
400356,2,1,0,0,0,0,0,0,0,0,0,0
400356,3,1,0,0,0,0,0,0,5,0,0,0
400356,4,1,0,0,0,0,0,0,0,0,0,0
400356,5,1,0,0,0,0,0,0,0,0,0,0
400357,1,1,0,0,0,0,0,0,0,0,0,0
400357,2,1,0,0,0,0,0,0,0,0,0,0
400357,3,1,0,0,0,0,0,0,0,0,0,0
400358,1,1,0,0,0,0,0,0,0,0,0,0
400358,2,1,0,0,0,0,0,0,0,0,0,0
400358,3,1,0,0,0,0,0,0,0,0,0,0
400359,1,1,0,0,0,0,0,0,0,0,0,0
400359,2,1,0,0,0,0,0,0,0,0,0,0
400360,1,1,28,28,28,28,28,28,28,28,28,28
400361,1,1,0,0,0,0,0,0,0,0,0,0
400361,2,1,9,0,0,0,0,0,0,0,0,0
400361,3,1,0,0,0,15,0,0,0,0,0,0
400362,1,1,19,19,19,19,19,19,19,19,19,19
400363,1,1,0,40,0,5,25,8,0,0,0,16
400364,1,1,0,0,0,0,0,0,0,0,0,0
400365,1,1,0,0,0,0,0,0,0,0,0,0
400366,1,1,0,0,0,0,0,0,0,0,0,0
400367,0,1,0,0,0,0,0,0,0,0,0,0
400367,1,1,15,17,12,0,9,0,21,0,23,7
400368,1,1,0,0,0,0,0,0,0,0,0,0
400369,1,1,12,12,12,12,12,12,12,12,12,12
400370,0,1,0,0,0,0,0,0,0,0,0,0
400370,1,1,0,0,0,0,0,0,11,0,0,11
400371,1,1,0,0,0,0,0,0,0,0,0,0
400372,1,1,0,0,0,0,0,0,0,0,0,0
400372,2,1,0,0,0,0,0,0,0,0,0,0
400373,1,1,27,27,27,27,27,27,27,27,27,27
400374,1,1,0,0,0,0,0,0,0,0,0,0
400375,1,1,4,17,30,36,36,0,6,0,6,23
400375,2,1,0,0,0,0,0,0,0,0,0,0
400376,0,1,0,0,0,0,0,0,0,0,0,0
400376,1,1,0,0,0,0,0,0,0,0,0,0
400377,1,1,13,13,13,13,13,13,13,13,13,13
400378,1,1,19,19,19,19,19,19,19,19,19,19
400379,1,1,0,0,0,0,0,0,0,0,0,0
400380,1,1,0,0,0,0,0,0,0,0,0,0
400380,2,1,0,0,0,0,0,0,0,0,0,0
400381,0,1,0,0,0,0,0,0,0,0,0,0
400381,1,1,0,0,0,0,0,0,0,0,0,0
400382,1,1,0,0,0,0,0,0,0,0,0,0
400383,0,1,18,26,20,7,20,8,12,14,16,22
400383,1,1,0,0,0,0,0,25,0,0,0,0
400384,1,1,0,0,0,0,0,0,0,0,0,0
400384,2,1,0,0,0,0,0,0,0,0,0,0
400385,1,1,0,0,0,0,0,0,0,0,0,0
400386,1,1,0,0,0,0,0,0,0,0,0,0
400387,1,1,33,33,33,33,33,33,33,33,33,33
400387,2,1,0,0,0,0,0,0,0,0,0,0
400388,1,1,0,0,0,0,0,0,0,0,0,0
400389,1,1,0,0,7,0,0,0,0,0,0,14
400390,1,1,40,40,40,40,40,40,40,40,40,40
400391,1,1,0,0,0,0,0,0,0,0,0,0
400392,1,1,0,0,0,0,0,0,0,0,0,0
400392,2,1,0,0,0,0,0,0,0,0,0,0
400393,1,1,0,0,0,0,0,0,0,0,0,0
400393,2,1,0,0,0,0,0,0,0,0,0,0
400394,0,1,0,0,0,0,0,0,0,0,0,0
400394,1,1,0,0,0,0,0,0,0,0,0,0
400395,1,1,9,9,9,9,9,9,9,9,9,9
400396,0,1,18,18,18,18,18,18,18,18,18,18
400396,1,1,0,0,0,11,0,20,0,0,8,21
400397,1,1,0,24,15,0,0,0,0,0,0,56
400398,1,1,0,0,0,0,0,0,0,0,0,0
400398,2,1,26,28,15,19,6,20,11,0,11,8
400399,0,1,0,0,0,0,0,0,0,0,0,0
400399,1,1,42,0,0,9,0,0,0,0,0,7
400400,0,1,19,19,19,19,19,19,19,19,19,19
400400,1,1,0,0,0,0,0,0,0,0,0,0
400401,1,1,0,0,0,0,0,0,0,0,0,0
400402,1,1,0,0,0,0,0,0,0,0,0,0
400402,2,1,7,0,0,0,0,0,0,0,0,0
400403,1,1,0,0,0,0,0,0,0,0,0,0
400403,2,1,0,0,0,0,0,0,0,0,0,0
400404,0,1,0,0,0,0,0,0,0,0,0,0
400404,1,1,14,14,14,14,14,14,14,14,14,14
400405,1,1,0,0,0,0,0,0,0,0,0,0
400405,2,1,0,0,0,0,0,0,0,0,0,0
400406,1,1,0,0,0,0,0,0,0,0,0,0
400406,2,1,0,0,0,0,0,0,0,0,0,0
400407,1,1,15,15,15,15,15,15,15,15,15,15
400408,1,1,0,0,0,0,0,0,0,0,0,0
400408,2,1,0,0,0,0,0,0,0,0,0,0
400409,1,1,0,0,0,0,0,0,0,0,0,0
400409,2,1,0,0,0,0,0,0,0,0,0,0
400410,1,1,0,0,0,0,0,0,0,0,0,0
400410,2,1,0,0,0,0,0,0,0,0,0,0
400410,3,1,0,0,0,0,0,0,0,0,0,0
400411,1,1,0,0,0,0,0,0,0,0,0,0
400411,2,1,0,0,0,0,0,0,0,0,0,0
400412,1,1,0,0,0,0,0,0,0,0,0,0
400412,2,1,0,0,0,0,0,0,0,0,0,0
400413,1,1,0,0,0,0,0,0,0,0,0,0
400413,2,1,0,0,0,0,0,0,0,0,0,0
400413,3,1,0,0,0,0,0,0,0,0,0,0
400414,1,1,12,12,12,12,12,12,12,12,12,12
400414,2,1,0,0,0,0,0,0,0,0,0,0
400415,1,1,18,18,18,18,18,18,18,18,18,18
400416,1,1,0,0,0,0,0,0,0,0,0,0
400416,2,1,0,0,0,0,0,0,0,0,0,0
400417,1,1,24,24,24,24,24,24,24,24,24,24
400418,1,1,0,0,0,0,0,0,0,0,0,0
400419,1,1,0,0,0,0,0,0,0,0,0,0
400420,0,1,23,25,17,13,31,0,18,22,17,14
400420,1,1,0,0,0,0,0,0,0,22,0,0
400421,1,1,0,0,0,0,0,0,0,0,0,0
400421,2,1,0,0,0,37,0,0,0,0,0,0
400422,1,1,8,8,8,8,8,8,8,8,8,8
400423,1,1,0,0,0,0,0,0,0,0,0,0
400423,2,1,0,0,0,0,0,0,0,0,0,0
400424,1,1,0,0,0,0,0,0,0,0,0,0
400425,1,1,0,0,0,0,0,0,0,0,0,0
400425,2,1,0,0,0,0,0,0,0,0,0,0
400425,3,1,0,0,0,0,0,0,0,0,0,0
400425,4,1,8,0,0,0,0,0,0,0,0,0
400426,1,1,21,21,21,21,21,21,21,21,21,21
400427,1,1,0,0,0,0,0,0,0,0,0,0
400428,1,1,0,0,0,0,0,0,0,0,0,0
400429,1,1,0,0,0,0,0,0,0,0,0,0
400429,2,1,0,0,0,0,0,0,0,0,0,0
400430,1,1,20,20,20,20,20,20,20,20,20,20
400431,1,1,26,26,26,26,26,26,26,26,26,26
400432,1,1,0,0,0,0,0,0,0,0,0,0
400432,2,1,0,0,0,0,0,0,0,0,0,0
400433,0,1,26,26,26,26,26,26,26,26,26,26
400433,1,1,0,0,0,31,0,0,0,0,0,0
400434,0,1,0,0,0,0,0,0,0,0,0,0
400434,1,1,0,0,0,0,0,0,0,0,0,0
400434,2,1,15,0,30,6,13,0,0,0,10,7
400435,1,1,0,0,0,0,0,0,0,0,7,0
400435,2,1,0,0,0,0,0,0,0,0,0,0
400436,1,1,0,0,0,0,0,0,0,0,0,0
400437,1,1,29,29,29,29,29,29,29,29,29,29
400438,1,1,19,19,19,19,19,19,19,19,19,19
400439,1,1,0,0,0,0,0,0,0,0,0,0
400440,1,1,0,0,0,0,0,0,0,0,0,0
400440,2,1,0,0,0,0,0,0,0,0,0,0
400442,1,1,0,0,0,0,0,0,0,0,0,0
400442,2,1,0,0,0,0,0,0,0,0,0,0
400443,1,1,0,0,0,0,0,0,0,0,0,0
400444,1,1,27,27,27,27,27,27,27,27,27,27
400445,1,1,0,0,0,0,0,0,0,0,0,0
400446,0,1,7,38,34,7,26,15,28,27,26,19
400446,1,1,0,0,0,0,0,0,0,0,0,0
400447,1,1,0,0,0,0,0,0,0,0,0,0
400448,1,1,0,0,0,0,0,0,0,0,0,0
400448,2,1,0,0,0,0,0,0,0,0,19,0
400449,0,1,0,0,0,0,0,0,0,0,0,0
400449,1,1,0,0,0,0,0,0,0,0,0,0
400450,1,1,0,0,0,0,8,0,0,0,0,0
400450,2,1,0,0,0,0,0,0,0,0,0,0
400451,1,1,0,0,0,0,0,0,0,0,0,0
400451,2,1,28,28,28,28,28,28,28,28,28,28
400452,1,1,0,0,0,0,0,0,0,0,0,0
400453,1,1,0,0,0,0,0,0,0,0,0,0
400453,2,1,0,0,0,0,0,0,0,0,0,0
400454,1,1,0,0,3,0,0,0,5,0,0,0
400455,1,1,0,0,0,0,0,0,0,0,0,0
400455,2,1,0,0,0,0,0,0,0,0,0,0
400456,1,1,16,0,0,0,0,0,0,14,0,0
400457,1,1,0,0,0,0,0,0,0,0,0,0
400457,2,1,0,0,0,0,0,0,0,0,0,0
400458,1,1,31,0,0,0,10,0,0,27,0,0
400458,2,1,0,0,0,0,0,0,0,14,0,3
400459,1,1,0,0,0,0,0,0,0,0,0,0
400460,1,1,0,0,0,0,0,0,0,0,0,0
400460,2,1,0,0,0,0,0,0,0,0,0,0
400461,0,1,0,0,0,0,0,0,0,0,0,0
400461,1,1,9,0,0,0,0,0,12,0,0,20
400462,1,1,0,0,0,0,0,0,0,0,0,0
400463,1,1,9,9,9,9,9,9,9,9,9,9
400464,1,1,0,0,0,0,0,0,0,0,0,0
400464,2,1,0,0,0,3,0,0,0,0,0,0
400465,1,1,0,0,0,0,0,0,0,0,0,0
400466,1,1,22,22,22,22,22,22,22,22,22,22
400467,1,1,10,10,10,10,10,10,10,10,10,10
400468,1,1,0,0,0,0,0,0,0,0,0,0
400468,2,1,0,0,0,0,0,0,0,0,0,0
400469,1,1,29,29,29,29,29,29,29,29,29,29
400469,2,1,0,0,0,0,0,0,0,0,0,0
400469,3,1,0,0,0,0,0,0,0,0,0,0
400469,4,1,0,0,0,0,0,0,0,0,0,0
400469,5,1,0,0,0,0,0,0,0,0,0,0
400469,6,1,0,0,0,0,0,0,0,0,0,0
400470,1,1,36,36,36,36,36,36,36,36,36,36
400470,2,1,0,0,8,0,0,0,0,0,0,0
400471,1,1,0,0,0,0,0,0,0,0,0,0
400472,1,1,0,0,0,0,0,0,0,0,0,0
400472,2,1,0,0,0,0,0,0,0,0,0,0
400473,1,1,0,0,0,0,0,0,0,0,0,0
400474,1,1,0,0,0,0,0,0,0,0,0,0
400475,1,1,14,14,14,14,14,14,14,14,14,14
400475,2,1,0,0,0,0,0,0,0,0,0,0
400476,1,1,0,0,0,0,0,0,0,0,0,0
400476,2,1,0,0,0,0,0,0,0,0,0,0
400477,1,1,0,0,0,0,0,0,0,0,0,0
400477,2,1,0,0,0,0,0,0,0,0,0,0
400478,0,1,13,18,19,19,27,18,10,7,14,14
400478,1,1,0,0,0,0,0,0,0,0,5,0
400479,1,1,16,16,16,16,16,16,16,16,16,16
400480,0,1,0,0,0,0,0,0,0,0,0,0
400480,1,1,0,0,0,0,0,0,0,0,0,0
400481,1,1,0,0,0,0,0,0,0,0,0,0
400481,2,1,0,0,0,0,0,0,0,0,0,0
400482,1,1,12,12,12,12,12,12,12,12,12,12
400483,1,1,0,0,0,0,0,0,0,0,0,0
400483,2,1,0,0,0,0,0,0,0,0,0,0
400484,1,1,0,0,0,0,0,0,0,0,0,0
400484,2,1,0,0,0,0,0,0,0,0,0,0
400485,1,1,0,0,0,0,0,0,0,0,0,0
400485,2,1,0,0,0,0,0,0,0,0,0,0
400485,3,1,0,0,0,0,0,0,0,0,0,0
400486,1,1,0,0,0,0,0,0,0,0,0,0
400486,2,1,21,21,21,21,21,21,21,21,21,21
400487,0,1,0,10,0,0,0,0,0,27,0,0
400487,0,2,0,0,0,0,0,0,0,0,0,0
400487,1,1,0,0,0,0,0,0,0,0,0,0
400488,1,1,15,15,15,15,15,15,15,15,15,15
400489,0,1,27,27,27,27,27,27,27,27,27,27
400489,1,1,0,0,0,0,0,0,0,0,0,0
400490,1,1,0,0,0,0,0,0,0,0,0,0
400491,1,1,0,0,0,0,0,0,0,0,0,0
400491,2,1,0,0,0,0,0,0,0,0,0,0
400492,1,1,0,0,0,0,0,0,0,0,0,0
400493,1,1,0,0,0,0,0,0,0,0,0,0
400493,2,1,0,0,0,0,0,0,0,0,0,0
400493,3,1,0,0,0,0,0,0,0,0,0,0
400494,1,1,12,12,12,12,12,12,12,12,12,12
400495,1,1,26,26,26,26,26,26,26,26,26,26
400496,1,1,0,0,0,0,0,0,0,0,0,0
400496,2,1,0,4,0,0,0,0,0,0,0,0
400497,1,1,0,0,0,0,0,0,0,0,0,0
400498,1,1,0,0,0,0,0,0,0,0,0,0
400499,1,1,24,24,24,24,24,24,24,24,24,24
400500,1,1,0,0,0,0,0,0,0,0,0,0
400500,2,1,0,0,0,0,0,0,0,0,0,0
400501,0,1,18,0,22,22,0,0,0,0,34,21
400501,1,1,0,0,0,0,0,0,0,0,0,0
400502,1,1,21,21,21,21,21,21,21,21,21,21
400503,1,1,0,0,0,0,0,0,0,0,0,0
400503,2,1,0,0,0,0,0,0,0,0,0,0
400504,1,1,0,0,0,0,0,0,0,0,0,0
400504,2,1,0,0,0,0,0,0,0,0,0,0
400505,1,1,17,17,17,17,17,17,17,17,17,17
400506,1,1,11,11,11,11,11,11,11,11,11,11
400507,1,1,24,24,24,24,24,24,24,24,24,24
400507,2,1,0,0,0,0,0,0,0,0,0,0
400508,0,1,0,0,0,0,0,0,0,0,0,0
400508,1,1,0,0,0,0,0,46,0,0,21,13
400509,0,1,21,21,21,21,21,21,21,21,21,21
400509,1,1,0,0,0,0,0,0,0,0,0,0
400510,0,1,25,0,0,0,8,0,0,0,0,44
400510,1,1,8,18,0,5,0,35,0,0,0,15
400511,1,1,0,0,0,0,0,0,0,0,0,0
400512,1,1,19,19,19,19,19,19,19,19,19,19
400512,2,1,0,0,0,0,0,0,0,0,0,0
400513,1,1,0,0,0,0,0,0,0,0,0,0
400513,2,1,0,0,0,0,0,0,0,0,0,0
400514,0,1,0,0,0,0,0,0,0,0,0,0
400514,1,1,0,0,0,0,0,0,0,0,4,0
400515,1,1,0,0,0,0,0,0,0,0,0,0
400516,1,1,0,23,0,0,0,0,0,0,0,0
400517,1,1,0,0,0,0,0,0,0,0,0,0
400517,2,1,0,0,0,0,0,0,0,0,0,0
400519,1,1,0,0,0,0,0,0,0,0,0,0
400519,2,1,13,13,13,13,13,13,13,13,13,13
400520,1,1,18,25,12,18,16,28,19,13,13,14
400521,1,1,0,0,0,0,0,0,0,0,0,0
400522,1,1,0,0,0,0,0,0,0,0,0,0
400522,2,1,0,0,0,0,0,0,0,0,0,0
400522,3,1,0,0,0,0,0,0,0,0,0,0
400522,4,1,0,0,0,0,0,0,0,0,0,0
400523,1,1,0,0,0,0,0,0,0,0,0,0
400524,0,1,0,0,0,0,0,0,0,0,0,0
400524,1,1,0,0,0,0,0,0,0,0,0,0
400525,1,1,19,19,19,19,19,19,19,19,19,19
400526,1,1,0,0,0,0,0,0,0,0,0,0
400527,1,1,0,0,0,0,0,0,0,0,0,0
400528,1,1,0,0,0,0,0,0,0,0,0,0
400529,1,1,0,0,0,0,0,0,0,0,0,0
400530,1,1,25,25,25,25,25,25,25,25,25,25
400531,1,1,0,0,0,0,0,0,0,0,0,0
400531,2,1,0,0,0,0,0,0,0,0,0,0
400533,1,1,0,0,0,0,0,0,0,0,0,0
400533,2,1,0,0,0,0,0,0,0,0,0,0
400535,1,1,0,0,0,16,8,0,0,0,0,0
400535,2,1,0,0,0,26,0,0,0,13,0,0
400536,1,1,10,10,10,10,10,10,10,10,10,10
400536,2,1,0,0,0,0,0,0,0,0,0,0
400537,1,1,0,0,0,0,0,0,0,16,0,0
400537,2,1,0,0,0,0,0,0,0,0,0,0
400538,1,1,0,0,0,0,0,0,0,0,0,0
400539,1,1,0,0,0,0,0,0,0,0,0,0
400539,2,1,0,0,0,0,0,20,0,0,0,0
400540,0,1,0,0,0,0,0,0,0,0,0,0
400540,1,1,26,0,0,0,25,0,0,0,0,0
400541,1,1,0,0,0,0,0,0,0,0,0,0
400542,1,1,0,0,0,0,0,0,0,0,0,0
400543,1,1,0,0,0,0,0,0,0,0,0,0
400543,2,1,0,0,0,0,0,0,0,0,0,0
400544,1,1,25,25,25,25,25,25,25,25,25,25
400545,1,1,0,0,0,0,0,0,0,0,0,0
400545,2,1,0,0,0,0,0,21,0,0,18,0
400546,1,1,25,25,25,25,25,25,25,25,25,25
400547,1,1,20,20,20,20,20,20,20,20,20,20
400547,2,1,0,0,0,0,0,0,0,0,0,0
400548,1,1,0,0,0,0,0,0,0,0,0,0
400548,2,1,0,0,0,0,0,0,0,0,0,0
400549,0,1,24,24,24,24,24,24,24,24,24,24
400549,1,1,0,0,0,0,0,0,0,0,0,0