ST_CASE,VEH_NO,PER_NO,P1,P2,P3,P4,P5,P6,P7,P8,P9,P10
400550,1,1,0,0,0,0,0,0,0,0,0,0
400550,2,1,0,0,0,0,0,0,0,0,0,0
400551,0,1,0,0,0,0,0,0,0,0,0,0
400551,1,1,0,0,0,0,0,0,0,0,19,0
400552,1,1,0,0,0,0,0,0,0,0,0,0
400552,2,1,0,0,0,0,0,0,0,0,0,0
400552,3,1,0,0,0,0,0,0,0,0,0,0
400553,1,1,0,0,0,0,0,0,0,0,0,0
400554,1,1,0,0,0,0,0,0,0,0,0,0
400555,1,1,0,0,0,0,0,0,0,0,0,0
400556,1,1,8,8,8,8,8,8,8,8,8,8
400557,1,1,0,0,0,0,0,0,0,0,0,0
400557,2,1,0,0,0,0,0,0,0,0,0,0
400558,1,1,0,0,0,0,0,0,0,0,0,0
400558,2,1,0,0,0,0,0,0,0,0,0,0
400559,0,1,0,0,0,0,0,0,0,0,0,0
400559,1,1,0,0,0,0,0,0,19,16,29,0
400560,1,1,0,0,0,0,0,0,0,0,0,0
400560,2,1,0,0,0,0,0,0,0,0,0,0
400561,1,1,10,10,10,10,10,10,10,10,10,10
400562,1,1,0,0,0,0,0,0,0,0,0,0
400562,2,1,0,0,0,0,0,0,0,0,0,0
400563,1,1,0,0,0,0,0,0,0,0,0,0
400564,0,1,15,15,15,15,15,15,15,15,15,15
400564,1,1,8,3,19,10,23,0,18,7,13,0
400565,1,1,21,21,21,21,21,21,21,21,21,21
400565,2,1,0,0,0,0,0,0,0,0,0,0
400566,1,1,26,26,26,26,26,26,26,26,26,26
400567,1,1,0,0,0,0,0,0,0,0,0,0
400567,2,1,0,0,0,0,0,0,0,0,0,0
400568,0,1,17,17,17,17,17,17,17,17,17,17
400568,1,1,0,0,0,0,0,0,0,0,0,0
400569,0,1,0,0,0,0,0,0,0,0,16,13
400569,1,1,11,0,33,12,0,0,0,8,0,24
400570,1,1,22,22,22,22,22,22,22,22,22,22
400570,2,1,0,0,0,0,0,0,0,0,0,0
400571,1,1,13,13,13,13,13,13,13,13,13,13
400571,2,1,0,0,0,0,12,0,0,0,0,0
400572,1,1,0,0,0,0,0,0,0,0,0,0
400572,2,1,0,0,0,0,0,0,0,0,0,0
400573,1,1,0,0,0,0,0,0,0,0,0,0
400573,2,1,0,0,0,0,0,0,0,0,0,0
400574,1,1,0,0,0,0,0,0,0,0,0,0
400574,2,1,18,18,18,18,18,18,18,18,18,18
400575,1,1,0,0,0,0,0,0,0,0,0,0
400575,2,1,0,0,0,0,0,0,0,0,0,0
400576,1,1,0,0,0,0,0,0,0,0,0,0
400576,2,1,0,0,0,0,0,0,0,0,0,0
400577,0,1,17,0,11,25,16,0,20,0,0,0
400577,1,1,0,0,0,0,0,0,0,0,12,0
400578,1,1,0,0,0,0,0,0,0,0,0,0
400578,2,1,0,0,0,0,0,0,0,0,0,0
400578,3,1,0,0,0,0,0,0,0,0,0,0
400579,1,1,0,0,0,0,0,0,0,0,0,0
400579,2,1,0,0,0,0,0,0,0,0,0,0
400580,1,1,0,0,0,0,0,0,0,0,0,0
400580,2,1,0,0,0,0,0,0,0,0,0,0
400580,3,1,0,0,0,0,0,20,0,0,0,0
400580,4,1,0,0,0,0,0,0,7,0,0,0
400581,1,1,0,0,0,0,0,0,0,0,0,0
400582,1,1,0,0,0,0,0,0,0,0,0,0
400583,1,1,0,0,0,6,0,0,0,0,0,0
400584,0,1,0,0,0,0,0,0,0,0,0,0
400584,1,1,0,0,0,0,0,0,0,0,0,0
400585,1,1,15,0,0,0,0,0,0,0,0,0
400585,2,1,0,0,0,0,0,0,0,0,0,0
400586,1,1,0,0,0,0,0,0,0,0,0,0
400586,2,1,0,0,0,0,0,0,0,0,0,0
400587,1,1,13,13,13,13,13,13,13,13,13,13
400588,1,1,0,0,0,0,0,0,0,0,0,0
400588,2,1,0,0,0,0,0,0,0,0,0,0
400589,0,1,0,0,0,0,0,0,0,0,0,0
400589,1,1,0,0,0,0,0,0,0,0,0,0
400589,3,1,0,0,0,0,0,0,0,14,7,0
400589,4,1,0,0,0,0,0,0,0,0,0,0
400590,0,1,14,14,14,14,14,14,14,14,14,14
400590,1,1,0,0,0,0,0,0,0,0,0,0
400591,1,1,0,0,11,0,0,0,0,0,0,0
400591,2,1,0,0,0,0,0,0,13,0,0,0
400591,3,1,0,0,0,0,0,0,0,0,0,0
400592,0,1,0,0,0,0,0,0,0,0,0,0
400592,1,1,0,0,0,0,0,0,0,0,0,0
400593,1,1,20,0,0,0,0,0,0,0,0,0
400594,1,1,11,21,11,22,10,11,19,13,0,17
400595,1,1,0,0,0,0,0,0,0,0,0,0
400596,1,1,0,0,0,0,0,0,0,0,0,0
400596,2,1,0,0,0,0,0,0,0,0,0,0
400597,1,1,0,0,0,0,0,0,0,0,0,0
400597,2,1,0,0,16,0,0,20,0,0,0,0
400598,1,1,0,11,0,0,15,24,10,22,41,0
400599,1,1,0,20,7,0,0,0,0,19,14,0
400599,2,1,8,8,8,8,8,8,8,8,8,8
400600,0,1,23,23,23,23,23,23,23,23,23,23
400600,1,1,0,0,0,0,0,0,0,0,0,0
400601,1,1,0,0,0,0,0,0,0,0,0,0
400603,1,1,0,0,0,0,0,0,0,0,0,0
400604,1,1,0,0,0,0,0,0,0,0,0,0
400604,2,1,0,0,0,0,0,0,0,0,0,0
400605,1,1,0,0,0,0,0,0,0,0,0,0
400605,2,1,0,0,0,0,0,0,0,0,0,0
400606,0,1,0,0,0,0,0,0,0,0,0,0
400606,1,1,0,24,0,0,0,0,0,19,0,0
400607,1,1,0,28,24,0,0,10,0,0,0,0
400608,1,1,0,0,0,0,0,0,0,0,0,0
400608,2,1,0,0,0,0,0,0,0,0,0,0
400609,0,1,0,0,15,0,0,0,15,0,0,0
400609,1,1,0,0,0,0,0,0,0,0,21,0
400610,1,1,0,0,10,0,0,0,0,0,0,0
400610,2,1,0,0,0,0,0,0,0,0,0,0
400611,0,1,0,0,0,0,0,0,0,0,0,0
400611,1,1,0,0,0,0,0,0,0,0,12,0
400612,1,1,0,0,0,0,0,0,0,0,0,0
400612,2,1,0,0,0,0,0,0,0,0,0,0
400613,1,1,0,0,0,0,7,0,0,0,0,0
400613,2,1,0,0,0,23,0,0,0,0,0,0
400614,1,1,0,0,0,0,0,0,0,0,0,0
400614,2,1,0,0,0,0,0,0,0,0,0,0
400615,1,1,0,9,0,20,0,0,11,20,0,5
400615,2,1,0,0,0,0,0,0,0,0,0,0
400616,0,1,0,0,0,0,0,0,0,0,0,0
400616,1,1,0,0,0,0,0,0,0,0,0,0
400617,1,1,0,0,0,0,0,0,0,0,0,0
400617,2,1,0,0,0,0,0,0,0,0,0,0
400617,3,1,0,0,0,0,0,0,0,0,0,0
400617,4,1,0,0,0,0,0,0,7,0,0,0
410001,1,1,31,31,31,31,31,31,31,31,31,31
410002,1,1,0,0,0,0,0,0,0,0,0,0
410003,1,1,0,0,0,0,0,0,0,0,0,0
410003,2,1,0,0,0,0,0,0,0,0,0,0
410004,1,1,0,0,0,0,0,0,0,0,0,0
410004,2,1,0,0,0,0,0,0,0,0,0,0
410005,1,1,0,0,0,0,0,0,0,0,0,0
410005,2,1,0,0,0,0,0,0,0,0,0,0
410006,0,1,0,0,0,0,0,0,0,0,0,0
410006,1,1,0,0,0,0,0,0,0,0,0,0
410008,0,1,0,0,0,26,0,0,0,35,0,0
410008,1,1,0,0,0,0,0,0,0,0,0,0
410009,0,1,0,0,0,0,0,0,0,0,6,18
410009,1,1,0,0,0,0,0,0,0,0,0,0
410010,0,1,0,0,0,0,0,0,0,0,0,0
410010,1,1,0,0,0,0,0,0,0,0,0,0
410011,1,1,0,0,0,0,0,0,0,0,0,0
410012,1,1,0,0,0,0,0,0,0,0,0,0
410012,2,1,0,0,0,0,0,0,0,0,0,0
410013,1,1,0,0,0,0,0,0,0,0,0,0
410013,2,1,0,0,0,0,0,0,0,0,0,0
410014,0,1,0,0,0,0,0,26,15,0,0,0
410014,1,1,0,0,0,0,0,0,0,0,0,0
410015,1,1,0,0,0,0,0,0,0,0,0,0
410017,0,1,26,26,26,26,26,26,26,26,26,26
410017,1,1,0,0,0,0,0,0,0,0,0,0
410018,1,1,2,2,2,2,2,2,2,2,2,2
410019,1,1,0,0,0,0,0,0,0,0,0,0
410019,2,1,0,0,14,0,0,0,30,0,0,5
410020,1,1,0,0,0,0,0,0,0,0,0,0
410021,0,1,1,1,1,1,1,1,1,1,1,1
410021,1,1,8,0,0,0,0,0,0,0,0,0
410022,1,1,0,0,0,0,0,0,0,0,0,0
410022,2,1,0,0,0,0,0,0,0,0,0,0
410022,3,1,0,0,19,0,0,0,0,0,0,0
410023,1,1,0,0,0,0,0,0,0,0,0,0
410023,2,1,0,0,0,0,0,0,0,0,0,0
410024,0,1,0,0,0,0,0,0,0,0,0,0
410024,1,1,0,0,0,0,0,0,0,0,0,0
410025,1,1,20,20,20,20,20,20,20,20,20,20
410026,0,1,24,24,24,24,24,24,24,24,24,24
410026,1,1,0,0,0,0,0,0,0,0,0,0
410027,0,1,0,0,0,0,0,0,0,0,0,0
410027,1,1,0,0,0,0,0,0,0,0,0,0
410028,1,1,17,17,17,17,17,17,17,17,17,17
410029,1,1,0,0,0,0,0,0,0,0,0,0
410029,2,1,0,0,0,0,0,0,0,0,0,0
410029,3,1,0,13,0,0,12,0,34,26,20,0
410030,1,1,0,0,0,0,0,0,0,0,0,12
410030,2,1,0,0,0,0,0,0,0,0,0,0
410031,1,1,0,12,0,0,0,0,0,0,0,0
410032,1,1,0,0,0,0,0,0,0,0,0,0
410032,2,1,0,0,0,0,0,0,0,0,0,0
410033,1,1,0,0,0,0,0,0,0,12,0,0
410034,0,1,18,15,0,6,11,0,31,37,0,14
410034,1,1,0,0,0,0,0,0,0,0,0,0
410035,0,1,7,7,7,7,7,7,7,7,7,7
410035,1,1,0,0,0,0,0,0,0,0,0,0
410036,1,1,0,6,0,0,0,0,5,0,4,12
410037,1,1,15,8,0,42,10,13,9,31,11,25
410037,2,1,0,0,0,0,0,0,0,0,0,0
410038,0,1,0,0,0,0,0,0,0,0,0,0
410038,1,1,0,0,0,0,0,0,13,0,0,0
410039,0,1,0,0,0,0,0,0,0,0,0,0
410039,1,1,0,0,0,0,0,0,0,0,0,0
410040,1,1,21,21,21,21,21,21,21,21,21,21
410040,2,1,0,0,0,0,0,0,0,0,0,0
410041,1,1,0,0,0,0,0,0,0,0,0,0
410042,0,1,0,0,0,0,0,0,0,0,0,0
410042,1,1,0,0,0,0,0,0,0,0,0,0
410043,1,1,0,0,0,0,0,0,0,0,0,0
410043,2,1,0,11,0,0,0,0,0,0,0,0
410044,1,1,10,10,10,10,10,10,10,10,10,10
410044,2,1,0,0,0,0,0,0,0,0,0,0
410045,1,1,0,0,0,0,0,0,0,0,0,0
410046,1,1,0,34,0,0,0,0,0,11,0,0
410047,0,1,0,0,0,0,0,0,0,0,0,0
410047,1,1,0,0,0,0,0,0,0,0,0,0
410048,1,1,24,24,24,24,24,24,24,24,24,24
410049,1,1,0,27,0,0,0,18,0,0,0,0
410050,1,1,0,0,0,0,0,0,0,0,0,24
410051,0,1,0,0,0,0,0,0,0,0,0,0
410051,1,1,0,0,0,0,0,0,0,21,0,0
410052,1,1,24,17,0,0,0,0,0,0,0,0
410052,2,1,0,0,0,0,0,0,0,0,0,0
410053,0,1,0,0,0,10,0,32,0,15,20,14
410053,1,1,20,20,20,20,20,20,20,20,20,20
410054,1,1,0,0,0,0,0,0,0,0,21,4
410054,2,1,0,0,0,0,0,0,0,0,0,0
410055,1,1,20,20,20,20,20,20,20,20,20,20
410055,2,1,0,0,0,0,0,0,0,0,0,0
410056,1,1,13,13,13,13,13,13,13,13,13,13
410056,2,1,0,0,0,0,0,0,0,22,0,0
410057,0,1,0,28,0,0,11,0,0,14,0,0
410057,1,1,0,0,0,0,0,0,0,0,0,0
410058,1,1,15,15,15,15,15,15,15,15,15,15
410059,1,1,0,0,0,0,28,0,0,0,4,0
410059,2,1,5,5,5,5,5,5,5,5,5,5
410060,1,1,0,0,0,0,0,0,0,0,0,0
410060,2,1,0,0,0,0,0,0,0,0,0,0
410060,3,1,0,0,0,0,0,0,0,0,0,0
410060,4,1,0,0,0,0,0,0,0,0,0,0
410060,5,1,0,0,0,0,0,0,0,0,0,0
410061,0,1,0,0,0,0,0,0,0,0,0,0
410061,1,1,0,0,0,0,0,0,0,0,0,0
410062,1,1,0,0,0,0,0,0,0,0,0,0
410062,2,1,0,0,0,0,0,0,0,0,0,0
410063,1,1,0,0,0,0,0,0,0,0,0,0
410063,2,1,0,0,0,0,0,0,7,0,14,0
410063,3,1,0,0,0,0,0,0,0,0,0,0
410064,1,1,8,8,8,8,8,8,8,8,8,8
410065,1,1,0,0,0,0,0,0,0,0,0,0
410065,2,1,0,0,0,0,0,0,0,0,0,0
410066,1,1,17,17,17,17,17,17,17,17,17,17
410067,1,1,0,0,0,0,0,0,0,0,0,0
410068,1,1,0,0,0,0,0,0,0,0,0,0
410069,1,1,0,0,19,19,0,0,0,0,21,0
410070,1,1,39,39,39,39,39,39,39,39,39,39
410070,2,1,0,0,0,0,0,0,0,0,0,0
410071,1,1,0,0,0,0,0,0,0,0,0,0
410071,2,1,0,0,0,0,0,0,0,0,0,0
410072,1,1,5,9,0,0,14,13,0,0,17,0
410072,2,1,0,0,0,0,0,0,0,0,0,0
410073,1,1,0,0,0,0,0,19,0,0,0,0
410073,2,1,0,0,0,0,0,0,0,0,0,0
410074,1,1,0,0,0,0,0,0,0,0,0,0
410074,2,1,0,0,0,0,0,0,0,0,0,0
410075,1,1,0,0,0,0,0,0,0,0,0,0
410075,2,1,0,0,0,0,0,0,0,0,0,0
410075,3,1,0,0,0,0,0,0,0,0,0,0
410076,0,1,0,0,0,0,0,0,0,0,0,0
410076,1,1,0,0,0,0,0,0,0,0,0,0
410077,1,1,0,0,0,17,10,17,0,0,0,4
410078,1,1,10,10,10,10,10,10,10,10,10,10
410079,1,1,0,0,16,0,0,0,20,0,0,0
410080,1,1,0,0,0,0,0,0,0,0,0,0
410080,2,1,0,0,0,0,0,0,0,0,0,0
410081,1,1,0,0,0,0,0,0,0,0,0,0
410082,1,1,0,0,0,0,0,0,0,0,0,0
410082,2,1,15,0,0,8,0,0,0,0,0,0
410083,0,1,0,0,0,0,0,0,0,0,0,0
410083,1,1,0,0,0,0,0,0,0,0,0,0
410084,1,1,0,0,0,10,0,12,0,8,14,0
410084,2,1,0,0,0,0,0,0,0,0,0,12
410085,1,1,23,23,23,23,23,23,23,23,23,23
410086,0,1,9,9,9,9,9,9,9,9,9,9
410086,1,1,24,8,25,15,13,0,0,19,22,0
410087,1,1,0,0,0,0,0,0,0,0,0,0
410087,2,1,0,0,0,0,0,0,0,0,20,0
410087,3,1,0,0,0,0,0,0,0,0,0,0
410088,1,1,0,0,0,0,0,0,0,0,0,0
410088,2,1,0,20,0,0,0,0,0,0,0,0
410089,1,1,20,14,0,0,33,0,21,32,0,23
410090,1,1,9,9,9,9,9,9,9,9,9,9
410090,2,1,0,0,0,0,0,0,0,0,0,0
410091,1,1,16,29,7,16,15,0,0,22,34,28
410092,1,1,0,0,0,0,0,0,0,0,0,0
410093,0,1,0,0,0,0,0,0,0,0,0,0
410093,1,1,0,0,0,0,0,0,0,0,0,0
410094,1,1,1,1,1,1,1,1,1,1,1,1
410095,0,1,0,19,0,10,12,0,0,0,0,0
410095,1,1,0,0,0,0,0,0,0,0,0,0
410096,1,1,30,30,30,30,30,30,30,30,30,30
410097,1,1,0,0,0,0,0,0,0,0,0,0
410097,2,1,0,0,0,0,0,0,0,0,0,0
410097,3,1,0,0,0,0,0,0,0,0,0,0
410098,1,1,0,0,0,0,0,0,0,0,0,0
410098,2,1,0,0,0,0,0,0,0,0,0,0
410099,1,1,0,0,0,0,0,0,0,0,0,0
410100,1,1,0,0,0,0,0,0,0,0,0,0
410101,1,1,10,10,10,10,10,10,10,10,10,10
410101,2,1,0,0,0,0,0,0,4,0,0,0
410102,1,1,17,17,17,17,17,17,17,17,17,17
410103,0,1,0,0,0,0,0,0,0,0,0,0
410103,1,1,23,0,0,0,0,0,0,0,0,0
410104,1,1,0,0,0,0,0,0,0,0,0,0
410104,2,1,0,0,0,0,0,0,0,0,0,0
410105,1,1,0,0,1,0,0,24,16,0,0,0
410105,2,1,0,0,0,0,0,0,16,0,0,0
410106,1,1,0,0,0,0,0,0,0,0,17,0
410106,2,1,0,0,0,0,0,0,0,0,0,0
410106,3,1,0,0,0,0,0,0,0,0,0,0
410107,0,1,17,0,10,15,26,0,36,0,12,20
410107,1,1,2,2,2,2,2,2,2,2,2,2
410108,1,1,18,18,18,18,18,18,18,18,18,18
410109,1,1,0,0,17,0,0,0,0,0,0,0
410109,2,1,0,0,0,0,0,0,0,0,0,0
410110,1,1,6,0,0,0,0,17,0,0,27,0
410110,2,1,0,0,0,0,0,0,0,0,0,0
410111,1,1,0,20,0,0,0,0,0,0,0,0
410112,1,1,0,0,0,0,0,0,0,0,0,0
410113,1,1,0,0,0,17,0,20,0,17,18,20
410114,1,1,20,0,17,0,13,18,19,0,9,0
410115,0,1,0,0,0,0,0,0,2,0,0,0
410115,0,2,0,0,29,17,0,27,0,0,0,0
410115,1,1,0,0,0,0,0,0,0,0,0,0
410116,1,1,13,0,18,0,10,6,10,0,0,0
410116,2,1,0,0,0,0,0,0,0,0,0,0
410117,1,1,0,0,0,0,0,0,0,0,0,0
410117,2,1,0,0,0,0,0,0,0,0,0,0
410118,0,1,0,0,0,0,0,0,0,0,0,0
410118,0,2,0,0,0,0,0,0,0,0,0,0
410118,0,3,0,0,0,0,0,0,62,0,0,0
410118,1,1,25,25,25,25,25,25,25,25,25,25
410120,1,1,13,13,13,13,13,13,13,13,13,13
410121,1,1,18,0,4,0,0,10,0,0,0,0
410121,2,1,0,0,0,0,0,0,0,0,0,0
410122,1,1,0,0,0,0,0,0,0,0,0,0
410122,2,1,0,0,0,0,0,0,0,0,0,0
410122,3,1,0,0,0,0,0,0,0,0,0,0
410122,4,1,0,0,0,0,0,0,0,0,0,0
410123,1,1,0,0,0,0,0,14,13,0,0,0
410124,1,1,0,0,0,0,0,0,0,0,0,0
410125,0,1,0,0,0,0,0,0,0,0,0,0
410125,1,1,0,0,0,0,0,0,0,0,0,0
410126,1,1,0,0,0,0,0,0,0,18,0,0
410127,1,1,0,0,0,0,0,0,0,0,0,0
410127,2,1,0,0,0,0,0,0,0,0,0,0
410128,1,1,22,6,7,0,23,24,23,8,0,31
410129,1,1,0,0,0,0,0,0,0,0,7,0
410130,1,1,12,12,12,12,12,12,12,12,12,12
410130,2,1,0,0,0,0,0,0,0,0,0,0
410131,1,1,0,0,0,0,0,0,0,0,0,0
410132,1,1,6,6,6,6,6,6,6,6,6,6
410133,0,1,0,0,0,0,0,0,0,0,0,0
410133,1,1,0,0,0,0,0,0,0,0,0,0
410134,1,1,0,0,0,0,0,0,0,0,0,0
410134,2,1,0,0,0,0,0,0,0,0,0,0
410134,3,1,0,0,0,0,0,0,0,0,0,19
410135,1,1,24,0,6,15,26,7,25,24,13,26
410136,1,1,0,0,0,0,0,0,0,0,0,0
410137,1,1,16,16,16,16,16,16,16,16,16,16
410138,0,1,0,0,0,0,0,0,0,0,0,0
410138,1,1,0,0,0,25,0,0,0,0,0,0
410139,1,1,0,0,0,0,0,0,0,0,0,0
410140,1,1,13,0,16,0,0,29,0,0,0,19
410140,2,1,0,0,0,0,14,0,0,2,5,0
410141,1,1,64,64,64,64,64,64,64,64,64,64
410142,1,1,0,0,0,0,0,0,0,0,0,0
410142,2,1,0,0,0,0,0,0,0,4,8,0
410143,1,1,10,13,0,0,21,10,0,15,0,22
410144,1,1,0,0,0,0,0,0,0,0,0,0
410144,2,1,0,0,0,0,0,0,0,0,0,0
410145,1,1,0,0,0,0,0,0,0,0,0,0
410146,1,1,0,0,22,0,0,0,0,0,0,0
410147,0,1,0,0,0,0,0,0,0,0,21,0
410147,1,1,0,12,0,0,0,0,0,0,0,0
410148,1,1,10,10,10,10,10,10,10,10,10,10
410149,1,1,0,0,0,0,0,0,0,0,0,0
410149,2,1,0,0,0,0,0,0,0,0,0,0
410150,1,1,2,2,2,2,2,2,2,2,2,2
410151,1,1,0,0,0,0,0,0,0,0,0,0
410152,1,1,0,0,11,0,0,0,4,24,0,0
410153,1,1,0,0,0,0,0,0,0,0,0,0
410153,2,1,0,0,0,0,0,0,0,0,0,0
410153,3,1,0,0,0,0,0,0,9,0,0,0
410153,4,1,0,0,0,0,0,0,0,0,0,0
410154,1,1,42,42,42,42,42,42,42,42,42,42
410155,1,1,0,0,0,0,0,0,0,0,0,0
410155,2,1,0,0,0,0,0,0,0,0,0,0
410156,1,1,0,0,0,0,0,0,0,0,0,0
410157,1,1,0,0,0,0,0,0,0,0,0,0
410157,2,1,0,0,0,0,0,20,0,0,16,0
410157,3,1,0,0,0,0,0,0,0,0,0,0
410158,1,1,0,0,0,0,0,0,0,0,0,0
410158,2,1,0,0,0,0,0,0,0,0,0,0
410159,1,1,14,14,14,14,14,14,14,14,14,14
410159,2,1,0,0,0,23,11,0,0,20,0,0
410160,0,1,0,0,0,0,0,0,0,0,0,0
410160,1,1,0,0,0,0,0,0,0,0,0,0
410161,1,1,0,0,0,0,0,0,0,0,0,0
410161,2,1,0,0,0,0,0,0,0,0,0,0
410162,1,1,3,3,3,3,3,3,3,3,3,3
410162,2,1,0,0,0,0,0,0,0,0,0,0
410162,3,1,0,0,0,0,0,0,0,0,0,0
410163,1,1,7,7,7,7,7,7,7,7,7,7
410163,2,1,0,0,0,0,0,0,0,0,0,0
410164,1,1,25,25,25,25,25,25,25,25,25,25
410164,2,1,0,0,0,0,0,0,0,0,0,0
410165,1,1,0,0,0,0,0,0,0,0,0,0
410166,1,1,17,17,17,17,17,17,17,17,17,17
410167,1,1,0,0,0,0,0,0,0,0,12,0
410168,0,1,3,3,3,3,3,3,3,3,3,3
410168,1,1,4,15,15,17,17,4,15,3,22,0
410169,1,1,0,0,0,0,9,0,0,25,8,0
410169,2,1,0,0,0,0,0,0,0,0,0,0
410170,1,1,0,0,0,0,0,0,0,0,0,0
410170,2,1,0,0,0,0,0,0,0,0,0,0
410171,1,1,22,0,0,0,0,0,0,0,0,0
410171,2,1,0,0,0,0,0,0,0,0,0,0
410172,1,1,3,3,3,3,3,3,3,3,3,3
410174,1,1,25,25,25,25,25,25,25,25,25,25
410175,1,1,21,21,21,21,21,21,21,21,21,21
410176,0,1,18,18,18,18,18,18,18,18,18,18
410176,1,1,0,0,0,0,0,0,0,0,0,0
410177,1,1,0,0,0,0,0,0,0,0,0,0
410177,2,1,0,0,0,6,0,0,0,0,0,0
410178,1,1,0,0,0,0,0,0,0,0,0,0
410178,2,1,0,0,0,0,0,0,0,0,0,0
410179,1,1,6,6,6,6,6,6,6,6,6,6
410180,1,1,0,0,0,0,0,0,0,0,0,0
410180,2,1,0,0,0,0,0,0,0,0,0,0
410181,1,1,11,16,28,18,14,14,0,13,0,9
410182,1,1,0,0,0,0,0,0,0,0,0,0
410183,1,1,0,0,0,0,0,0,0,0,7,0
410184,1,1,0,0,0,0,0,0,0,0,0,0
410185,1,1,28,28,28,28,28,28,28,28,28,28
410186,1,1,16,16,16,16,16,16,16,16,16,16
410186,2,1,0,0,0,18,0,0,0,0,0,0
410187,1,1,0,0,0,0,0,0,0,0,0,0
410188,1,1,0,0,0,0,0,0,0,0,0,0
410188,2,1,0,0,0,0,0,0,0,0,0,0
410189,1,1,0,0,0,0,0,0,0,0,0,0
410191,1,1,0,0,0,0,0,0,0,0,0,0
410192,1,1,4,0,0,0,0,0,0,0,0,0
410192,2,1,0,0,0,0,0,0,0,0,0,0
410193,1,1,0,0,0,0,0,0,0,0,0,0
410193,2,1,0,0,8,3,0,0,0,6,0,0
410193,3,1,0,0,9,8,0,5,0,18,0,0
410193,4,1,10,4,0,23,0,19,8,0,12,16
410193,5,1,0,5,13,12,2,21,0,0,0,8
410193,6,1,0,21,0,0,5,0,0,0,0,5
410193,7,1,0,21,7,27,0,34,0,0,0,0
410193,8,1,0,11,0,0,5,12,14,0,6,0
410193,9,1,0,16,0,14,13,0,16,9,11,17
410193,10,1,0,0,13,0,0,14,0,0,15,18
410194,1,1,0,0,0,0,0,0,0,0,0,0
410195,1,1,0,0,0,0,0,0,0,0,0,0
410196,0,1,0,0,10,25,22,25,0,0,12,22
410196,1,1,0,0,0,0,0,0,16,0,24,0
410197,1,1,0,0,9,0,0,0,0,0,0,0
410197,2,1,0,0,13,0,10,0,0,0,0,8
410198,1,1,16,16,16,16,16,16,16,16,16,16
410199,1,1,0,0,0,0,0,0,0,0,0,0
410200,1,1,0,0,0,0,0,0,0,0,0,0
410201,1,1,24,24,24,24,24,24,24,24,24,24
410202,1,1,0,0,16,0,0,13,0,0,18,0
410202,2,1,0,10,0,0,14,0,19,10,23,0
410203,1,1,0,0,0,0,0,0,0,0,0,0
410203,2,1,0,0,0,0,0,0,0,0,0,0
410204,1,1,12,24,11,15,34,0,0,19,19,0
410205,0,1,20,20,20,20,20,20,20,20,20,20
410205,1,1,0,0,0,0,0,0,0,0,0,0
410206,1,1,0,0,0,0,0,0,0,0,0,0
410206,2,1,0,0,0,0,0,0,0,0,0,0
410207,0,1,0,0,0,0,0,0,0,0,0,0
410207,1,1,18,0,12,0,12,0,19,0,12,0
410208,1,1,19,19,19,19,19,19,19,19,19,19
410209,1,1,0,0,27,0,37,7,0,0,0,0
410209,2,1,0,0,0,0,0,0,0,0,0,0
410210,1,1,10,10,10,10,10,10,10,10,10,10
410211,0,1,0,0,0,0,0,0,0,0,0,0
410211,1,1,0,0,0,0,0,0,0,0,0,0
410211,2,1,0,0,0,0,0,0,0,0,0,0
410211,3,1,0,0,0,0,0,0,0,0,0,0
410212,1,1,0,0,0,0,0,0,0,0,0,0
410212,2,1,13,13,13,13,13,13,13,13,13,13
410213,0,1,6,0,0,0,0,0,0,0,0,0
410213,1,1,24,24,24,24,24,24,24,24,24,24
410213,2,1,1,1,1,1,1,1,1,1,1,1
410214,1,1,0,0,0,0,0,0,0,0,0,0
410214,2,1,0,0,0,0,0,0,0,0,0,0
410215,1,1,21,21,21,21,21,21,21,21,21,21
410215,2,1,0,0,0,0,0,13,0,31,0,0
410216,1,1,0,31,12,0,12,33,21,0,0,0
410217,1,1,0,0,0,0,0,0,0,0,0,0
410218,1,1,0,0,0,0,0,0,0,0,0,0
410218,2,1,29,0,0,0,0,7,0,0,0,0
410218,3,1,0,0,0,0,0,0,0,0,0,15
410219,1,1,24,0,7,20,0,0,0,0,0,13
410220,1,1,0,0,0,22,0,0,0,0,0,0
410221,1,1,0,15,7,0,0,0,0,15,0,0
410222,1,1,0,0,0,0,0,0,0,0,0,0
410223,0,1,0,19,17,20,0,0,18,0,0,0
410223,1,1,0,0,0,0,0,0,20,0,0,0
410224,1,1,24,24,24,24,24,24,24,24,24,24
410225,1,1,0,0,0,0,0,0,0,0,0,0
410225,2,1,0,0,0,0,0,0,0,0,0,0
410226,0,1,0,19,0,21,0,8,0,0,0,0
410226,1,1,0,0,13,0,0,0,0,0,0,0
410227,1,1,0,0,0,0,0,0,0,0,0,0
410227,2,1,0,0,4,12,0,0,0,0,0,0
410227,3,1,0,0,0,0,0,0,0,0,0,0
410228,1,1,0,0,0,0,0,0,0,0,0,0
410229,1,1,0,0,0,0,0,0,0,13,0,0
410229,2,1,0,0,0,0,0,0,0,0,0,0
410230,1,1,34,0,0,0,0,0,0,0,0,11
410230,2,1,0,0,0,0,0,0,10,0,0,0
410231,1,1,0,0,11,0,16,18,28,20,16,10
410231,2,1,0,0,22,0,0,13,0,0,0,33
410232,0,1,16,0,0,0,0,0,0,10,26,15
410232,1,1,0,0,0,0,0,0,0,0,0,0