ST_CASE,VEH_NO,PER_NO,P1,P2,P3,P4,P5,P6,P7,P8,P9,P10
410233,1,1,0,0,0,0,0,0,0,0,0,0
410234,1,1,13,0,0,0,4,12,8,0,15,0
410234,2,1,0,0,0,0,0,0,0,0,0,0
410235,1,1,0,0,0,0,0,0,0,0,0,0
410235,2,1,0,0,0,0,0,0,0,0,0,0
410235,3,1,0,0,15,0,0,0,0,0,0,0
410236,1,1,0,0,0,0,0,0,0,0,0,20
410237,1,1,0,0,0,0,0,0,0,0,0,0
410238,1,1,0,0,0,0,0,0,0,0,0,0
410239,1,1,0,0,0,0,0,0,0,0,25,10
410240,1,1,17,11,10,0,0,0,7,11,9,11
410240,2,1,0,0,0,0,0,14,0,0,0,0
410241,1,1,21,21,21,21,21,21,21,21,21,21
410241,2,1,0,0,0,0,0,0,0,0,0,0
410242,1,1,0,0,22,0,25,0,0,6,0,0
410243,1,1,17,17,17,17,17,17,17,17,17,17
410244,1,1,24,24,0,0,17,22,0,27,0,15
410245,1,1,0,0,0,28,0,0,0,0,0,0
410245,2,1,0,0,0,0,0,0,0,18,0,0
410246,0,1,0,0,0,0,0,0,0,0,0,0
410246,1,1,0,31,0,0,0,0,0,0,0,12
410247,1,1,0,0,0,0,0,0,12,0,0,0
410247,2,1,0,0,0,0,0,0,0,0,0,0
410248,1,1,12,12,12,12,12,12,12,12,12,12
410249,1,1,0,10,7,0,11,0,7,0,15,0
410250,1,1,0,0,0,0,0,0,0,0,0,0
410250,2,1,5,0,0,0,0,0,0,13,0,0
410251,1,1,24,24,24,24,24,24,24,24,24,24
410251,2,1,0,0,0,0,0,0,0,0,0,0
410252,0,1,0,0,0,0,21,0,0,35,8,9
410252,1,1,0,0,0,0,20,0,0,0,0,0
410253,1,1,22,22,22,22,22,22,22,22,22,22
410254,1,1,16,16,16,16,16,16,16,16,16,16
410255,0,1,0,0,32,13,13,16,0,6,0,17
410255,1,1,0,0,0,0,0,0,0,0,0,0
410256,1,1,22,22,22,22,22,22,22,22,22,22
410257,1,1,18,18,18,18,18,18,18,18,18,18
410258,1,1,0,0,0,0,0,0,0,0,0,27
410258,2,1,0,10,0,0,0,0,0,0,0,0
410259,1,1,0,10,0,27,9,0,0,12,0,0
410260,1,1,0,0,0,0,0,0,0,0,0,0
410261,1,1,8,8,8,8,8,8,8,8,8,8
410261,2,1,0,0,0,0,0,0,15,0,0,0
410262,1,1,16,16,16,16,16,16,16,16,16,16
410263,1,1,12,7,16,11,19,8,19,24,20,22
410264,1,1,0,17,0,3,0,4,0,10,25,0
410265,0,1,0,0,0,0,0,0,0,0,0,0
410265,1,1,0,0,0,0,0,0,0,0,0,0
410266,1,1,4,16,0,19,9,0,0,32,0,16
410267,1,1,0,0,0,0,15,16,0,27,0,0
410268,1,1,9,0,0,0,0,0,0,30,9,0
410269,0,1,0,0,4,13,0,0,0,0,0,10
410269,1,1,0,0,0,0,0,0,0,0,0,0
410270,1,1,11,13,15,0,32,12,17,0,0,0
410271,0,1,27,27,27,27,27,27,27,27,27,27
410271,1,1,0,0,0,0,0,0,25,0,0,0
410272,1,1,0,0,0,0,0,0,0,0,0,0
410272,2,1,0,0,0,0,0,0,14,0,0,0
410273,1,1,22,0,0,0,0,0,0,0,0,0
410273,2,1,0,0,6,0,0,0,0,0,0,0
410274,1,1,0,17,0,0,0,13,0,0,0,0
410274,2,1,0,0,0,0,0,0,0,0,0,0
410275,1,1,0,0,0,0,0,0,0,0,0,32
410275,2,1,0,0,0,0,0,0,0,0,0,0
410276,0,1,0,0,0,0,0,0,0,0,0,0
410276,1,1,14,11,23,0,0,5,0,0,0,32
410277,1,1,0,0,0,0,0,0,0,0,0,0
410277,2,1,0,13,0,0,0,0,0,0,0,0
410278,0,1,0,0,0,19,0,0,0,0,0,0
410278,1,1,0,0,0,0,0,0,0,0,0,0
410279,1,1,0,0,0,0,0,0,0,0,0,0
410279,2,1,0,0,0,0,0,0,0,0,0,0
410280,1,1,0,0,0,0,0,0,0,5,0,0
410280,2,1,0,0,0,0,0,0,0,0,0,0
410281,1,1,0,0,0,0,0,0,0,0,0,0
410281,2,1,0,0,0,0,0,0,0,0,0,0
410282,1,1,0,0,24,9,0,0,0,5,0,0
410283,1,1,0,12,18,2,11,9,18,15,13,10
410284,0,1,0,46,0,0,0,0,0,8,8,22
410284,1,1,0,0,0,0,0,0,0,0,0,0
410285,1,1,0,0,0,18,11,0,18,0,0,21
410285,2,1,6,11,0,0,0,0,0,0,15,0
410286,0,1,16,0,0,0,0,0,0,0,0,17
410286,1,1,0,0,0,0,32,0,6,0,8,0
410287,0,1,0,3,8,40,26,0,29,22,0,29
410287,1,1,0,20,0,19,0,16,0,18,12,21
410288,0,1,0,0,0,0,0,0,0,0,0,0
410288,1,1,0,0,0,0,0,0,0,0,0,0
410289,1,1,25,10,22,11,0,0,0,31,16,0
410290,1,1,0,0,0,0,0,7,0,0,0,0
410290,2,1,0,0,0,0,0,0,0,0,0,0
410291,1,1,23,23,23,23,23,23,23,23,23,23
410291,2,1,0,0,0,0,0,0,0,0,0,0
410292,1,1,0,0,0,0,0,0,0,0,0,0
410293,0,1,0,14,0,0,0,18,24,13,0,18
410293,1,1,0,0,0,0,0,20,0,10,0,0
410294,0,1,0,0,0,0,0,0,0,0,0,0
410294,1,1,0,0,0,0,0,0,0,0,0,0
410295,1,1,0,0,0,0,0,0,0,0,0,0
410295,2,1,0,0,0,0,0,0,0,0,0,0
410296,0,1,0,0,0,0,10,0,0,0,0,0
410296,1,1,0,0,0,0,0,0,0,0,0,0
410297,1,1,0,0,0,16,0,0,0,0,0,15
410298,1,1,21,13,0,25,0,0,0,0,0,16
410299,0,1,0,0,0,0,0,14,0,0,0,0
410299,1,1,0,0,0,0,0,0,0,0,0,0
410300,1,1,0,0,0,0,0,0,0,0,0,0
410300,2,1,0,0,0,0,0,0,0,0,0,0
410301,1,1,14,31,4,13,23,30,16,18,22,16
410302,1,1,0,0,14,0,0,28,0,0,0,0
410303,1,1,0,0,0,0,0,0,0,0,0,0
410303,2,1,0,0,0,0,0,0,25,0,0,0
410304,0,1,0,0,0,14,7,0,0,0,0,0
410304,1,1,0,0,0,0,0,0,0,0,0,0
410305,0,1,14,0,21,25,0,0,27,0,0,0
410305,1,1,0,0,0,0,0,0,0,0,0,0
410306,1,1,0,0,0,9,0,0,0,0,11,0
410307,1,1,0,0,0,0,0,0,0,0,0,0
410307,2,1,0,0,0,0,16,0,0,0,0,0
410308,1,1,0,0,30,0,17,0,0,0,0,14
410308,2,1,0,0,0,0,0,0,0,0,0,0
410309,1,1,0,0,0,11,6,15,17,14,21,0
410310,1,1,22,22,19,11,27,34,0,55,14,29
410311,0,1,0,0,0,0,0,0,0,0,0,0
410311,1,1,0,0,0,0,0,0,0,9,0,0
410312,1,1,12,12,12,12,12,12,12,12,12,12
410312,2,1,0,0,0,0,0,0,0,0,0,0
410313,1,1,0,0,0,0,0,19,0,0,0,6
410314,1,1,0,0,0,0,0,0,0,0,0,0
410314,2,1,0,0,0,0,0,0,0,0,0,0
410315,1,1,0,0,0,0,0,0,0,0,0,0
410315,2,1,0,0,0,0,0,0,0,0,0,0
410316,1,1,0,0,0,0,0,0,0,0,0,0
410316,2,1,0,0,0,0,0,0,0,0,0,0
410317,1,1,0,0,0,22,12,11,0,0,0,0
410318,1,1,0,0,0,0,0,0,0,0,0,0
410319,1,1,15,15,15,15,15,15,15,15,15,15
410320,1,1,0,0,0,0,0,0,0,0,0,0
410320,2,1,0,0,10,0,0,0,0,0,0,0
410321,1,1,0,0,0,0,0,0,19,0,0,0
410321,2,1,21,21,21,21,21,21,21,21,21,21
410322,1,1,0,0,0,0,0,0,0,0,0,0
410322,2,1,0,0,0,0,0,0,0,0,0,0
410323,1,1,9,32,14,0,0,9,24,39,0,0
410324,1,1,0,0,0,0,0,0,0,0,0,0
410324,2,1,0,0,0,0,0,0,0,0,0,0
410325,1,1,0,0,0,0,0,0,0,0,0,0
410325,2,1,0,0,0,0,0,0,0,0,0,0
410326,0,1,0,0,0,0,0,0,0,0,0,0
410326,1,1,0,0,0,0,0,0,0,0,0,0
410327,1,1,23,5,0,13,0,0,0,26,0,12
410328,1,1,22,0,12,0,3,8,0,9,28,6
410329,1,1,0,0,0,0,15,0,0,0,9,0
410329,2,1,0,13,0,0,0,0,0,0,0,0
410330,1,1,40,0,0,0,12,0,0,0,24,0
410330,2,1,0,0,0,0,6,0,0,0,0,0
410330,3,1,0,0,0,0,0,0,0,0,0,0
410330,4,1,0,0,0,0,0,0,0,0,0,0
410331,0,1,0,0,0,0,15,0,0,22,0,0
410331,1,1,0,0,0,0,0,0,0,0,0,0
410332,1,1,0,0,0,0,0,0,0,0,0,24
410333,1,1,0,0,0,0,0,0,0,0,0,25
410334,1,1,0,12,0,24,0,0,18,13,0,31
410335,1,1,18,0,2,20,6,26,14,26,0,13
410336,1,1,18,18,18,18,18,18,18,18,18,18
410337,1,1,19,19,19,19,19,19,19,19,19,19
410338,1,1,0,0,0,0,0,0,0,0,0,8
410338,2,1,0,0,0,0,0,0,0,0,0,0
410339,1,1,7,7,7,7,7,7,7,7,7,7
410339,2,1,0,0,0,0,0,0,0,0,14,0
410340,1,1,0,0,0,0,0,0,0,0,0,0
410340,2,1,0,0,0,0,0,0,27,0,0,0
410341,1,1,19,19,19,19,19,19,19,19,19,19
410342,1,1,6,6,6,6,6,6,6,6,6,6
410343,0,1,0,12,0,0,0,0,0,7,0,0
410343,1,1,0,0,3,0,0,13,0,0,0,0
410344,1,1,0,15,0,0,0,0,0,0,0,0
410344,2,1,0,0,0,0,0,0,0,0,0,0
410345,1,1,23,23,23,23,23,23,23,23,23,23
410346,1,1,0,13,0,8,0,33,11,0,0,13
410347,1,1,0,0,0,0,0,0,0,0,0,0
410347,2,1,0,0,0,0,0,0,0,0,0,0
410348,1,1,0,0,0,0,0,0,0,0,0,0
410348,2,1,0,0,0,0,0,0,0,0,0,0
410349,1,1,17,17,17,17,17,17,17,17,17,17
410350,1,1,57,57,57,57,57,57,57,57,57,57
410350,2,1,0,0,0,0,0,0,0,0,0,0
410351,0,1,11,13,7,26,0,13,12,30,8,15
410351,1,1,0,0,0,0,7,0,0,0,7,0
410352,1,1,10,0,0,0,0,0,0,0,0,0
410352,2,1,0,0,0,0,0,0,0,0,0,0
410353,0,1,0,0,0,19,0,0,0,0,0,0
410353,1,1,0,0,0,0,0,0,0,0,31,0
410355,1,1,0,0,0,0,0,0,0,0,0,0
410356,0,1,9,9,9,9,9,9,9,9,9,9
410356,0,2,32,0,0,0,14,0,22,29,0,0
410356,1,1,26,26,26,26,26,26,26,26,26,26
410357,0,1,17,19,0,41,0,0,0,13,0,0
410357,1,1,0,0,0,0,0,0,0,0,0,0
410358,1,1,0,0,0,0,0,0,0,0,0,0
410358,2,1,0,0,0,0,0,0,0,0,0,0
410359,1,1,2,2,2,2,2,2,2,2,2,2
410359,2,1,0,0,0,0,0,0,0,0,0,0
410360,1,1,0,0,0,0,0,0,0,0,0,0
410360,2,1,0,0,0,0,0,0,0,0,0,0
410361,1,1,0,0,0,0,0,0,0,0,0,0
410361,2,1,0,0,0,0,0,0,0,0,0,0
410362,1,1,0,0,0,0,0,0,0,0,0,0
410362,2,1,0,0,0,13,0,0,0,0,0,0
410363,1,1,0,0,0,0,0,0,0,0,0,0
410363,2,1,0,0,0,0,0,0,0,0,0,0
410363,3,1,0,0,0,0,4,0,0,0,0,0
410363,4,1,0,0,0,0,0,0,0,0,0,0
410364,1,1,0,0,0,0,0,0,0,0,0,0
410365,1,1,29,0,0,0,0,0,0,0,8,0
410365,2,1,0,0,0,0,0,0,0,0,0,0
410365,3,1,0,0,0,0,0,0,0,0,0,0
410366,1,1,26,26,26,26,26,26,26,26,26,26
410367,0,1,18,18,0,0,0,0,0,0,0,0
410367,1,1,12,12,12,12,12,12,12,12,12,12
410367,2,1,0,0,0,0,0,0,0,0,0,0
410368,1,1,13,13,9,13,17,24,17,7,39,0
410368,2,1,5,0,0,0,0,0,27,0,0,0
410369,1,1,0,0,0,0,0,0,0,18,0,0
410370,0,1,0,0,0,0,0,19,0,0,0,0
410370,1,1,0,0,0,0,0,0,0,0,0,0
410371,0,1,0,0,0,0,0,0,0,0,0,0
410371,1,1,0,0,0,0,0,0,0,0,0,0
410372,1,1,14,14,14,14,14,14,14,14,14,14
410373,1,1,0,0,0,0,0,15,0,16,0,22
410374,1,1,11,11,11,11,11,11,11,11,11,11
410375,0,1,0,0,16,0,0,0,0,0,0,0
410375,1,1,0,0,0,0,0,0,0,0,0,0
410376,1,1,0,0,0,0,0,0,0,0,0,0
410376,2,1,0,0,0,0,0,0,0,0,0,0
410377,0,1,0,0,0,0,0,0,0,0,0,0
410377,1,1,0,0,0,0,0,0,22,0,0,0
410378,1,1,18,18,18,18,18,18,18,18,18,18
410379,1,1,0,0,0,10,0,0,0,0,0,0
410379,2,1,0,0,0,0,0,0,0,0,0,0
410379,3,1,0,0,0,0,6,0,0,0,0,0
410380,1,1,16,16,16,16,16,16,16,16,16,16
410381,1,1,29,0,28,24,0,12,10,0,0,0
410382,1,1,3,0,0,0,0,0,0,0,3,0
410382,2,1,0,0,0,0,0,0,0,0,0,0
410383,0,1,35,0,0,9,0,12,27,0,0,28
410383,1,1,0,0,0,0,0,0,0,0,0,0
410383,2,1,0,0,0,0,0,0,0,0,0,0
410384,1,1,0,18,0,26,12,12,0,0,16,38
410385,1,1,0,0,15,0,0,0,0,0,0,0
410385,2,1,23,23,7,15,3,20,6,27,9,11
410386,0,1,7,7,7,7,7,7,7,7,7,7
410386,1,1,0,0,14,0,0,0,0,0,0,0
410387,1,1,0,0,0,3,0,0,0,0,0,0
410387,2,1,0,0,0,0,0,0,0,0,0,0
410388,1,1,0,0,0,0,0,0,0,0,0,0
410389,1,1,19,19,19,19,19,19,19,19,19,19
410390,1,1,9,9,9,9,9,9,9,9,9,9
410390,2,1,0,0,4,9,0,0,19,7,0,20
410391,1,1,0,0,0,0,0,11,0,0,0,0
410391,2,1,0,0,0,0,0,18,0,0,0,0
410392,0,1,0,13,0,0,0,0,0,0,0,0
410392,1,1,0,0,0,0,0,0,0,0,0,0
410393,1,1,0,0,0,0,0,0,0,0,0,0
410393,2,1,0,0,0,0,0,0,0,0,0,0
410394,1,1,0,18,15,33,0,15,0,25,0,40
410395,0,1,0,23,0,29,0,0,0,0,0,0
410395,1,1,0,0,7,0,0,0,0,0,0,0
410396,1,1,0,7,0,10,0,0,17,0,0,0
410397,1,1,0,0,0,0,0,0,0,0,0,0
410397,2,1,0,0,0,0,0,0,13,0,0,0
410398,0,1,16,0,0,0,34,0,39,26,24,9
410398,1,1,0,13,0,0,0,0,0,0,19,0
410399,1,1,0,0,17,18,0,22,0,0,0,0
410400,1,1,0,0,0,29,0,14,0,12,0,0
410401,0,1,0,0,0,0,0,0,0,0,0,0
410401,1,1,0,0,0,0,0,0,0,0,0,0
410402,1,1,0,20,0,0,25,15,20,0,17,8
410403,1,1,0,8,34,0,0,0,0,0,10,0
410404,0,1,0,15,24,0,0,0,0,46,28,22
410404,1,1,0,24,22,13,12,0,24,6,41,9
410405,0,1,0,25,0,0,0,15,5,0,0,36
410405,1,1,0,0,0,30,17,0,0,0,22,0
410406,1,1,0,0,0,0,0,0,0,0,0,0
410406,2,1,15,0,0,0,0,0,0,18,21,11
420001,1,1,0,0,0,0,0,0,0,0,0,0
420002,1,1,0,0,22,0,0,0,0,0,0,0
420003,1,1,0,0,0,0,0,0,0,0,0,0
420003,2,1,0,0,0,0,0,0,0,0,0,0
420004,0,1,0,0,0,0,0,0,0,0,0,0
420004,1,1,0,0,0,0,0,0,0,0,0,0
420005,1,1,0,0,0,13,0,13,0,0,12,12
420005,2,1,0,0,0,0,0,0,0,0,0,0
420006,1,1,0,0,0,0,0,0,0,0,0,0
420007,1,1,10,0,0,17,35,27,14,17,5,0
420008,1,1,0,0,0,0,0,0,16,0,0,0
420009,1,1,0,0,0,0,0,0,0,0,0,0
420009,2,1,0,0,0,0,0,0,0,0,0,0
420010,1,1,27,32,0,0,0,0,9,0,20,15
420011,1,1,16,16,16,16,16,16,16,16,16,16
420012,1,1,19,19,19,19,19,19,19,19,19,19
420013,1,1,43,43,43,43,43,43,43,43,43,43
420014,1,1,17,11,11,5,21,0,14,7,15,0
420015,1,1,0,0,0,0,0,0,0,0,0,0
420016,1,1,8,8,8,8,8,8,8,8,8,8
420017,1,1,0,0,0,0,0,0,0,0,0,0
420017,2,1,0,0,0,0,0,0,0,0,0,0
420018,1,1,0,0,15,0,0,0,0,0,0,0
420019,1,1,40,40,40,40,40,40,40,40,40,40
420020,1,1,0,0,0,0,0,0,0,0,0,0
420021,0,1,0,16,0,0,0,0,0,0,0,0
420021,1,1,0,0,0,0,0,0,0,0,0,0
420022,1,1,0,0,0,0,0,0,0,0,0,0
420022,2,1,0,0,0,0,0,0,0,0,0,0
420023,1,1,0,0,0,0,0,0,0,0,0,0
420023,2,1,0,0,0,0,0,0,0,0,0,0
420024,1,1,20,20,20,20,20,20,20,20,20,20
420024,2,1,0,0,0,0,0,0,0,0,0,0
420025,0,1,17,17,17,17,17,17,17,17,17,17
420025,1,1,0,0,0,0,0,0,0,0,0,0
420026,1,1,28,28,28,28,28,28,28,28,28,28
420027,1,1,0,0,0,0,0,0,0,0,0,0
420027,2,1,0,0,0,0,0,0,0,0,0,0
420027,3,1,0,0,0,0,0,0,0,0,0,0
420027,4,1,0,0,0,0,0,0,0,0,0,0
420027,5,1,0,0,0,0,0,0,0,0,0,0
420027,6,1,0,0,0,0,0,0,0,0,0,0
420028,1,1,5,5,5,5,5,5,5,5,5,5
420029,0,1,0,0,0,0,0,0,0,0,0,0
420029,1,1,0,0,0,0,0,4,0,0,0,5
420030,1,1,0,0,0,0,0,0,0,0,0,0
420031,1,1,21,21,21,21,21,21,21,21,21,21
420032,1,1,12,12,12,12,12,12,12,12,12,12
420033,1,1,0,0,0,0,0,0,0,0,0,0
420034,1,1,0,0,0,0,0,0,0,0,0,0
420035,1,1,26,26,26,26,26,26,26,26,26,26
420036,1,1,0,0,0,0,0,0,0,0,0,0
420036,2,1,0,0,0,0,0,0,0,0,0,0
420037,1,1,29,29,29,29,29,29,29,29,29,29
420038,1,1,14,14,14,14,14,14,14,14,14,14
420039,0,1,27,27,27,27,27,27,27,27,27,27
420039,1,1,0,0,0,0,0,0,0,0,0,0
420040,1,1,0,0,0,0,0,0,0,0,0,0
420041,1,1,0,0,0,0,0,0,0,0,0,0
420042,0,1,0,0,0,0,0,0,0,0,0,0
420042,1,1,0,0,0,0,0,0,0,0,0,0
420043,0,1,15,15,15,15,15,15,15,15,15,15
420043,1,1,0,0,0,0,0,0,0,0,0,0
420044,0,1,7,0,0,0,0,0,0,4,0,0
420044,1,1,0,9,0,0,0,0,0,0,9,8
420045,1,1,0,0,0,0,0,0,0,0,0,0
420046,1,1,17,17,17,17,17,17,17,17,17,17
420046,2,1,22,0,10,3,15,24,18,17,9,0
420047,1,1,0,0,0,0,0,0,0,0,0,0
420047,2,1,0,0,0,0,0,0,0,0,0,0
420048,1,1,0,0,0,0,0,0,0,0,0,0
420048,2,1,0,0,12,0,0,0,0,0,0,0
420049,1,1,0,0,0,0,0,0,0,0,0,0
420049,2,1,0,0,0,3,0,0,0,0,23,0
420050,1,1,0,0,0,0,0,0,0,0,0,0
420050,2,1,0,0,0,0,0,0,0,0,0,0
420051,1,1,16,16,16,16,16,16,16,16,16,16
420051,2,1,0,0,0,0,0,0,0,0,9,0
420052,1,1,0,0,0,0,0,0,0,0,15,18
420052,2,1,0,4,0,0,0,0,0,0,0,0
420053,1,1,25,25,25,25,25,25,25,25,25,25
420053,2,1,0,0,0,0,0,19,12,9,0,0
420054,0,1,0,0,0,0,0,0,0,0,0,0
420054,1,1,0,0,0,0,0,0,0,0,0,0
420055,0,1,0,0,0,0,14,0,14,0,0,0
420055,1,1,0,0,0,0,0,0,0,0,0,0
420056,0,1,0,0,0,0,0,0,0,0,0,0
420056,0,2,0,0,0,0,0,0,0,0,0,0
420056,1,1,19,5,10,16,24,19,5,7,0,28
420057,0,1,13,13,13,13,13,13,13,13,13,13
420057,0,2,0,0,0,0,0,0,0,0,0,0
420057,1,1,0,0,0,0,0,0,0,0,0,0
420058,0,1,0,0,0,0,0,0,0,0,0,0
420058,1,1,0,0,0,0,0,0,0,0,0,0
420059,0,1,50,0,43,26,0,21,26,8,39,0
420059,1,1,0,0,0,0,0,0,0,0,0,0
420060,1,1,11,11,11,11,11,11,11,11,11,11
420061,1,1,0,0,0,0,0,0,0,0,0,0
420061,2,1,0,0,0,0,0,0,0,0,0,0
420061,3,1,0,0,0,0,0,0,0,0,0,0
420062,1,1,0,0,0,0,0,0,0,0,0,0
420062,2,1,0,0,0,0,0,0,0,0,0,0
420062,3,1,0,0,0,0,0,0,0,0,0,0
420063,1,1,0,0,0,0,0,0,0,0,10,0
420063,2,1,0,0,0,0,0,0,0,0,0,0
420064,1,1,0,0,0,0,0,0,0,0,0,0
420064,2,1,0,0,0,0,0,0,0,0,0,0
420065,1,1,6,24,14,14,24,7,17,0,23,27
420066,1,1,12,17,20,20,21,29,19,23,11,18
420067,1,1,0,0,0,0,0,0,0,0,0,0
420068,0,1,0,0,0,0,0,0,0,0,0,0
420068,1,1,0,0,0,0,0,0,0,0,0,0
420069,0,1,0,0,0,0,0,0,0,0,0,0
420069,1,1,0,0,0,0,0,0,0,0,0,0
420070,1,1,0,0,0,0,0,0,0,0,0,0
420070,2,1,0,0,0,0,0,0,0,0,0,0
420070,3,1,0,0,0,0,0,0,0,0,0,0
420071,1,1,10,0,0,0,0,0,0,0,0,28
420072,1,1,0,0,0,0,0,0,0,0,0,0
420073,1,1,30,7,22,16,19,23,5,0,16,23
420074,1,1,0,0,0,0,0,0,0,0,0,0
420074,2,1,0,0,0,17,0,0,23,0,0,0
420075,1,1,0,13,21,18,2,30,21,12,22,16
420075,2,1,0,0,0,0,0,20,0,0,11,0
420076,1,1,0,0,0,2,0,0,15,0,20,0
420076,2,1,0,0,0,0,0,0,0,0,0,0
420077,1,1,23,0,0,0,0,0,0,0,0,0
420078,1,1,0,0,0,0,0,0,0,0,0,0
420078,2,1,0,0,0,0,0,0,0,0,0,0
420079,1,1,0,0,0,0,0,0,0,0,0,0
420079,2,1,0,0,0,0,0,0,0,0,0,0
420080,1,1,0,0,0,0,0,14,0,0,0,0
420080,2,1,0,0,0,0,0,0,0,0,0,0
420080,3,1,0,0,0,0,6,0,0,0,26,0
420081,1,1,29,22,13,10,17,8,6,20,10,10
420082,1,1,0,10,21,18,0,4,8,22,17,0
420083,1,1,0,0,0,0,0,0,0,0,0,8
420084,0,1,16,27,0,34,22,13,29,18,22,27
420084,1,1,0,0,0,0,0,0,0,0,0,0
420084,2,1,0,0,0,0,0,0,24,0,0,0
420085,1,1,0,0,0,0,0,0,0,0,0,0
420086,0,1,0,0,0,18,0,24,0,23,0,0
420086,1,1,1,1,1,1,1,1,1,1,1,1
420087,1,1,21,21,21,21,21,21,21,21,21,21
420088,0,1,0,0,0,0,0,0,0,0,0,0
420088,1,1,0,0,0,0,0,0,0,0,0,0
420089,0,1,0,0,15,0,0,0,0,0,43,0
420089,1,1,0,0,0,0,0,0,0,0,0,0
420090,1,1,0,0,0,0,0,0,0,0,0,0
420090,2,1,0,0,0,0,0,0,0,0,0,0
420090,3,1,0,0,0,0,0,0,0,0,0,0
420090,4,1,0,0,0,0,0,0,0,0,0,0
420090,5,1,0,0,0,0,0,0,0,0,0,0
420090,6,1,0,0,0,0,0,0,0,0,0,0
420091,1,1,0,0,0,0,0,0,0,0,0,0
420092,0,1,0,0,8,0,0,0,0,0,0,6
420092,1,1,0,0,0,0,0,0,0,0,0,0
420093,1,1,0,0,0,0,0,15,0,0,0,0
420093,2,1,0,0,0,0,0,0,0,0,0,0
420093,3,1,0,0,0,0,0,0,0,0,0,0
420094,0,1,0,0,15,0,0,0,0,0,0,0
420094,1,1,0,0,0,0,0,0,0,0,0,0
420095,1,1,0,0,0,0,0,0,0,0,0,0
420095,2,1,0,0,0,0,0,0,0,0,0,0
420096,1,1,14,31,22,8,9,26,15,16,31,18
420097,1,1,16,12,0,11,17,16,5,0,13,4
420098,0,1,0,0,0,0,0,0,0,0,0,0
420098,1,1,0,0,0,0,0,0,0,0,0,0
420099,1,1,0,0,0,0,0,0,0,0,0,0
420099,2,1,0,0,0,0,0,0,0,0,0,0
420100,1,1,0,0,0,0,0,0,0,0,0,0
420101,1,1,0,5,0,0,7,32,0,30,15,17
420102,1,1,24,16,0,18,0,13,0,21,0,20
420103,1,1,23,0,0,8,34,0,10,15,0,13
420104,1,1,0,0,0,0,0,0,0,0,0,0
420104,2,1,0,0,0,25,0,26,0,0,0,0
420105,1,1,0,0,0,0,17,0,0,0,0,0
420105,2,1,0,0,0,0,0,0,0,0,0,0
420106,1,1,0,0,0,0,0,0,0,0,0,0
420107,1,1,0,0,0,0,0,0,0,0,0,0
420108,1,1,0,0,0,0,0,0,0,0,0,0
420108,2,1,0,0,0,0,0,0,0,0,0,0
420109,1,1,0,0,0,0,0,0,0,0,0,0
420110,1,1,0,0,0,0,0,0,0,0,0,0
420111,1,1,17,17,17,17,17,17,17,17,17,17
420112,1,1,12,12,12,12,12,12,12,12,12,12
420113,1,1,0,0,0,0,0,0,0,0,0,0
420113,2,1,0,0,0,0,0,0,0,0,0,0
420114,1,1,0,0,0,0,0,0,0,0,0,0
420114,2,1,0,0,0,0,0,0,0,0,0,0
420114,3,1,0,0,0,0,0,0,0,0,0,0
420114,4,1,0,0,0,0,0,0,0,0,0,0
420114,5,1,0,0,0,0,0,0,0,0,30,0
420114,6,1,0,0,0,0,0,0,0,0,0,0
420115,1,1,32,32,32,32,32,32,32,32,32,32
420115,2,1,0,0,0,0,0,0,0,0,0,0
420116,1,1,0,7,0,0,0,0,0,26,0,0
420116,2,1,0,0,0,0,0,0,0,0,0,0
420117,0,1,22,22,22,22,22,22,22,22,22,22
420117,1,1,0,0,0,0,0,0,0,0,0,0
420117,2,1,0,0,0,0,0,0,7,0,0,0
420118,1,1,20,31,14,29,57,0,16,25,5,14
420119,1,1,0,0,0,0,0,0,0,0,0,0
420119,2,1,0,0,0,0,0,0,0,0,0,0
420120,1,1,9,23,16,0,0,0,0,13,10,0
420121,0,1,0,0,0,0,0,0,0,0,0,0
420121,1,1,0,0,0,0,0,0,0,0,0,0
420121,2,1,0,0,0,0,0,0,0,0,0,0
420122,1,1,0,0,0,0,0,0,0,0,0,0
420123,1,1,0,0,0,0,0,0,0,0,0,0
420123,2,1,0,0,0,0,0,0,0,0,0,0
420124,1,1,0,0,0,0,0,0,0,0,0,0
420125,1,1,0,0,0,0,0,0,0,0,0,0
420125,2,1,0,0,0,0,0,0,0,0,0,0
420126,1,1,0,0,0,0,0,0,0,0,0,0
420126,2,1,0,0,0,0,0,0,0,0,0,0
420127,1,1,0,0,0,0,0,0,0,0,0,0
420127,2,1,0,0,0,0,0,0,0,0,11,0
420128,1,1,8,0,50,11,9,7,26,18,33,29
420128,2,1,11,11,11,11,11,11,11,11,11,11
420129,1,1,0,0,0,0,26,0,0,0,0,0
420129,2,1,0,0,0,0,0,0,0,0,0,0
420130,1,1,0,0,0,0,0,0,0,0,39,0
420130,2,1,0,0,0,0,0,0,0,0,0,0
420131,1,1,0,0,0,0,0,0,0,0,0,0
420131,2,1,0,0,0,12,0,0,0,0,0,0
420132,2,1,0,0,0,0,0,0,0,0,0,0