ST_CASE,VEH_NO,PER_NO,P1,P2,P3,P4,P5,P6,P7,P8,P9,P10
420133,1,1,0,0,0,0,0,39,0,0,8,5
420134,1,1,28,28,28,28,28,28,28,28,28,28
420135,1,1,0,0,0,0,0,0,0,0,0,0
420136,1,1,0,0,0,0,0,0,0,0,0,0
420137,1,1,14,0,0,0,0,0,0,0,0,0
420138,0,1,25,11,0,0,22,0,0,0,0,0
420138,0,2,0,0,0,21,0,4,0,31,0,0
420138,1,1,0,0,0,6,0,0,27,19,11,0
420139,1,1,25,25,25,25,25,25,25,25,25,25
420140,1,1,18,20,15,17,14,21,9,12,10,11
420141,1,1,0,0,0,0,0,0,0,0,0,0
420142,1,1,24,24,24,24,24,24,24,24,24,24
420143,0,1,0,0,0,0,0,0,0,0,0,0
420143,1,1,0,0,0,0,0,0,0,0,0,0
420144,1,1,0,0,0,0,0,0,0,0,0,0
420144,2,1,2,2,2,2,2,2,2,2,2,2
420145,1,1,0,21,14,11,26,20,16,10,4,0
420146,1,1,0,5,0,0,0,0,16,0,0,15
420147,1,1,0,0,0,0,0,0,0,0,0,0
420148,1,1,16,0,0,0,0,18,6,0,0,30
420148,2,1,0,16,0,0,0,0,0,20,0,0
420149,1,1,0,0,0,0,0,0,0,0,0,0
420149,2,1,0,0,0,0,0,0,0,0,0,0
420150,0,1,0,0,0,0,11,0,0,0,0,0
420150,1,1,16,0,0,0,0,0,13,12,0,0
420150,2,1,0,0,0,0,0,0,11,0,0,0
420151,1,1,0,0,0,0,0,0,0,0,0,0
420152,1,1,0,0,0,0,0,0,0,0,0,0
420153,1,1,19,19,19,19,19,19,19,19,19,19
420154,0,1,0,0,0,0,0,0,0,0,0,0
420154,1,1,0,0,0,0,0,0,0,0,0,0
420155,1,1,0,0,0,0,0,0,0,0,0,0
420155,2,1,0,0,0,0,0,0,0,0,0,0
420156,1,1,10,10,10,10,10,10,10,10,10,10
420157,1,1,0,0,0,0,0,0,0,0,0,0
420157,2,1,0,0,0,0,0,0,0,0,0,29
420158,1,1,32,32,32,32,32,32,32,32,32,32
420159,1,1,0,0,0,0,0,0,0,0,0,0
420159,2,1,0,0,0,0,0,0,0,0,0,0
420160,1,1,0,0,0,0,0,0,0,0,0,0
420160,2,1,4,0,0,0,0,0,0,0,0,0
420161,1,1,25,25,25,25,25,25,25,25,25,25
420162,1,1,22,22,22,22,22,22,22,22,22,22
420163,1,1,0,0,0,0,0,0,0,0,0,0
420164,1,1,0,0,6,0,0,0,17,39,16,0
420165,1,1,0,0,0,0,0,0,0,0,0,0
420165,2,1,0,0,0,0,0,0,0,0,0,0
420166,1,1,0,0,0,0,0,0,0,0,0,0
420166,2,1,0,0,0,0,0,0,0,20,0,0
420167,1,1,0,0,0,0,0,0,0,0,0,0
420167,2,1,0,0,0,9,0,19,19,12,0,0
420168,1,1,43,43,43,43,43,43,43,43,43,43
420168,2,1,21,0,0,0,0,0,0,19,17,0
420169,1,1,0,0,0,0,0,0,0,0,0,0
420169,2,1,0,0,0,0,0,0,0,0,0,0
420170,1,1,0,0,0,0,0,0,0,0,0,0
420170,2,1,0,0,0,0,5,0,3,0,0,0
420171,1,1,0,0,16,0,0,0,0,0,0,0
420171,2,1,0,0,0,17,0,0,8,0,0,0
420172,1,1,30,30,30,30,30,30,30,30,30,30
420173,1,1,35,35,35,35,35,35,35,35,35,35
420174,1,1,0,0,0,0,0,0,0,0,0,0
420175,1,1,22,22,22,22,22,22,22,22,22,22
420176,1,1,3,3,3,3,3,3,3,3,3,3
420177,1,1,10,0,0,14,0,0,0,0,0,0
420178,1,1,11,13,11,10,20,21,20,22,26,27
420178,2,1,0,0,0,0,0,0,0,0,0,26
420179,0,1,14,14,14,14,14,14,14,14,14,14
420179,1,1,0,0,0,0,0,0,0,0,0,0
420180,1,1,0,0,0,9,0,0,0,20,0,0
420181,1,1,0,0,0,0,0,0,0,0,0,0
420181,2,1,0,0,0,0,0,0,0,0,0,0
420182,0,1,0,0,0,0,0,0,0,0,0,0
420182,1,1,0,0,0,0,0,0,0,0,0,0
420183,1,1,0,0,0,0,0,0,0,0,0,0
420183,2,1,0,0,0,0,0,0,0,0,0,0
420183,3,1,0,0,0,0,0,0,0,0,0,0
420184,1,1,0,0,0,0,0,0,0,0,0,0
420185,1,1,0,0,0,0,0,0,0,0,0,0
420185,2,1,0,0,0,0,0,0,0,0,0,0
420186,0,1,0,0,0,0,0,0,0,0,0,0
420186,1,1,19,13,0,12,20,3,23,28,15,25
420187,1,1,0,0,0,0,0,0,0,0,0,0
420188,1,1,0,0,0,0,0,0,0,0,0,0
420188,2,1,0,0,0,0,0,0,0,0,0,0
420189,1,1,0,0,25,0,27,0,16,20,0,9
420189,2,1,0,0,0,0,0,0,10,0,0,0
420190,1,1,0,0,0,0,0,0,0,0,0,0
420190,2,1,0,0,0,0,0,0,0,0,0,0
420191,1,1,0,21,0,0,0,0,14,0,0,0
420192,0,1,0,0,0,0,0,13,0,0,0,0
420192,1,1,0,0,0,0,0,19,0,0,0,0
420193,1,1,0,0,0,0,0,0,0,0,0,0
420193,2,1,0,0,0,0,0,0,0,0,0,0
420194,1,1,0,0,0,0,0,0,0,0,0,0
420195,1,1,26,0,0,0,0,0,0,32,0,0
420196,1,1,5,19,0,14,17,0,3,0,15,12
420197,1,1,0,0,0,0,0,0,0,0,0,0
420198,1,1,0,0,0,0,0,0,0,0,0,0
420199,1,1,27,27,27,27,27,27,27,27,27,27
420200,1,1,0,0,0,0,0,0,0,0,0,0
420201,1,1,18,18,18,18,18,18,18,18,18,18
420202,1,1,0,16,0,0,0,0,0,0,0,0
420203,1,1,0,0,0,0,0,30,11,0,0,0
420204,1,1,0,0,0,0,0,0,0,0,0,0
420204,2,1,0,0,0,0,0,0,0,0,0,0
420205,1,1,0,0,0,0,0,0,0,0,0,0
420205,2,1,0,0,0,0,0,0,0,0,0,0
420206,1,1,0,0,0,0,0,0,0,0,0,0
420206,2,1,0,0,0,0,0,0,0,0,0,0
420207,1,1,0,0,0,0,0,0,0,0,11,0
420207,2,1,0,0,0,0,0,0,0,0,0,0
420208,1,1,18,18,18,18,18,18,18,18,18,18
420209,1,1,0,0,0,0,0,0,0,0,0,0
420209,2,1,0,0,0,0,0,0,0,0,0,0
420210,1,1,17,0,19,0,7,0,3,0,0,0
420211,1,1,0,0,0,0,0,0,7,0,0,0
420212,1,1,5,5,5,5,5,5,5,5,5,5
420213,1,2,0,0,0,13,0,0,0,0,18,0
420214,1,1,36,0,0,0,0,0,8,0,11,0
420215,1,1,0,0,0,0,0,0,0,0,0,0
420215,2,1,0,0,0,0,0,0,0,0,0,0
420215,3,1,0,0,0,0,0,0,0,0,0,0
420216,1,1,17,17,17,17,17,17,17,17,17,17
420217,1,1,14,34,0,24,44,0,0,8,14,3
420217,2,1,0,0,0,0,0,0,0,0,0,0
420217,3,1,0,0,0,0,0,0,0,0,0,0
420218,1,1,0,0,0,0,0,0,0,0,0,0
420219,1,1,13,13,13,13,13,13,13,13,13,13
420220,1,1,18,18,18,18,18,18,18,18,18,18
420221,1,1,0,0,11,0,0,0,0,0,0,0
420221,2,1,0,0,0,0,13,0,0,0,0,0
420222,1,1,0,0,0,0,0,0,0,0,0,0
420222,2,1,4,0,7,0,0,0,0,0,17,0
420223,1,1,8,8,8,8,8,8,8,8,8,8
420224,1,1,0,0,0,0,0,0,0,0,0,0
420224,2,1,0,0,0,0,0,0,0,0,0,0
420225,1,1,20,20,20,20,20,20,20,20,20,20
420226,1,1,0,0,0,0,0,0,0,0,0,0
420227,1,1,6,8,20,21,17,22,9,31,19,25
420228,1,1,0,0,0,0,0,0,0,0,0,0
420228,2,1,0,0,0,0,0,0,0,0,0,4
420229,1,1,0,0,0,0,10,0,0,0,0,0
420229,2,1,17,8,26,35,12,11,25,16,10,12
420229,3,1,3,3,3,3,3,3,3,3,3,3
420230,1,1,7,7,7,7,7,7,7,7,7,7
420230,2,1,0,0,0,0,0,0,12,0,0,0
420231,1,1,24,24,24,24,24,24,24,24,24,24
420232,1,1,15,15,15,15,15,15,15,15,15,15
420233,1,1,0,0,0,0,0,0,0,0,0,0
420233,2,1,0,0,0,0,0,0,0,0,0,0
420234,1,1,0,0,0,0,0,0,0,0,0,0
420235,1,1,21,21,21,21,21,21,21,21,21,21
420235,2,1,0,0,0,0,17,0,14,0,18,0
420236,1,1,12,0,21,0,26,0,0,0,0,0
420237,1,1,0,0,0,0,0,0,0,0,0,0
420237,2,1,0,0,0,0,0,0,0,0,0,0
420238,1,1,0,0,0,0,0,0,0,0,0,0
420238,2,1,0,14,0,0,0,0,0,0,0,0
420239,1,1,0,0,0,0,0,0,0,0,0,0
420239,2,1,0,0,0,0,0,0,0,0,0,0
420240,1,1,13,22,16,0,15,19,13,15,12,12
420241,1,1,0,0,0,0,0,0,0,0,0,0
420242,1,1,25,25,25,25,25,25,25,25,25,25
420243,1,1,11,11,11,11,11,11,11,11,11,11
420244,1,1,0,0,0,0,0,0,0,21,0,0
420244,2,1,0,0,0,0,0,0,0,0,0,0
420245,1,1,0,0,0,0,0,0,0,0,0,0
420245,2,1,0,0,0,0,0,0,0,0,0,0
420246,1,1,7,7,7,7,7,7,7,7,7,7
420246,2,1,0,0,0,0,0,0,0,0,0,0
420247,1,1,0,0,0,0,0,0,0,0,0,33
420247,2,1,0,0,0,0,0,0,0,0,0,0
420248,1,1,14,0,0,0,22,2,0,0,25,0
420249,1,1,0,0,0,22,0,0,0,0,0,0
420249,2,1,0,17,0,0,0,0,8,0,16,0
420250,0,1,0,0,0,0,0,0,0,0,0,0
420250,1,1,0,0,0,0,0,0,0,0,0,0
420251,0,1,25,25,25,25,25,25,25,25,25,25
420251,1,1,0,0,0,0,0,0,0,0,0,0
420252,1,1,0,0,0,0,0,0,0,0,0,0
420253,1,1,0,0,0,0,0,0,0,0,0,0
420253,2,1,0,7,0,21,0,0,0,0,9,0
420254,1,1,25,25,25,25,25,25,25,25,25,25
420255,1,1,0,0,0,0,0,0,0,0,0,0
420255,2,1,0,0,0,0,0,0,0,0,0,0
420256,1,1,13,13,13,13,13,13,13,13,13,13
420256,2,1,0,0,0,0,0,0,0,0,20,0
420257,1,1,0,0,0,0,0,0,0,0,0,0
420258,1,1,20,20,20,20,20,20,20,20,20,20
420259,1,1,0,0,0,0,0,0,0,0,0,0
420260,1,1,0,0,18,0,0,0,0,0,0,0
420260,2,1,14,0,0,10,16,5,21,3,0,0
420261,1,1,0,0,0,0,0,0,0,0,0,0
420261,2,1,0,0,0,0,0,0,0,0,0,0
420262,1,1,22,22,22,22,22,22,22,22,22,22
420263,1,1,0,0,0,0,0,0,0,0,0,0
420264,1,1,0,0,0,0,0,0,0,0,0,0
420264,2,1,0,0,0,0,0,0,0,0,0,0
420265,1,1,0,0,0,0,0,0,0,0,0,0
420265,2,1,0,0,0,0,0,0,0,0,0,0
420266,1,1,0,0,0,0,0,0,0,0,0,0
420266,2,1,0,0,0,0,0,0,0,0,0,23
420267,1,1,0,0,0,0,0,0,0,0,0,0
420267,2,1,0,0,0,0,0,0,0,0,0,0
420268,1,1,0,0,8,0,0,0,0,0,0,0
420268,2,1,0,0,0,0,0,0,0,0,0,17
420269,1,1,0,0,0,0,0,0,0,0,0,0
420269,2,1,0,0,0,0,0,0,0,0,0,0
420270,1,1,0,22,0,0,0,0,0,0,0,0
420270,2,1,0,0,0,0,0,0,0,0,0,0
420271,1,1,0,0,0,0,0,0,0,0,0,0
420271,2,1,0,0,0,0,0,0,0,0,0,0
420272,1,1,0,0,0,0,0,0,0,0,0,0
420273,1,1,0,0,0,0,0,0,0,0,0,0
420273,2,1,0,0,16,0,0,0,0,0,0,0
420274,1,1,0,44,23,0,0,0,0,0,7,0
420275,1,2,8,0,0,15,11,0,0,30,22,0
420276,1,1,18,18,18,18,18,18,18,18,18,18
420276,2,1,3,10,14,10,0,7,22,16,0,30
420277,1,1,0,0,0,0,0,0,0,0,0,0
420277,2,1,0,0,0,0,12,0,0,0,0,0
420278,0,1,15,15,15,15,15,15,15,15,15,15
420278,1,1,0,0,0,0,0,0,0,0,0,9
420278,2,1,0,0,0,0,0,0,0,0,0,0
420279,1,1,0,0,0,0,0,0,0,0,0,0
420279,2,1,0,0,0,0,0,0,0,0,0,0
420279,3,1,0,0,0,0,0,0,0,0,0,0
420279,4,1,0,0,0,0,0,0,0,0,0,0
420279,5,1,0,0,0,0,0,0,0,0,0,0
420279,6,1,0,0,0,0,0,0,0,0,0,0
420280,1,1,0,0,0,0,0,0,0,0,0,0
420281,0,1,0,0,0,0,0,0,0,0,0,0
420281,1,1,0,0,0,0,0,0,0,0,0,0
420282,1,2,13,0,0,0,0,0,0,0,0,20
420283,0,1,0,0,0,0,0,0,0,0,0,0
420283,1,1,0,15,0,0,0,0,0,0,0,0
420284,1,1,17,17,17,17,17,17,17,17,17,17
420285,1,1,0,0,0,0,0,0,0,0,0,0
420285,2,1,0,0,0,0,0,0,0,0,0,0
420286,1,1,9,9,9,9,9,9,9,9,9,9
420287,1,1,21,16,20,18,35,14,9,13,11,29
420288,1,1,21,0,17,19,7,0,0,0,24,19
420289,1,1,0,0,0,0,0,0,0,0,0,0
420289,2,1,26,26,26,26,26,26,26,26,26,26
420290,1,1,35,35,35,35,35,35,35,35,35,35
420290,2,1,0,11,21,0,0,0,0,0,0,23
420291,0,1,0,10,0,0,0,0,0,0,0,0
420291,1,1,0,0,0,0,0,0,0,0,0,0
420292,1,1,12,5,33,26,25,16,16,13,38,30
420293,1,1,0,0,0,0,0,0,0,0,0,0
420294,1,1,23,19,17,15,16,11,10,11,11,22
420294,2,1,0,0,0,0,0,0,16,0,0,0
420294,3,1,0,0,0,0,0,0,0,0,0,0
420295,1,1,0,32,0,0,0,0,0,0,0,0
420295,2,1,0,0,0,0,0,0,0,0,0,0
420296,1,1,20,20,20,20,20,20,20,20,20,20
420297,1,1,0,0,0,0,0,0,0,0,0,0
420297,2,1,0,0,0,0,0,0,0,0,0,0
420297,3,1,0,0,0,0,0,0,0,0,0,0
420298,1,3,10,13,14,44,0,17,11,0,21,42
420299,1,1,18,17,10,10,5,20,6,19,0,16
420300,1,1,0,0,0,0,0,0,0,0,0,0
420300,2,1,0,0,0,0,0,0,0,0,0,0
420301,1,1,27,0,0,0,0,0,0,0,0,0
420302,1,1,0,0,0,0,0,0,0,0,0,0
420303,1,1,0,24,0,15,3,31,6,18,23,14
420304,1,1,0,0,0,0,0,0,0,0,0,0
420305,1,1,28,0,19,0,17,0,24,11,0,0
420307,1,1,0,0,15,0,0,0,0,0,0,0
420307,2,1,0,0,0,0,0,0,0,0,0,0
420308,1,1,0,0,0,0,0,0,0,0,0,0
420308,2,1,0,0,0,0,0,0,0,0,0,0
420309,1,1,0,0,0,0,0,0,0,0,0,0
420309,2,1,0,0,0,0,0,0,0,0,0,0
420310,1,1,0,0,0,0,0,0,0,0,0,0
420310,2,1,0,0,0,0,19,0,0,0,0,0
420311,1,1,0,0,0,0,0,0,0,0,0,0
420311,2,1,0,0,0,0,0,0,0,0,0,0
420312,0,1,0,17,0,0,0,0,18,0,0,0
420312,1,1,27,0,0,0,18,0,0,0,0,0
420313,1,1,17,6,13,26,26,18,15,16,12,12
420314,1,1,0,0,0,0,0,0,0,0,0,0
420314,2,1,0,0,0,0,0,0,0,0,0,0
420315,1,1,0,13,0,9,36,0,16,12,18,0
420315,2,1,0,0,0,0,0,0,0,0,0,0
420316,1,1,0,0,0,0,0,0,33,0,0,0
420316,2,1,0,0,0,27,0,0,0,0,0,0
420317,1,1,0,0,16,11,0,0,0,0,0,0
420317,2,1,0,0,0,0,18,0,0,0,12,0
420318,1,1,0,0,0,0,0,0,0,0,0,0
420318,2,1,0,0,0,0,0,0,0,0,0,0
420319,1,1,0,0,0,0,0,0,0,0,0,0
420320,1,1,0,0,0,0,0,0,0,0,0,0
420321,0,1,0,0,0,0,0,0,0,0,0,0
420321,1,1,0,0,0,0,0,0,0,0,0,0
420322,0,1,23,0,32,0,0,20,0,0,0,0
420322,1,1,0,0,0,0,0,24,0,0,0,0
420323,1,1,21,21,21,21,21,21,21,21,21,21
420324,1,1,6,0,0,26,0,0,0,0,20,0
420325,1,1,14,14,14,14,14,14,14,14,14,14
420326,0,1,25,0,0,0,0,0,0,0,0,0
420326,1,1,0,0,0,0,0,21,0,0,0,0
420327,1,1,0,0,29,0,0,0,0,0,26,0
420327,2,1,0,0,0,0,0,0,0,0,0,0
420327,3,1,0,0,0,0,0,0,0,19,35,18
420327,4,1,0,0,0,0,0,0,0,0,0,0
420328,1,1,0,0,0,0,0,0,2,0,0,0
420328,2,1,0,0,0,0,0,0,0,0,0,15
420328,3,1,0,0,0,0,0,0,0,0,0,0
420329,1,1,0,0,0,0,0,0,0,0,0,0
420329,2,1,0,0,0,0,0,0,0,0,0,0
420330,1,1,0,0,0,0,0,0,0,0,0,0
420330,2,1,0,0,0,0,0,0,0,0,0,0
420331,1,1,0,0,0,0,0,0,0,0,0,0
420331,2,1,0,0,0,0,0,0,0,0,0,0
420332,1,1,0,0,0,0,0,0,0,0,0,0
420332,2,1,0,0,0,0,0,0,17,0,0,0
420333,1,1,0,0,0,0,0,0,0,0,0,0
420334,1,1,0,0,0,0,0,0,0,0,0,0
420335,1,1,26,26,26,26,26,26,26,26,26,26
420335,2,1,3,3,3,3,3,3,3,3,3,3
420336,1,1,23,0,0,0,0,0,0,0,0,0
420336,2,1,0,0,0,0,0,0,0,0,0,0
420337,1,1,14,14,14,14,14,14,14,14,14,14
420337,2,1,0,0,0,0,0,0,0,0,0,0
420338,1,1,0,0,0,0,0,0,25,0,11,0
420338,2,1,31,0,0,0,0,0,0,0,0,0
420339,1,1,0,0,0,0,0,0,0,0,0,0
420339,2,1,0,0,0,0,0,0,0,0,0,0
420340,1,1,0,34,0,0,0,0,0,0,0,0
420340,2,1,0,0,0,0,0,0,0,0,0,0
420341,1,1,18,0,0,0,0,0,0,0,0,18
420341,2,1,0,0,0,0,24,0,0,0,0,0
420342,1,1,0,0,0,0,22,0,0,0,0,0
420342,2,1,0,0,0,0,0,0,0,0,0,9
420343,1,1,0,0,0,0,0,30,0,0,0,30
420344,1,1,0,0,0,0,16,25,0,19,0,0
420344,2,1,0,0,0,0,0,0,0,0,0,0
420345,0,1,16,16,16,16,16,16,16,16,16,16
420345,1,1,4,34,0,14,0,16,20,0,0,0
420346,1,1,8,0,0,10,0,0,0,0,0,0
420347,1,1,0,0,0,0,0,0,0,0,0,0
420348,1,1,0,0,0,0,0,0,0,0,0,0
420349,0,1,0,0,0,0,0,0,0,0,0,0
420349,0,2,16,0,0,0,0,0,0,0,0,17
420349,1,1,13,13,13,13,13,13,13,13,13,13
420350,0,1,0,0,0,0,0,0,0,0,0,0
420350,0,2,0,0,0,0,0,0,0,0,0,0
420350,1,1,0,0,0,0,0,0,0,0,0,0
420351,1,1,0,0,0,0,0,0,0,0,0,0
420351,2,1,0,0,9,7,0,0,0,0,0,0
420352,1,1,0,0,0,0,0,0,0,0,0,0
420352,2,1,0,0,0,0,0,0,0,0,0,0
420353,1,1,0,0,0,0,0,0,0,0,0,0
420353,2,1,0,0,0,0,0,0,0,0,0,0
420354,1,1,0,0,0,0,17,0,0,0,0,0
420355,1,1,0,0,0,0,20,0,10,0,0,22
420356,1,1,23,0,0,0,0,0,0,12,0,0
420357,1,1,0,0,0,0,0,0,0,0,0,0
420358,1,1,0,0,0,0,0,0,0,0,0,0
420358,2,1,0,0,0,0,0,0,0,0,0,0
420358,3,1,0,0,0,0,0,0,0,0,0,0
420359,1,1,0,0,0,0,0,0,0,0,0,0
420360,1,1,0,0,0,0,0,0,0,0,0,0
420361,1,1,0,0,0,0,0,0,0,32,0,0
420362,1,1,0,0,0,0,0,0,0,0,0,0
420363,1,1,0,23,0,0,15,0,0,0,0,0
420364,1,1,10,10,10,10,10,10,10,10,10,10
420365,1,1,24,24,24,24,24,24,24,24,24,24
420365,2,1,0,0,0,0,0,0,0,0,19,0
420365,3,1,0,0,0,0,0,0,0,0,0,0
420366,1,1,0,0,0,0,0,0,0,0,0,0
420367,1,1,0,0,0,0,0,0,0,0,0,0
420367,2,7,0,0,0,0,0,0,0,0,0,0
420368,1,1,19,21,14,20,34,23,18,27,7,15
420369,1,1,0,0,0,0,0,0,0,0,0,0
420369,2,1,0,0,15,0,0,0,0,11,0,16
420370,1,1,0,0,0,0,0,0,0,0,0,0
420370,2,1,0,0,0,0,0,0,0,0,0,0
420371,1,1,0,0,0,0,0,0,0,0,0,0
420372,0,1,30,30,30,30,30,30,30,30,30,30
420372,1,1,0,30,0,0,0,21,34,0,0,0
420373,0,1,0,0,0,0,0,0,0,0,0,0
420373,1,1,0,0,0,0,0,0,0,0,0,0
420374,0,1,0,0,0,0,0,0,0,0,0,0
420374,1,1,15,0,11,21,0,0,0,10,9,0
420375,0,1,0,0,0,0,0,0,0,0,0,0
420375,0,2,0,0,0,0,0,0,0,0,0,0
420375,1,1,0,0,0,0,0,0,0,0,0,0
420376,1,1,27,0,0,0,0,0,0,0,0,0
420376,2,1,0,0,0,0,0,0,0,0,0,0
420377,1,1,0,0,0,0,0,0,0,0,0,0
420377,2,1,0,0,0,0,0,0,0,12,0,0
420377,3,1,0,0,0,0,11,0,0,0,0,0
420378,1,1,0,0,0,0,0,0,0,0,0,0
420378,2,1,0,0,0,0,0,0,0,0,0,0
420378,3,1,0,0,0,11,0,0,7,0,0,0
420379,1,1,7,7,7,7,7,7,7,7,7,7
420380,1,1,0,0,0,0,0,0,0,0,0,0
420380,2,2,3,25,0,0,10,0,0,14,5,0
420381,1,1,0,0,0,0,0,0,0,0,0,0
420382,1,1,9,23,23,20,25,21,0,16,26,4
420383,1,1,19,19,19,19,19,19,19,19,19,19
420384,1,1,0,0,0,0,0,0,0,0,0,0
420385,1,1,8,6,17,13,5,14,19,20,23,22
420386,1,1,0,0,0,0,0,0,0,0,0,0
420386,2,1,0,0,0,0,0,0,0,0,0,0
420386,3,1,0,0,0,10,16,0,0,0,0,0
420386,4,1,0,0,0,0,0,0,0,0,0,0
420387,1,1,0,0,0,0,0,0,0,0,0,0
420387,2,1,0,0,0,21,0,0,0,0,0,0
420387,3,1,0,0,0,0,0,0,0,0,0,0
420387,4,1,4,0,6,0,0,0,0,0,0,0
420388,0,1,0,0,0,0,0,0,0,0,0,0
420388,1,1,0,0,0,0,0,0,0,0,0,0
420389,1,1,24,24,24,24,24,24,24,24,24,24
420389,2,1,0,0,0,0,0,0,0,0,0,0
420390,1,1,21,21,21,21,21,21,21,21,21,21
420391,1,1,0,0,0,0,0,0,0,0,0,0
420392,1,1,0,0,0,0,0,0,0,0,0,0
420393,1,1,0,0,0,0,0,0,0,0,0,0
420393,2,1,0,0,0,0,0,0,0,0,0,0
420394,0,1,0,6,0,0,24,0,0,0,0,0
420394,1,1,12,25,14,8,21,0,0,6,44,28
420395,0,1,29,0,0,0,0,0,0,0,0,0
420395,1,1,0,0,0,0,0,0,0,0,0,0
420396,0,1,65,7,19,15,16,10,31,8,5,20
420396,1,1,16,0,21,7,11,34,3,12,17,11
420397,1,1,0,0,0,0,0,0,0,0,0,0
420397,2,1,0,0,0,0,0,0,0,0,0,0
420398,1,1,0,0,0,0,0,0,0,0,0,0
420398,2,1,10,0,0,0,0,0,0,0,0,0
420399,1,1,0,0,0,0,0,0,0,0,0,0
420399,2,1,0,0,0,0,0,0,0,0,0,0
420400,1,1,0,0,0,0,0,0,0,0,0,0
420400,2,1,0,0,0,0,0,0,0,0,0,0
420401,1,1,0,0,0,0,0,0,0,0,0,0
420401,2,1,0,0,0,0,0,0,0,0,0,0
420402,1,1,0,0,0,0,0,0,0,0,0,0
420402,2,1,0,0,0,0,0,0,0,0,0,0
420403,1,1,17,17,17,17,17,17,17,17,17,17
420403,2,1,0,0,0,0,0,0,0,0,0,0
420404,1,1,0,0,0,0,0,0,0,0,0,0
420404,2,1,0,0,0,0,0,0,0,0,0,0
420405,1,1,0,0,0,0,0,0,0,0,0,0
420405,2,1,0,0,21,0,0,0,0,0,0,0
420406,1,1,0,0,0,0,0,0,0,0,0,0
420406,2,1,0,0,0,0,0,0,0,0,0,0
420407,1,1,20,20,20,20,20,20,20,20,20,20
420408,1,1,0,0,14,15,21,0,0,0,0,0
420409,1,1,0,0,0,0,0,0,0,0,0,0
420409,2,1,0,0,0,25,0,0,0,0,0,0
420410,1,1,13,13,13,13,13,13,13,13,13,13
420410,2,1,5,5,5,5,5,5,5,5,5,5
420411,0,1,24,24,24,24,24,24,24,24,24,24
420411,1,1,23,0,0,25,0,17,34,0,0,19
420412,0,1,12,8,0,9,16,20,42,37,20,22
420412,1,1,0,0,32,0,0,0,0,0,0,0
420413,1,1,0,0,0,17,0,0,12,0,0,0
420413,2,1,0,0,0,0,0,0,0,0,0,0
420413,3,1,0,0,0,0,0,0,0,0,0,0
420413,4,1,0,0,0,0,0,0,0,0,0,0
420414,1,1,10,10,10,10,10,10,10,10,10,10
420415,1,1,7,7,7,7,7,7,7,7,7,7
420415,2,1,13,13,13,13,13,13,13,13,13,13
420416,1,1,0,0,0,0,0,0,0,0,0,0
420416,2,1,0,0,0,0,0,0,0,0,0,0
420417,1,1,0,8,0,13,10,21,25,0,6,0
420418,1,1,0,0,0,0,0,0,0,0,0,0
420419,1,1,0,0,11,49,2,0,0,14,4,0
420420,0,1,25,20,20,0,0,0,0,0,0,0
420420,1,1,0,15,22,15,11,0,0,24,6,8
420420,2,1,17,0,23,3,0,10,16,0,16,15
420421,1,1,13,22,16,12,21,12,21,22,22,21
420422,1,1,14,14,14,14,14,14,14,14,14,14
420423,1,1,31,31,31,31,31,31,31,31,31,31
420424,1,1,0,18,0,0,26,0,0,16,0,20
420424,2,1,0,0,46,0,0,0,0,0,18,0
420424,3,1,0,0,0,0,0,0,9,0,0,0
420425,1,1,0,14,0,0,0,0,0,0,0,19
420425,2,1,0,0,0,0,0,0,0,0,0,0
420425,3,1,0,0,0,0,0,0,0,0,0,0
420426,1,1,14,14,14,14,14,14,14,14,14,14
420427,1,1,0,0,0,0,0,0,0,0,0,0
420427,2,1,0,0,25,0,0,0,0,0,0,0
420428,1,1,0,0,0,0,0,0,0,0,0,0
420428,2,1,0,0,0,0,0,0,0,0,0,0
420429,2,1,0,0,0,0,0,0,4,0,0,0
420430,1,1,0,0,0,0,0,0,0,0,0,0
420430,2,1,0,0,0,0,0,0,0,0,0,0
420431,0,1,0,0,0,0,0,0,0,0,0,0
420431,1,1,0,0,0,0,0,0,0,0,0,0
420432,0,1,0,0,8,17,33,21,0,0,0,0
420432,1,1,0,0,0,0,0,0,0,0,0,0
420432,2,1,0,0,0,0,0,0,0,0,0,0
420433,1,1,27,27,27,27,27,27,27,27,27,27
420434,1,1,0,0,0,0,0,0,0,0,0,0
420434,2,1,0,0,0,0,0,0,0,0,0,0
420435,1,1,0,0,0,0,0,0,0,0,0,0
420436,1,1,11,11,11,11,11,11,11,11,11,11
420437,1,1,0,0,0,0,0,0,0,0,0,0
420438,0,1,0,0,0,0,0,27,0,0,0,0
420438,1,1,0,16,21,24,0,0,0,0,20,14
420439,1,1,0,0,0,0,0,0,0,0,0,0
420439,2,1,0,0,0,0,0,0,0,0,0,0
420439,3,1,0,0,0,0,0,0,0,0,0,0
420440,1,1,0,0,0,0,0,0,0,0,0,0
420440,2,2,0,0,0,0,0,0,0,0,0,0
420440,3,1,0,0,0,0,0,0,0,0,0,0
420441,1,1,13,13,13,13,13,13,13,13,13,13
420442,1,1,22,22,22,22,22,22,22,22,22,22