ST_CASE,VEH_NO,PER_NO,P1,P2,P3,P4,P5,P6,P7,P8,P9,P10
421028,0,1,25,25,25,25,25,25,25,25,25,25
421028,1,1,0,0,0,0,0,0,0,0,0,0
421029,0,1,16,16,16,16,16,16,16,16,16,16
421029,1,1,10,24,4,21,36,8,7,20,17,34
421030,1,1,0,0,0,0,0,0,0,0,0,0
421031,1,1,0,20,15,0,0,13,0,0,0,0
421032,1,1,22,22,22,22,22,22,22,22,22,22
421033,1,1,0,14,7,19,7,35,7,3,20,34
421033,2,1,0,0,0,0,0,0,0,0,0,0
421034,1,1,17,0,0,18,0,0,0,9,0,0
421035,0,1,0,0,0,0,0,0,0,0,0,0
421035,1,1,0,0,0,0,0,0,0,0,0,0
421036,1,1,0,13,0,0,13,0,0,0,0,10
421037,1,1,22,22,22,22,22,22,22,22,22,22
421038,1,1,0,0,0,0,0,0,0,0,0,0
421038,2,1,0,0,0,0,0,0,0,0,0,0
421038,3,1,0,13,0,0,0,0,0,0,0,0
421038,4,1,0,0,0,0,0,0,0,0,0,0
421039,1,1,0,0,0,0,0,0,0,0,0,0
421039,2,1,0,0,0,0,0,0,0,0,0,0
421039,3,1,0,0,0,0,0,0,0,0,0,0
421039,4,1,0,0,0,0,0,0,32,0,0,0
421040,1,1,0,0,38,0,0,0,0,0,0,0
421040,2,1,0,0,0,0,0,0,0,0,0,0
421040,3,1,0,0,0,0,0,0,0,0,0,0
421040,4,1,0,0,0,0,0,0,0,0,0,0
421041,1,1,0,0,0,0,0,0,0,0,0,0
421041,2,1,0,0,0,23,0,0,0,0,0,0
421041,3,1,0,0,0,0,0,0,0,0,0,0
421042,0,1,0,0,0,0,0,0,0,0,0,0
421042,1,1,0,0,0,0,0,0,0,0,0,0
421042,2,1,0,0,0,0,0,0,12,0,0,0
421042,3,1,0,0,0,0,0,0,0,0,0,0
421043,1,1,0,0,0,0,13,0,0,0,25,0
421043,2,1,22,26,8,0,0,0,12,0,0,0
421044,0,1,0,0,0,0,0,0,0,0,0,0
421044,1,1,0,0,0,7,26,0,0,0,0,0
421045,0,1,3,3,3,3,3,3,3,3,3,3
421045,1,1,0,0,0,0,0,0,13,0,0,16
421046,1,1,24,0,0,0,0,0,0,0,0,19
421046,2,1,0,0,0,0,0,0,0,0,0,6
421047,1,1,17,17,17,17,17,17,17,17,17,17
421047,2,1,0,0,0,0,0,0,0,0,0,0
421048,1,1,0,0,0,0,0,0,0,0,0,0
421048,2,1,0,0,0,0,0,0,0,0,0,0
421049,0,1,0,0,15,30,0,0,30,19,11,5
421049,1,1,13,28,0,45,0,13,0,16,0,0
421050,1,1,0,0,0,0,0,0,0,0,0,0
421050,2,1,0,0,0,0,0,0,0,0,0,0
421051,1,1,0,0,0,28,0,0,2,0,26,0
421052,1,1,2,2,2,2,2,2,2,2,2,2
421053,1,1,16,19,0,0,0,0,0,0,0,10
421053,2,1,0,0,0,0,0,0,0,0,0,0
421053,3,1,0,0,0,0,0,0,0,0,0,0
421053,4,1,0,0,0,0,0,0,0,0,0,0
421054,1,1,20,0,0,15,0,17,21,0,0,25
421055,1,1,0,0,0,0,0,0,0,0,0,0
421055,2,1,25,0,0,0,0,0,0,0,0,0
421055,3,1,0,0,0,0,0,0,0,0,0,0
421056,1,1,0,0,0,0,0,0,7,0,0,0
421056,2,1,0,0,0,0,0,0,0,0,0,0
421057,1,1,0,0,0,0,0,0,0,0,0,0
421058,1,1,0,0,0,21,0,0,0,0,0,0
421059,1,1,0,0,0,0,0,0,0,0,0,0
421059,2,1,0,0,0,0,27,0,0,0,0,0
421060,1,1,0,0,0,0,0,16,0,0,0,14
421061,1,1,0,0,22,9,0,0,0,13,0,0
421062,1,1,0,0,0,0,0,0,0,0,0,0
421062,2,1,0,0,0,0,0,0,0,0,0,0
421062,3,1,30,0,0,0,0,0,0,0,0,0
421062,4,1,0,0,0,0,0,0,0,0,0,0
421062,5,1,0,0,0,0,0,0,0,0,0,7
421063,0,1,14,0,0,4,0,5,14,30,6,0
421063,1,1,0,0,0,0,0,0,18,0,0,0
421064,1,1,0,0,0,0,0,0,0,0,0,0
421064,2,1,0,0,0,0,0,0,0,0,0,0
421065,1,1,0,0,0,0,0,0,0,0,0,0
421066,1,1,0,0,0,0,0,0,0,0,0,0
421066,2,1,0,0,0,0,0,0,0,0,0,0
421067,1,1,0,0,0,0,0,0,0,13,0,0
421067,2,1,0,0,0,0,0,0,0,0,0,0
421068,1,1,0,0,0,0,0,14,11,0,0,0
421069,1,1,20,20,20,20,20,20,20,20,20,20
421070,1,1,18,10,5,18,25,12,2,9,13,9
421071,1,1,0,0,0,0,0,0,0,0,0,0
421071,2,1,0,0,0,0,0,0,0,0,0,0
421072,0,1,28,0,25,0,9,0,0,0,21,0
421072,1,1,0,0,0,0,0,0,0,0,0,0
421073,0,1,0,0,13,0,5,18,29,11,25,20
421073,1,1,0,0,5,0,0,0,0,0,0,22
421074,1,1,0,0,0,0,0,0,0,0,0,0
421075,1,1,0,0,0,0,0,0,0,0,0,0
421075,2,1,0,0,0,0,0,0,0,0,0,0
421076,1,1,11,11,11,11,11,11,11,11,11,11
421076,2,1,0,13,0,0,0,0,0,0,0,0
421077,1,1,7,0,0,0,0,0,0,16,0,0
421077,2,1,0,0,0,0,0,0,0,0,0,0
421078,1,1,0,0,0,0,0,0,0,0,0,0
421078,2,1,0,0,9,0,0,0,0,0,0,0
421079,1,1,0,0,0,0,0,0,0,0,0,0
421080,1,1,0,0,0,0,0,0,0,0,0,0
421080,2,1,0,0,0,0,0,0,0,0,0,0
421081,1,1,0,20,0,5,0,0,0,0,0,0
421082,1,1,23,27,8,24,29,14,20,19,24,28
421083,1,1,0,0,7,0,0,0,0,12,0,0
421084,1,1,0,0,0,0,0,0,0,0,0,0
421084,2,1,0,0,0,0,0,0,0,0,0,0
421085,1,1,0,0,6,0,0,0,0,0,0,0
440001,1,1,0,0,0,0,21,12,0,0,0,0
440002,0,1,0,0,0,0,0,0,0,0,0,0
440002,1,1,0,0,0,11,0,0,0,0,0,0
440003,1,1,0,0,0,0,0,0,0,0,0,0
440003,3,1,0,0,10,0,0,0,0,0,0,0
440004,1,1,0,0,0,0,0,0,0,0,0,0
440004,2,1,0,0,0,0,0,0,0,0,0,0
440004,3,1,0,0,0,0,0,0,0,0,0,0
440005,1,1,20,20,20,20,20,20,20,20,20,20
440006,1,1,0,0,0,0,0,0,0,0,0,0
440007,0,1,0,0,0,0,0,0,0,0,0,0
440007,1,1,0,0,0,0,0,0,0,0,0,0
440008,1,1,0,0,0,0,0,0,0,0,0,0
440009,0,1,0,0,0,0,0,0,0,0,0,0
440009,1,1,19,0,10,4,0,2,13,17,7,0
440010,1,1,21,14,24,0,20,14,14,13,13,24
440010,2,1,9,9,9,9,9,9,9,9,9,9
440010,3,1,0,6,10,0,0,0,0,0,0,14
440011,1,1,11,13,7,8,12,24,4,5,3,11
440011,2,1,39,39,39,39,39,39,39,39,39,39
440012,0,1,0,0,0,0,0,0,0,0,0,0
440012,1,1,0,0,0,0,0,0,0,0,0,0
440013,0,1,8,0,0,0,0,0,0,0,14,0
440013,1,1,0,0,0,0,0,0,0,0,0,0
440014,1,1,0,0,0,14,0,0,0,4,9,0
440014,2,1,0,0,0,0,0,0,0,0,0,0
440014,3,1,0,0,0,0,0,0,0,0,0,0
440015,1,1,13,13,13,13,13,13,13,13,13,13
440016,0,1,0,0,0,0,0,0,0,0,0,0
440016,1,1,0,0,0,0,0,0,0,0,0,0
440017,1,1,0,0,0,0,0,0,0,0,0,0
440018,1,1,0,0,0,0,0,18,8,0,0,0
440018,2,1,0,0,0,0,0,0,0,0,13,15
440019,0,1,0,0,0,0,0,0,0,0,0,0
440019,1,1,0,0,0,0,0,20,0,0,0,21
440020,1,1,0,0,3,22,0,9,0,14,0,0
440020,2,1,0,0,0,0,0,0,0,0,0,0
440021,0,1,0,0,0,0,0,0,0,0,0,0
440021,1,1,22,22,0,21,25,30,9,9,20,33
440022,1,1,23,23,23,23,23,23,23,23,23,23
440022,2,1,0,0,0,0,0,0,0,0,16,0
440023,0,1,0,0,0,0,0,0,0,0,0,0
440023,2,1,0,0,0,0,0,0,0,0,0,0
440024,1,1,0,0,0,0,0,0,0,0,0,0
440025,1,1,0,0,0,0,0,0,0,0,0,0
440025,2,1,0,0,0,0,0,0,0,0,0,0
440025,3,1,0,0,0,0,0,0,0,0,0,0
440026,1,1,10,11,0,0,0,0,0,0,0,0
440026,2,1,24,41,0,0,0,0,0,16,0,0
440027,0,1,13,13,13,13,13,13,13,13,13,13
440027,1,1,0,0,0,0,0,0,0,0,17,0
440028,1,1,27,27,27,27,27,27,27,27,27,27
440029,1,1,8,8,8,8,8,8,8,8,8,8
440029,2,1,9,9,9,9,9,9,9,9,9,9
440030,1,1,0,12,0,10,17,0,0,0,14,0
440031,1,1,17,17,17,17,17,17,17,17,17,17
440032,1,1,21,21,21,21,21,21,21,21,21,21
440033,1,3,19,17,31,34,7,0,0,27,0,11
440034,1,1,0,0,0,0,0,0,0,0,0,0
440035,0,1,0,0,0,12,0,22,0,20,0,12
440035,1,1,0,0,0,0,0,0,0,0,12,0
440036,0,1,0,0,0,0,0,0,0,0,0,0
440036,1,1,5,12,37,35,21,0,0,28,0,0
440037,1,1,19,19,19,19,19,19,19,19,19,19
440038,1,1,0,0,0,0,0,0,0,0,0,0
440039,1,1,0,0,0,0,0,0,0,0,0,0
440039,2,1,0,0,0,0,0,0,0,0,0,0
440040,1,1,27,27,27,27,27,27,27,27,27,27
440041,1,1,34,14,14,26,28,0,17,30,20,13
440042,1,1,0,0,0,0,4,0,0,0,0,0
440042,2,1,0,0,0,0,0,0,0,0,0,0
440043,1,1,0,0,0,0,0,0,0,0,22,0
440043,2,1,19,19,19,19,19,19,19,19,19,19
440044,0,1,0,0,0,0,0,0,0,0,0,0
440044,1,1,22,18,9,14,13,25,31,15,16,12
440045,0,1,0,0,0,0,0,0,0,0,0,0
440045,1,1,0,0,0,0,0,0,0,0,0,0
440046,1,1,14,14,14,14,14,14,14,14,14,14
440047,0,1,0,0,0,0,0,0,0,0,0,0
440047,1,1,17,13,0,0,24,20,0,0,16,0
440048,1,1,0,0,0,0,0,19,0,0,0,0
440048,2,1,0,0,0,0,0,0,0,0,0,0
440049,0,1,0,0,0,0,0,0,0,0,0,0
440049,1,1,0,0,0,0,0,0,0,0,0,0
440050,1,1,15,15,15,15,15,15,15,15,15,15
440051,1,1,0,0,0,0,0,0,0,0,0,0
440052,1,1,0,8,0,0,0,0,31,0,0,0
440052,2,1,10,22,11,22,15,28,8,4,25,23
440053,0,1,0,0,0,0,0,0,0,0,0,0
440053,1,1,0,0,0,0,0,0,9,0,0,24
440054,1,1,14,14,14,14,14,14,14,14,14,14
440055,1,1,13,13,13,13,13,13,13,13,13,13
440056,0,1,0,0,0,0,0,0,0,0,0,0
440056,1,1,0,0,0,0,0,0,0,0,0,0
440057,1,1,0,0,0,0,0,0,0,0,0,0
440057,2,1,0,0,0,0,0,0,0,0,0,0
440057,3,1,0,0,0,0,0,0,0,0,0,0
440058,1,1,0,0,0,0,0,0,0,0,0,0
440058,2,1,0,0,0,0,0,0,0,0,0,0
440058,3,1,0,0,0,0,0,0,0,0,0,0
440059,1,1,22,22,22,22,22,22,22,22,22,22
440060,1,1,14,14,14,14,14,14,14,14,14,14
440060,2,1,0,0,20,0,0,0,0,16,0,8
440061,1,1,31,31,31,31,31,31,31,31,31,31
440062,1,1,0,0,0,0,0,0,0,0,0,0
440062,2,1,0,16,0,0,0,0,0,0,0,0
440063,1,1,0,0,0,0,0,0,0,0,0,0
440064,1,1,10,10,10,10,10,10,10,10,10,10
440065,0,1,0,0,0,0,0,0,29,33,0,0
440065,1,1,0,0,0,0,0,0,9,0,10,0
440066,1,1,0,0,0,0,0,0,0,0,0,0
440067,0,1,0,0,0,0,0,0,0,0,0,0
440067,1,1,0,0,0,23,0,0,0,0,0,4
440068,1,1,43,43,43,43,43,43,43,43,43,43
440069,1,1,0,0,0,0,0,0,0,0,0,0
440069,2,1,0,0,0,0,0,0,0,0,0,0
440070,1,1,22,22,22,22,22,22,22,22,22,22
440071,1,1,10,10,10,10,10,10,10,10,10,10
440071,2,1,0,0,0,2,0,0,7,7,0,0
440072,0,1,0,0,0,0,0,0,0,0,0,0
440072,1,1,0,0,16,11,26,0,0,0,0,0
440073,0,1,1,1,1,1,1,1,1,1,1,1
440073,0,2,7,0,0,0,0,0,0,23,7,0
440073,1,1,0,0,0,0,0,0,0,0,0,0
440074,1,1,0,0,0,0,0,0,0,0,0,0
440075,1,1,0,0,0,0,0,0,0,0,0,0
440076,0,1,30,30,30,30,30,30,30,30,30,30
440076,1,1,18,10,28,0,15,21,11,0,0,6
450001,1,1,7,26,0,8,0,21,10,0,4,0
450002,0,1,27,27,27,27,27,27,27,27,27,27
450002,1,1,0,0,0,0,0,0,10,39,0,26
450003,1,1,0,0,0,0,0,0,0,0,0,0
450004,1,1,0,0,0,0,0,0,0,0,0,0
450005,1,1,0,0,0,0,0,0,0,0,0,0
450005,2,1,7,7,7,7,7,7,7,7,7,7
450006,1,1,14,14,14,14,14,14,14,14,14,14
450007,1,1,0,0,0,0,0,0,0,7,0,0
450007,2,1,0,0,0,0,0,0,0,0,0,0
450008,1,1,0,0,0,0,0,0,0,0,0,0
450008,2,1,0,0,0,0,0,0,0,0,0,0
450009,1,1,17,21,9,30,15,7,9,19,7,28
450010,1,1,21,21,21,21,21,21,21,21,21,21
450011,1,1,0,0,0,0,0,0,8,0,0,0
450011,2,1,0,0,0,0,0,0,0,0,0,0
450012,1,1,20,20,20,20,20,20,20,20,20,20
450013,0,1,0,0,0,0,0,0,0,0,0,0
450013,1,1,0,0,0,0,0,0,0,0,0,0
450014,1,1,10,10,10,10,10,10,10,10,10,10
450015,1,1,10,12,18,10,16,23,0,0,2,25
450015,2,1,0,0,0,0,0,0,0,0,0,0
450016,1,1,3,3,3,3,3,3,3,3,3,3
450017,1,1,14,14,14,14,14,14,14,14,14,14
450018,1,1,0,0,0,0,0,0,0,0,0,0
450019,1,1,0,0,0,0,0,0,0,0,0,0
450020,1,1,0,0,0,0,0,22,0,0,0,0
450020,2,1,0,0,0,0,0,0,0,0,0,0
450021,1,1,0,0,0,0,0,0,0,0,0,0
450022,1,1,9,9,9,9,9,9,9,9,9,9
450022,2,1,0,0,0,0,0,0,0,0,0,0
450023,1,1,0,0,0,0,0,0,0,0,0,0
450024,1,1,0,0,16,0,18,0,0,20,0,0
450025,1,1,0,0,0,0,0,0,0,0,0,0
450026,1,1,0,0,0,0,0,0,0,0,0,0
450027,1,1,0,0,0,0,14,0,0,0,0,0
450027,2,1,4,4,4,4,4,4,4,4,4,4
450028,1,1,17,17,17,17,17,17,17,17,17,17
450028,2,1,11,11,11,11,11,11,11,11,11,11
450029,1,1,0,0,0,0,0,0,0,0,0,0
450029,2,1,8,8,8,8,8,8,8,8,8,8
450030,1,1,0,0,0,0,0,0,0,0,0,0
450031,1,1,22,22,22,22,22,22,22,22,22,22
450032,1,1,14,14,14,14,14,14,14,14,14,14
450033,1,1,0,0,0,0,0,0,0,0,0,0
450034,1,1,0,0,0,0,0,0,0,0,0,0
450034,2,1,0,0,0,10,0,0,0,0,0,0
450034,3,1,0,0,0,0,0,0,0,0,0,0
450035,1,1,14,14,14,14,14,14,14,14,14,14
450036,0,1,0,0,0,0,0,0,0,0,0,0
450036,1,1,0,0,0,0,0,0,0,0,0,0
450037,1,1,0,0,0,0,0,0,0,0,0,0
450037,2,1,21,21,21,21,21,21,21,21,21,21
450038,1,1,0,0,0,0,0,0,0,22,0,0
450038,2,1,1,1,1,1,1,1,1,1,1,1
450039,1,1,21,21,21,21,21,21,21,21,21,21
450039,2,1,0,0,0,0,0,0,0,0,0,0
450039,3,1,0,0,0,0,13,0,0,0,8,0
450040,0,1,5,5,5,5,5,5,5,5,5,5
450040,1,1,0,0,0,0,0,0,0,0,0,0
450041,0,1,16,16,16,16,16,16,16,16,16,16
450041,1,1,17,0,17,0,0,0,0,0,0,0
450042,0,1,16,16,16,16,16,16,16,16,16,16
450042,1,1,0,0,0,24,0,0,0,0,0,0
450043,1,1,0,0,0,0,18,0,0,0,0,0
450043,2,1,24,24,24,24,24,24,24,24,24,24
450044,1,1,0,0,0,0,0,0,0,0,0,0
450044,2,1,0,0,0,0,0,0,0,0,0,0
450045,0,1,0,0,0,0,0,0,0,0,0,0
450045,1,1,0,0,0,0,0,14,0,0,0,0
450046,1,1,0,0,0,0,0,0,0,0,0,0
450046,2,1,0,0,0,0,0,0,0,0,0,0
450047,1,1,0,0,0,0,0,0,0,0,0,0
450047,2,1,0,0,0,0,0,0,0,0,0,0
450048,1,1,0,0,0,32,0,0,0,0,0,0
450048,2,1,0,0,0,0,0,0,0,0,0,0
450049,0,1,2,2,2,2,2,2,2,2,2,2
450049,1,1,14,14,14,14,14,14,14,14,14,14
450050,1,1,0,0,0,0,0,0,0,0,0,0
450050,2,1,0,0,0,0,0,0,0,0,0,0
450051,1,1,0,0,0,0,0,0,0,0,0,33
450051,2,1,9,9,9,9,9,9,9,9,9,9
450052,1,1,21,21,21,21,21,21,21,21,21,21
450053,1,1,26,26,26,26,26,26,26,26,26,26
450054,1,1,0,0,0,0,0,0,0,0,0,0
450054,2,1,0,0,0,0,0,0,0,0,0,16
450055,1,1,0,0,0,0,0,0,0,0,0,0
450056,1,1,0,0,0,0,0,0,0,0,0,0
450057,1,1,0,0,0,0,0,0,0,0,0,0
450057,2,1,0,0,0,0,0,0,0,0,0,0
450058,1,1,20,20,20,20,20,20,20,20,20,20
450059,1,1,0,0,0,0,0,0,0,0,0,0
450059,2,1,0,0,0,0,0,0,0,0,0,0
450060,1,1,0,0,0,0,0,0,0,0,0,0
450060,2,1,0,0,19,0,0,0,0,0,0,0
450061,1,1,0,0,0,0,0,0,0,0,0,0
450061,2,1,0,0,0,0,0,0,0,0,0,0
450062,1,1,1,1,1,1,1,1,1,1,1,1
450063,1,1,25,25,25,25,25,25,25,25,25,25
450064,1,1,13,28,25,13,23,34,25,11,6,11
450065,1,1,0,0,0,0,0,0,0,0,0,0
450066,0,1,0,8,0,7,0,0,0,18,0,18
450066,1,1,0,0,0,0,0,0,0,0,0,0
450067,0,1,0,0,0,0,0,0,0,0,0,0
450067,1,1,0,0,0,0,0,20,0,0,0,0
450068,0,1,0,0,0,22,0,0,0,0,0,30
450068,1,1,0,0,0,0,0,0,0,0,8,0
450069,1,1,0,0,0,0,0,0,0,0,0,0
450070,1,1,0,0,0,0,0,0,41,0,6,0
450070,2,1,0,0,0,0,0,0,0,0,0,0
450071,1,1,0,0,0,0,0,0,0,0,0,0
450071,2,1,0,0,0,0,0,0,0,0,0,0
450071,3,1,0,0,0,0,0,0,0,0,0,0
450072,1,1,0,0,0,0,0,0,0,0,0,0
450072,2,1,8,16,5,13,4,24,14,44,17,16
450073,1,1,0,0,0,0,0,0,0,0,0,0
450073,2,1,6,6,6,6,6,6,6,6,6,6
450074,1,1,0,0,0,0,0,0,0,0,0,0
450074,2,1,13,13,13,13,13,13,13,13,13,13
450075,1,1,0,0,0,27,0,0,0,0,0,0
450075,2,1,7,7,7,7,7,7,7,7,7,7
450076,1,1,17,17,17,17,17,17,17,17,17,17
450077,1,1,16,16,16,16,16,16,16,16,16,16
450078,1,1,0,0,0,0,0,0,0,0,0,0
450079,1,1,0,0,0,0,0,0,0,0,0,0
450079,2,1,0,0,0,0,0,0,0,0,0,0
450079,3,1,20,8,10,12,15,2,8,21,0,15
450080,1,1,0,0,0,0,0,0,0,0,0,0
450080,2,1,0,0,0,0,0,0,0,0,0,0
450081,1,1,25,25,21,0,29,11,15,25,22,0
450082,0,1,0,0,0,0,0,0,18,0,0,0
450082,1,1,11,11,11,11,11,11,11,11,11,11
450083,1,1,20,20,20,20,20,20,20,20,20,20
450084,0,1,26,26,26,26,26,26,26,26,26,26
450084,1,1,0,0,0,33,0,0,16,0,26,0
450085,1,1,0,0,0,0,0,0,0,0,0,0
450086,1,1,0,0,0,0,0,0,0,0,0,0
450087,1,1,10,14,15,15,12,9,13,24,8,28
450088,1,1,0,0,0,0,0,0,0,0,0,0
450088,2,1,0,0,0,0,0,0,0,0,0,0
450089,1,1,36,50,0,10,19,54,0,8,0,14
450090,1,1,21,21,21,21,21,21,21,21,21,21
450091,1,1,0,0,0,0,0,0,0,0,0,0
450092,1,1,0,0,0,0,0,0,0,0,0,0
450092,2,1,0,0,0,0,0,0,6,0,0,0
450093,0,1,0,0,0,0,0,0,0,0,0,0
450093,1,1,0,0,0,0,0,24,0,0,0,0
450094,1,1,0,0,0,0,0,0,0,0,0,0
450094,2,1,0,0,0,0,0,0,0,0,0,0
450095,1,1,0,0,0,0,0,0,0,0,0,0
450095,2,1,0,0,0,0,0,0,0,0,0,0
450096,1,1,13,13,13,13,13,13,13,13,13,13
450097,1,1,19,19,19,19,19,19,19,19,19,19
450098,1,1,27,27,27,27,27,27,27,27,27,27
450099,1,1,0,0,0,0,0,0,0,0,0,0
450100,1,1,11,11,11,11,11,11,11,11,11,11
450101,1,1,15,15,15,15,15,15,15,15,15,15
450102,1,1,0,0,0,0,0,0,13,0,0,0
450102,2,1,0,0,0,0,0,0,0,0,0,0
450103,1,1,0,0,0,0,0,0,0,0,0,0
450103,2,1,0,0,0,0,0,0,0,0,0,0
450104,0,1,31,31,31,31,31,31,31,31,31,31
450104,1,1,0,0,0,0,0,8,0,16,14,0
450105,1,1,0,0,0,0,0,0,0,0,12,0
450106,0,1,32,32,32,32,32,32,32,32,32,32
450106,1,1,0,0,0,0,0,0,0,0,0,0
450106,2,1,0,0,0,0,0,0,0,0,0,0
450107,1,1,0,0,0,0,0,0,0,0,0,0
450108,1,1,0,0,0,0,0,0,0,0,0,0
450108,2,1,0,0,0,0,0,0,0,0,0,0
450109,0,1,0,0,0,0,0,0,0,0,0,0
450109,1,1,0,0,0,0,0,0,0,0,0,0
450110,1,1,32,32,32,32,32,32,32,32,32,32
450111,1,1,0,22,0,0,0,0,0,0,0,0
450111,2,1,15,15,13,3,0,12,4,21,5,13
450112,1,1,0,0,0,0,0,18,0,0,0,0
450112,2,1,0,0,0,0,0,0,0,0,0,0
450113,1,1,13,13,13,13,13,13,13,13,13,13
450114,1,1,0,0,0,0,0,0,0,0,0,0
450114,2,1,0,0,0,0,0,0,0,0,0,0
450115,2,1,0,0,0,0,0,0,0,0,0,0
450115,3,1,13,13,13,13,13,13,13,13,13,13
450116,1,1,0,0,0,0,0,0,24,0,0,0
450116,2,1,0,0,0,12,0,0,0,0,0,6
450117,1,1,0,0,0,0,0,0,0,0,0,0
450118,1,1,15,15,15,15,15,15,15,15,15,15
450119,1,1,14,14,14,14,14,14,14,14,14,14
450120,1,1,20,20,20,20,20,20,20,20,20,20
450120,2,1,0,0,0,0,0,0,0,0,0,0
450121,1,1,22,0,0,0,0,0,0,0,0,0
450122,1,1,25,8,10,17,17,13,3,11,9,13
450123,1,1,0,0,0,0,0,0,0,0,0,0
450124,1,1,19,19,19,19,19,19,19,19,19,19
450124,2,1,0,0,0,0,0,0,0,0,0,0
450125,1,1,0,0,0,0,0,0,0,0,0,0
450125,2,1,0,0,0,0,0,0,0,0,0,0
450126,0,1,0,0,0,0,0,0,0,0,0,0
450126,1,1,16,16,16,16,16,16,16,16,16,16
450127,1,1,0,0,0,0,0,0,0,0,0,0
450128,1,1,0,0,0,0,0,0,0,0,0,0
450129,1,1,13,0,0,0,0,0,0,0,0,0
450130,1,1,0,0,0,0,0,29,0,0,0,0
450130,2,1,0,0,0,0,0,0,0,0,0,0
450131,1,1,0,25,0,0,8,0,0,0,8,0
450132,1,1,0,0,0,0,0,0,0,0,0,0
450133,1,1,0,0,0,0,0,0,0,0,0,0
450134,1,1,9,0,0,21,18,0,0,0,0,0
450135,1,1,0,0,0,23,0,0,0,0,0,0
450136,0,1,17,17,17,17,17,17,17,17,17,17
450136,1,1,0,0,0,0,0,0,0,0,0,0
450137,0,1,11,11,11,11,11,11,11,11,11,11
450137,1,1,0,0,0,0,11,0,0,0,0,0
450138,1,1,23,23,23,23,23,23,23,23,23,23
450139,0,1,7,7,7,7,7,7,7,7,7,7
450139,1,1,0,0,0,0,0,0,0,0,0,0
450139,2,1,1,16,5,17,0,0,0,12,10,0
450140,1,1,0,0,0,0,0,0,0,0,0,0
450140,2,1,22,0,0,0,0,0,0,0,0,0
450141,1,1,21,21,21,21,21,21,21,21,21,21
450142,1,1,0,0,0,0,16,0,0,0,0,0
450143,0,1,0,12,0,0,0,0,0,0,0,0
450143,1,1,0,0,0,0,0,0,0,0,0,0
450143,2,1,0,0,0,0,0,0,0,0,0,0
450144,1,1,0,0,4,0,0,16,0,0,0,0
450144,2,1,13,13,13,13,13,13,13,13,13,13
450145,1,1,0,0,0,0,0,0,0,0,0,0
450145,2,1,0,0,0,0,0,0,0,0,0,0
450146,0,1,0,0,0,0,0,0,0,0,0,0
450146,2,1,0,0,0,0,0,0,0,0,0,0
450147,0,1,0,0,0,0,0,0,0,0,0,0
450147,1,1,0,0,0,0,0,0,0,0,0,0
450148,0,1,5,5,5,5,5,5,5,5,5,5
450148,1,1,0,0,0,0,0,0,0,0,0,0
450149,1,1,0,0,0,0,0,0,0,0,0,0
450149,2,1,0,0,0,0,0,0,0,0,0,0
450150,1,1,19,19,19,19,19,19,19,19,19,19
450151,1,1,1,1,1,1,1,1,1,1,1,1
450152,0,1,30,30,30,30,30,30,30,30,30,30
450152,1,1,17,0,14,0,0,0,0,0,0,0
450152,2,1,0,0,0,0,0,0,0,0,0,0
450152,3,1,0,0,0,0,0,0,0,25,0,0
450153,1,1,25,25,25,25,25,25,25,25,25,25
450154,1,1,24,24,24,24,24,24,24,24,24,24
450155,1,1,17,17,17,17,17,17,17,17,17,17
450156,1,1,20,20,20,20,20,20,20,20,20,20
450156,2,1,0,0,0,0,0,0,0,0,0,0
450157,0,1,0,0,0,0,0,0,0,0,0,0
450157,0,2,0,0,0,0,0,0,0,0,0,0
450157,0,3,0,0,0,0,0,0,0,0,0,0
450157,1,1,0,0,0,0,0,0,0,0,0,0
450159,1,1,0,0,0,0,0,0,22,0,0,0
450160,1,1,0,0,0,0,0,0,0,0,0,0
450161,1,1,0,0,0,0,0,0,0,0,0,0
450161,2,1,0,0,0,0,0,22,0,11,0,0
450162,1,1,20,20,20,20,20,20,20,20,20,20
450163,1,1,8,8,8,8,8,8,8,8,8,8
450164,1,1,0,0,0,0,0,0,0,0,0,0
450165,1,1,9,9,9,9,9,9,9,9,9,9
450166,0,1,3,3,3,3,3,3,3,3,3,3
450166,1,1,12,12,12,12,12,12,12,12,12,12
450167,1,1,0,0,0,0,0,0,0,0,0,0
450167,2,1,0,0,0,0,0,0,0,0,0,0
450168,1,1,0,0,0,0,0,4,0,0,17,11
450169,1,1,0,0,0,0,0,0,0,0,0,0
450170,1,1,0,0,0,0,0,0,0,0,0,0
450170,2,1,25,25,25,25,25,25,25,25,25,25
450171,0,1,13,13,13,13,13,13,13,13,13,13
450171,1,1,0,18,0,0,9,14,0,0,0,28
450172,1,1,0,0,0,0,0,0,0,0,0,0
450173,1,1,0,0,0,0,0,0,0,0,0,0