ST_CASE,VEH_NO,PER_NO,P1,P2,P3,P4,P5,P6,P7,P8,P9,P10
450484,2,1,0,0,0,0,0,0,0,0,0,0
450485,0,1,0,0,0,0,0,0,0,0,0,0
450485,1,1,0,0,0,0,0,0,0,0,0,0
450486,1,1,15,15,15,15,15,15,15,15,15,15
450487,0,1,5,0,0,0,0,0,0,0,0,0
450487,1,1,0,0,0,0,18,0,0,0,0,0
450488,1,1,0,0,0,0,0,0,0,0,0,0
450488,2,1,0,0,0,0,0,0,0,0,0,0
450489,1,1,20,20,20,20,20,20,20,20,20,20
450490,1,1,0,0,0,0,0,0,0,0,0,0
450490,2,1,0,0,0,0,0,0,0,0,0,0
450491,1,1,0,0,0,0,0,0,7,5,0,0
450491,2,1,0,13,11,0,0,39,0,0,0,0
450492,1,1,20,11,0,0,0,0,0,0,3,0
450493,1,1,0,0,0,0,0,0,0,0,0,0
450493,2,1,0,0,0,0,0,0,0,0,0,0
450494,1,1,0,0,0,0,14,7,0,0,0,0
450495,1,1,14,14,14,14,14,14,14,14,14,14
450496,1,1,0,11,0,0,0,0,0,0,27,0
450497,0,1,41,41,41,41,41,41,41,41,41,41
450497,1,1,7,12,5,8,2,0,0,13,21,0
450498,1,1,0,0,0,0,0,0,0,0,0,0
450499,0,1,10,10,10,10,10,10,10,10,10,10
450499,1,1,0,0,0,0,0,0,0,0,0,0
450500,1,1,0,0,0,0,0,0,0,0,0,0
450501,1,1,0,0,0,0,0,0,0,0,0,0
450502,1,1,0,0,0,18,0,0,0,7,0,0
450502,2,1,8,0,0,0,0,0,0,0,19,0
450503,0,1,0,0,0,0,0,0,0,0,0,0
450503,1,1,31,5,0,0,0,24,0,0,0,0
450504,1,1,0,0,0,0,0,0,0,0,0,0
450504,2,1,0,0,0,0,0,0,0,0,0,0
450504,3,1,0,0,0,0,0,0,0,0,0,0
450505,1,1,0,0,0,0,0,0,0,0,0,0
450505,2,1,0,0,0,0,0,0,0,0,0,0
450506,1,1,0,0,0,0,0,0,0,0,0,0
450507,1,1,11,11,11,11,11,11,11,11,11,11
450508,1,1,14,14,14,14,14,14,14,14,14,14
450509,0,1,0,0,0,0,0,0,0,0,0,0
450509,1,1,0,0,0,0,0,25,34,0,0,0
450510,1,1,0,0,0,0,0,0,0,0,0,0
450510,2,1,0,0,0,0,0,0,0,0,0,0
450511,1,1,0,0,0,0,0,0,0,0,0,0
450511,2,1,0,0,0,0,0,0,0,0,0,0
450512,1,1,18,18,18,18,18,18,18,18,18,18
450513,1,1,0,0,0,0,0,0,0,0,0,0
450513,2,1,0,0,0,0,0,0,0,0,25,0
450514,1,1,0,0,0,0,0,0,0,0,0,0
450514,2,1,0,0,0,0,0,0,0,0,0,0
450515,1,1,0,0,0,0,0,0,0,0,0,0
450515,2,1,0,0,0,0,0,0,0,0,0,0
450515,3,1,0,0,0,0,0,0,0,0,0,0
450516,1,1,0,0,0,0,0,0,0,0,0,0
450516,2,1,0,0,0,0,0,0,0,0,0,0
450516,3,1,0,0,0,0,0,0,0,0,0,0
450517,1,1,7,7,7,7,7,7,7,7,7,7
450518,1,1,0,0,12,0,0,0,0,0,0,0
450518,2,1,0,0,0,0,0,0,0,0,0,0
450519,1,1,0,0,0,0,0,0,0,0,0,0
450519,2,1,22,22,22,22,22,22,22,22,22,22
450520,1,1,15,18,25,19,19,21,21,15,14,7
450521,1,1,0,0,0,6,0,0,0,0,0,0
450521,2,1,0,0,0,0,0,0,0,0,0,0
450522,1,1,0,0,0,0,0,0,0,0,0,0
450523,1,1,10,10,10,10,10,10,10,10,10,10
450524,1,1,5,5,5,5,5,5,5,5,5,5
450525,0,1,0,21,0,0,0,0,10,0,0,0
450525,1,1,0,12,0,0,0,0,0,0,19,0
450526,1,1,3,3,3,3,3,3,3,3,3,3
450527,0,1,0,0,0,0,0,0,0,0,0,0
450527,1,1,7,0,0,0,0,0,27,0,0,0
450528,0,1,0,0,0,0,0,0,0,0,0,0
450528,1,1,0,0,0,0,0,0,0,0,29,11
450529,1,1,0,0,0,0,0,0,0,0,16,0
450531,1,1,0,0,0,0,0,0,0,0,0,0
450531,2,1,16,16,16,16,16,16,16,16,16,16
450532,0,1,0,0,0,0,0,0,0,0,0,0
450532,0,2,14,0,0,21,0,0,0,13,0,0
450532,1,1,0,0,0,0,0,0,0,0,5,0
450533,0,1,15,15,15,15,15,15,15,15,15,15
450533,1,1,0,20,0,0,0,14,0,0,0,0
450534,1,1,0,0,0,0,0,0,0,0,0,0
450535,1,1,0,0,0,0,0,0,0,0,0,0
450535,2,1,0,0,0,0,0,0,0,0,0,0
450536,1,1,0,0,0,0,0,0,0,0,0,0
450537,1,1,3,3,3,3,3,3,3,3,3,3
450538,1,1,0,0,0,0,0,0,0,0,0,0
450538,2,1,0,0,0,0,0,0,3,0,0,0
450539,1,1,13,13,13,13,13,13,13,13,13,13
450540,1,1,0,0,0,0,0,0,0,0,0,0
450540,2,1,0,0,0,0,0,0,0,0,0,0
450541,1,1,0,0,0,0,0,0,0,0,0,0
450541,2,1,0,0,0,0,0,0,0,0,0,0
450542,1,1,0,0,0,0,0,0,0,0,0,0
450543,1,1,0,0,0,0,0,0,0,0,0,0
450544,1,1,18,18,18,18,18,18,18,18,18,18
450545,1,1,22,22,22,22,22,22,22,22,22,22
450546,1,1,0,0,0,0,0,0,0,0,0,0
450547,1,1,0,0,0,13,0,0,0,0,0,0
450547,2,1,0,34,17,0,14,0,0,0,0,0
450548,1,1,14,14,14,14,14,14,14,14,14,14
450549,1,1,0,0,0,0,0,0,0,0,0,0
450550,1,1,0,0,23,0,0,0,0,0,0,0
450550,2,1,0,0,0,0,0,0,0,0,0,0
450551,0,1,0,0,22,0,0,0,0,0,0,0
450551,1,1,0,0,0,0,0,0,4,0,0,0
450552,1,1,0,0,0,0,0,0,0,0,0,0
450552,2,1,0,0,0,0,0,0,0,0,0,0
450553,1,1,0,0,0,0,0,0,0,0,0,0
450553,2,1,0,0,0,0,0,0,0,0,0,0
450554,1,1,0,0,0,0,0,0,13,0,0,0
450554,2,1,1,1,1,1,1,1,1,1,1,1
450555,0,1,0,0,0,0,0,0,18,0,0,0
450555,1,1,0,0,0,0,0,0,0,0,0,0
450556,1,1,0,0,0,0,0,0,0,0,0,0
450557,1,1,0,0,0,0,0,0,15,0,0,0
450557,2,1,0,0,0,0,0,0,0,0,0,0
450558,1,1,0,0,0,0,0,0,0,0,0,0
450558,2,1,0,0,0,0,0,0,0,0,0,0
450559,1,1,24,24,24,24,24,24,24,24,24,24
450560,0,1,36,36,36,36,36,36,36,36,36,36
450560,1,1,0,0,0,0,0,0,0,0,44,0
450562,1,1,0,0,0,0,0,0,0,0,0,0
450563,1,1,10,0,0,0,0,0,0,0,0,0
450563,2,1,0,0,0,0,0,0,0,0,0,0
450564,1,1,0,0,0,29,0,19,0,0,0,0
450565,1,1,0,0,0,0,0,0,0,0,0,0
450566,1,1,0,0,0,0,0,0,0,0,0,0
450566,2,1,0,0,0,0,0,0,0,0,0,0
450567,1,1,16,16,16,16,16,16,16,16,16,16
450567,2,1,0,0,0,0,0,0,0,0,0,0
450569,1,1,0,0,0,0,0,0,0,0,0,0
450570,1,1,0,0,0,0,0,0,0,0,0,0
450571,1,1,33,33,33,33,33,33,33,33,33,33
450571,2,1,0,0,0,0,0,0,0,0,13,0
450572,1,1,0,0,0,0,0,0,0,0,0,0
450573,0,1,15,15,15,15,15,15,15,15,15,15
450573,1,1,0,0,38,0,0,0,0,0,0,0
450574,1,1,16,16,16,16,16,16,16,16,16,16
450575,1,1,0,0,0,0,0,0,0,0,0,0
450576,1,1,0,0,0,0,0,0,0,0,0,0
450576,2,1,0,0,0,0,0,0,0,0,0,0
450577,1,1,0,11,0,10,0,19,0,0,16,0
450577,2,1,13,13,13,13,13,13,13,13,13,13
450578,1,1,0,0,0,0,0,0,0,0,0,0
450578,2,1,10,10,10,10,10,10,10,10,10,10
450579,1,1,24,24,24,24,24,24,24,24,24,24
450580,1,1,28,28,28,28,28,28,28,28,28,28
450581,1,1,0,0,0,0,0,0,0,0,0,0
450581,2,1,0,0,0,0,0,0,0,0,0,0
450582,0,1,0,0,0,0,0,0,0,14,0,14
450582,1,1,0,0,0,0,0,0,0,0,0,0
450583,0,1,0,0,0,0,0,0,0,0,0,0
450583,1,1,0,0,0,0,0,0,0,0,0,0
450584,1,1,0,0,0,0,0,0,0,0,0,0
450585,0,1,2,2,2,2,2,2,2,2,2,2
450585,1,1,0,0,0,0,0,0,0,0,0,0
450586,1,1,0,0,0,0,0,0,0,0,0,0
450586,2,1,0,0,19,0,0,0,0,28,0,0
450587,1,1,0,0,0,0,0,0,0,0,0,0
450587,2,1,0,0,0,0,13,0,0,16,0,0
450588,1,1,0,0,0,0,0,0,0,0,0,0
450589,0,1,0,0,0,0,0,0,31,19,0,0
450589,1,1,0,15,0,16,0,0,0,0,0,0
450590,0,1,27,27,27,27,27,27,27,27,27,27
450590,1,1,1,1,1,1,1,1,1,1,1,1
450591,1,1,0,10,0,0,0,22,29,0,0,16
450592,1,1,0,0,0,0,0,0,25,0,0,0
450592,2,1,0,0,0,0,0,0,0,0,9,0
450593,1,1,8,0,0,0,0,0,0,0,0,0
450593,2,1,0,0,0,0,0,0,0,0,0,0
450593,3,1,0,0,26,0,0,0,0,0,0,0
450594,1,1,0,0,0,0,0,0,0,0,0,0
450594,2,1,0,0,0,0,0,0,0,0,0,0
450595,1,1,0,0,0,0,0,0,0,0,0,0
450595,2,1,10,10,10,10,10,10,10,10,10,10
450596,1,1,0,17,0,0,0,0,0,0,0,0
450597,0,1,0,0,0,0,0,0,0,0,0,0
450597,1,1,0,0,0,0,0,0,0,0,0,0
450598,1,1,22,19,14,4,13,27,14,11,16,15
450599,1,1,22,22,22,22,22,22,22,22,22,22
450600,1,1,1,1,1,1,1,1,1,1,1,1
450601,1,1,0,0,0,0,0,0,0,0,0,0
450601,2,1,0,0,0,0,0,0,0,0,0,0
450602,1,1,17,17,17,17,17,17,17,17,17,17
450603,0,1,0,0,0,0,0,0,0,0,0,0
450603,1,1,0,0,0,0,0,0,0,0,0,13
450604,1,1,19,19,19,19,19,19,19,19,19,19
450604,2,1,0,0,0,0,0,0,0,0,0,0
450605,1,1,25,0,17,5,0,11,14,0,8,0
450605,2,1,0,32,12,9,17,13,26,10,17,13
450606,1,1,0,0,0,0,0,0,0,0,0,0
450606,2,1,0,0,0,0,0,0,0,0,0,0
450606,3,1,0,0,0,0,0,0,0,0,0,0
450607,1,1,0,0,0,0,0,0,0,0,0,0
450607,2,1,0,0,0,0,0,0,0,0,0,0
450608,1,1,0,0,0,0,0,0,0,0,0,0
450609,1,1,0,0,0,0,0,0,0,0,0,0
450609,2,1,0,0,0,0,0,0,0,0,0,0
450610,1,1,22,34,14,26,20,7,10,16,8,32
450611,1,1,0,0,0,0,0,14,0,0,0,0
450611,2,1,0,0,0,0,0,0,0,0,8,0
450612,1,1,24,6,12,6,18,16,16,18,37,4
450612,2,1,0,0,0,0,0,0,0,0,18,0
450613,0,1,22,22,22,22,22,22,22,22,22,22
450613,1,1,26,0,0,14,0,0,0,0,0,0
450614,1,1,0,0,0,0,0,0,0,0,0,0
450614,2,1,12,12,12,12,12,12,12,12,12,12
450615,1,1,0,0,0,0,0,0,0,0,0,0
450615,2,1,11,11,11,11,11,11,11,11,11,11
450616,1,1,0,0,0,0,0,0,0,0,0,8
450616,2,1,0,0,0,0,0,0,0,0,0,0
450617,1,1,0,0,0,0,0,0,0,0,0,0
450618,1,1,24,24,24,24,24,24,24,24,24,24
450619,1,1,0,0,0,0,0,0,0,0,0,0
450620,1,1,0,0,0,0,0,0,0,0,0,0
450621,1,1,10,0,0,0,0,0,0,0,0,0
450621,2,1,21,21,21,21,21,21,21,21,21,21
450622,0,1,17,17,17,17,17,17,17,17,17,17
450622,1,1,0,0,0,0,0,0,0,0,0,0
450623,0,1,29,29,29,29,29,29,29,29,29,29
450623,1,1,0,18,0,23,21,27,0,0,16,0
450624,1,1,0,0,0,0,0,0,0,0,0,0
450624,2,1,0,0,0,0,0,0,0,0,0,0
450625,1,1,17,17,17,17,17,17,17,17,17,17
450626,1,1,0,0,0,0,0,0,0,0,0,0
450626,2,1,0,0,0,0,0,0,0,0,0,0
450627,0,1,17,17,17,17,17,17,17,17,17,17
450627,1,1,0,0,0,0,0,0,0,0,0,0
450628,0,1,0,0,0,0,0,0,0,0,0,0
450628,1,1,0,0,0,0,0,0,0,0,0,0
450629,0,1,0,0,0,0,0,0,0,0,0,0
450629,1,1,0,18,0,0,0,0,0,0,0,0
450630,1,1,20,20,20,20,20,20,20,20,20,20
450631,1,1,8,8,8,8,8,8,8,8,8,8
450632,1,1,10,10,10,10,10,10,10,10,10,10
450633,1,1,23,23,23,23,23,23,23,23,23,23
450634,1,1,24,24,24,24,24,24,24,24,24,24
450635,1,1,0,0,0,0,0,0,14,14,0,0
450635,2,1,0,0,0,0,0,0,0,0,22,0
450635,3,1,0,0,0,0,0,0,0,0,0,0
450636,1,1,0,0,0,0,0,0,0,0,0,0
450636,2,1,0,0,0,0,0,0,0,0,0,0
450637,0,1,0,0,0,0,0,0,0,0,0,0
450637,1,1,0,0,0,0,0,0,0,0,0,0
450638,1,1,0,0,0,0,0,0,0,0,0,0
450639,1,1,0,0,0,0,14,15,0,0,0,0
450639,2,1,6,6,6,6,6,6,6,6,6,6
450640,0,1,32,32,32,32,32,32,32,32,32,32
450640,1,1,0,0,14,0,0,0,0,0,0,0
450641,1,1,22,16,0,0,0,7,0,0,0,3
450642,1,1,0,0,0,0,0,0,0,0,0,0
450643,1,1,14,14,14,14,14,14,14,14,14,14
450644,1,1,0,0,0,0,0,0,0,0,0,0
450644,2,1,0,0,0,0,0,0,0,0,0,0
450645,1,1,0,0,20,0,9,0,0,0,22,0
450646,1,1,0,0,0,0,0,0,0,0,0,0
450647,1,1,31,31,31,31,31,31,31,31,31,31
450647,2,1,0,0,10,0,0,0,0,0,0,0
450648,1,1,0,0,0,0,0,0,0,0,0,0
450649,1,1,0,0,0,0,0,0,0,0,0,0
450649,2,1,0,0,0,0,19,0,0,0,0,0
450650,1,1,8,0,0,0,0,0,0,0,0,0
450651,1,1,0,0,0,0,0,0,0,5,0,0
450651,2,1,1,1,1,1,1,1,1,1,1,1
450652,0,1,28,28,28,28,28,28,28,28,28,28
450652,1,1,0,5,0,27,20,0,0,13,0,16
450653,1,1,0,0,0,0,0,0,0,0,0,0
450654,0,1,8,0,0,0,27,20,0,0,0,0
450654,1,1,0,0,0,25,0,0,0,0,0,0
450655,1,1,20,20,20,20,20,20,20,20,20,20
450656,1,1,0,0,0,0,0,0,0,0,0,0
450656,2,1,0,0,0,0,0,0,0,0,0,0
450657,1,1,0,0,0,0,0,0,0,0,0,0
450657,2,1,9,0,0,0,0,0,8,0,0,0
450658,1,1,0,0,0,0,0,0,0,0,0,0
450658,2,1,0,0,0,0,0,0,0,0,0,0
450659,1,1,0,0,0,0,0,0,0,0,0,0
450660,1,1,17,0,9,11,28,0,11,13,11,19
450660,2,1,0,0,0,0,0,0,12,0,0,0
450661,1,1,0,0,0,0,0,0,0,0,0,0
450662,1,1,0,0,0,0,0,0,0,0,0,0
450662,2,1,0,0,0,0,0,0,0,0,0,0
450663,1,1,0,0,0,0,0,0,0,0,0,0
450664,1,1,0,0,18,0,0,0,0,0,0,0
450664,2,1,0,0,0,0,0,0,0,0,0,0
450665,0,1,8,8,8,8,8,8,8,8,8,8
450665,0,2,0,0,0,0,31,0,0,0,0,0
450665,1,1,22,20,0,0,0,0,0,0,0,20
450666,1,1,13,24,35,17,11,16,4,19,23,15
450667,1,1,0,0,0,0,0,0,0,0,0,0
450667,2,1,0,0,0,0,0,0,0,0,0,0
450667,3,1,0,0,0,0,0,0,0,0,0,0
450668,0,1,0,0,0,0,0,0,0,0,0,0
450668,1,1,0,0,0,0,0,0,0,0,0,0
450669,1,1,0,0,0,0,0,0,0,0,0,0
450669,2,1,0,0,0,0,0,0,0,0,0,0
450670,1,1,0,0,0,0,0,0,0,0,0,0
450670,2,1,0,0,8,0,0,0,0,0,0,0
450671,1,1,25,25,25,25,25,25,25,25,25,25
450672,1,1,0,0,0,0,0,4,0,0,0,0
450672,2,1,0,0,0,0,0,0,0,0,0,0
450673,1,1,16,26,9,27,3,16,5,8,0,11
450673,2,1,5,5,5,5,5,5,5,5,5,5
450674,1,1,10,5,20,11,17,26,36,19,18,5
450674,2,1,0,0,12,0,0,0,0,0,0,0
450675,1,1,17,17,17,17,17,17,17,17,17,17
450676,1,1,0,0,0,0,0,0,0,0,0,0
450676,2,1,0,0,0,0,0,0,0,0,0,0
450677,1,1,0,0,0,0,0,0,0,12,0,0
450677,2,1,0,16,17,0,0,25,0,8,7,0
450678,1,1,0,0,0,0,0,0,0,0,0,0
450679,1,1,18,18,18,18,18,18,18,18,18,18
450680,1,1,6,6,6,6,6,6,6,6,6,6
450681,0,1,3,3,3,3,3,3,3,3,3,3
450681,0,2,24,0,0,0,0,0,23,0,18,0
450681,2,1,0,12,10,23,0,0,0,11,0,0
450681,3,1,0,0,17,0,0,0,0,0,0,0
450682,1,1,0,0,0,0,0,0,0,0,0,0
450682,2,1,0,0,0,0,0,0,0,0,0,0
450683,0,1,0,0,0,0,0,0,0,0,0,0
450683,1,1,0,0,0,0,0,0,0,0,0,0
450684,0,1,30,30,30,30,30,30,30,30,30,30
450684,1,1,0,0,21,21,0,0,0,0,0,0
450685,0,1,19,19,19,19,19,19,19,19,19,19
450685,1,1,19,0,0,0,0,0,0,0,0,0
450686,1,1,17,17,17,17,17,17,17,17,17,17
450686,2,1,0,0,0,0,0,0,0,0,0,0
450687,1,1,0,0,0,0,0,0,0,0,0,0
450687,2,1,0,0,0,0,0,0,0,0,0,9
450687,3,1,0,0,0,0,0,0,0,0,0,0
450688,1,1,0,0,0,0,0,0,0,0,0,0
450688,2,1,0,0,0,0,0,0,0,0,0,0
450689,1,1,14,14,14,14,14,14,14,14,14,14
450690,0,1,0,0,0,0,0,6,0,19,0,0
450690,0,2,0,0,0,0,0,0,0,0,0,0
450690,1,1,0,0,7,0,0,0,0,0,0,0
450691,1,1,0,0,0,0,0,0,0,0,0,0
450692,1,1,0,0,0,0,0,0,0,0,0,0
450692,2,1,0,0,0,0,0,0,0,0,0,0
450693,0,1,0,0,0,0,0,0,0,0,0,0
450693,1,1,0,14,0,0,21,0,17,0,0,0
450694,1,1,0,0,0,0,0,0,0,0,0,0
450694,2,1,0,0,0,0,0,0,0,0,0,0
450694,3,1,0,0,0,0,0,0,0,0,0,0
450695,1,1,0,0,0,0,0,0,0,0,0,0
450695,2,1,0,0,0,0,0,8,0,0,0,0
450696,0,1,0,0,0,0,0,0,0,0,0,0
450696,1,1,0,0,0,0,0,0,0,0,0,11
450697,1,1,16,16,16,16,16,16,16,16,16,16
450698,1,1,12,12,12,12,12,12,12,12,12,12
450698,2,1,0,0,0,0,0,0,14,0,0,0
450699,1,1,19,19,19,19,19,19,19,19,19,19
450700,0,1,35,35,35,35,35,35,35,35,35,35
450700,1,1,0,0,0,0,0,0,18,7,0,0
450701,0,1,22,22,22,22,22,22,22,22,22,22
450701,1,1,0,0,0,0,0,0,0,0,0,0
450701,2,1,0,0,0,0,0,0,0,0,0,0
450701,3,1,0,0,0,0,0,0,0,0,27,0
450702,0,1,0,0,0,0,0,0,0,0,0,0
450702,1,1,0,0,0,0,0,0,0,0,0,0
450703,0,1,13,13,13,13,13,13,13,13,13,13
450703,1,1,0,0,0,0,0,28,0,0,0,0
450704,1,1,0,0,0,0,0,0,0,0,0,0
450704,2,1,0,0,0,0,0,0,0,0,0,0
450705,0,1,0,0,0,0,0,0,0,0,0,0
450705,1,1,0,0,0,0,0,0,0,0,0,0
450705,2,1,0,0,0,0,0,0,0,0,0,0
450706,1,1,0,0,0,0,0,0,0,0,0,0
450706,2,1,0,0,0,0,0,0,0,0,0,0
450707,1,1,0,0,0,0,0,0,0,0,5,0
450708,1,1,17,17,17,17,17,17,17,17,17,17
450708,2,1,0,0,0,0,0,0,0,0,0,0
450708,3,1,0,0,0,0,0,0,0,0,0,0
450710,1,1,0,0,0,0,16,0,0,0,0,0
450710,2,1,0,0,0,0,0,0,0,0,0,0
450711,1,1,0,0,0,0,0,0,0,0,0,0
450711,2,1,0,0,0,0,0,0,0,0,0,0
450712,1,1,0,0,0,0,0,0,32,0,0,0
450713,0,1,38,38,38,38,38,38,38,38,38,38
450713,1,1,0,0,0,0,0,0,0,0,0,0
450714,0,1,0,0,0,0,0,0,0,0,0,0
450714,1,1,0,0,0,0,0,0,0,18,0,0
450715,0,1,17,17,17,17,17,17,17,17,17,17
450715,1,1,0,16,0,0,0,0,14,0,0,0
450716,1,1,25,25,25,25,25,25,25,25,25,25
450717,1,1,16,16,16,16,16,16,16,16,16,16
450718,1,1,18,18,18,18,18,18,18,18,18,18
450719,1,1,0,0,0,0,0,0,0,0,0,0
450720,0,1,0,0,0,0,0,0,0,0,0,0
450720,1,1,1,1,1,1,1,1,1,1,1,1
450721,1,1,0,0,0,0,0,0,0,0,0,0
450722,0,1,0,0,0,0,0,0,0,0,0,0
450722,1,1,0,0,31,21,0,0,0,25,0,0
450722,2,1,0,0,0,0,25,0,0,0,0,0
450723,1,1,0,0,0,0,0,0,0,0,0,0
450723,2,1,0,0,0,0,0,0,0,0,0,0
450724,1,1,0,0,0,0,0,0,0,0,0,0
450724,2,1,0,0,0,0,0,0,0,0,0,0
450725,1,1,0,0,0,0,0,0,0,0,0,0
450725,2,1,0,0,0,0,0,0,27,0,0,0
450726,0,1,0,0,0,0,0,0,0,0,0,0
450726,1,1,0,0,0,0,0,14,0,0,0,0
450726,2,1,0,0,14,0,0,0,0,0,0,0
450727,1,1,0,0,0,0,0,0,0,0,0,0
450728,1,1,0,0,0,0,0,0,28,5,0,0
450729,1,1,14,4,18,18,2,8,7,22,16,7
450729,2,1,0,0,0,0,0,0,21,0,0,0
450730,1,1,2,2,2,2,2,2,2,2,2,2
450731,1,1,0,0,0,0,0,0,0,0,0,0
450731,2,1,0,0,0,0,0,0,0,0,0,0
450732,1,1,0,0,0,9,0,0,0,0,0,0
450733,1,1,0,0,21,0,0,0,0,0,0,0
450734,1,1,0,0,0,0,0,0,0,0,0,0
450735,1,1,0,0,0,0,0,0,0,0,0,0
450735,2,1,0,0,0,0,0,0,0,0,0,0
450736,0,1,0,0,0,0,0,0,0,0,0,0
450736,1,1,0,0,0,0,0,0,0,0,0,0
450737,0,1,0,0,0,0,0,0,0,0,0,0
450737,1,1,0,0,0,0,0,0,0,19,0,0
450738,1,1,0,0,0,0,0,0,0,0,0,0
450739,1,1,0,22,0,0,0,0,0,0,0,0
450739,2,1,0,0,0,0,0,0,0,0,0,0
450739,3,1,0,4,0,0,14,0,0,0,0,7
450740,0,1,18,18,18,18,18,18,18,18,18,18
450740,1,1,0,13,0,0,0,0,28,0,0,0
450741,1,1,0,0,0,0,0,0,0,0,0,0
450742,1,1,11,11,11,11,11,11,11,11,11,11
450743,0,1,0,0,0,0,0,0,0,0,0,0
450743,1,1,0,0,0,0,0,0,0,0,0,0
450744,1,1,0,0,0,0,0,0,0,0,0,0
450744,2,1,0,25,0,0,0,0,0,0,0,0
450745,0,1,0,0,19,0,11,0,0,0,0,0
450745,0,2,12,12,12,12,12,12,12,12,12,12
450745,1,1,0,0,0,0,0,0,0,0,0,0
450746,1,1,0,0,0,0,0,0,0,0,0,0
450747,1,1,0,0,0,0,0,0,0,0,0,0
450747,2,1,0,0,0,0,0,0,0,0,0,0
450748,0,1,0,0,0,0,0,0,0,0,0,0
450748,1,1,0,0,0,0,0,0,0,0,0,0
450749,1,1,0,0,0,0,0,0,0,0,0,0
450750,0,1,18,18,18,18,18,18,18,18,18,18
450750,1,1,0,0,10,0,0,0,0,0,0,0
450751,0,1,0,0,0,0,0,0,0,0,0,0
450751,1,1,0,0,0,0,0,0,0,0,0,0
450752,0,1,0,0,0,0,0,0,0,0,0,0
450752,1,1,0,0,0,0,0,0,0,0,0,0
450752,2,1,0,0,0,0,0,0,0,0,0,0
450752,3,1,0,0,0,0,0,0,0,0,0,0
450753,1,1,25,25,25,25,25,25,25,25,25,25
450754,0,1,0,0,0,0,0,0,0,0,0,0
450754,1,1,0,0,0,0,9,0,0,6,0,0
450754,2,1,0,0,9,0,0,0,0,0,0,0
450755,1,1,0,0,0,0,0,0,0,0,0,0
450755,2,1,0,0,0,0,0,0,0,0,0,9
450756,0,1,0,0,0,0,0,0,0,0,0,0
450756,1,1,0,0,0,0,0,0,0,0,30,0
450757,1,1,18,18,18,18,18,18,18,18,18,18
450758,0,1,25,25,25,25,25,25,25,25,25,25
450758,1,1,14,9,32,30,7,0,0,0,0,20
450759,1,1,0,0,0,0,0,16,0,0,0,0
450760,1,1,0,0,0,0,0,0,0,0,0,0
450760,2,1,13,5,0,0,0,0,0,0,0,0
450760,3,1,14,14,14,14,14,14,14,14,14,14
450761,1,1,0,0,0,0,0,18,0,18,0,0
450762,1,1,0,0,0,0,0,0,0,0,0,0
450763,0,1,0,0,0,0,0,0,0,0,0,0
450763,1,1,0,0,0,0,0,0,0,0,0,0
450764,1,1,22,22,22,22,22,22,22,22,22,22
450765,1,1,0,0,0,0,0,0,0,0,0,0
450765,2,1,0,0,0,0,0,0,0,0,0,0
450765,3,1,0,0,0,8,0,0,0,0,0,0
450766,1,1,15,15,15,15,15,15,15,15,15,15
450766,2,1,0,0,0,13,0,0,24,0,0,0
450766,3,1,0,19,0,0,0,0,0,0,0,0
450767,1,1,0,0,0,0,0,0,0,0,0,0
450767,2,1,0,0,0,0,0,0,0,0,0,0
450768,1,1,0,0,0,0,0,0,0,0,0,0
450768,2,1,0,0,0,0,0,0,0,0,0,0
450769,1,1,0,0,0,0,0,0,0,0,0,0
450770,1,1,0,0,0,0,0,0,0,0,0,0
450771,1,1,21,21,21,21,21,21,21,21,21,21
450772,1,1,0,0,0,10,0,0,18,0,0,0
450773,0,1,0,0,0,0,0,0,0,0,0,0
450773,1,1,0,0,0,0,0,0,0,27,0,0
450774,1,1,7,0,20,0,0,0,0,0,0,0
450774,2,1,0,0,0,0,0,0,0,0,0,18
450774,3,1,0,0,0,0,0,0,0,0,0,0
450775,0,1,0,0,0,0,0,0,0,0,0,0
450775,1,1,0,15,13,18,13,19,0,0,0,21
450776,1,1,1,1,1,1,1,1,1,1,1,1
450777,1,1,0,0,0,0,0,0,0,0,0,0
450777,2,1,0,0,0,0,0,0,0,0,0,0
450778,1,1,0,0,0,0,0,0,0,0,0,0
450778,2,1,0,0,0,0,0,0,0,0,0,0
450779,1,1,0,0,0,0,0,0,0,0,0,0
450779,2,1,23,23,23,23,23,23,23,23,23,23
450780,0,1,0,0,0,0,0,0,0,0,0,0
450780,1,1,0,19,0,0,0,0,21,24,0,0
450781,1,1,22,22,22,22,22,22,22,22,22,22
450782,0,1,0,0,0,0,0,0,0,0,0,0
450782,1,1,0,0,0,0,0,0,12,13,0,0
450783,1,1,0,0,0,0,0,0,4,14,0,0
450784,1,1,12,12,12,12,12,12,12,12,12,12
450785,1,1,0,0,0,0,0,0,0,0,0,0
450786,1,1,15,26,10,0,23,27,9,11,0,14
450787,1,1,0,0,0,0,0,0,0,0,0,0
450787,2,1,0,0,0,0,0,0,0,0,0,0
450788,0,1,0,0,0,0,0,0,0,0,0,0
450788,1,1,0,0,0,0,0,0,0,0,0,0