ST_CASE,VEH_NO,PER_NO,P1,P2,P3,P4,P5,P6,P7,P8,P9,P10
470059,3,1,0,0,0,0,0,0,0,0,0,0
470059,4,1,0,0,0,0,0,0,0,0,11,0
470060,1,1,0,0,0,0,0,0,0,0,0,0
470061,1,1,0,0,0,0,0,0,0,0,0,0
470061,2,1,0,0,0,0,0,0,0,0,0,0
470062,1,1,0,0,0,0,0,0,0,0,0,0
470063,1,1,0,0,0,0,0,0,0,0,0,0
470064,0,1,27,27,27,27,27,27,27,27,27,27
470064,1,1,0,0,0,12,0,13,9,0,0,14
470065,1,1,24,24,24,24,24,24,24,24,24,24
470065,2,1,0,0,0,0,0,0,0,0,0,0
470066,1,1,0,0,0,0,0,0,0,0,0,0
470066,2,1,0,0,0,0,0,0,0,0,0,0
470068,1,1,12,12,12,12,12,12,12,12,12,12
470069,1,1,0,0,0,0,0,0,0,0,0,0
470069,2,1,0,0,0,0,0,0,0,0,0,0
470070,1,1,0,0,0,0,0,0,0,0,0,0
470070,2,1,1,1,1,1,1,1,1,1,1,1
470071,0,1,0,0,0,0,0,0,0,0,0,0
470071,1,1,0,19,0,0,0,0,0,0,0,0
470072,1,1,0,0,0,0,0,0,0,0,0,0
470073,1,1,0,0,0,0,0,0,0,0,0,0
470074,1,1,10,0,0,0,0,0,0,0,0,0
470074,2,1,0,0,0,0,0,0,0,0,3,0
470075,1,1,0,0,0,0,0,0,0,0,0,0
470075,2,1,0,0,0,0,0,0,0,0,0,0
470075,3,1,0,0,0,0,0,0,0,0,0,0
470076,1,1,0,0,0,0,0,0,0,0,0,0
470077,1,1,28,28,28,28,28,28,28,28,28,28
470078,1,1,11,11,11,11,11,11,11,11,11,11
470078,2,1,0,0,0,0,0,0,0,0,0,0
470079,1,1,18,18,18,18,18,18,18,18,18,18
470080,1,1,0,0,0,0,0,0,0,0,0,0
470080,2,1,0,20,14,22,5,23,26,0,0,24
470081,1,1,0,0,0,0,0,0,0,0,0,0
470082,1,1,0,0,0,0,0,0,0,0,0,0
470082,2,1,0,0,0,0,0,0,0,0,0,0
470083,0,1,0,0,0,0,28,0,0,0,0,0
470083,1,1,0,0,0,0,0,0,0,0,0,0
470084,0,1,9,9,9,9,9,9,9,9,9,9
470084,1,1,0,12,21,18,8,21,0,0,12,13
470085,1,1,7,7,7,7,7,7,7,7,7,7
470086,1,1,0,0,0,0,0,0,0,0,0,0
470087,1,1,14,19,31,23,30,31,1,28,13,28
470088,1,1,17,17,17,17,17,17,17,17,17,17
470088,2,1,0,0,0,0,0,0,0,0,0,0
470089,1,1,24,24,24,24,24,24,24,24,24,24
470089,2,1,0,0,0,0,0,0,0,0,0,0
470090,1,1,0,0,0,0,0,0,0,0,0,9
470091,1,1,0,0,0,0,0,0,0,0,0,0
470092,1,1,0,0,0,0,0,0,0,0,0,0
470092,2,1,0,0,0,0,0,0,0,0,0,0
470093,1,1,0,0,0,0,0,0,16,19,12,0
470093,2,1,0,0,0,0,0,0,0,0,0,0
470094,0,1,0,0,0,0,0,0,0,0,0,0
470094,1,1,0,0,0,0,0,0,7,0,0,0
470095,1,1,0,0,0,0,0,0,0,0,0,0
470095,2,1,0,11,0,0,0,0,0,0,0,0
470095,3,1,0,0,0,0,0,0,0,0,0,0
470095,4,1,0,0,0,0,0,0,0,0,0,0
470096,1,1,0,0,0,0,0,0,0,0,0,0
470097,1,1,0,0,0,0,0,0,0,0,0,0
470098,1,1,0,0,0,0,0,0,0,0,0,0
470099,1,1,0,0,0,0,0,0,0,0,0,0
470099,2,1,0,0,0,0,0,0,0,0,0,0
470100,1,1,0,0,0,0,0,0,0,0,0,0
470100,2,1,0,0,0,0,0,0,0,0,0,0
470101,1,1,0,0,0,0,0,0,0,0,0,0
470102,1,1,17,17,17,17,17,17,17,17,17,17
470103,1,1,0,0,0,0,0,0,0,0,0,0
470104,1,1,0,0,0,0,0,0,0,0,0,0
470105,0,1,0,0,0,0,0,0,0,0,0,0
470105,1,1,0,0,0,0,0,0,0,0,0,0
470106,1,1,18,18,18,18,18,18,18,18,18,18
470107,1,1,4,4,9,8,20,7,17,8,8,11
470107,2,1,0,0,0,0,0,0,0,0,0,0
470108,1,1,0,0,0,0,0,0,0,0,0,0
470108,2,1,0,0,0,0,0,0,0,0,0,0
470108,3,1,0,0,0,0,0,0,0,0,0,0
470108,4,1,0,0,0,0,0,0,0,0,0,0
470109,0,1,19,19,19,19,19,19,19,19,19,19
470109,1,1,0,0,0,0,0,0,0,0,0,0
470110,1,1,0,0,0,0,0,0,0,0,0,0
470110,2,1,7,0,0,0,0,0,0,0,0,17
470111,1,1,0,0,0,0,0,0,0,0,0,0
470111,2,1,0,0,0,0,0,0,0,0,0,0
470112,1,1,0,0,0,0,0,0,0,0,0,0
470113,0,1,1,1,1,1,1,1,1,1,1,1
470113,1,1,0,0,0,0,23,0,16,0,0,16
470114,1,1,0,0,0,0,0,0,0,0,0,0
470114,2,1,0,0,0,0,0,0,0,0,0,0
470115,1,1,19,19,19,19,19,19,19,19,19,19
470116,1,1,0,0,0,0,0,0,0,0,0,0
470117,1,1,0,0,0,0,0,0,0,0,0,0
470117,2,1,0,0,0,0,0,0,0,0,0,0
470118,1,1,0,0,0,0,0,0,0,0,0,0
470118,2,1,0,0,0,0,0,0,0,0,0,0
470119,0,1,0,0,0,0,0,0,0,0,0,0
470119,1,1,0,0,0,0,0,0,0,0,0,0
470120,1,1,0,0,0,0,0,0,0,0,0,0
470121,1,1,31,31,31,31,31,31,31,31,31,31
470122,1,1,5,5,5,5,5,5,5,5,5,5
470123,0,1,9,9,9,9,9,9,9,9,9,9
470123,1,1,0,0,0,0,0,0,0,0,0,0
470124,1,1,0,0,0,0,0,0,0,0,0,0
470124,2,1,0,0,0,0,0,0,0,0,0,0
470125,1,1,18,18,18,18,18,18,18,18,18,18
470125,2,1,0,0,0,0,0,0,0,13,0,0
470126,1,1,0,0,0,0,7,0,0,9,15,12
470127,1,1,0,0,0,0,0,0,0,0,0,0
470128,1,1,15,15,15,15,15,15,15,15,15,15
470129,1,1,0,0,0,0,0,0,11,0,0,0
470129,2,1,0,0,0,0,0,0,0,0,0,0
470129,3,1,0,0,0,0,0,0,0,0,0,0
470130,0,1,0,0,0,0,0,0,0,0,0,0
470130,2,1,0,0,0,0,0,0,0,0,0,0
470131,1,1,13,13,13,13,13,13,13,13,13,13
470132,1,1,0,6,22,16,0,38,20,0,11,3
470133,0,1,19,19,19,19,19,19,19,19,19,19
470133,1,1,23,0,0,0,0,0,0,0,39,0
470133,2,1,19,0,0,0,0,0,0,0,0,0
470133,3,1,8,19,23,0,0,14,18,0,0,21
470134,0,1,0,0,0,0,0,0,0,0,0,0
470134,1,1,0,0,0,0,0,0,0,0,0,0
470135,1,1,0,0,0,0,5,0,0,15,0,0
470135,2,1,0,0,17,0,0,0,0,0,0,0
470136,1,1,0,0,0,8,0,0,0,0,0,0
470136,2,1,0,0,0,0,0,0,0,0,0,0
470136,3,1,0,0,0,29,0,0,0,0,0,0
470137,1,1,0,0,0,0,0,0,0,0,0,0
470138,1,1,0,0,0,0,0,0,0,0,0,0
470138,2,1,0,0,0,0,0,0,0,0,0,0
470139,1,1,0,0,0,0,0,0,0,0,0,0
470139,2,1,0,0,0,0,0,0,0,0,0,0
470140,1,1,16,16,16,16,16,16,16,16,16,16
470141,1,1,0,0,0,0,0,0,0,0,0,0
470142,1,1,0,21,0,0,0,19,0,27,0,17
470143,0,1,0,0,0,0,0,0,0,0,0,21
470143,1,1,0,0,0,0,0,0,0,0,0,0
470144,0,1,0,0,0,0,0,0,0,0,0,0
470144,1,1,0,0,0,0,0,0,0,0,0,0
470145,1,1,20,20,20,20,20,20,20,20,20,20
470145,2,1,0,0,0,0,13,11,19,33,0,0
470145,3,1,0,0,0,0,13,0,11,0,0,0
470146,1,1,0,0,0,0,0,0,0,0,0,0
470146,2,1,0,0,0,0,0,0,0,0,0,0
470146,3,1,0,0,0,0,0,0,0,0,0,0
470147,1,1,16,16,16,16,16,16,16,16,16,16
470148,0,1,34,0,0,0,0,24,2,19,0,39
470148,1,1,0,0,0,0,32,0,0,0,0,0
470149,0,1,0,0,0,0,0,0,0,0,0,0
470149,1,1,0,16,12,28,0,10,0,0,18,16
470150,0,1,5,5,5,5,5,5,5,5,5,5
470150,1,1,0,0,0,0,0,0,0,0,0,0
470151,1,1,0,0,0,0,0,0,0,0,0,0
470152,1,1,3,3,3,3,3,3,3,3,3,3
470153,1,1,24,28,23,16,30,31,44,39,24,14
470154,1,1,20,20,20,20,20,20,20,20,20,20
470154,2,1,0,0,0,0,0,0,0,0,0,0
470155,1,1,0,0,0,0,0,0,0,0,0,0
470155,2,1,0,0,0,0,0,0,0,0,0,0
470156,1,1,0,0,0,0,0,0,0,0,0,0
470157,1,1,0,0,0,0,0,0,0,0,0,0
470157,2,1,0,0,0,0,0,0,0,0,0,0
470158,1,1,0,0,0,0,0,0,0,0,0,0
470158,2,1,0,0,0,0,0,0,0,0,0,0
470158,3,1,0,27,0,0,0,0,0,0,0,0
470158,4,1,0,0,0,0,0,0,0,0,0,0
470159,0,1,13,26,0,24,0,0,0,31,0,0
470159,2,1,0,22,0,0,0,10,23,15,0,0
470160,1,1,6,6,6,6,6,6,6,6,6,6
470161,1,1,10,10,10,10,10,10,10,10,10,10
470162,1,1,0,0,0,0,0,0,0,0,0,0
470163,1,1,0,0,0,0,0,0,0,0,0,0
470164,1,1,0,0,0,0,0,0,0,0,0,0
470165,1,1,0,0,0,0,0,0,0,0,0,0
470166,1,1,12,12,12,12,12,12,12,12,12,12
470167,1,1,25,25,25,25,25,25,25,25,25,25
470168,1,1,0,0,0,0,0,0,0,0,0,0
470169,1,1,0,0,0,0,0,0,0,0,0,0
470170,1,1,0,0,0,0,0,0,0,0,0,0
470170,2,1,0,0,0,0,0,0,0,0,0,0
470171,1,1,3,3,3,3,3,3,3,3,3,3
470171,2,1,0,0,0,0,0,0,0,0,0,0
470172,1,1,0,0,0,0,0,0,0,0,0,0
470172,2,1,0,0,0,0,0,0,0,0,0,0
470172,3,1,0,0,0,0,0,0,0,0,0,0
470173,1,1,15,15,15,15,15,15,15,15,15,15
470174,1,1,0,0,0,0,0,0,0,0,0,0
470174,2,1,0,0,0,0,0,0,0,0,0,0
470175,1,1,0,0,0,0,0,0,0,0,0,0
470175,2,1,0,0,0,0,0,0,0,0,0,0
470176,1,1,25,25,25,25,25,25,25,25,25,25
470177,1,1,0,0,0,0,0,0,0,0,0,0
470177,2,1,2,2,2,2,2,2,2,2,2,2
470178,1,1,17,17,17,17,17,17,17,17,17,17
470179,1,1,0,0,0,0,0,0,0,0,0,0
470180,1,1,0,0,0,0,0,0,0,0,0,0
470180,2,1,0,0,0,0,0,0,0,0,0,0
470181,1,1,0,0,0,0,0,0,0,0,0,0
470181,2,1,0,0,0,0,0,0,0,0,0,0
470182,1,1,0,0,0,0,0,0,40,13,0,4
470182,2,1,0,0,0,0,0,0,0,0,0,0
470183,1,1,0,0,0,0,0,0,0,0,0,0
470183,2,1,0,0,0,0,0,0,0,0,0,0
470184,1,1,5,5,5,5,5,5,5,5,5,5
470185,1,1,0,0,34,33,0,0,0,10,0,11
470186,1,1,0,0,0,0,0,0,0,0,0,0
470186,2,1,0,0,0,0,0,0,0,0,0,0
470186,3,1,0,0,9,0,0,0,0,0,0,0
470187,1,1,0,0,0,0,0,0,0,0,0,0
470188,1,1,0,0,0,0,0,0,0,0,0,0
470189,1,1,0,0,20,0,0,0,0,0,0,0
470189,2,1,16,0,0,0,0,0,0,0,0,23
470189,3,1,0,0,0,0,0,0,0,0,0,0
470189,4,1,12,11,27,7,0,0,0,0,0,18
470190,1,1,0,0,0,0,0,0,0,0,0,0
470191,1,1,0,0,0,0,0,0,0,0,0,0
470192,1,1,0,0,0,12,0,0,0,0,0,0
470192,2,1,0,0,0,0,0,0,0,0,0,0
470193,1,1,0,0,0,0,0,0,0,0,0,0
470194,1,1,1,1,1,1,1,1,1,1,1,1
470195,1,1,0,0,0,0,0,0,0,0,0,0
470196,0,1,0,0,18,16,0,11,0,0,43,0
470196,1,1,13,0,0,0,0,0,0,0,0,24
470197,1,1,0,0,0,0,0,0,0,0,0,0
470198,1,1,0,0,0,0,0,0,0,0,0,0
470199,1,1,0,0,0,0,0,0,0,0,0,0
470200,1,1,0,0,0,0,0,0,32,0,0,0
470201,1,1,0,0,0,0,0,0,0,0,0,0
470202,1,1,0,0,0,0,0,0,0,0,0,0
470203,1,1,0,0,19,0,0,0,0,0,0,0
470203,2,1,0,0,0,0,0,0,0,0,0,0
470204,1,1,0,0,0,0,0,0,0,0,0,0
470204,2,1,0,0,0,0,0,0,0,0,0,0
470205,1,1,0,0,0,0,0,0,0,0,0,0
470205,2,1,0,0,0,0,0,0,0,0,0,0
470206,1,1,0,23,0,9,21,0,0,15,20,11
470207,1,1,0,0,0,0,0,0,0,0,0,0
470207,2,1,0,21,0,0,0,0,0,0,0,0
470208,1,1,0,0,0,0,0,0,0,0,0,0
470209,1,1,0,0,0,0,0,0,0,0,6,0
470210,1,1,27,27,27,27,27,27,27,27,27,27
470211,1,1,0,8,0,0,0,0,0,0,0,0
470212,1,1,5,5,5,5,5,5,5,5,5,5
470212,2,1,0,0,0,0,0,0,0,0,0,0
470213,0,1,0,26,0,0,0,0,0,0,0,0
470213,1,1,0,0,15,25,9,41,0,27,11,6
470214,1,1,0,0,0,0,0,0,0,0,0,0
470214,2,1,0,0,0,0,0,0,0,0,0,0
470215,1,1,0,0,0,0,0,18,0,0,0,0
470216,0,1,0,0,0,0,0,0,8,0,0,0
470216,1,1,0,0,0,0,0,13,0,0,0,0
470217,0,1,16,0,9,13,23,0,0,31,21,27
470217,1,1,0,0,0,0,0,0,0,0,0,0
470218,1,1,13,13,13,13,13,13,13,13,13,13
470219,1,1,0,0,0,0,0,0,0,0,0,0
470219,2,1,0,0,0,0,0,0,0,0,0,0
470219,3,1,0,0,0,0,0,0,0,0,0,0
470220,1,1,20,0,0,0,0,0,0,0,0,0
470221,1,1,10,0,9,14,0,0,0,0,0,7
470221,2,1,0,0,0,0,0,0,0,0,0,0
470222,1,1,0,0,0,0,0,0,0,0,0,0
470222,2,1,0,18,0,0,0,0,0,0,5,10
470223,1,1,0,0,0,11,15,23,0,0,0,0
470224,1,1,13,13,13,13,13,13,13,13,13,13
470224,2,1,7,0,0,23,0,0,0,0,0,2
470224,3,1,0,11,0,0,0,0,0,0,15,0
470225,0,1,0,0,0,0,0,0,0,0,33,19
470225,1,1,15,15,15,15,15,15,15,15,15,15
470226,1,1,0,0,0,0,16,0,14,13,0,24
470227,1,1,0,20,27,0,0,0,0,0,14,0
470228,0,1,0,0,0,0,0,0,0,0,0,0
470228,1,1,0,0,0,25,16,0,15,0,0,0
470229,1,1,0,0,0,0,0,0,0,0,0,0
470229,2,1,0,0,0,0,0,0,0,0,0,0
470230,1,1,7,7,7,7,7,7,7,7,7,7
470230,2,1,0,0,0,0,0,0,0,0,0,0
470231,1,1,0,0,0,0,0,0,0,0,0,0
470231,2,1,0,0,0,0,0,0,0,0,0,0
470232,1,1,0,0,0,0,0,0,0,0,0,0
470233,1,1,0,0,0,0,0,0,0,0,0,0
470233,2,1,0,13,0,0,0,0,0,0,0,0
470233,3,1,0,0,0,0,0,0,0,0,0,0
470234,1,1,0,0,0,0,0,0,0,0,0,0
470234,2,1,0,0,0,0,0,0,10,0,0,0
470234,3,1,0,0,0,0,0,0,0,0,0,0
470234,4,1,0,0,0,0,0,0,0,0,0,0
470234,5,1,0,0,0,0,0,0,0,0,0,0
470234,6,1,0,0,0,0,0,0,0,0,0,0
470234,7,1,0,0,0,0,0,0,0,0,0,0
470234,8,1,13,0,0,0,0,0,0,0,0,0
470234,9,1,0,0,0,0,0,0,0,0,0,0
470234,10,1,0,0,0,0,0,0,0,0,10,0
470235,1,1,0,0,0,0,0,0,0,0,0,0
470235,2,1,0,0,0,0,0,0,0,0,0,0
470236,1,1,17,17,17,17,17,17,17,17,17,17
470237,1,1,0,0,0,0,0,0,0,0,0,0
470237,2,1,0,0,0,20,0,0,0,0,0,0
470237,3,1,0,0,0,0,0,0,0,14,0,0
470238,1,1,0,0,0,0,0,0,0,0,0,0
470239,1,1,0,0,0,0,0,0,0,0,0,0
470239,2,1,0,0,0,0,0,0,0,0,17,0
470240,1,1,15,22,4,21,0,10,6,4,23,15
470241,0,1,0,0,0,0,0,0,0,0,0,0
470241,1,1,0,0,0,0,0,0,0,0,0,0
470242,1,1,0,0,19,0,0,0,0,0,22,21
470242,2,1,0,0,0,7,0,0,0,0,0,0
470243,1,1,0,0,0,0,14,0,0,0,0,10
470243,2,1,18,18,18,18,18,18,18,18,18,18
470244,1,1,0,0,0,0,0,0,0,0,0,0
470244,2,1,0,0,0,0,0,0,0,0,0,0
470245,0,1,0,0,28,23,0,0,0,0,0,0
470245,1,1,15,0,33,0,6,0,0,0,31,26
470246,0,1,0,0,0,0,0,0,0,0,0,0
470246,1,1,7,0,11,0,22,0,4,12,15,9
470247,1,1,2,2,2,2,2,2,2,2,2,2
470248,1,1,0,0,0,0,0,0,0,0,27,0
470249,1,1,0,0,0,0,0,0,0,0,0,0
470249,2,1,0,0,0,0,0,0,0,11,0,0
470250,1,1,0,0,0,0,0,0,0,0,0,0
470251,1,1,14,14,14,14,14,14,14,14,14,14
470252,0,1,0,0,0,0,0,0,0,0,0,0
470252,1,1,0,5,0,10,9,0,0,18,20,0
470253,1,1,0,0,0,0,0,0,0,0,0,8
470254,1,1,0,0,0,0,0,0,0,0,0,0
470255,1,1,12,12,12,12,12,12,12,12,12,12
470256,1,1,0,0,0,0,0,0,0,0,0,0
470256,2,1,0,0,0,0,0,0,0,0,0,0
470256,3,1,0,0,0,0,0,0,0,0,0,0
470257,1,1,0,0,0,0,0,0,0,0,0,0
470258,1,1,27,0,17,0,0,0,0,0,0,0
470258,2,1,0,0,0,0,0,0,0,0,0,0
470259,1,1,13,13,13,13,13,13,13,13,13,13
470260,0,1,0,0,0,0,0,0,0,18,0,0
470260,1,1,0,0,0,0,0,0,16,0,0,0
470261,1,1,0,0,0,0,0,0,0,0,0,0
470261,2,1,0,0,0,0,0,0,0,0,0,0
470262,0,1,30,19,20,26,13,31,15,5,18,10
470262,1,1,0,0,0,0,0,0,0,0,0,0
470263,1,1,0,0,0,0,0,0,0,0,0,0
470263,2,1,0,0,0,0,0,0,0,0,0,0
470264,1,1,0,0,0,0,0,0,0,0,0,0
470265,1,1,0,0,0,0,0,0,0,0,0,0
470266,0,1,11,0,0,0,0,0,21,0,0,0
470266,1,1,3,19,15,20,0,39,16,0,24,3
470267,1,1,0,0,0,0,0,0,0,0,0,0
470268,1,1,0,0,0,0,0,0,0,0,0,0
470268,2,1,0,0,0,0,0,0,0,0,0,0
470269,1,1,0,29,0,0,0,0,0,0,23,0
470270,1,1,0,0,0,0,0,0,0,0,0,0
470271,0,1,0,0,0,0,0,0,0,0,0,0
470271,1,1,0,0,0,0,0,0,0,0,0,0
470272,1,1,0,0,0,0,0,20,10,0,0,0
470273,1,1,0,0,0,0,0,0,0,0,0,0
470274,1,1,7,7,7,7,7,7,7,7,7,7
470274,2,1,0,0,0,0,0,0,0,0,0,0
470275,1,1,0,0,0,0,0,36,0,0,0,0
470276,1,1,3,0,0,0,0,0,0,0,0,0
470277,1,1,0,0,0,0,0,0,0,0,0,0
470278,1,1,20,20,20,20,20,20,20,20,20,20
470279,1,1,0,0,0,24,10,16,7,16,0,25
470280,1,1,14,14,14,14,14,14,14,14,14,14
470281,1,1,0,0,0,0,0,0,0,0,0,0
470281,2,1,0,0,0,0,0,0,0,0,0,0
470282,1,1,24,24,24,24,24,24,24,24,24,24
470283,1,1,0,0,0,0,0,0,0,0,0,0
470283,2,1,0,0,0,0,0,0,0,0,0,0
470284,1,1,0,0,0,0,0,0,0,0,0,0
470285,1,1,0,0,0,0,29,0,0,0,0,0
470286,1,1,9,21,26,6,14,9,21,0,15,0
470287,1,1,0,0,0,0,0,0,0,13,0,0
470288,1,1,0,0,0,0,0,0,0,0,0,0
470289,1,1,0,0,0,0,0,16,0,0,0,0
470290,1,1,0,0,0,0,0,0,0,0,0,0
470291,1,1,0,0,0,0,0,0,0,2,0,0
470292,1,1,0,0,0,0,8,11,0,0,20,0
470294,1,1,0,0,0,0,0,0,0,0,0,0
470295,1,1,0,0,0,0,0,0,0,0,0,0
470296,1,1,26,26,26,26,26,26,26,26,26,26
470296,2,1,0,0,0,0,0,14,43,19,0,0
470296,3,1,0,0,0,0,0,0,0,0,0,0
470296,4,1,0,0,0,0,0,0,0,0,0,0
470296,5,1,0,0,0,0,0,0,0,0,0,0
470296,6,1,0,0,0,0,0,0,0,0,0,0
470298,0,1,0,0,16,51,0,27,0,19,0,0
470298,1,1,0,35,12,7,3,20,0,0,9,27
470299,1,1,0,0,0,14,0,0,0,0,0,0
470300,1,1,0,0,0,0,0,0,0,0,0,0
470301,1,1,13,13,13,13,13,13,13,13,13,13
470302,1,1,0,0,0,0,0,0,0,0,0,25
470302,2,1,0,0,0,0,0,0,0,0,0,0
470302,3,1,0,0,0,0,0,0,0,0,0,0
470303,1,1,0,0,0,0,0,0,0,0,0,0
470303,2,1,0,0,0,0,0,0,0,0,0,0
470304,1,1,0,0,30,0,0,0,0,0,0,0
470305,1,1,3,3,3,3,3,3,3,3,3,3
470306,1,1,26,26,26,26,26,26,26,26,26,26
470307,0,1,0,0,0,0,16,0,0,0,0,0
470307,1,1,0,0,0,0,0,0,0,0,0,0
470308,1,1,0,0,0,0,0,0,0,0,0,0
470308,2,1,0,0,0,0,0,0,0,0,0,0
470309,1,1,0,0,0,0,0,0,0,0,0,0
470309,2,1,0,0,0,0,0,0,0,0,0,0
470310,0,1,0,0,0,19,18,0,0,0,0,0
470310,0,2,7,6,0,0,0,0,0,0,19,15
470310,1,1,0,0,0,0,0,0,0,0,0,0
470311,1,1,0,0,0,0,0,14,22,13,0,19
470312,1,1,0,0,0,0,0,0,0,0,0,0
470312,2,1,0,0,0,0,0,0,0,0,0,0
470313,1,1,0,0,0,0,0,0,0,0,0,0
470313,2,1,0,0,0,0,0,0,0,0,0,0
470314,1,1,0,15,0,26,12,19,0,0,0,7
470315,1,1,0,16,0,8,0,4,3,0,19,0
470316,1,1,0,0,0,0,0,0,0,0,0,0
470317,1,1,0,0,0,0,0,0,0,0,0,0
470317,2,1,0,0,0,0,0,0,0,0,0,0
470318,1,1,0,0,0,0,0,0,0,0,0,0
470319,1,1,0,0,0,0,0,0,0,0,0,0
470320,1,1,3,12,0,0,0,0,0,0,0,25
470321,1,1,15,15,15,15,15,15,15,15,15,15
470321,2,1,9,5,24,0,20,9,0,0,0,0
470321,3,1,0,0,0,0,0,4,0,0,0,0
470322,1,1,0,0,0,0,0,0,0,0,0,0
470322,2,1,0,0,0,0,0,0,0,0,0,0
470322,3,1,0,0,0,0,0,0,0,0,0,0
470322,4,1,0,16,0,0,0,0,0,0,0,0
470323,1,1,0,0,0,0,0,0,0,0,0,13
470323,2,1,0,0,0,0,0,0,0,0,0,0
470324,1,1,0,0,0,0,0,0,0,0,0,0
470325,1,1,0,0,0,0,0,0,0,0,0,0
470326,1,1,0,0,0,0,0,0,0,0,0,0
470326,2,1,0,0,0,0,0,0,0,0,0,0
470327,1,1,0,0,0,0,0,0,0,0,0,0
470327,2,1,0,0,0,0,0,0,0,0,0,0
470327,3,1,0,0,0,0,0,0,0,0,0,0
470327,4,1,0,0,5,0,0,0,0,0,0,0
470328,1,1,13,13,13,13,13,13,13,13,13,13
470328,2,1,0,0,0,0,0,0,0,0,0,0
470329,1,1,0,0,0,0,0,0,0,0,0,0
470329,2,1,0,0,0,0,0,0,0,0,0,0
470330,1,1,23,20,0,0,8,0,4,0,0,0
470330,2,1,11,0,0,0,0,0,0,0,0,0
470330,3,1,0,0,0,0,0,0,0,0,14,0
470331,1,1,0,0,0,0,0,0,0,0,0,0
470332,1,1,0,0,0,0,0,0,0,0,0,0
470332,2,1,0,0,0,0,0,0,0,0,0,0
470333,1,1,0,0,0,0,0,0,0,0,0,0
470333,2,1,0,0,0,0,0,0,0,0,6,0
470334,1,1,0,0,0,0,0,0,0,0,0,0
470334,2,1,0,0,0,0,0,0,0,0,0,0
470335,1,1,19,0,0,0,0,0,0,0,0,0
470335,2,1,13,0,0,0,0,27,0,0,0,0
470336,0,1,0,0,0,0,0,0,0,0,0,0
470336,1,1,0,0,0,0,0,0,0,0,0,0
470337,1,1,0,0,0,0,0,0,0,0,0,0
470337,2,1,0,0,0,0,0,0,0,0,0,0
470338,1,1,0,0,0,0,0,0,0,0,0,0
470339,1,1,0,0,0,0,22,0,0,0,0,0
470340,1,1,0,0,0,0,0,0,0,0,0,0
470340,2,1,0,0,0,0,0,0,0,0,0,0
470341,1,1,0,0,0,0,0,0,0,0,0,0
470341,2,1,0,0,0,0,0,0,0,0,0,0
470342,1,1,30,30,30,30,30,30,30,30,30,30
470343,1,1,0,0,0,0,0,0,0,0,0,0
470344,1,1,0,0,21,19,0,0,0,0,0,0
470344,2,1,0,0,0,0,0,0,0,0,0,0
470345,1,1,0,0,0,0,17,0,0,0,0,19
470346,1,1,0,0,0,0,0,0,0,0,0,0
470346,2,1,0,0,0,0,0,0,0,0,0,0
470347,1,1,4,0,0,12,14,0,0,0,0,0
470348,1,1,0,0,0,0,0,0,0,0,0,0
470348,2,1,0,0,0,0,0,0,0,0,0,0
470349,1,1,17,17,17,17,17,17,17,17,17,17
470349,2,1,0,0,0,0,0,0,0,0,0,0
470349,3,1,0,0,0,0,0,0,0,0,0,0
470350,1,1,2,2,2,2,2,2,2,2,2,2
470351,1,1,0,0,0,0,0,0,0,0,0,0
470351,2,1,0,0,0,0,0,0,0,0,0,0
470352,0,1,0,31,0,0,0,0,0,0,0,0
470352,1,1,0,0,0,0,0,0,0,0,0,0
470352,2,1,0,0,0,0,0,0,0,0,12,0
470353,1,1,10,10,10,10,10,10,10,10,10,10
470353,2,1,0,0,0,0,0,0,0,0,0,0
470354,1,1,0,0,0,3,0,0,0,0,0,0
470354,2,1,0,0,0,0,0,0,0,0,0,0
470355,1,1,0,0,0,0,0,0,0,0,0,0
470356,1,1,19,7,0,0,0,0,9,0,15,10
470356,2,1,0,0,0,0,0,0,14,0,10,0
470357,1,1,0,0,2,0,0,0,0,0,0,0
470357,2,1,0,25,0,0,0,0,0,0,0,0
470358,1,1,0,0,0,0,0,0,0,0,0,0
470359,1,1,0,0,0,0,0,0,0,0,0,0
470359,2,1,15,24,0,0,0,0,0,0,19,0
470360,1,1,0,0,22,0,21,0,0,0,0,0
470360,2,1,0,0,0,0,0,0,0,0,0,0
470361,1,1,0,0,0,0,0,0,0,0,0,0
470361,2,1,0,0,0,0,0,0,0,0,0,0
470362,1,1,0,0,0,0,0,0,0,0,0,0
470362,2,1,0,0,0,0,0,0,0,0,0,0
470363,1,1,0,0,0,0,16,0,0,0,0,0
470363,2,1,0,0,0,0,0,0,0,0,0,0
470364,0,1,39,17,13,28,25,18,21,17,6,23
470364,0,2,28,17,0,28,19,7,26,18,19,11
470364,1,1,0,0,0,0,0,0,0,15,0,0
470365,1,1,28,35,0,9,0,31,0,0,26,0
470366,1,1,0,0,0,0,0,0,0,0,0,0
470366,2,1,0,0,0,0,0,0,0,0,0,0
470366,3,1,0,0,0,0,0,0,0,0,0,0
470367,1,1,0,0,0,0,0,0,0,0,0,0
470367,2,1,0,0,0,0,0,0,0,0,0,0
470367,3,1,0,0,0,0,0,0,0,0,0,0
470367,4,1,0,0,0,0,6,0,0,0,0,0
470368,1,1,21,21,21,21,21,21,21,21,21,21
470369,1,1,13,32,8,15,7,18,19,18,17,9
470370,1,1,0,0,0,0,0,0,0,0,0,0
470371,1,1,0,0,0,0,0,0,0,0,0,0
470371,2,1,0,0,0,0,0,0,0,0,0,0
470372,1,1,0,0,0,0,0,0,0,0,0,0
470373,1,1,0,0,0,0,0,0,0,0,0,0