ST_CASE,VEH_NO,PER_NO,P1,P2,P3,P4,P5,P6,P7,P8,P9,P10
470693,2,1,12,12,12,12,12,12,12,12,12,12
470694,1,1,18,18,18,18,18,18,18,18,18,18
470694,2,1,28,0,0,0,0,0,5,21,0,8
470694,3,1,0,0,0,0,0,0,0,12,0,0
470695,1,1,0,0,0,0,0,0,0,0,0,0
470695,2,1,0,0,0,0,0,0,0,0,0,0
470695,3,1,0,0,0,0,0,0,0,0,0,0
470696,1,1,0,0,0,0,0,0,0,0,0,0
470697,1,1,33,33,33,33,33,33,33,33,33,33
470698,1,1,0,0,0,0,0,0,0,0,0,28
470699,1,1,5,11,7,9,11,15,0,0,0,35
470700,1,1,0,0,0,0,0,0,0,0,0,0
470700,2,1,0,0,0,0,0,0,0,0,0,0
470701,1,1,0,22,0,0,0,0,0,0,0,0
470702,1,1,15,0,0,0,0,0,0,0,0,0
470703,0,1,19,19,19,19,19,19,19,19,19,19
470703,0,2,0,42,0,0,21,0,23,5,29,23
470703,1,1,0,9,16,0,12,20,0,0,6,8
470704,0,1,23,4,0,20,0,8,11,0,0,22
470704,1,1,0,0,0,0,0,0,0,0,0,0
470705,1,1,0,0,0,0,0,0,0,0,0,0
470706,0,1,20,0,0,26,0,0,0,12,21,14
470706,1,1,0,0,0,0,12,0,6,0,0,0
470707,0,1,0,37,27,14,9,16,10,25,19,29
470707,1,1,0,22,14,16,0,0,6,29,10,0
470708,1,1,20,20,20,20,20,20,20,20,20,20
470709,1,1,14,14,14,14,14,14,14,14,14,14
470710,1,1,21,21,21,21,21,21,21,21,21,21
470711,1,1,0,0,0,0,0,25,0,0,13,0
470712,1,1,25,12,0,24,20,9,13,0,0,11
470713,0,1,15,16,49,23,17,22,36,15,26,25
470713,1,1,0,0,0,0,0,0,0,0,21,0
470714,1,1,0,0,0,0,0,0,0,0,0,0
470715,1,1,8,8,8,8,8,8,8,8,8,8
470716,0,1,8,0,19,3,27,24,34,26,0,10
470716,1,1,0,0,0,0,0,0,0,0,0,0
470717,1,1,0,0,0,0,0,0,0,0,0,0
470717,2,1,0,0,0,0,0,0,0,0,0,0
470718,1,1,5,0,0,0,0,0,0,0,0,0
470718,2,1,0,0,0,0,0,0,0,0,0,18
470719,1,1,0,0,0,0,0,0,0,11,0,0
470719,2,1,0,0,0,0,0,0,0,0,0,0
470720,1,1,0,0,0,0,0,0,0,0,0,0
470720,2,1,0,0,0,0,0,0,0,0,0,0
470721,1,1,0,0,0,0,0,0,0,0,0,0
470721,2,1,0,15,0,17,0,0,12,12,0,17
470722,1,1,0,0,0,0,0,0,0,0,0,0
470722,2,1,0,0,0,0,0,0,0,0,0,0
470723,1,1,0,0,0,0,0,0,0,0,0,0
470723,2,1,0,0,0,0,0,0,0,0,0,0
470724,1,1,0,0,0,0,0,0,0,0,0,0
470724,2,1,0,0,0,0,0,0,0,0,0,0
470725,1,1,0,0,0,0,0,0,0,0,0,0
470725,2,1,0,0,0,0,0,0,0,0,0,0
470726,1,1,0,0,0,0,0,0,0,0,0,0
470726,2,1,0,0,0,0,0,0,0,0,0,0
470726,3,1,0,0,0,0,0,0,0,0,0,0
470726,4,1,0,0,0,0,0,0,0,0,0,0
470726,5,1,0,0,0,0,0,0,0,0,0,0
470727,1,1,3,0,0,0,0,49,0,12,0,0
470728,1,1,0,0,0,0,0,0,0,0,0,0
470729,1,1,8,0,0,0,0,0,0,0,22,0
470730,1,1,0,14,0,0,0,16,23,22,0,0
470731,1,1,0,0,23,21,0,0,23,0,0,0
470732,1,1,0,0,0,0,0,0,0,0,0,0
470733,1,1,15,15,15,15,15,15,15,15,15,15
470734,1,1,0,0,0,0,0,0,0,0,0,0
470735,1,1,20,20,20,20,20,20,20,20,20,20
470736,1,1,0,0,0,0,0,0,0,0,0,0
470736,2,1,0,0,0,0,0,0,0,0,0,0
470737,1,1,0,0,0,0,0,0,0,0,0,0
470737,2,1,0,0,0,0,0,0,0,0,0,0
470738,1,1,0,0,0,0,0,0,0,0,0,0
470738,2,1,7,7,7,7,7,7,7,7,7,7
470739,1,1,0,0,0,0,0,0,0,0,0,0
470739,2,1,0,0,0,0,0,0,0,0,0,0
470739,3,1,0,0,0,0,0,0,0,0,0,0
470739,4,1,0,0,0,0,0,0,0,0,0,0
470740,1,1,29,15,16,30,12,14,5,4,17,23
470740,2,1,0,0,0,0,0,0,0,0,0,0
470741,1,1,0,8,0,0,0,0,23,0,0,0
470741,2,1,0,0,0,16,0,0,0,0,0,0
470742,1,1,0,0,0,0,0,0,0,0,0,0
470742,2,1,0,0,0,0,0,0,0,0,0,0
470743,1,1,0,0,0,0,0,0,0,0,0,0
470744,1,1,0,0,0,0,0,0,0,0,0,0
470744,2,1,0,0,0,0,0,0,0,0,0,0
470745,1,1,0,0,0,0,0,0,0,0,0,0
470745,2,1,0,0,0,0,0,0,0,0,0,0
470746,1,1,0,0,0,0,0,0,0,0,0,0
470746,2,1,0,0,0,0,0,0,0,0,0,0
470747,1,1,0,0,0,0,32,0,0,0,0,0
470747,2,1,0,0,0,0,0,0,0,0,0,0
470748,1,1,21,21,21,21,21,21,21,21,21,21
470748,2,1,0,24,0,0,0,0,0,0,9,0
470749,1,1,0,0,0,0,0,0,0,0,0,0
470750,1,1,0,0,0,0,0,0,0,0,0,0
470751,1,1,0,0,0,0,0,0,0,0,0,0
470752,1,1,0,0,0,0,0,0,0,0,0,0
470753,1,1,14,14,14,14,14,14,14,14,14,14
470753,2,1,0,0,0,23,7,0,0,20,14,13
470754,1,1,0,0,0,0,0,35,0,0,0,0
470754,2,1,12,0,0,0,23,10,5,0,0,0
470755,1,1,0,0,0,0,0,0,0,0,0,0
470756,1,1,1,1,1,1,1,1,1,1,1,1
470756,2,1,0,0,0,0,0,0,0,0,0,0
470757,1,1,0,0,0,0,0,0,0,0,0,0
470758,1,1,12,12,12,12,12,12,12,12,12,12
470759,1,1,0,0,0,0,0,0,0,0,0,0
470759,2,1,0,0,18,0,0,0,0,9,0,0
470760,0,1,0,0,0,0,0,0,0,0,0,0
470760,1,1,18,12,26,20,0,31,0,0,19,0
470761,1,1,0,0,0,0,0,0,0,0,0,0
470761,2,1,1,1,1,1,1,1,1,1,1,1
470762,1,1,0,0,14,0,0,0,0,0,0,27
470763,1,1,21,21,21,21,21,21,21,21,21,21
470764,1,1,0,0,0,0,0,0,0,0,0,0
470764,2,1,0,0,0,0,0,0,0,0,0,0
470765,0,1,0,0,0,0,0,0,0,0,0,0
470765,1,1,0,28,0,0,15,0,0,0,0,0
470766,1,1,0,0,0,0,0,13,0,0,0,0
470766,2,1,0,0,0,0,0,0,0,0,0,0
470767,1,1,0,0,0,0,0,0,0,0,0,0
470767,2,1,0,0,0,0,0,0,0,0,0,0
470768,1,1,0,0,0,0,0,0,0,0,0,0
470768,2,1,42,0,0,0,0,0,0,0,0,0
470769,1,1,0,0,22,0,26,0,0,0,0,0
470770,1,1,9,0,0,0,0,0,0,0,14,0
470770,2,1,0,0,0,0,0,0,0,0,0,0
470771,0,1,17,21,18,15,25,15,19,27,19,10
470771,1,1,0,0,0,0,0,0,0,0,0,0
470772,1,1,24,22,17,18,18,17,21,31,12,18
470773,1,1,11,0,11,0,19,0,0,0,0,0
470774,1,1,0,0,0,0,0,0,0,0,0,0
470774,2,1,0,0,0,0,0,0,0,0,0,0
470775,0,1,0,0,0,0,0,0,0,0,0,0
470775,1,1,0,0,0,0,0,0,0,0,0,0
470776,1,1,0,0,0,0,0,0,0,0,0,0
470776,2,1,0,0,0,0,0,0,0,0,0,0
470777,1,1,0,0,0,0,0,0,0,0,0,0
470777,2,1,0,0,0,0,0,0,0,0,0,0
470778,1,1,0,0,0,0,0,0,0,0,0,0
470778,2,1,0,0,0,0,0,0,0,0,0,0
470779,1,1,0,0,0,15,0,0,0,0,0,0
470779,2,1,0,6,0,0,0,0,0,0,0,0
470779,3,1,0,0,0,0,0,0,0,0,0,0
470780,1,1,2,2,2,2,2,2,2,2,2,2
470780,2,1,0,0,0,0,0,0,0,0,0,0
470781,1,1,0,0,0,0,0,0,0,0,0,0
470782,1,1,16,16,16,16,16,16,16,16,16,16
470783,1,1,0,0,0,0,0,0,0,0,0,0
470783,2,1,0,0,0,0,0,0,0,0,3,0
470784,1,1,0,0,0,0,0,0,0,0,0,0
470784,2,1,0,0,0,0,0,0,0,0,0,0
470785,1,1,5,5,5,5,5,5,5,5,5,5
470786,1,1,0,0,0,9,3,0,0,0,0,0
470786,2,1,0,0,0,0,0,0,0,0,0,0
470787,1,1,22,20,19,13,10,3,28,16,0,0
470787,2,1,0,0,0,0,0,0,0,0,0,0
470787,3,1,0,0,0,0,0,16,0,0,0,0
470787,4,1,0,0,0,0,0,0,0,0,0,0
470788,0,1,14,2,22,19,16,21,24,22,19,17
470788,1,1,0,0,0,45,0,0,0,0,0,0
470789,1,1,0,0,0,0,0,0,0,8,0,0
470789,2,1,0,0,0,0,0,0,0,0,0,0
470790,0,1,0,0,0,0,0,0,0,0,27,0
470790,1,1,0,0,0,0,0,0,0,0,0,0
470790,2,1,0,0,0,0,0,0,0,0,0,0
470790,3,1,0,0,0,0,0,0,0,0,0,0
470791,1,1,0,0,16,0,0,0,0,0,0,10
470792,1,1,0,0,0,0,0,0,0,0,0,0
470793,1,1,0,0,0,0,0,0,0,0,0,0
470793,2,1,0,0,0,0,0,0,0,0,0,0
470794,1,1,0,0,0,0,0,0,0,0,0,0
470794,2,1,35,10,0,22,0,0,0,14,0,0
470795,1,1,0,0,0,24,0,0,0,0,0,0
470795,2,1,0,0,0,0,0,0,0,0,0,0
470796,1,1,0,10,12,9,0,14,17,8,4,38
470796,2,1,0,0,0,0,0,0,0,0,0,0
470797,1,1,0,0,0,0,0,0,0,0,0,12
470798,1,1,0,0,0,0,0,0,0,0,0,0
470798,2,1,1,1,1,1,1,1,1,1,1,1
470799,1,1,0,0,0,0,0,0,0,0,0,0
470799,2,1,0,0,0,0,0,0,0,0,0,0
470799,3,1,0,0,0,0,0,0,0,0,0,0
470799,4,1,17,0,0,0,0,0,0,0,0,19
470799,5,1,0,0,0,0,0,0,0,0,0,0
470800,1,1,0,0,0,0,0,14,0,17,0,0
470800,2,1,0,0,0,0,0,0,0,0,0,0
470801,1,1,0,0,0,0,0,0,0,0,0,0
470802,1,1,0,0,0,0,0,0,0,0,0,0
470802,2,1,0,0,0,0,0,0,0,0,0,0
470803,0,1,43,26,0,0,0,0,0,0,20,0
470803,1,1,0,0,0,0,0,0,0,0,0,0
470804,1,1,0,0,0,0,0,0,0,0,0,0
470804,2,1,0,0,31,0,0,0,0,0,16,0
470805,1,1,0,0,0,0,0,0,0,0,0,0
470805,2,1,0,0,0,0,0,0,0,0,0,0
470806,1,1,0,0,0,0,0,0,0,0,0,0
470806,2,1,0,0,0,0,0,0,0,0,0,0
470807,1,1,0,0,0,0,0,0,0,26,0,13
470808,0,1,0,0,0,0,12,19,0,0,0,24
470808,1,1,0,0,0,0,0,0,0,0,0,9
470809,1,1,0,0,0,0,0,0,0,0,0,0
470809,2,1,2,2,2,2,2,2,2,2,2,2
470810,1,1,0,0,0,0,0,0,0,0,0,0
470811,1,1,0,0,0,15,14,21,4,7,17,16
470812,1,1,0,0,0,0,0,0,0,0,0,0
470813,1,1,0,0,0,0,0,0,0,0,0,0
470813,2,1,0,0,19,0,0,0,0,0,0,0
470814,1,1,15,15,15,15,15,15,15,15,15,15
470815,0,1,30,26,11,28,16,25,12,19,21,14
470815,1,1,0,3,11,12,13,0,0,0,18,20
470815,2,1,13,21,0,0,0,0,0,0,14,0
470816,1,1,0,0,0,0,0,0,0,0,0,0
470816,2,1,0,0,0,19,7,0,2,14,0,21
470817,1,1,0,0,0,0,0,0,0,0,0,0
470817,2,1,0,0,0,0,0,0,0,0,0,0
470818,1,1,21,21,21,21,21,21,21,21,21,21
470819,1,1,0,0,0,0,0,0,0,0,0,0
470820,1,1,0,0,0,0,0,0,0,0,0,0
470821,1,1,0,0,0,0,0,0,0,0,0,0
470821,2,1,0,0,0,0,0,0,0,0,0,0
470822,0,1,11,0,17,0,0,0,0,0,0,0
470822,1,1,0,0,0,0,0,0,0,0,0,0
470823,1,1,0,17,0,0,0,0,0,0,0,0
470824,1,1,0,0,0,0,0,0,0,4,0,0
470824,2,1,0,0,9,5,0,0,0,0,0,0
470824,3,1,0,0,0,0,0,0,0,0,0,0
470824,4,1,0,0,0,0,0,0,0,0,0,0
470825,1,1,0,0,0,0,12,0,0,0,0,21
470825,2,1,0,0,0,0,0,0,0,0,0,0
470826,1,1,0,0,0,0,0,0,0,0,0,0
470826,2,1,0,0,0,0,0,0,0,0,0,0
470827,1,1,24,13,12,0,0,0,0,0,0,0
470828,0,1,0,33,0,0,0,0,0,0,0,0
470828,1,1,0,0,0,0,0,0,0,0,0,0
470829,1,1,0,0,0,0,0,0,0,0,0,16
470830,1,1,0,0,0,0,0,0,0,0,0,0
470831,1,1,0,34,0,0,0,0,19,11,0,0
470832,1,1,0,0,0,0,0,0,0,0,0,0
470833,1,1,23,33,17,13,15,0,13,27,11,12
470834,1,1,0,0,0,0,0,0,0,0,0,0
470835,0,1,0,0,0,0,0,0,0,0,0,0
470835,1,1,0,0,0,0,0,0,0,0,0,0
470835,2,1,0,0,0,0,0,0,0,0,0,0
470836,1,1,0,0,0,0,0,0,0,0,0,0
470836,2,1,0,0,0,0,0,0,0,0,0,0
470837,1,1,25,25,25,25,25,25,25,25,25,25
470837,2,1,0,19,0,0,0,0,0,0,0,35
470838,1,1,0,0,0,0,0,0,0,0,0,0
470838,2,1,0,0,0,0,0,0,0,0,0,0
470839,0,1,37,0,23,5,23,27,19,26,5,0
470839,1,1,5,5,5,5,5,5,5,5,5,5
470840,1,1,0,0,0,0,0,0,0,0,0,0
470840,2,1,0,0,0,0,0,0,0,0,15,0
470840,3,1,0,0,0,0,0,0,0,0,19,0
470841,1,1,0,0,0,0,0,0,0,0,0,0
470841,2,1,0,0,0,0,0,0,0,0,0,0
470842,1,1,0,0,0,0,0,0,0,0,0,0
470843,1,1,0,0,0,0,0,19,0,0,0,0
470844,1,1,0,0,0,0,0,0,0,0,0,0
470844,2,1,0,0,0,0,0,0,0,0,0,0
470845,1,1,0,0,0,0,0,0,0,0,0,0
470845,2,1,0,0,0,0,0,0,0,0,0,0
470846,0,1,0,0,0,0,0,0,0,0,0,0
470846,1,1,0,0,0,0,0,0,0,0,0,0
470847,1,1,17,0,0,0,0,0,0,0,0,0
470848,1,1,0,0,0,16,7,0,0,16,10,15
470849,1,1,0,0,20,0,0,0,0,0,0,0
470849,2,1,15,0,0,0,0,0,0,0,23,0
470850,1,1,0,0,0,0,0,0,0,0,0,0
470851,1,1,0,0,0,0,0,0,0,0,0,0
470852,1,1,0,0,0,0,0,0,0,0,0,0
470852,2,1,14,14,14,14,14,14,14,14,14,14
470853,1,1,0,2,0,23,6,0,12,16,19,27
470854,0,1,0,0,0,0,0,0,0,0,0,0
470854,1,1,0,0,0,0,0,0,0,0,0,0
470855,1,1,94,94,94,94,94,94,94,94,94,94
470856,0,1,0,9,0,23,13,13,23,11,19,0
470856,1,1,0,0,0,0,0,0,0,0,0,0
470857,1,1,0,0,0,0,32,6,23,0,12,9
470858,1,1,0,0,0,0,0,0,0,0,0,0
470859,1,1,0,0,0,0,0,0,0,0,0,0
470859,2,1,0,0,0,0,0,0,0,0,0,0
470860,1,1,0,0,0,0,0,0,0,0,0,0
470861,0,1,15,15,15,15,15,15,15,15,15,15
470861,1,1,0,0,0,0,0,8,0,0,0,27
470862,1,1,0,0,0,0,0,0,0,0,0,0
470862,2,1,0,0,0,0,0,0,0,0,0,0
470862,3,1,12,12,12,12,12,12,12,12,12,12
470863,1,1,0,0,0,0,0,0,0,0,0,0
470864,1,1,0,0,0,0,0,0,0,0,0,0
470864,2,1,0,0,0,0,0,0,0,0,0,0
470865,1,1,0,0,0,0,0,0,0,0,0,0
470865,2,1,0,0,0,0,0,0,0,0,0,0
470866,1,1,13,13,13,13,13,13,13,13,13,13
470867,0,1,0,0,0,0,0,0,0,0,0,0
470867,1,1,0,0,0,16,0,0,0,0,0,0
470868,1,1,0,0,0,0,0,5,0,0,0,0
470869,1,1,0,11,0,0,0,0,0,0,0,0
470870,1,1,20,20,20,20,20,20,20,20,20,20
470871,1,1,0,0,0,0,0,0,0,0,41,0
470872,1,1,19,19,19,19,19,19,19,19,19,19
470873,1,1,0,0,0,0,0,0,0,28,0,0
470874,1,1,0,0,0,0,4,0,0,0,0,0
470874,2,1,0,0,0,0,0,0,0,0,0,0
470874,3,1,0,0,0,0,0,0,0,0,0,0
470875,1,1,0,0,0,0,0,0,0,0,0,0
470875,2,1,0,0,0,0,0,0,0,0,0,0
470876,1,1,6,0,8,11,20,17,0,0,0,25
470877,1,1,0,4,0,0,18,0,0,0,7,0
470878,1,1,11,11,11,11,11,11,11,11,11,11
470879,1,1,16,16,16,16,16,16,16,16,16,16
470880,1,1,0,0,0,0,0,0,0,0,0,0
470880,2,1,0,0,0,0,0,0,0,0,0,0
470881,1,1,0,0,0,0,0,9,0,0,0,0
470881,2,1,0,0,0,0,0,0,0,0,0,0
470882,1,1,8,13,12,14,17,19,24,19,26,27
470882,2,1,0,0,0,0,0,0,0,0,0,0
470883,1,1,0,6,0,0,0,0,0,20,0,10
470884,1,1,30,13,21,7,6,39,16,30,30,24
470885,1,1,0,0,0,0,0,0,0,0,0,0
470886,1,1,0,0,0,4,0,0,0,0,0,12
470887,1,1,0,0,0,0,0,0,0,0,0,0
470887,2,1,0,0,12,4,0,0,0,0,0,0
470888,0,1,0,0,0,0,0,0,0,13,0,0
470888,1,1,4,13,0,0,0,26,0,0,0,0
470889,0,1,0,0,0,0,24,0,0,0,0,0
470889,1,1,0,0,23,0,0,0,0,0,0,0
470890,1,1,0,0,0,0,0,0,0,39,0,0
470890,2,1,0,0,0,0,0,0,0,0,0,0
470891,1,1,0,0,0,0,0,0,0,0,0,0
470892,1,1,0,0,0,0,0,0,0,0,0,0
470893,1,1,0,0,0,0,0,0,29,0,0,0
470894,1,1,0,0,0,0,11,0,0,0,0,0
470895,1,1,0,0,0,0,0,0,0,0,0,0
470896,1,1,18,18,18,18,18,18,18,18,18,18
470897,0,1,0,0,19,0,0,25,0,13,0,0
470897,1,1,0,0,0,0,0,0,0,0,0,0
470898,1,1,0,0,0,0,0,0,0,0,0,19
470899,1,1,0,0,0,0,0,0,0,0,0,0
470899,2,1,0,0,0,0,0,0,0,0,0,0
470900,1,1,0,0,0,0,0,0,0,0,0,0
470901,1,1,0,0,0,0,0,0,0,0,0,0
470902,0,1,0,0,0,0,0,0,0,0,0,0
470902,1,1,0,0,0,0,0,0,0,0,0,0
470903,1,1,24,18,23,13,22,0,0,8,0,28
470904,1,1,0,0,0,0,0,0,0,22,0,0
470905,1,1,0,0,0,0,0,0,0,0,0,0
470905,2,1,0,0,0,0,0,0,0,0,0,0
470906,1,1,0,0,0,0,36,0,15,0,0,18
470906,2,1,0,13,0,0,0,0,0,0,0,0
470907,1,1,0,0,0,0,0,0,0,0,0,0
470907,2,1,0,0,0,0,0,0,0,0,0,0
470908,1,1,0,0,0,0,0,0,0,0,0,0
470908,2,1,0,0,0,0,0,6,0,0,0,0
470909,1,1,0,0,22,0,0,0,0,0,15,0
470909,2,1,0,0,0,0,0,0,0,0,0,0
470910,1,1,9,19,7,5,14,25,18,19,27,23
470910,2,1,0,0,5,0,0,15,0,0,0,0
470911,0,1,0,0,0,0,0,0,0,0,0,0
470911,0,2,0,0,0,0,0,0,0,0,0,0
470911,1,1,0,0,0,0,0,0,0,0,0,0
470911,2,1,0,0,0,0,0,0,0,0,0,0
470912,1,1,9,9,9,9,9,9,9,9,9,9
470912,2,1,0,0,0,0,0,0,15,0,0,0
470913,1,1,0,0,0,0,0,0,0,0,0,0
470913,2,1,0,0,0,0,0,0,0,0,0,0
470914,1,1,0,0,0,0,0,0,0,0,0,0
470914,2,1,0,0,0,0,0,0,0,0,0,0
470915,1,1,0,0,0,0,0,0,0,0,0,0
470916,1,1,0,0,0,0,0,0,0,0,0,0
470917,1,1,19,19,19,19,19,19,19,19,19,19
470918,1,1,13,13,13,13,13,13,13,13,13,13
470918,2,1,0,0,0,0,0,0,0,0,0,0
470919,1,1,0,0,0,0,0,0,0,0,0,0
470919,2,1,19,16,11,0,0,18,18,0,0,15
470920,1,1,0,0,0,0,0,0,0,0,0,0
470921,1,1,0,0,0,0,0,0,0,0,0,0
470921,2,1,0,0,0,0,0,0,0,0,0,0
470922,1,1,0,0,0,0,0,0,0,0,0,0
470922,2,1,0,0,0,0,18,0,0,0,0,0
470923,1,1,0,0,0,0,0,0,0,0,0,0
470923,2,1,0,0,0,0,0,0,0,0,0,0
470923,3,1,0,0,0,0,0,0,0,0,0,0
470923,4,1,0,0,0,0,0,0,0,0,0,0
470924,1,1,0,0,0,0,0,0,0,0,0,33
470925,1,1,0,0,0,0,0,0,0,0,0,0
470925,2,1,0,0,0,0,0,0,0,0,0,0
470926,1,1,3,3,3,3,3,3,3,3,3,3
470927,0,1,0,0,0,0,0,0,8,0,19,7
470927,1,1,24,21,0,10,26,14,0,13,0,5
470928,0,1,0,7,0,0,27,23,0,0,23,37
470928,1,1,0,0,0,0,0,8,0,0,0,0
470929,1,1,0,13,34,17,0,15,6,0,0,13
470930,1,1,0,0,0,0,0,0,0,0,0,0
470930,2,1,0,0,0,0,0,0,0,0,0,0
470930,3,1,0,0,0,0,0,0,0,0,0,0
470930,4,1,0,0,0,0,0,0,0,0,0,0
470931,1,1,22,22,22,22,22,22,22,22,22,22
470932,1,1,0,0,0,0,15,0,12,0,0,0
470933,0,1,11,11,11,11,11,11,11,11,11,11
470933,1,1,0,0,0,24,0,0,0,0,0,0
470934,1,1,0,0,0,0,0,0,0,0,0,0
470934,2,1,0,0,0,0,0,0,0,0,0,0
470935,0,1,0,0,0,0,20,0,0,0,0,15
470935,1,1,0,0,0,0,0,0,0,0,0,0
470936,1,1,0,0,0,0,0,0,0,0,0,0
470937,1,1,0,0,0,0,16,10,19,0,0,0
470937,2,1,0,0,0,0,0,0,0,0,0,0
470938,0,1,0,14,0,0,0,9,0,0,0,0
470938,1,1,0,0,0,0,15,0,12,0,0,0
470939,1,1,0,0,0,0,0,0,0,0,0,0
470939,2,1,0,0,0,0,0,0,0,0,0,0
470940,1,1,0,0,0,0,0,0,0,0,0,0
470940,2,1,0,0,0,0,0,0,0,0,0,0
470941,0,1,0,0,0,0,0,0,0,0,0,0
470941,1,1,0,0,0,0,0,0,0,0,0,0
470942,0,1,16,11,28,45,22,12,44,0,22,22
470942,1,1,0,0,0,0,0,0,0,0,0,0
470943,1,1,0,0,0,0,0,0,0,0,0,0
470943,2,1,0,0,0,0,0,0,0,0,0,0
470944,1,1,0,0,0,0,0,0,0,0,0,0
470945,1,1,0,0,0,0,0,0,0,0,0,0
470945,2,1,0,0,0,0,0,0,0,5,0,4
470946,1,1,13,26,0,4,0,0,0,0,0,0
470947,1,1,0,0,23,0,0,0,0,0,0,0
470947,2,1,0,0,0,0,0,0,0,0,0,0
470948,1,1,0,0,0,0,0,0,0,0,0,0
470948,2,1,0,0,0,0,0,0,0,0,0,0
470949,1,1,5,5,5,5,5,5,5,5,5,5
470949,2,1,0,0,0,0,0,0,0,0,0,0
470950,1,1,0,0,0,0,0,0,0,0,0,0
470950,2,1,0,0,0,0,0,0,0,0,0,0
470951,0,1,19,36,0,17,14,0,25,0,32,0
470951,1,1,0,0,0,0,0,0,0,0,0,0
470951,2,1,0,0,0,0,0,0,0,0,0,0
470952,1,1,0,0,0,0,0,0,0,0,0,0
470952,2,1,0,0,0,0,0,0,0,0,0,0
470953,0,1,0,0,0,0,29,0,15,30,0,0
470953,1,1,0,0,0,0,0,0,0,0,0,0
470954,0,1,15,14,22,26,12,40,11,19,20,12
470954,1,1,0,0,0,0,0,0,0,0,0,0
470955,1,1,0,0,0,0,0,0,0,0,0,19
470955,2,1,0,0,0,0,0,0,0,0,0,0
470956,1,1,0,0,0,0,0,0,0,0,0,0
470957,0,1,16,22,30,16,0,13,9,6,0,0
470957,1,1,0,0,0,0,0,0,0,0,0,0
470958,1,1,8,0,0,0,0,0,21,0,0,21
470959,1,1,1,1,1,1,1,1,1,1,1,1
470960,1,1,11,0,0,18,0,0,0,0,0,0
470961,1,1,0,19,0,0,0,0,0,0,0,0
470961,2,1,0,0,0,0,0,0,0,0,0,0
470962,1,1,0,0,0,0,0,0,0,0,0,0
470962,2,1,0,0,0,0,0,0,0,0,0,0
470963,1,1,20,0,0,0,0,0,0,0,0,0
470963,2,1,0,0,0,0,0,0,0,0,0,0
470964,1,1,0,0,0,0,0,0,0,0,0,0
470964,2,1,16,16,16,16,16,16,16,16,16,16
470965,1,1,0,0,0,0,0,0,0,0,0,0
470965,2,1,0,0,0,0,0,0,0,0,0,0
470965,3,1,0,0,0,0,0,0,0,0,0,0
480001,1,1,29,26,25,0,0,0,0,0,0,27
480002,1,1,0,0,0,0,0,0,0,0,0,0
480003,1,1,0,0,0,0,0,0,0,0,0,0
480004,1,1,27,27,27,27,27,27,27,27,27,27
480005,1,1,18,18,18,18,18,18,18,18,18,18
480006,1,1,18,18,18,18,18,18,18,18,18,18
480007,1,1,0,0,0,0,0,0,0,0,0,0
480007,2,1,0,0,0,0,0,0,0,0,0,0
480008,1,1,15,14,12,13,20,24,20,16,14,8
480009,1,1,11,11,11,11,11,11,11,11,11,11
480010,1,1,26,15,0,6,0,18,0,0,0,14
480011,1,1,17,17,17,17,17,17,17,17,17,17
480012,1,1,0,0,0,0,0,0,0,0,17,0
480012,2,1,0,0,19,0,15,0,0,0,0,0
480013,0,1,0,0,0,0,0,0,0,0,0,0
480013,1,1,0,0,0,12,0,0,16,0,0,0
480014,1,1,13,13,13,13,13,13,13,13,13,13
480014,2,1,0,0,0,0,0,0,0,0,0,0
480015,1,1,0,0,0,0,0,0,0,0,0,0
480015,2,1,3,3,3,3,3,3,3,3,3,3
480016,1,1,0,0,0,0,0,0,0,0,0,0
480016,2,1,0,0,11,0,21,2,0,0,0,0
480017,0,1,19,25,8,0,18,4,0,36,0,22
480017,1,1,18,26,10,41,0,0,0,0,35,0
480018,1,1,0,0,0,0,0,0,0,0,0,0
480019,0,1,9,0,4,0,0,0,22,0,20,0
480019,1,1,0,0,26,0,30,10,0,6,0,8
480020,1,1,0,0,0,0,0,0,0,0,0,0
480020,2,1,6,18,0,0,0,0,0,0,0,0
480021,0,1,0,0,0,0,0,0,0,0,0,0
480021,1,1,0,0,0,0,0,36,0,0,17,0
480022,1,1,22,0,0,0,16,0,0,26,7,28
480023,1,1,17,17,17,17,17,17,17,17,17,17
480023,2,1,9,20,6,0,18,0,0,10,41,0
480024,1,1,5,5,5,5,5,5,5,5,5,5
480025,0,1,0,0,0,0,0,0,0,0,0,0
480025,1,1,7,26,19,29,20,12,27,23,0,23
480027,1,1,0,0,0,0,0,0,12,10,0,0
480027,2,1,0,0,17,0,6,0,0,0,17,0
480028,1,1,0,0,0,0,0,0,0,0,0,0
480028,2,1,0,0,0,0,3,0,0,0,0,0
480030,1,1,0,0,0,0,0,0,0,0,0,0
480030,2,1,0,0,0,0,0,0,0,0,0,0
480031,1,1,0,0,0,0,0,0,0,0,0,0
480032,1,1,18,18,30,17,21,7,0,12,13,0
480034,1,1,26,0,32,0,23,25,12,25,0,25
480035,1,1,11,11,11,11,11,11,11,11,11,11
480035,2,1,17,10,0,0,30,0,0,0,0,0
480036,1,1,0,0,0,0,0,0,12,0,0,0
480036,2,1,20,0,0,0,0,0,0,0,0,0
480037,0,1,16,36,4,10,0,16,0,0,0,0
480037,1,1,0,0,0,0,0,12,0,15,0,0
480037,2,1,0,0,0,0,0,0,0,18,0,0
480038,1,1,19,19,19,19,19,19,19,19,19,19