ST_CASE,VEH_NO,PER_NO,P1,P2,P3,P4,P5,P6,P7,P8,P9,P10
481200,0,1,0,0,0,0,0,0,0,0,0,0
481200,1,1,0,0,0,0,0,5,0,0,0,0
481201,1,1,19,33,20,11,12,2,9,16,21,3
481202,1,1,4,20,30,9,3,0,0,19,6,6
481204,1,1,11,10,22,0,0,0,0,14,10,8
481204,2,1,0,0,0,0,0,0,0,0,0,0
481205,1,1,0,0,0,0,0,0,0,3,0,5
481205,2,1,0,0,12,11,17,0,17,0,16,0
481206,1,1,0,0,0,0,0,11,0,0,0,0
481206,2,1,0,0,0,0,0,0,0,0,0,0
481207,1,1,0,0,15,0,11,0,20,0,0,17
481208,1,1,0,0,0,0,0,0,0,0,0,0
481208,2,1,0,0,0,0,0,0,0,0,0,0
481210,1,1,0,0,0,0,0,0,0,0,0,0
481211,0,1,24,24,24,24,24,24,24,24,24,24
481211,1,1,0,14,7,13,18,12,19,13,0,0
481212,1,1,0,0,0,0,20,13,0,13,0,0
481213,1,1,27,13,0,0,0,0,0,0,0,0
481213,2,1,0,0,0,0,0,0,0,0,0,0
481214,0,1,22,22,22,22,22,22,22,22,22,22
481214,1,1,0,0,0,0,0,0,0,0,0,0
481215,1,1,18,18,18,18,18,18,18,18,18,18
481216,1,1,0,0,0,0,0,0,0,0,0,0
481217,1,1,0,0,0,0,6,0,0,0,0,0
481217,2,1,0,0,0,0,0,0,0,0,0,0
481218,1,1,9,9,9,9,9,9,9,9,9,9
481218,2,1,23,23,23,23,23,23,23,23,23,23
481219,1,1,15,15,15,15,15,15,15,15,15,15
481220,1,1,0,0,0,0,0,23,0,0,0,3
481221,1,1,16,16,16,16,16,16,16,16,16,16
481222,0,1,11,11,11,11,11,11,11,11,11,11
481222,1,1,39,0,0,22,0,3,0,0,9,0
481222,2,1,0,0,10,0,0,21,0,5,9,2
481223,1,1,10,27,0,21,14,18,42,23,17,13
481223,2,1,19,12,0,0,0,0,0,0,0,25
481224,1,1,20,20,20,20,20,20,20,20,20,20
481224,2,1,0,0,22,0,0,0,0,15,0,0
481225,1,1,0,0,0,0,0,0,0,0,0,0
481225,2,1,0,18,5,0,0,24,0,19,0,0
481226,1,1,17,17,17,17,17,17,17,17,17,17
481227,1,1,0,0,0,0,0,0,0,0,0,0
481227,2,1,0,0,0,0,0,0,0,0,26,0
481229,1,1,0,0,12,0,0,25,0,10,21,7
481230,0,1,0,0,20,0,0,0,21,6,19,0
481230,1,1,0,0,10,0,29,0,0,0,0,0
481231,1,1,17,10,0,0,0,15,6,10,22,15
481232,1,1,0,18,0,0,8,8,25,0,28,0
481232,2,1,11,3,9,14,9,10,6,0,12,14
481233,1,1,14,14,14,14,14,14,14,14,14,14
481234,1,1,0,12,13,0,0,0,0,0,0,0
481234,2,1,17,17,17,17,17,17,17,17,17,17
481235,1,1,23,10,19,0,17,20,28,11,8,0
481236,1,1,7,10,26,12,8,31,0,13,11,29
481236,2,1,0,0,0,0,0,0,0,0,0,7
481237,1,1,14,0,0,0,13,0,0,0,0,0
481237,2,1,17,0,0,8,0,0,9,11,25,0
481238,1,1,0,0,0,21,45,0,23,14,16,0
481238,2,1,0,0,0,0,0,16,0,0,0,0
481239,1,1,0,0,0,0,0,0,0,0,0,0
481240,1,1,0,0,0,0,9,0,0,0,0,13
481240,2,1,0,0,0,0,0,0,0,0,0,0
481241,1,1,28,28,28,28,28,28,28,28,28,28
481241,2,1,0,7,19,18,12,10,0,0,0,0
481242,1,1,0,0,0,0,0,0,0,0,20,0
481243,1,1,18,18,18,18,18,18,18,18,18,18
481244,1,1,0,0,0,0,0,0,0,0,0,0
481244,2,1,0,0,0,0,0,0,0,0,0,0
481244,3,1,0,0,0,0,0,0,0,0,0,0
481244,4,1,0,0,0,0,0,16,0,0,0,0
481245,1,1,0,0,31,0,16,0,0,0,0,0
481245,2,1,0,0,0,0,0,0,0,0,0,0
481246,1,1,0,0,0,0,0,0,0,0,0,0
481247,1,1,0,0,0,0,0,0,0,0,0,0
481247,2,1,0,0,0,0,0,0,0,0,0,0
481248,1,1,0,0,0,0,0,0,0,0,0,0
481249,1,1,0,0,0,0,0,0,0,0,0,0
481249,2,1,0,0,0,0,0,3,0,0,0,0
481250,1,1,0,0,7,19,10,0,0,0,0,0
481251,1,1,5,0,6,0,0,0,0,0,0,0
481251,2,1,10,11,0,19,6,17,0,15,15,20
481252,1,1,0,0,0,0,32,0,0,0,0,0
481253,1,1,0,0,0,0,0,0,0,0,0,0
481254,1,1,22,22,22,22,22,22,22,22,22,22
481254,2,1,0,0,0,0,0,0,0,0,3,3
481255,1,1,0,0,0,0,0,0,0,0,0,0
481255,2,1,0,0,0,6,0,0,0,9,0,0
481256,1,1,0,0,0,0,0,0,0,0,0,0
481257,1,1,24,20,7,28,17,10,0,0,22,21
481258,1,1,17,17,17,17,17,17,17,17,17,17
481259,1,1,4,4,4,4,4,4,4,4,4,4
481259,2,1,0,0,0,0,0,0,0,0,0,0
481261,1,1,0,0,0,0,0,0,0,0,0,0
481261,2,1,0,0,0,0,0,19,16,0,0,10
481262,0,1,0,0,2,0,16,39,0,0,23,8
481262,1,1,0,3,26,17,0,19,16,0,0,0
481263,1,1,5,30,18,18,22,13,0,25,12,13
481264,0,1,21,21,21,21,21,21,21,21,21,21
481264,1,1,13,0,0,0,12,0,27,0,15,0
481265,0,1,0,0,13,18,15,12,0,0,14,21
481265,1,1,26,11,22,0,0,12,0,8,18,0
481266,1,1,0,0,0,0,0,0,0,0,0,0
481267,1,1,20,20,20,20,20,20,20,20,20,20
481268,1,1,9,9,9,9,9,9,9,9,9,9
481269,1,1,0,0,0,0,0,0,0,0,0,0
481270,1,1,0,0,0,0,14,0,0,0,0,31
481271,1,1,17,17,17,17,17,17,17,17,17,17
481272,1,1,0,0,0,0,0,0,0,0,0,0
481273,1,1,21,21,21,21,21,21,21,21,21,21
481274,1,1,0,0,19,16,4,27,0,0,0,15
481274,2,1,0,0,0,0,0,0,0,0,0,18
481275,0,1,0,0,0,0,0,0,0,0,0,23
481275,1,1,31,9,25,0,0,14,56,0,0,19
481276,1,1,0,0,0,0,0,0,0,0,0,0
481276,2,1,3,3,3,3,3,3,3,3,3,3
481277,1,1,24,40,0,0,0,12,0,0,9,0
481278,1,1,15,16,9,10,22,7,21,18,18,22
481278,2,1,0,0,0,0,0,0,0,0,0,0
481278,3,1,0,0,0,0,0,10,0,28,6,0
481279,0,1,0,0,0,0,0,12,10,0,17,0
481279,0,2,0,29,0,0,0,0,0,0,0,0
481279,1,1,0,5,6,16,0,19,25,14,15,12
481280,1,1,23,0,0,0,0,0,0,0,0,0
481281,1,1,20,20,20,20,20,20,20,20,20,20
481282,1,1,0,0,0,0,0,0,0,0,0,0
481282,2,1,0,19,0,0,11,15,0,0,0,0
481283,1,1,0,0,0,0,0,0,0,7,0,0
481283,2,1,0,15,0,5,0,0,0,0,0,0
481285,1,1,0,0,0,9,9,0,0,0,0,8
481286,1,1,22,22,22,22,22,22,22,22,22,22
481287,1,1,4,14,0,0,0,19,0,0,0,0
481288,1,1,20,20,20,20,20,20,20,20,20,20
481289,1,1,2,2,2,2,2,2,2,2,2,2
481289,2,1,4,4,4,4,4,4,4,4,4,4
481290,1,1,0,0,0,0,0,0,0,0,0,0
481290,2,1,0,0,0,0,0,0,0,0,0,0
481291,0,1,0,0,37,32,0,0,23,27,22,0
481291,1,1,0,0,0,0,0,0,0,0,0,14
481292,1,1,0,0,0,0,0,0,0,0,0,0
481292,2,1,0,0,0,0,0,0,0,21,0,0
481293,1,1,31,0,13,0,0,4,26,4,5,0
481293,2,1,0,0,0,0,21,0,5,0,0,27
481294,1,1,0,0,0,0,0,0,0,0,0,0
481294,2,1,0,0,0,0,14,0,0,0,0,0
481295,1,1,0,7,0,19,0,16,0,0,0,0
481295,2,1,4,4,4,4,4,4,4,4,4,4
481296,1,1,0,0,0,21,0,0,0,0,0,0
481296,2,1,0,24,0,4,0,0,0,0,22,0
481297,0,1,0,0,43,15,0,0,20,0,0,21
481297,1,1,0,0,0,21,0,0,0,15,13,0
481298,1,1,0,0,0,0,0,0,0,0,0,0
481299,1,1,0,0,0,0,32,11,0,0,0,0
481299,2,1,0,0,14,0,0,0,0,0,23,9
481300,1,1,1,1,1,1,1,1,1,1,1,1
481300,2,1,0,0,0,0,0,0,0,0,4,0
481301,1,1,0,22,5,16,7,18,0,24,0,7
481302,1,1,0,18,0,0,0,20,0,0,15,22
481303,1,1,0,0,0,0,0,0,0,0,0,0
481303,2,1,2,2,2,2,2,2,2,2,2,2
481304,1,1,15,0,0,17,17,15,0,9,9,0
481305,1,1,15,15,15,15,15,15,15,15,15,15
481306,1,1,0,33,0,0,0,15,0,0,26,18
481306,2,1,0,0,0,0,0,0,0,0,0,0
481306,3,1,6,0,0,0,0,0,0,0,0,0
481306,4,1,0,0,0,0,0,0,0,0,0,0
481306,5,1,0,0,0,8,0,0,15,11,0,0
481306,6,1,0,0,0,0,0,0,0,0,0,0
481306,7,1,8,8,3,0,0,0,0,0,13,0
481307,1,1,8,13,11,0,12,0,0,18,0,7
481308,1,1,0,0,0,0,0,0,0,0,0,0
481308,2,1,0,0,0,0,0,0,0,0,0,0
481309,1,1,0,0,9,0,0,0,0,0,0,0
481309,2,1,0,0,0,0,0,0,0,0,0,23
481309,3,1,0,0,4,0,3,0,9,0,0,18
481310,1,1,0,0,0,0,0,0,0,0,0,0
481310,2,1,0,0,0,0,0,0,0,9,0,0
481311,1,1,8,8,8,8,8,8,8,8,8,8
481312,1,1,0,0,0,0,0,0,0,0,0,0
481312,2,1,0,0,0,0,0,0,0,0,0,0
481313,1,1,19,7,5,36,0,13,15,7,5,11
481314,0,1,4,4,4,4,4,4,4,4,4,4
481314,1,1,0,0,0,5,0,0,0,8,0,0
481315,1,1,0,0,0,0,0,0,0,0,0,0
481316,1,1,25,25,25,25,25,25,25,25,25,25
481317,1,1,0,0,0,0,9,0,0,0,0,0
481317,2,1,9,9,9,9,9,9,9,9,9,9
481318,1,1,0,0,0,0,0,0,0,0,0,0
481318,2,1,0,0,0,0,0,0,0,0,0,0
481319,0,1,0,14,0,0,0,7,0,0,0,0
481319,1,1,0,0,0,0,0,0,0,0,0,0
481319,2,1,0,14,21,0,27,18,0,26,12,0
481320,1,1,0,0,0,0,0,26,0,0,0,0
481320,2,1,0,0,23,2,0,3,7,0,4,0
481321,0,1,23,23,23,23,23,23,23,23,23,23
481321,1,1,0,0,0,0,0,0,0,0,0,0
481321,2,1,3,3,3,3,3,3,3,3,3,3
481322,0,1,12,0,0,13,0,0,36,0,0,0
481322,0,2,0,0,0,0,0,0,0,0,0,0
481322,1,1,0,22,26,0,14,4,0,0,0,0
481323,1,1,0,16,11,17,0,15,19,0,18,0
481323,2,1,0,19,0,0,17,0,0,0,9,0
481324,1,1,27,27,27,27,27,27,27,27,27,27
481324,2,1,0,0,0,0,0,0,0,0,0,0
481325,1,1,24,24,24,24,24,24,24,24,24,24
481326,1,1,20,20,20,20,20,20,20,20,20,20
481327,1,1,0,0,0,0,0,0,0,0,0,0
481327,2,1,4,4,4,4,4,4,4,4,4,4
481327,3,1,0,0,0,0,0,0,0,0,0,0
481328,0,1,22,13,0,13,22,17,0,0,14,0
481328,1,1,0,0,0,0,0,0,0,0,4,5
481329,1,1,0,20,0,27,22,0,13,16,0,15
481330,1,1,0,0,0,0,0,0,0,27,0,12
481330,2,1,0,0,0,0,0,0,0,0,0,0
481331,1,1,0,0,0,0,0,0,0,0,0,0
481332,1,1,9,9,9,9,9,9,9,9,9,9
481332,2,1,0,0,0,0,0,0,0,23,0,0
481332,3,1,19,0,0,0,0,0,0,0,17,0
481332,4,1,0,0,0,29,0,0,0,0,0,9
481333,1,1,0,0,0,11,0,0,0,0,0,0
481333,2,1,0,0,0,0,0,0,19,0,19,0
481334,1,1,0,0,14,0,0,0,0,0,0,0
481334,2,1,9,0,0,0,16,0,25,9,0,26
481335,1,1,0,6,14,0,0,0,0,0,0,0
481336,1,1,36,19,10,9,13,14,12,18,9,21
481337,1,1,0,11,0,0,3,0,6,27,0,0
481337,2,1,25,10,0,0,0,0,0,0,0,29
481338,1,1,25,25,25,25,25,25,25,25,25,25
481339,1,1,0,0,0,0,0,15,0,0,0,0
481339,2,1,0,0,0,0,0,0,0,0,0,0
481341,1,1,21,22,19,10,0,14,0,0,11,18
481342,1,1,11,11,11,11,11,11,11,11,11,11
481342,2,1,11,11,11,11,11,11,11,11,11,11
481343,0,1,11,11,11,11,11,11,11,11,11,11
481343,1,1,0,0,0,11,0,0,0,0,28,0
481344,1,1,35,17,0,25,0,24,0,0,11,0
481344,2,1,20,20,20,20,20,20,20,20,20,20
481345,0,1,0,0,0,0,13,0,0,0,0,0
481345,0,2,0,0,18,0,0,0,7,19,0,0
481345,0,3,0,0,0,0,0,0,0,0,0,17
481345,0,4,23,0,0,23,0,10,0,0,0,17
481345,0,5,0,0,0,0,0,0,0,0,0,0
481345,1,1,0,0,0,0,0,0,0,0,0,0
481346,1,1,0,0,0,2,0,0,29,0,7,24
481346,2,1,0,0,0,0,0,0,0,16,0,0
481347,0,1,0,38,8,32,17,0,21,0,16,0
481347,1,1,0,0,0,12,0,0,0,0,0,0
481348,1,1,7,7,7,7,7,7,7,7,7,7
481349,1,1,28,28,28,28,28,28,28,28,28,28
481349,2,1,5,5,5,5,5,5,5,5,5,5
481349,3,1,19,0,26,0,14,19,17,0,0,0
481350,1,1,23,23,23,23,23,23,23,23,23,23
481351,1,1,0,0,0,0,9,11,0,21,17,0
481352,1,1,15,0,23,5,26,10,5,0,0,0
481353,1,1,0,2,0,0,0,0,0,0,0,0
481353,2,1,0,0,0,0,0,0,0,0,0,0
481354,1,1,0,0,0,0,0,0,0,0,0,0
481354,2,1,0,19,19,0,23,0,0,0,8,22
481355,1,1,0,0,0,0,13,0,20,0,0,0
481355,2,1,0,4,0,0,0,0,0,0,0,0
481357,1,1,0,21,0,19,12,0,39,0,10,26
481360,1,1,0,0,0,0,0,0,0,0,0,7
481360,2,1,0,0,0,0,0,0,0,0,0,0
481361,1,1,16,16,16,16,16,16,16,16,16,16
481361,2,1,0,0,0,0,7,0,0,0,0,0
481362,1,1,0,19,0,0,0,0,0,10,0,0
481363,1,1,18,18,17,8,21,14,28,24,11,21
481364,1,1,0,0,0,0,0,0,0,0,0,0
481364,2,1,0,0,0,0,0,16,0,0,0,0
481364,3,1,0,0,0,14,0,0,0,0,0,19
481365,1,1,0,0,0,0,0,0,0,0,0,12
481365,2,1,0,0,12,0,0,0,0,0,0,0
481366,1,1,0,0,0,0,0,0,0,20,15,0
481366,2,1,5,14,0,14,7,13,8,24,19,4
481367,1,1,15,0,20,18,0,0,0,0,0,0
481368,1,1,0,0,0,0,0,0,0,0,0,0
481369,1,1,0,24,0,0,0,0,0,0,0,0
481369,2,1,0,30,12,0,0,17,0,0,0,12
481370,1,1,0,0,0,0,0,15,13,9,0,0
481371,1,1,0,19,0,0,0,23,0,0,0,0
481372,1,1,23,23,23,23,23,23,23,23,23,23
481373,0,1,0,0,0,0,0,0,0,0,0,0
481373,0,2,0,0,0,0,26,0,0,0,0,39
481373,1,1,0,12,0,0,33,0,26,0,0,23
481374,1,1,26,0,0,0,0,0,0,0,0,0
481375,1,1,0,0,0,0,0,0,0,0,0,0
481375,2,1,0,0,0,0,2,0,0,0,0,0
481376,1,1,0,0,0,0,0,0,0,0,0,0
481377,1,1,0,0,0,0,0,0,7,0,16,7
481377,2,1,0,0,0,0,0,0,0,0,0,0
481377,3,1,0,0,0,0,0,0,0,0,0,0
481377,4,1,0,0,0,0,0,0,0,0,0,0
481377,5,1,0,0,8,0,0,0,0,3,0,0
481378,1,1,21,6,0,18,29,12,23,15,9,16
481379,1,1,0,0,0,0,0,0,0,0,0,0
481379,2,1,0,0,0,0,0,0,25,36,0,0
481380,1,1,0,23,11,0,0,12,0,31,31,0
481380,2,1,0,0,0,0,0,0,0,0,0,0
481381,1,1,0,0,0,0,0,0,0,0,0,0
481381,3,1,0,0,0,0,0,0,0,0,17,0
481382,1,1,0,0,14,19,20,0,5,0,0,0
481383,1,1,17,17,17,17,17,17,17,17,17,17
481384,1,1,0,0,0,0,0,0,0,0,0,0
481384,2,1,0,0,0,0,0,0,0,0,0,0
481384,3,1,0,0,0,0,0,0,0,0,0,0
481385,1,1,0,0,22,33,20,24,20,0,0,0
481386,1,1,0,0,0,0,0,11,0,0,0,0
481386,2,1,0,0,0,0,0,0,0,0,0,0
481387,1,1,0,0,0,0,0,0,0,0,0,0
481387,2,1,0,0,0,32,0,0,0,0,0,0
481388,1,1,0,0,17,0,0,0,0,0,0,0
481388,2,1,0,0,0,0,0,0,0,0,0,0
481389,0,1,0,0,0,0,0,0,0,0,0,0
481389,1,1,0,0,0,0,0,0,0,0,0,0
481390,1,1,0,0,12,0,0,0,0,0,0,0
481390,2,1,0,0,0,0,0,0,0,0,0,0
481391,1,1,0,0,14,0,0,0,0,13,0,0
481392,1,1,0,0,0,0,0,7,0,10,0,0
481392,2,1,0,0,0,0,0,0,0,0,0,0
481392,3,1,0,0,0,0,0,0,0,0,0,0
481393,0,1,0,22,0,23,15,14,13,23,14,0
481393,0,2,36,0,0,0,16,0,0,0,0,28
481393,2,1,0,0,0,0,0,30,0,0,18,0
481394,1,1,21,21,21,21,21,21,21,21,21,21
481395,1,1,0,0,0,0,0,0,0,0,0,0
481396,1,1,20,25,0,3,10,0,0,7,0,26
481397,1,1,0,0,0,0,0,0,0,0,0,0
481398,1,1,15,15,15,15,15,15,15,15,15,15
481399,1,1,18,18,18,18,18,18,18,18,18,18
481400,1,1,0,0,0,0,20,0,0,0,0,0
481400,2,1,0,0,0,6,0,0,5,0,0,0
481401,1,1,0,0,0,0,0,0,0,0,0,0
481401,2,1,26,26,26,26,26,26,26,26,26,26
481402,0,1,13,0,20,9,0,21,8,21,0,0
481402,1,1,0,0,31,4,6,0,10,0,0,7
481403,1,1,0,16,19,0,0,0,0,0,0,0
481404,1,1,16,0,8,7,14,9,6,18,12,22
481405,1,1,0,0,0,0,0,15,16,0,20,0
481405,2,1,0,0,32,0,0,0,0,0,0,0
481406,1,1,18,18,18,18,18,18,18,18,18,18
481407,1,1,0,0,0,0,0,0,0,0,0,0
481408,1,1,0,0,0,4,0,0,0,0,0,0
481408,2,1,0,0,17,12,0,13,0,8,0,21
481409,1,1,0,0,27,38,0,16,0,0,37,20
481410,0,1,0,9,0,48,0,0,0,0,0,18
481410,1,1,0,0,0,0,0,0,0,0,0,0
481411,1,1,0,0,0,25,0,0,0,0,0,0
481411,2,1,0,0,8,0,0,0,0,12,0,16
481411,3,1,0,0,0,11,0,0,0,0,0,21
481412,1,1,14,14,14,14,14,14,14,14,14,14
481412,2,1,0,0,0,0,0,0,0,0,0,0
481413,1,1,0,0,0,0,0,0,0,0,0,0
481413,2,1,0,0,0,0,0,0,0,0,0,0
481413,3,1,0,0,0,0,13,0,0,0,0,0
481413,4,1,0,0,0,0,0,0,0,0,0,2
481414,0,1,24,24,24,24,24,24,24,24,24,24
481414,1,1,0,0,0,0,0,0,0,0,0,0
481415,1,1,0,0,0,0,0,0,28,0,0,12
481416,1,1,26,26,26,26,26,26,26,26,26,26
481416,2,1,11,11,11,11,11,11,11,11,11,11
481417,1,1,0,0,0,0,0,0,0,0,0,0
481417,2,1,9,14,13,0,14,5,22,13,0,0
481418,0,1,0,27,0,0,0,0,0,18,0,0
481418,1,1,0,0,29,0,0,0,0,0,0,0
481419,1,1,0,0,0,0,0,0,0,0,0,0
481419,2,1,0,0,0,0,0,0,0,0,0,0
481420,1,1,0,0,0,0,0,0,0,0,0,0
481421,1,1,24,0,0,0,10,0,0,0,0,19
481421,2,1,0,0,0,0,17,0,0,0,0,0
481422,0,1,0,0,0,0,0,0,0,0,0,17
481422,1,1,0,0,14,0,0,8,0,0,0,0
481422,2,1,0,0,22,0,0,0,0,0,14,0
481422,3,1,0,0,9,0,7,0,11,0,14,7
481423,1,1,23,17,14,0,13,8,16,0,0,15
481423,2,1,0,0,15,5,0,0,0,0,0,0
481424,1,1,0,0,0,0,0,0,0,0,0,0
481424,2,1,0,0,0,0,0,0,0,0,0,0
481424,3,1,0,0,0,32,0,0,0,0,0,0
481425,1,1,0,0,0,0,0,0,0,0,0,0
481425,2,1,0,0,0,0,0,0,0,0,0,0
481427,1,1,0,0,0,17,0,30,0,0,0,0
481427,2,1,0,0,0,0,2,0,4,0,4,0
481427,3,1,0,0,0,0,0,0,0,0,0,0
481428,1,1,0,12,0,0,0,14,23,10,18,26
481429,1,1,3,3,3,3,3,3,3,3,3,3
481429,2,1,31,0,0,16,0,18,0,24,18,0
481430,1,1,18,0,0,14,0,0,0,12,0,0
481430,2,1,0,0,0,0,0,25,0,0,0,0
481430,3,1,0,0,0,0,0,0,0,0,0,0
481431,1,1,6,6,6,6,6,6,6,6,6,6
481433,1,1,0,38,8,7,0,0,0,13,10,20
481434,1,1,0,0,0,0,0,0,0,0,0,0
481434,2,1,0,0,0,23,0,0,0,0,0,9
481435,0,1,8,8,8,8,8,8,8,8,8,8
481435,1,1,13,0,18,0,0,0,0,0,23,0
481436,1,1,18,18,18,18,18,18,18,18,18,18
481437,1,1,11,0,11,5,0,21,0,0,18,0
481437,2,1,18,0,7,9,10,0,0,0,7,0
481438,1,1,12,12,12,12,12,12,12,12,12,12
481439,1,1,40,17,6,21,20,24,21,17,13,0
481440,1,1,0,0,14,0,9,12,14,11,11,0
481441,1,1,25,25,25,25,25,25,25,25,25,25
481442,1,1,0,0,0,0,0,16,0,18,0,0
481443,0,1,0,23,0,48,0,0,32,0,0,0
481443,1,1,0,0,0,13,0,15,0,0,0,0
481444,1,1,0,0,2,0,44,0,0,0,0,0
481444,2,1,0,0,0,0,0,0,0,0,0,0
481445,1,1,14,14,14,14,14,14,14,14,14,14
481446,1,1,0,0,0,0,0,0,0,0,0,0
481447,1,1,14,14,14,14,14,14,14,14,14,14
481448,1,1,0,0,0,0,0,0,0,0,0,0
481449,0,1,8,8,8,8,8,8,8,8,8,8
481449,1,1,34,0,4,0,0,34,0,0,13,14
481450,0,1,0,0,0,17,0,23,0,0,0,29
481450,0,2,28,0,0,0,0,0,0,0,19,10
481450,0,3,0,0,0,0,0,0,0,0,0,0
481450,1,1,0,0,0,0,0,0,49,17,4,32
481451,0,1,8,0,0,9,0,18,0,0,0,7
481451,1,1,0,0,7,0,9,0,0,0,0,0
481452,1,1,0,0,9,0,0,0,0,0,0,0
481453,1,1,16,0,30,0,21,15,10,20,19,11
481454,1,1,27,27,27,27,27,27,27,27,27,27
481455,1,1,0,0,0,0,17,0,0,0,0,27
481456,1,1,0,0,17,0,0,0,0,0,0,0
481456,2,1,0,9,22,0,0,0,16,0,0,5
481457,1,1,12,0,0,17,0,0,0,0,0,0
481458,1,1,20,20,20,20,20,20,20,20,20,20
481458,2,1,0,4,0,9,8,0,0,0,15,0
481458,3,1,16,16,16,16,16,16,16,16,16,16
481459,1,1,0,0,0,0,0,0,0,0,0,0
481461,1,1,20,20,20,20,20,20,20,20,20,20
481462,1,1,0,0,0,0,0,0,0,0,0,0
481463,1,1,0,0,0,0,0,0,0,0,0,0
481464,1,1,0,8,0,0,0,0,10,0,0,0
481464,2,1,0,0,0,0,0,0,0,0,0,0
481465,1,1,17,17,17,17,17,17,17,17,17,17
481466,1,1,0,0,0,0,0,0,0,0,0,0
481466,2,1,1,1,1,1,1,1,1,1,1,1
481467,1,1,0,0,0,24,0,0,0,0,0,0
481467,2,1,0,0,0,0,0,0,0,0,0,11
481468,1,1,13,13,13,13,13,13,13,13,13,13
481468,2,1,2,0,24,0,0,0,0,0,0,0
481469,1,1,0,0,0,8,0,17,13,0,0,0
481469,2,1,0,0,22,0,0,0,7,0,9,0
481470,1,1,0,9,0,0,30,0,18,0,0,22
481470,3,1,31,0,0,0,0,0,0,0,0,0
481470,4,1,0,0,0,0,0,0,21,5,0,0
481471,0,1,0,0,0,0,0,0,0,0,0,0
481471,1,1,0,0,0,0,0,0,0,0,0,0
481472,0,1,0,0,0,0,0,0,0,0,0,0
481472,1,1,19,0,24,0,0,0,0,0,0,0
481473,0,1,0,23,0,0,0,0,0,0,0,0
481473,1,1,0,0,0,0,0,0,0,0,0,0
481474,1,1,0,0,0,0,0,0,0,0,0,0
481475,1,1,19,9,19,19,12,17,5,19,8,0
481476,1,1,0,0,0,0,0,0,0,0,0,0
481476,2,1,0,0,0,0,0,0,18,0,0,0
481477,1,1,0,0,0,0,0,0,0,0,0,0
481478,1,1,23,0,28,20,0,0,22,0,0,0
481478,2,1,0,0,13,13,0,0,0,0,0,14
481478,3,1,0,0,27,0,0,0,0,0,0,0
481478,4,1,9,0,0,0,0,0,0,23,0,11
481479,1,1,12,19,11,13,20,0,0,0,0,0
481479,2,1,0,0,0,0,0,0,0,0,0,0
481479,3,1,11,0,15,0,0,0,24,0,14,0
481480,1,1,0,0,0,0,0,0,0,0,0,0
481480,2,1,0,0,0,0,0,0,0,0,0,0
481481,1,1,0,0,0,0,0,0,0,0,0,0
481481,2,1,0,0,0,0,0,0,12,13,0,24
481482,1,1,16,16,16,16,16,16,16,16,16,16
481482,2,1,0,0,0,18,0,0,0,0,0,0
481483,1,1,0,0,0,0,25,0,0,0,0,27
481483,2,1,12,0,7,0,28,0,0,0,25,16
481484,1,1,0,0,0,0,0,0,0,0,0,0
481486,1,1,0,20,0,8,0,0,17,20,16,0
481487,1,1,17,0,0,18,0,0,21,0,16,9
481487,2,1,0,0,0,0,0,14,8,9,8,0
481488,1,1,15,15,15,15,15,15,15,15,15,15
481489,1,1,0,0,0,0,0,0,0,0,0,0
481489,2,1,0,0,0,0,0,0,0,0,0,0
481490,1,1,0,0,0,0,0,0,0,0,0,0
481490,2,1,0,8,0,0,0,0,0,0,0,0
481491,1,1,0,0,0,0,0,0,0,0,0,0
481492,0,1,0,0,0,0,0,0,0,0,0,0
481492,1,1,0,0,0,0,0,0,0,0,0,0
481493,1,1,18,18,18,18,18,18,18,18,18,18
481493,2,1,0,0,0,0,0,0,0,0,0,0
481494,1,1,0,0,0,0,0,0,0,0,0,0
481494,2,1,0,0,0,0,0,0,0,0,0,27
481495,1,1,0,0,0,0,0,0,0,0,0,0
481495,2,1,0,0,5,0,0,0,8,7,0,0
481495,3,1,0,0,0,8,0,18,0,0,0,30
481496,1,1,10,10,10,10,10,10,10,10,10,10
481497,1,1,0,24,0,0,4,0,23,0,3,0
481497,2,1,28,0,0,0,19,0,0,0,0,0
481497,3,1,5,0,0,0,0,0,0,0,0,3
481498,1,1,0,0,0,0,0,0,0,0,0,0
481499,1,1,23,23,23,23,23,23,23,23,23,23
481500,1,1,0,0,0,0,0,0,0,0,0,0
481500,2,1,0,0,0,0,0,0,0,0,0,0
481501,1,1,0,8,10,7,0,13,0,0,0,0
481501,2,1,0,0,0,0,0,0,0,0,0,0
481502,1,1,0,0,0,0,0,0,0,0,0,0
481502,2,1,0,0,0,0,13,0,5,0,0,22
481503,0,1,0,0,0,0,0,0,0,0,0,0