ST_CASE,VEH_NO,PER_NO,P1,P2,P3,P4,P5,P6,P7,P8,P9,P10
481503,1,1,0,10,0,0,0,0,0,0,0,0
481504,1,1,14,14,14,14,14,14,14,14,14,14
481505,1,1,0,0,0,0,0,0,0,0,0,0
481506,1,1,18,18,18,18,18,18,18,18,18,18
481507,1,1,0,0,0,0,0,0,0,0,0,0
481507,2,1,0,0,0,0,0,0,0,14,0,0
481507,3,1,26,0,0,0,0,0,34,0,0,10
481508,1,1,0,0,0,0,0,0,0,0,0,0
481508,2,1,0,10,0,19,0,0,0,0,0,0
481509,0,1,0,0,0,0,0,0,17,0,0,25
481509,1,1,0,0,0,0,0,0,6,0,0,0
481510,1,1,39,0,0,0,0,0,26,11,0,0
481510,2,1,0,0,0,0,7,11,0,0,26,0
481511,1,1,15,15,15,15,15,15,15,15,15,15
481512,1,1,0,0,0,0,0,0,0,31,0,7
481513,1,1,37,7,15,9,28,15,34,6,15,29
481514,1,1,24,24,24,24,24,24,24,24,24,24
481515,1,1,0,16,22,0,0,0,0,0,8,0
481515,2,1,0,0,0,0,0,0,0,0,0,0
481516,1,1,0,0,0,5,0,0,0,16,0,0
481517,1,1,9,0,0,0,0,0,0,0,16,0
481517,2,1,0,0,0,0,0,0,0,0,0,0
481519,1,1,0,0,0,0,0,0,0,0,0,0
481519,2,1,9,0,0,0,0,0,0,0,0,0
481519,3,1,0,23,0,0,16,26,0,0,0,0
481520,1,1,0,0,0,0,0,0,0,0,0,0
481520,2,1,9,9,9,9,9,9,9,9,9,9
481521,1,1,0,0,0,0,0,0,0,0,0,0
481521,2,1,0,0,0,0,0,0,0,0,0,13
481522,1,1,0,0,0,0,22,0,12,0,0,0
481523,1,1,0,0,0,0,0,0,0,0,0,0
481523,2,1,0,0,0,0,0,0,0,0,0,0
481524,1,1,1,1,1,1,1,1,1,1,1,1
481524,2,1,0,0,0,0,0,0,0,0,0,0
481524,3,1,0,0,0,0,0,0,0,0,0,0
481525,0,1,0,20,43,0,25,14,7,0,13,13
481525,1,1,0,0,10,0,7,0,25,13,0,0
481526,1,1,23,23,23,23,23,23,23,23,23,23
481527,1,1,0,0,0,0,0,0,0,0,0,0
481527,2,1,0,0,0,0,0,0,0,0,0,0
481527,3,1,0,11,0,12,0,0,0,20,10,21
481527,4,1,0,0,16,0,0,0,0,0,26,0
481527,5,1,14,27,0,8,4,8,0,9,0,7
481527,6,1,28,0,0,0,0,0,8,0,0,20
481527,7,1,0,0,0,0,0,0,0,0,0,0
481528,1,1,28,0,0,0,0,0,0,0,0,0
481528,2,1,0,0,3,0,0,0,0,0,0,0
481529,1,1,7,0,0,16,6,0,0,0,11,17
481529,2,1,0,0,0,0,0,0,0,0,0,0
481530,0,1,0,0,0,7,31,0,0,17,30,25
481530,1,1,19,12,12,0,7,20,26,0,11,15
481531,1,1,7,7,7,7,7,7,7,7,7,7
481531,2,1,0,0,27,0,0,0,0,0,10,0
481532,1,1,0,0,0,0,19,12,19,16,12,0
481532,2,1,0,14,0,13,12,12,10,0,8,14
481533,1,1,0,0,0,0,0,0,0,0,0,0
481533,2,1,11,0,0,0,0,0,0,0,0,0
481533,3,1,0,0,0,0,14,0,0,0,0,0
481534,1,1,0,0,0,0,0,0,0,0,0,0
481534,2,1,0,0,0,0,0,8,0,0,0,15
481535,0,1,0,10,0,14,17,31,16,0,0,0
481535,1,1,22,0,0,31,0,0,0,17,0,15
481536,1,1,0,0,0,8,0,0,11,0,0,8
481536,2,1,26,0,0,8,24,7,29,0,21,27
481537,0,1,0,0,0,0,0,0,0,0,0,16
481537,1,1,0,0,6,6,0,0,0,22,0,21
481538,0,1,30,38,8,0,0,0,13,0,0,21
481538,1,1,0,0,0,0,0,10,0,0,0,0
481539,1,1,0,0,0,23,22,0,0,0,32,21
481540,1,1,0,0,0,0,0,0,0,0,0,0
481541,0,1,0,0,0,0,0,0,0,0,0,0
481541,1,1,0,0,0,0,0,0,0,0,0,0
481542,1,1,12,12,12,12,12,12,12,12,12,12
481543,1,1,0,27,7,0,19,20,0,19,0,12
481544,0,1,0,0,0,0,0,0,0,0,0,0
481544,1,1,0,0,0,0,0,0,0,0,0,0
481545,0,1,0,0,0,0,0,0,0,0,0,0
481545,0,2,0,0,0,0,0,0,0,0,0,0
481545,1,1,7,7,7,7,7,7,7,7,7,7
481547,1,1,0,0,0,0,0,0,11,0,9,11
481548,0,1,29,0,0,0,0,0,0,4,0,0
481548,1,1,0,33,0,0,0,0,17,16,12,0
481549,1,1,0,0,0,0,0,0,0,0,0,0
481549,2,1,15,0,0,0,0,0,0,0,0,0
481550,1,1,14,14,14,14,14,14,14,14,14,14
481550,2,1,0,0,12,0,0,8,0,0,0,0
481551,1,1,0,0,0,0,0,0,0,0,0,0
481551,2,1,0,0,0,0,14,12,0,0,0,0
481552,0,1,38,38,38,38,38,38,38,38,38,38
481552,1,1,21,0,0,7,14,2,8,0,0,0
481552,2,1,4,0,0,0,0,0,0,0,0,0
481553,1,1,16,16,16,16,16,16,16,16,16,16
481554,1,1,0,0,0,0,0,0,0,0,0,0
481554,2,1,0,0,0,0,0,0,0,0,0,0
481555,1,1,0,0,0,0,0,0,0,0,0,0
481555,2,1,0,0,10,21,13,21,0,0,0,16
481555,3,1,0,0,0,0,0,0,0,0,0,0
481556,1,1,26,26,26,26,26,26,26,26,26,26
481557,1,1,0,0,0,0,0,0,0,0,0,0
481557,2,1,0,0,0,0,0,0,0,0,0,0
481558,1,1,0,0,0,0,0,0,0,0,0,0
481558,2,1,0,0,0,0,0,0,0,29,0,0
481560,1,1,0,0,0,0,12,0,0,0,0,0
481560,2,1,0,0,0,0,0,0,0,0,0,0
481561,1,1,0,0,0,0,0,0,0,0,0,0
481562,0,1,0,0,0,0,4,0,0,0,11,0
481562,1,1,0,0,0,0,0,0,13,5,0,0
481563,1,1,0,0,0,0,0,0,0,0,0,0
481563,2,1,14,0,0,0,0,0,0,16,0,12
481564,1,1,0,0,0,0,0,0,0,0,0,0
481564,2,1,0,14,0,5,0,17,0,18,0,0
481565,0,1,19,19,19,19,19,19,19,19,19,19
481565,1,1,0,13,0,18,18,0,0,0,11,0
481565,2,1,0,14,23,0,0,14,0,0,0,0
481566,1,1,20,20,20,20,20,20,20,20,20,20
481567,0,1,0,27,0,18,13,21,18,0,42,0
481567,1,1,8,10,13,16,10,11,20,16,8,12
481568,1,1,6,6,6,6,6,6,6,6,6,6
481569,1,1,16,16,16,16,16,16,16,16,16,16
481570,0,1,0,0,23,0,0,0,0,0,29,14
481570,1,1,19,0,0,0,8,20,0,34,10,0
481571,1,1,23,0,0,37,8,0,0,6,0,0
481571,2,1,0,0,18,6,26,0,0,0,0,12
481572,1,1,0,0,0,0,0,0,0,0,0,0
481572,2,1,0,0,0,0,0,0,0,0,0,0
481573,1,1,20,20,20,20,20,20,20,20,20,20
481574,0,1,11,11,11,11,11,11,11,11,11,11
481574,1,1,0,0,0,0,0,0,0,0,0,0
481575,1,1,0,0,0,0,0,0,0,0,5,0
481575,2,1,12,12,12,12,12,12,12,12,12,12
481576,0,1,28,28,28,28,28,28,28,28,28,28
481576,1,1,11,0,7,10,0,26,0,7,15,0
481577,0,1,0,0,0,0,0,0,0,0,0,0
481577,1,1,0,0,0,0,0,0,0,0,0,0
481578,1,1,27,27,27,27,27,27,27,27,27,27
481578,2,1,0,0,0,0,0,0,0,0,0,0
481580,1,1,4,0,0,0,11,0,11,0,0,22
481580,2,1,0,0,0,29,0,12,0,0,0,0
481581,1,1,0,0,0,0,0,0,0,0,0,0
481581,2,1,17,0,0,0,0,0,0,0,0,0
481582,1,1,0,13,0,4,0,0,9,0,18,0
481583,1,1,0,0,0,0,0,0,0,0,0,0
481583,2,1,0,0,0,0,0,0,0,0,0,0
481584,1,1,18,18,18,18,18,18,18,18,18,18
481585,1,1,3,0,11,0,0,9,0,0,0,0
481585,2,1,0,0,0,0,5,0,4,0,0,0
481585,3,1,0,0,0,0,0,0,0,18,0,0
481586,1,1,0,0,0,0,0,0,0,0,0,0
481586,2,1,0,0,0,0,0,0,0,0,0,0
481586,3,1,19,0,0,0,16,0,0,0,0,0
481587,1,1,0,0,0,0,0,0,0,0,0,0
481588,1,1,0,23,13,2,0,13,15,26,24,18
481589,1,1,0,12,4,0,0,0,15,0,0,0
481589,2,1,18,11,0,0,0,0,0,18,0,0
481590,0,1,0,0,0,0,0,0,0,0,0,0
481590,0,2,0,0,0,0,0,0,0,0,0,0
481590,1,1,14,11,16,9,22,15,0,15,0,0
481591,0,1,10,10,10,10,10,10,10,10,10,10
481591,1,1,14,13,0,0,21,0,0,0,0,0
481592,1,1,0,0,0,0,0,0,0,0,0,0
481592,2,1,0,0,0,19,0,0,0,0,0,0
481593,0,1,0,9,0,32,0,0,0,0,0,0
481593,2,1,3,0,17,8,0,0,15,0,0,0
481594,1,1,0,0,0,0,0,0,0,0,14,10
481594,2,1,0,15,0,0,15,0,0,0,32,0
481595,0,1,0,0,0,0,0,0,0,0,0,0
481595,1,1,27,14,28,21,11,4,0,12,0,11
481596,1,1,0,0,0,17,0,0,7,0,7,16
481596,2,1,0,19,10,0,0,0,7,0,0,0
481596,3,1,0,0,0,0,0,0,0,0,4,9
481597,1,1,0,0,0,0,0,0,0,0,0,0
481598,1,1,0,0,0,0,0,0,0,0,0,0
481599,0,1,0,0,0,0,0,0,0,0,0,0
481599,1,1,0,0,0,0,19,0,0,0,0,6
481599,2,1,7,7,5,0,12,0,7,0,2,0
481600,1,1,0,13,0,9,17,11,27,21,0,0
481601,1,1,11,3,0,0,0,0,21,0,0,30
481601,2,1,17,17,17,17,17,17,17,17,17,17
481602,1,1,25,25,25,25,25,25,25,25,25,25
481603,0,1,0,0,26,13,22,0,0,7,0,0
481603,1,1,0,5,0,12,0,24,0,0,0,0
481604,1,1,0,0,0,0,0,0,0,0,0,0
481605,1,1,24,0,9,9,20,13,17,0,0,11
481606,1,1,22,22,22,22,22,22,22,22,22,22
481608,1,1,17,17,17,17,17,17,17,17,17,17
481608,2,1,11,22,0,0,0,0,8,13,0,10
481608,3,1,0,0,0,0,0,22,0,0,0,0
481609,0,1,28,0,0,0,0,0,0,0,0,0
481609,1,1,0,0,0,0,0,24,0,0,0,0
481610,0,1,3,3,3,3,3,3,3,3,3,3
481610,0,2,0,0,0,0,14,0,23,0,18,13
481610,0,3,0,0,12,0,0,0,30,0,0,21
481610,1,1,0,12,16,28,31,19,6,18,40,13
481611,1,1,0,0,0,0,0,0,0,0,0,0
481612,1,1,29,0,0,0,0,29,0,0,0,0
481613,1,1,0,0,0,0,0,0,0,0,0,0
481613,2,1,0,0,0,0,0,0,0,0,0,11
481614,1,1,0,0,0,0,0,0,0,0,0,0
481615,1,1,17,0,0,25,0,0,0,0,0,0
481615,2,1,8,18,8,9,9,12,16,25,10,0
481616,0,1,25,25,25,25,25,25,25,25,25,25
481616,1,1,0,0,0,0,0,0,0,0,0,0
481617,1,1,26,26,26,26,26,26,26,26,26,26
481618,1,1,0,0,0,0,0,0,0,0,0,0
481618,2,1,0,4,3,0,0,23,7,0,10,12
481619,0,1,0,0,0,0,0,0,0,0,0,0
481619,1,1,0,0,0,0,0,0,0,24,0,0
481620,1,1,0,0,0,0,0,4,0,0,0,0
481620,2,1,0,0,0,0,0,7,0,0,0,0
481621,1,1,23,23,23,23,23,23,23,23,23,23
481622,1,1,19,0,0,0,0,15,12,0,43,0
481623,1,1,0,0,0,0,0,0,0,0,0,0
481624,1,1,10,10,10,10,10,10,10,10,10,10
481625,1,1,17,4,26,0,0,0,10,0,0,0
481626,0,1,39,26,0,32,10,0,0,25,0,0
481626,0,2,0,0,0,32,0,35,0,0,24,34
481626,2,1,0,0,0,0,0,0,0,0,0,0
481627,0,1,0,0,0,0,0,0,0,0,0,0
481627,1,1,0,18,29,13,31,0,15,22,17,20
481628,0,1,0,0,0,0,0,0,0,0,0,0
481628,1,1,0,0,0,0,0,0,0,0,0,3
481629,1,1,17,0,0,0,0,0,0,0,0,0
481629,2,1,0,0,0,0,0,0,0,0,0,0
481630,1,1,0,0,0,0,0,0,0,0,0,0
481631,1,1,0,0,0,0,0,0,0,0,0,0
481631,2,1,0,0,0,0,0,0,0,0,0,0
481632,0,1,0,9,22,33,22,0,13,0,38,0
481632,1,1,15,30,0,0,0,7,35,0,39,21
481633,0,1,0,0,29,60,0,0,10,16,0,0
481633,1,1,0,0,0,17,0,3,0,0,0,0
481633,2,1,5,0,19,0,0,0,0,12,0,0
481634,1,1,0,0,0,0,0,6,36,25,46,18
481635,1,1,20,20,20,20,20,20,20,20,20,20
481636,1,1,11,0,14,16,0,15,0,0,11,8
481637,0,1,12,12,12,12,12,12,12,12,12,12
481637,1,1,0,0,0,0,0,21,0,16,0,22
481638,1,1,23,0,0,0,26,0,0,14,20,12
481638,2,1,13,13,13,13,13,13,13,13,13,13
481639,1,1,8,0,0,0,0,0,0,0,0,0
481639,2,1,0,0,0,0,0,22,16,17,0,0
481640,1,1,0,7,21,13,29,24,14,17,16,0
481640,2,1,0,0,0,26,0,0,13,0,0,0
481641,1,1,11,15,0,0,0,0,13,10,0,27
481642,1,1,0,12,0,0,0,0,0,0,0,0
481642,2,1,0,0,0,0,0,0,0,0,68,0
481643,1,1,0,28,22,0,0,0,0,0,10,0
481644,1,1,0,0,0,0,0,19,0,26,0,0
481644,2,1,0,0,0,0,0,21,0,0,0,0
481645,1,1,0,0,0,0,0,0,0,0,0,0
481645,2,1,0,0,0,0,0,0,0,0,0,0
481646,1,1,8,8,8,8,8,8,8,8,8,8
481647,1,1,0,0,0,0,0,0,0,0,0,0
481648,1,1,0,0,0,0,0,0,31,0,0,0
481649,1,1,0,0,0,0,0,0,0,0,0,0
481649,2,1,11,10,0,0,0,0,0,0,0,33
481650,1,1,23,23,23,23,23,23,23,23,23,23
481651,0,1,0,0,0,0,0,0,0,0,0,0
481651,1,1,0,15,16,8,15,0,0,0,11,0
481652,0,1,6,0,0,0,24,16,26,0,11,9
481652,1,1,9,9,9,9,9,9,9,9,9,9
481653,1,1,16,0,0,20,0,0,0,0,0,0
481653,2,1,6,6,6,6,6,6,6,6,6,6
481654,1,1,7,7,7,7,7,7,7,7,7,7
481655,1,1,0,0,0,0,0,14,0,0,25,17
481656,1,1,0,16,0,0,19,0,0,0,0,0
481656,2,1,11,11,11,11,11,11,11,11,11,11
481657,1,1,26,26,26,26,26,26,26,26,26,26
481657,2,1,0,3,0,0,0,0,10,0,0,0
481658,1,1,31,0,21,0,0,9,0,0,0,0
481658,3,1,0,0,0,18,0,0,0,0,0,0
481659,1,1,10,0,10,0,0,15,0,0,0,17
481659,2,1,0,9,0,10,0,0,13,21,0,0
481660,1,1,0,0,0,0,0,0,0,0,0,0
481660,2,1,0,0,0,0,0,0,0,0,0,0
481661,1,1,0,0,0,0,0,0,0,0,0,0
481661,2,1,0,0,0,0,0,0,0,0,0,0
481662,1,1,20,20,20,20,20,20,20,20,20,20
481663,1,1,0,0,0,23,0,0,0,0,0,0
481663,2,1,37,37,37,37,37,37,37,37,37,37
481664,1,1,0,0,0,0,0,0,0,0,0,0
481665,1,1,0,0,26,0,0,0,0,0,0,30
481665,2,1,0,0,0,0,0,0,0,0,0,0
481666,1,1,0,0,0,0,0,0,0,0,0,0
481666,2,1,0,0,0,0,0,0,0,0,0,0
481667,1,1,0,0,0,0,0,0,0,0,0,0
481667,2,1,0,0,0,0,0,0,0,0,14,0
481667,3,1,15,0,0,0,10,0,0,14,15,0
481668,0,1,26,39,49,0,5,27,0,0,0,0
481668,1,1,0,16,0,0,14,0,28,0,8,15
481669,1,1,0,0,0,0,0,0,0,0,0,0
481669,2,1,0,0,0,0,0,0,0,0,0,0
481670,1,1,0,20,0,0,0,13,0,0,0,13
481671,1,1,0,28,0,0,22,0,0,0,21,0
481672,1,1,0,0,0,0,0,0,0,0,0,0
481672,2,1,5,0,0,20,0,0,14,0,6,2
481672,3,1,0,21,0,0,0,0,0,0,0,0
481673,1,1,0,0,0,0,0,0,0,0,0,0
481674,1,1,19,19,19,19,19,19,19,19,19,19
481674,2,1,0,0,8,0,0,0,0,0,0,15
481675,1,1,0,0,0,0,22,19,0,0,0,0
481675,2,1,0,0,0,0,0,0,0,0,0,0
481676,1,1,0,25,14,14,0,31,0,0,11,22
481677,1,1,0,0,0,0,0,0,0,0,0,0
481677,2,1,1,1,1,1,1,1,1,1,1,1
481678,1,1,29,0,29,0,11,0,0,36,0,34
481679,1,1,18,0,0,3,15,0,14,0,24,20
481680,1,1,0,0,0,0,0,0,0,0,0,0
481680,2,1,0,0,9,0,0,20,0,0,37,0
481681,1,1,0,12,0,0,30,0,0,0,0,0
481682,1,1,25,27,0,13,14,0,19,16,0,14
481683,1,1,7,7,7,7,7,7,7,7,7,7
481683,2,1,4,0,0,3,0,0,0,0,0,19
481684,1,1,15,15,15,15,15,15,15,15,15,15
481685,0,1,18,0,0,0,0,0,0,0,0,0
481685,0,2,0,0,0,0,0,0,0,0,0,0
481685,1,1,0,0,0,0,25,15,0,0,0,0
481686,1,1,0,34,22,8,9,14,12,0,5,16
481687,1,1,15,15,15,15,15,15,15,15,15,15
481688,0,1,0,28,8,0,0,22,0,0,29,0
481688,1,1,0,11,0,0,0,15,0,0,15,23
481689,1,1,0,0,0,2,0,12,0,0,0,0
481689,2,1,5,0,6,19,0,14,6,22,13,5
481690,1,1,0,0,0,31,0,0,0,0,0,0
481690,2,1,0,0,0,0,0,0,0,0,0,0
481691,0,1,0,23,7,7,17,0,13,32,29,13
481691,1,1,0,0,21,5,0,0,0,0,0,11
481692,1,1,18,18,18,18,18,18,18,18,18,18
481693,1,1,0,0,0,0,0,0,0,0,0,0
481694,1,1,0,0,0,0,3,0,0,0,0,0
481694,2,1,0,0,0,0,0,0,0,0,0,0
481695,1,1,36,36,36,36,36,36,36,36,36,36
481696,1,1,0,0,0,0,0,0,0,0,0,0
481696,2,1,0,0,0,0,0,0,0,0,0,0
481697,1,1,15,4,9,19,0,17,16,19,28,3
481697,2,1,12,37,20,0,18,7,0,22,0,10
481698,0,1,11,10,0,0,25,33,11,4,46,8
481698,1,1,0,22,15,0,20,32,9,0,0,0
481699,1,1,16,16,16,16,16,16,16,16,16,16
481700,1,1,21,0,19,27,14,0,15,26,12,9
481701,1,1,18,18,18,18,18,18,18,18,18,18
481702,1,1,24,24,24,24,24,24,24,24,24,24
481703,0,1,0,5,0,14,39,0,26,33,2,0
481703,1,1,13,13,13,13,13,13,13,13,13,13
481704,1,1,0,0,0,0,0,0,0,0,0,0
481704,2,1,0,0,0,0,0,0,0,0,0,0
481705,1,1,0,0,0,0,0,0,0,0,14,0
481706,1,1,17,17,17,17,17,17,17,17,17,17
481707,1,1,15,12,0,7,0,43,14,11,28,0
481708,1,1,20,20,20,20,20,20,20,20,20,20
481709,1,1,13,22,0,0,0,0,0,0,0,0
481710,1,1,28,0,8,0,0,0,0,15,0,0
481711,1,1,0,0,0,0,0,0,0,0,0,0
481711,2,1,0,12,0,0,0,0,0,0,0,10
481711,3,1,0,0,0,2,0,0,0,0,0,0
481711,4,1,0,0,0,0,0,0,0,0,0,0
481711,5,1,0,0,0,0,0,0,0,14,0,0
481711,6,1,0,0,0,0,0,9,0,0,0,0
481711,7,1,0,0,0,0,0,0,0,0,0,0
481711,8,1,0,0,0,0,9,0,0,0,0,7
481712,0,1,13,13,13,13,13,13,13,13,13,13
481712,1,1,4,0,0,13,0,9,15,18,0,39
481713,1,1,22,22,22,22,22,22,22,22,22,22
481713,2,1,0,17,0,0,0,0,0,21,0,0
481714,0,1,0,0,0,0,0,0,0,0,0,0
481714,1,1,16,0,7,0,18,24,0,11,23,0
481715,1,1,0,0,0,0,0,0,0,0,0,0
481715,2,1,0,0,0,0,0,0,0,0,0,0
481716,1,1,0,0,0,0,0,20,0,0,0,15
481717,1,1,1,1,1,1,1,1,1,1,1,1
481718,1,1,0,0,0,0,0,0,0,0,0,0
481718,2,1,1,0,0,0,0,0,4,0,0,0
481719,0,1,0,0,0,0,0,0,0,0,0,0
481719,0,2,2,11,0,22,0,0,28,0,0,0
481719,1,1,13,17,0,0,13,14,13,16,8,27
481720,1,1,0,0,0,0,0,0,0,0,0,0
481721,0,1,0,0,0,0,0,0,0,0,0,0
481721,1,1,22,23,0,7,0,0,0,0,0,0
481722,1,1,21,21,21,21,21,21,21,21,21,21
481722,2,1,3,3,3,3,3,3,3,3,3,3
481723,1,1,14,10,0,0,0,0,0,0,0,0
481723,2,1,0,0,19,17,20,14,0,0,8,0
481723,3,1,0,0,0,0,0,0,0,0,0,0
481724,1,1,15,15,15,15,15,15,15,15,15,15
481725,1,1,10,10,10,10,10,10,10,10,10,10
481725,2,1,0,21,0,19,0,0,0,9,0,0
481726,1,1,0,0,0,10,0,0,22,0,0,0
481727,1,1,17,0,0,17,0,18,11,13,16,16
481728,0,1,0,12,0,0,0,0,0,0,0,0
481728,1,1,15,0,0,0,16,0,0,10,13,0
481729,1,1,18,10,11,0,5,21,12,11,24,8
481729,2,1,0,14,0,0,0,0,0,12,0,0
481729,3,1,28,27,0,0,0,0,0,0,0,0
481730,0,1,0,0,0,0,29,0,0,0,26,0
481730,0,2,0,0,0,0,24,0,0,0,37,0
481730,1,1,0,0,0,0,0,8,0,0,0,0
481731,1,1,24,0,0,0,12,0,0,7,0,0
481731,2,1,0,0,0,0,6,0,18,0,0,0
481732,0,1,0,0,0,0,0,0,0,0,0,14
481732,1,1,0,0,0,0,12,22,0,0,0,0
481733,1,1,0,0,0,0,0,0,0,0,0,0
481733,2,1,0,0,0,5,0,0,0,0,0,0
481734,1,1,18,0,0,9,9,24,16,0,0,25
481735,1,1,24,0,0,0,0,0,12,12,18,16
481736,1,1,16,0,16,0,0,0,0,0,21,18
481736,2,1,0,0,0,0,0,0,0,0,0,13
481737,1,1,0,0,0,0,0,0,0,14,0,3
481737,2,1,0,0,0,0,0,0,0,0,0,0
481737,3,1,0,0,0,0,0,0,0,0,0,0
481737,4,1,0,0,0,19,0,0,0,0,0,0
481737,5,1,0,0,12,0,0,0,0,0,9,0
481737,6,1,0,0,0,0,0,0,0,0,0,12
481738,1,1,0,0,0,0,0,0,0,0,0,0
481738,2,1,13,0,0,0,0,0,0,0,0,12
481738,3,1,0,0,0,0,0,0,0,0,0,0
481739,1,1,0,0,0,23,0,0,0,18,0,0
481739,2,1,0,0,0,0,0,0,0,0,0,0
481740,0,1,12,0,0,18,8,40,19,6,0,16
481740,1,1,20,19,13,12,16,8,29,38,0,16
481741,1,1,0,0,15,12,15,17,0,19,0,13
481741,2,1,13,13,13,13,13,13,13,13,13,13
481742,1,1,0,0,0,0,0,0,0,0,0,0
481742,2,1,0,0,0,0,0,0,0,0,0,0
481743,1,1,0,0,0,0,0,0,0,0,0,0
481744,0,1,25,0,0,0,0,0,0,0,0,18
481744,1,1,0,0,0,19,0,0,0,0,0,0
481745,1,1,0,0,0,0,0,0,0,0,0,0
481746,0,1,0,0,0,0,0,0,0,0,0,0
481746,1,1,0,28,0,11,23,0,0,37,0,28
481747,1,1,15,13,14,21,12,12,29,6,0,29
481747,3,1,0,20,0,0,0,0,0,16,27,0
481748,1,1,0,0,0,0,0,0,0,0,0,0
481748,2,1,0,0,0,0,0,0,0,0,0,0
481749,0,1,0,3,14,20,23,31,0,0,0,0
481749,1,1,0,0,0,0,0,0,16,11,0,7
481750,1,1,0,0,0,0,0,0,0,0,0,0
481750,2,1,5,5,5,5,5,5,5,5,5,5
481751,0,1,13,0,45,0,0,17,0,0,0,0
481751,1,1,0,0,0,0,0,0,0,0,0,0
481752,1,1,28,28,28,28,28,28,28,28,28,28
481752,2,1,0,0,0,0,0,0,0,0,0,0
481753,1,1,0,0,0,9,0,0,0,0,0,0
481753,2,1,15,0,0,0,29,0,12,0,0,0
481754,1,1,20,20,20,20,20,20,20,20,20,20
481755,0,1,0,0,0,0,0,0,0,0,0,0
481755,1,1,10,0,0,20,26,51,0,0,10,0
481756,1,1,7,14,14,12,2,21,12,3,3,20
481757,0,1,0,0,0,0,0,0,0,0,0,0
481757,0,2,19,34,42,25,17,17,13,0,0,0
481757,1,1,27,27,27,27,27,27,27,27,27,27
481758,1,1,22,0,0,0,23,21,13,0,16,0
481758,2,1,0,0,17,30,0,0,0,12,0,4
481759,1,1,13,13,13,13,13,13,13,13,13,13
481759,2,1,37,0,0,0,0,0,16,0,0,38
481760,1,1,4,4,4,4,4,4,4,4,4,4
481761,0,1,0,0,0,0,0,0,0,0,0,0
481761,0,2,1,1,1,1,1,1,1,1,1,1
481761,1,1,5,5,5,5,5,5,5,5,5,5
481761,2,1,0,12,16,13,0,4,0,0,0,0
481762,1,1,0,0,0,0,0,0,0,0,0,0
481762,2,1,0,11,0,9,0,0,0,0,0,0
481763,0,1,5,30,0,26,33,17,0,10,14,0
481763,1,1,0,0,0,10,0,0,0,0,0,0
481764,1,1,0,0,0,0,0,0,0,0,0,0
481764,2,1,0,0,0,0,0,0,0,0,0,0
481765,1,1,24,24,24,24,24,24,24,24,24,24
481765,2,1,9,0,0,0,0,0,15,0,0,0
481766,0,1,0,13,26,0,0,0,0,6,0,15
481766,1,1,0,6,0,18,3,0,11,0,18,0
481767,1,1,16,16,16,16,16,16,16,16,16,16
481768,1,1,0,0,0,0,0,0,0,0,0,0
481768,2,1,0,0,36,13,0,0,0,0,0,0
481768,3,1,0,0,0,0,0,4,0,0,0,0
481768,4,1,0,0,0,0,0,0,0,0,0,0
481769,1,1,20,0,0,0,0,0,0,0,0,0
481770,1,1,0,0,0,0,0,0,0,0,0,0
481771,1,1,8,8,8,8,8,8,8,8,8,8
481772,1,1,0,0,0,0,0,0,0,0,0,0
481773,1,1,7,0,0,15,0,23,0,14,6,0
481774,1,1,0,0,0,0,0,0,0,0,0,0
481774,2,1,0,0,16,0,15,0,0,0,0,0
481774,3,1,0,27,0,0,16,6,0,0,0,0
481775,1,1,34,34,34,34,34,34,34,34,34,34
481776,1,1,0,0,0,0,0,0,0,0,0,0
481776,2,1,0,0,0,5,0,0,0,0,0,0
481777,1,1,0,6,0,0,0,0,0,0,0,0
481777,2,1,0,0,0,0,0,0,0,0,0,0
481778,1,1,0,0,0,0,0,0,0,0,0,0
481779,1,1,0,0,0,0,0,0,0,0,0,0
481780,1,1,12,0,0,29,0,0,0,0,0,20
481781,1,1,0,0,0,0,0,0,0,0,0,0
481782,0,1,15,29,9,23,0,0,7,9,12,30
481782,1,1,0,0,0,26,9,0,0,0,0,8
481783,1,1,0,0,0,0,0,0,0,0,0,0
481783,2,1,0,0,0,0,0,0,0,0,0,0
481784,1,1,25,0,7,0,0,0,23,0,0,0
481784,2,1,0,0,0,0,0,0,0,0,0,0
481785,1,1,18,17,17,0,9,23,0,22,11,0
481786,1,1,0,0,0,0,0,0,0,0,0,0
481786,2,1,10,10,10,10,10,10,10,10,10,10
481787,1,1,15,0,37,33,18,28,22,15,13,18
481788,0,1,23,23,23,23,23,23,23,23,23,23
481788,1,1,41,0,0,0,0,0,0,0,0,0