ST_CASE,VEH_NO,PER_NO,P1,P2,P3,P4,P5,P6,P7,P8,P9,P10
482365,1,1,0,0,10,0,0,0,0,0,0,0
482366,1,1,0,0,0,0,0,0,0,0,0,0
482367,1,1,0,0,0,0,0,0,0,0,0,0
482368,1,1,0,0,0,0,0,0,0,0,0,0
482369,1,1,0,0,0,0,0,0,0,0,0,0
482369,2,1,0,0,0,0,0,0,0,0,0,0
482370,1,1,30,8,0,0,8,0,8,30,16,0
482371,1,1,0,25,0,0,0,0,0,19,0,0
482371,2,1,46,0,0,0,0,0,19,0,21,0
482372,1,1,15,0,0,18,0,0,15,0,0,16
482372,2,1,0,0,0,0,0,0,0,0,0,9
482372,3,1,0,0,16,0,0,12,0,0,0,0
482373,0,1,0,0,0,0,0,0,0,0,0,0
482373,1,1,0,0,0,0,0,0,0,0,0,19
482374,1,1,0,0,0,14,13,0,0,0,0,25
482374,2,1,0,0,0,0,0,0,0,0,0,0
482375,0,1,0,0,0,0,0,0,0,0,0,0
482375,1,1,0,0,0,0,0,0,0,0,9,0
482376,1,1,0,0,0,15,0,0,0,0,0,11
482376,2,1,0,0,0,0,0,0,18,36,0,0
482377,1,1,0,0,0,19,0,0,0,0,0,0
482377,2,1,0,0,0,0,0,0,0,0,0,0
482378,1,1,0,0,0,11,0,0,0,0,0,0
482379,1,1,7,7,7,7,7,7,7,7,7,7
482380,0,1,0,23,11,0,0,0,0,0,0,17
482380,0,2,0,0,0,27,0,0,0,22,23,0
482380,1,1,9,9,9,9,9,9,9,9,9,9
482381,1,1,0,0,14,0,0,0,0,0,0,0
482382,0,1,0,0,0,0,0,0,0,0,0,39
482382,1,1,0,0,0,0,0,0,3,0,0,0
482383,0,1,0,20,0,0,0,0,0,22,0,0
482383,1,1,0,0,0,0,0,0,0,0,19,0
482384,1,1,0,0,0,0,0,0,0,0,0,0
482384,2,1,0,0,0,0,0,0,0,0,0,15
482385,0,1,0,0,0,31,0,0,0,0,0,16
482386,0,1,0,0,0,38,32,19,0,27,0,0
482386,1,1,0,0,0,0,0,0,0,0,0,9
482387,1,1,0,0,0,0,0,0,0,0,0,0
482387,2,1,0,21,0,0,0,0,0,0,0,0
482388,1,1,4,18,21,0,0,0,4,3,0,2
482389,1,1,16,16,16,16,16,16,16,16,16,16
482390,1,1,0,0,0,0,0,0,0,0,0,0
482390,2,1,0,0,0,0,28,0,0,0,0,0
482391,1,1,0,0,0,0,0,0,0,0,0,0
482391,2,1,0,0,0,26,0,34,0,0,0,0
482392,1,1,0,21,11,0,0,0,0,0,0,18
482392,2,1,0,17,0,8,11,39,24,0,13,0
482393,1,1,0,0,0,0,0,0,24,0,8,0
482394,0,1,11,11,11,11,11,11,11,11,11,11
482394,0,2,13,0,15,0,0,43,0,31,23,9
482394,1,1,0,0,0,0,14,17,5,0,6,5
482395,1,1,0,0,0,0,0,0,0,0,0,0
482395,2,1,0,0,19,0,0,0,0,3,0,0
482395,3,1,0,0,12,0,0,0,0,0,0,0
482396,1,1,12,12,12,12,12,12,12,12,12,12
482397,1,1,0,12,22,0,0,0,0,0,8,0
482398,1,1,18,0,0,15,0,18,13,18,0,0
482399,1,1,0,0,0,0,0,0,0,0,0,0
482399,2,1,0,0,0,0,0,0,0,0,0,0
482400,0,1,0,0,19,12,0,18,0,0,26,7
482400,1,1,0,0,0,0,0,0,16,17,0,0
482401,0,1,0,0,0,0,0,0,0,0,0,0
482401,1,1,0,0,0,0,0,0,0,0,0,0
482402,0,1,0,0,0,0,0,0,0,0,19,0
482402,1,1,0,0,22,0,0,32,0,0,0,0
482403,1,1,0,0,0,0,0,0,0,0,0,0
482403,2,1,0,0,14,0,0,0,10,0,0,23
482404,1,1,16,16,16,16,16,16,16,16,16,16
482405,1,1,0,2,25,0,0,0,6,0,0,0
482405,2,1,0,0,0,0,0,0,20,24,0,0
482406,1,1,0,0,0,0,0,0,0,0,0,0
482407,1,1,9,9,9,9,9,9,9,9,9,9
482408,1,1,0,0,0,0,0,0,0,0,0,0
482408,2,1,0,0,0,0,0,10,0,0,9,0
482409,1,1,10,0,0,8,11,0,0,0,0,0
482409,2,1,0,0,0,0,0,0,0,0,0,0
482410,1,1,0,0,0,0,0,0,0,0,0,0
482410,2,1,0,0,0,0,0,0,0,0,0,0
482411,1,1,18,0,0,0,0,12,0,18,0,18
482411,2,1,0,7,0,19,0,0,0,0,0,0
482412,0,1,0,0,0,0,0,0,0,0,0,0
482412,1,1,15,15,15,15,15,15,15,15,15,15
482413,0,1,16,16,16,16,16,16,16,16,16,16
482413,1,1,25,0,0,0,0,0,0,0,0,27
482414,1,1,0,0,0,0,0,13,0,0,0,0
482414,2,1,0,0,0,0,0,0,0,0,0,27
482415,1,1,19,9,7,20,17,31,7,24,9,20
482416,1,1,0,0,0,0,0,0,0,0,0,0
482416,2,1,0,0,0,0,16,0,0,8,7,8
482417,1,1,20,19,35,32,0,31,26,17,10,35
482418,1,1,26,26,26,26,26,26,26,26,26,26
482418,2,1,0,0,0,0,0,5,0,0,0,0
482419,0,1,0,0,0,0,0,0,0,0,0,0
482419,1,1,0,0,0,0,0,0,15,0,0,0
482420,1,1,7,12,0,28,32,0,21,22,19,0
482421,0,1,17,17,17,17,17,17,17,17,17,17
482421,1,1,0,0,0,10,0,0,0,26,11,0
482421,2,1,17,0,18,2,11,4,18,0,5,20
482422,1,1,10,21,11,22,11,21,19,41,18,10
482423,1,1,42,42,42,42,42,42,42,42,42,42
482423,2,1,0,20,13,0,6,22,0,30,27,0
482424,1,1,20,8,0,26,0,0,0,34,26,0
482424,2,1,62,62,62,62,62,62,62,62,62,62
482425,1,1,13,13,13,13,13,13,13,13,13,13
482426,1,1,0,0,0,0,0,0,0,0,0,0
482427,1,1,0,0,0,0,0,0,0,0,0,0
482427,2,1,0,0,0,0,7,0,0,0,0,0
482428,1,1,22,0,0,0,0,0,0,0,0,0
482429,0,1,0,23,0,0,6,0,0,0,0,0
482429,1,1,0,12,10,0,23,0,0,0,0,30
482430,1,1,0,0,0,0,0,0,0,0,0,0
482430,2,1,0,0,0,0,0,0,0,0,0,0
482431,0,1,27,27,27,27,27,27,27,27,27,27
482431,0,2,0,0,0,0,0,0,0,0,0,0
482431,1,1,4,16,0,0,19,9,8,0,6,0
482432,0,1,0,0,0,0,0,0,0,0,0,0
482432,1,1,0,0,0,0,0,0,0,0,0,0
482433,0,1,0,32,10,4,31,0,23,17,8,0
482433,1,1,0,8,0,2,0,0,0,0,0,0
482435,0,1,0,0,0,0,0,0,0,0,0,0
482435,1,1,0,0,10,8,0,0,16,0,0,35
482436,1,1,0,0,0,0,0,0,0,0,0,0
482436,2,1,0,0,0,0,0,0,0,0,0,0
482437,1,1,4,4,4,4,4,4,4,4,4,4
482437,2,1,0,18,10,9,0,0,14,8,0,6
482438,1,1,0,0,0,0,0,0,0,0,0,0
482438,2,1,0,0,0,0,0,0,0,0,0,0
482439,1,1,0,0,0,0,0,0,0,0,0,0
482439,2,1,0,0,0,0,0,0,0,0,0,0
482440,0,1,0,0,0,24,20,10,12,0,26,0
482440,1,1,28,22,0,0,19,16,15,0,0,0
482441,0,1,0,0,0,14,0,0,37,19,0,0
482441,1,1,0,33,0,0,0,8,0,13,8,0
482442,1,1,14,14,14,14,14,14,14,14,14,14
482442,2,1,0,0,0,0,0,0,0,0,0,0
482443,1,1,0,0,0,0,0,0,0,0,0,0
482444,1,1,19,19,19,19,19,19,19,19,19,19
482444,2,1,0,9,6,0,0,21,0,9,0,0
482445,1,1,0,0,0,0,0,0,0,0,0,0
482445,2,1,0,0,0,0,0,0,0,0,1,0
482446,1,1,3,0,0,0,0,0,0,0,0,0
482446,2,1,0,0,0,0,0,0,0,0,0,0
482447,1,1,24,24,24,24,24,24,24,24,24,24
482448,1,1,20,21,0,0,0,0,7,0,0,12
482448,2,1,22,22,22,22,22,22,22,22,22,22
482449,1,1,18,18,18,18,18,18,18,18,18,18
482449,2,1,9,12,0,0,18,0,30,0,0,0
482450,1,1,14,14,14,14,14,14,14,14,14,14
482451,1,1,24,24,24,24,24,24,24,24,24,24
482452,1,1,7,14,14,10,5,17,18,14,17,19
482452,2,1,23,24,7,0,0,0,0,6,0,0
482452,3,1,0,0,0,9,0,0,0,0,0,0
482453,1,1,0,0,0,0,0,14,19,0,0,0
482454,1,1,0,0,0,0,0,0,0,0,0,0
482455,1,1,0,0,0,0,0,0,0,0,0,0
482455,2,1,0,0,0,0,0,0,13,0,0,0
482456,1,1,15,15,15,15,15,15,15,15,15,15
482456,2,1,0,21,0,0,0,0,0,0,0,0
482457,1,1,0,0,0,0,0,0,0,0,0,0
482457,2,1,0,0,21,21,34,0,7,6,11,10
482458,1,1,0,0,0,0,0,0,14,0,0,0
482459,0,1,0,0,0,0,0,0,0,0,0,0
482459,1,1,0,0,29,0,0,0,0,0,0,0
482460,1,1,0,0,0,0,0,0,0,0,0,0
482460,2,1,0,0,0,0,0,0,0,0,0,0
482461,0,1,0,0,0,0,0,0,0,0,0,0
482461,1,1,6,19,25,0,0,0,0,0,0,0
482462,1,1,0,0,0,0,0,0,0,0,0,0
482463,0,1,0,0,0,0,0,0,0,0,0,0
482463,1,1,0,0,0,0,12,16,10,12,26,0
482464,0,1,0,0,0,0,0,0,0,0,0,0
482464,1,1,0,0,0,0,0,0,0,0,0,0
482465,0,1,0,0,8,0,0,0,1,0,0,0
482465,1,1,0,0,0,21,0,0,0,0,13,0
482466,1,1,0,0,0,0,0,0,0,27,0,0
482467,1,1,0,0,0,0,0,0,0,0,0,0
482467,2,1,15,0,6,0,0,18,0,12,16,25
482468,1,1,0,26,0,0,0,0,0,0,0,0
482468,2,1,0,0,0,0,0,0,0,0,0,0
482469,0,1,33,33,33,33,33,33,33,33,33,33
482469,1,1,0,0,20,0,32,0,18,0,9,14
482470,1,1,22,22,22,22,22,22,22,22,22,22
482471,0,1,0,19,0,0,0,0,0,0,12,18
482471,1,1,0,4,0,0,0,0,0,0,0,0
482472,1,1,27,27,27,27,27,27,27,27,27,27
482473,0,1,0,0,0,0,0,0,0,0,0,0
482473,1,1,0,0,0,0,20,9,0,0,0,0
482474,1,1,0,11,0,0,11,0,0,0,0,0
482474,2,1,0,0,0,0,0,0,0,0,0,0
482475,0,1,0,26,0,0,0,0,0,0,0,0
482475,1,1,0,0,0,15,0,0,0,0,0,8
482476,1,1,0,25,0,0,0,0,0,0,0,0
482476,2,1,22,0,0,0,0,0,0,0,0,0
482476,3,1,0,0,0,0,0,0,0,0,0,0
482477,1,1,0,0,0,0,20,0,0,0,0,0
482477,2,1,0,0,0,0,14,0,0,0,0,21
482478,0,1,25,25,25,25,25,25,25,25,25,25
482478,1,1,0,0,0,0,0,0,0,0,0,0
482479,1,1,0,0,0,0,0,0,0,0,0,0
482479,2,1,11,7,0,6,0,0,0,0,8,0
482480,1,1,0,18,0,0,0,0,0,0,17,0
482481,1,1,23,0,16,13,17,8,0,18,0,15
482482,0,1,40,36,14,0,6,0,0,0,24,25
482482,1,1,11,11,11,11,11,11,11,11,11,11
482482,2,1,0,0,22,0,39,11,0,29,30,25
482483,1,1,0,0,0,0,0,0,0,0,0,0
482484,0,1,13,13,13,13,13,13,13,13,13,13
482484,1,1,25,21,0,0,0,0,25,19,0,18
482485,1,1,13,13,13,13,13,13,13,13,13,13
482486,0,1,0,0,0,32,0,0,0,0,0,0
482486,1,1,35,5,9,0,0,0,0,0,0,0
482487,1,1,14,14,14,14,14,14,14,14,14,14
482488,1,1,10,10,10,10,10,10,10,10,10,10
482489,1,1,0,0,0,0,0,0,0,0,0,0
482490,1,1,0,13,0,0,0,0,0,0,14,16
482490,2,1,13,13,13,13,13,13,13,13,13,13
482491,1,1,0,0,0,0,0,0,0,0,0,0
482491,2,1,0,0,0,0,0,0,0,0,0,0
482492,1,1,18,18,18,18,18,18,18,18,18,18
482492,2,1,7,0,21,0,4,11,13,9,9,18
482493,1,1,0,0,0,0,0,0,0,0,0,0
482494,0,1,0,17,0,0,0,23,16,0,4,0
482494,1,1,15,0,0,11,0,0,0,0,0,11
482495,1,1,16,12,0,16,0,12,17,17,5,22
482496,0,1,19,19,19,19,19,19,19,19,19,19
482496,1,1,0,9,18,13,0,12,0,13,17,0
482497,0,1,0,0,0,0,0,0,0,0,0,0
482497,1,1,0,0,0,0,11,0,0,0,0,35
482498,1,1,0,0,0,0,0,17,0,0,0,0
482498,2,1,0,6,0,0,0,0,14,0,0,0
482499,0,1,32,24,0,0,20,0,0,8,14,0
482499,1,1,20,0,15,2,0,14,0,15,3,16
482500,1,1,17,16,27,19,18,25,15,0,15,9
482501,0,1,20,20,20,20,20,20,20,20,20,20
482501,1,1,11,10,0,0,0,5,28,0,17,18
482502,0,1,33,0,0,0,16,0,0,0,0,0
482502,1,1,27,16,18,11,0,4,16,17,11,0
482503,1,1,0,0,0,0,0,0,0,0,0,0
482504,1,1,0,0,0,0,0,0,0,0,0,0
482504,2,1,0,0,7,0,18,0,0,0,0,0
482505,1,1,22,13,6,14,9,0,0,0,23,26
482506,1,1,0,0,0,0,0,0,11,6,23,7
482506,2,1,0,0,0,0,0,15,0,0,0,8
482507,0,1,0,0,0,0,0,22,0,0,0,0
482507,1,1,11,0,0,23,0,0,0,21,15,0
482508,1,1,10,16,0,0,0,0,0,24,0,23
482509,1,1,3,25,12,4,13,32,12,5,17,33
482510,0,1,24,24,24,24,24,24,24,24,24,24
482510,1,1,0,0,0,0,0,8,0,11,0,13
482511,0,1,0,0,0,0,0,0,0,0,0,0
482511,1,1,0,7,0,0,10,28,0,6,0,0
482511,2,1,27,17,0,29,0,0,12,0,29,0
482512,0,1,0,0,0,0,0,25,0,0,0,0
482512,1,1,0,0,0,0,0,0,0,0,0,0
482512,2,1,0,0,0,0,0,0,0,0,0,0
482513,1,1,9,37,11,41,0,0,16,0,20,0
482514,0,1,0,0,0,0,0,0,0,11,0,0
482514,1,1,4,0,12,0,0,0,0,0,12,27
482515,1,1,10,16,0,0,11,25,30,12,21,0
482516,1,1,0,19,0,0,0,21,0,0,0,0
482516,2,1,0,0,0,0,0,0,0,0,0,0
482517,1,1,0,0,0,0,13,0,0,0,0,0
482517,2,1,12,0,0,20,0,0,0,0,0,0
482518,1,1,14,14,0,0,21,0,0,0,0,23
482518,2,1,0,0,0,0,0,0,0,0,0,0
482518,3,1,39,0,0,0,0,0,0,6,31,24
482518,4,1,12,0,0,0,0,0,0,0,0,0
482519,1,1,9,0,0,0,0,0,0,0,0,0
482519,2,1,0,0,0,0,0,0,0,21,0,0
482520,0,1,10,10,10,10,10,10,10,10,10,10
482520,1,1,50,20,29,42,6,9,0,10,17,0
482520,2,1,14,26,2,14,10,0,0,8,16,22
482521,1,1,0,0,0,26,0,0,18,13,16,0
482521,2,1,8,0,0,25,0,0,0,26,0,8
482522,1,1,8,0,0,0,0,26,20,0,0,21
482523,1,1,0,0,0,0,0,0,0,0,0,0
482524,1,1,16,16,16,16,16,16,16,16,16,16
482525,1,1,0,0,0,0,16,0,0,0,0,0
482525,2,1,0,0,0,0,0,0,0,0,0,0
482526,0,1,29,0,0,12,0,32,0,19,0,0
482526,1,1,0,0,0,0,0,0,0,13,0,0
482526,2,1,0,0,14,0,0,0,0,14,14,0
482527,1,1,0,0,0,0,0,0,0,0,0,0
482527,2,1,0,0,0,0,0,0,0,0,0,0
482528,1,1,0,0,0,0,0,0,0,0,0,0
482529,1,1,0,0,0,0,0,0,0,0,0,0
482529,2,1,0,0,0,0,0,0,0,0,0,0
482529,3,1,0,0,0,0,0,0,0,0,0,0
482530,1,1,0,0,0,0,0,0,0,0,0,0
482530,2,1,0,0,0,0,0,0,17,0,26,0
482531,1,1,0,26,0,0,0,9,36,0,10,0
482531,2,1,17,0,0,26,11,0,7,0,7,0
482531,3,1,0,0,0,0,0,0,0,0,0,0
482532,1,1,0,16,9,0,0,0,0,0,0,7
482532,2,1,0,0,0,0,0,0,0,0,0,0
482533,1,1,0,0,0,0,0,0,0,0,0,0
482533,2,1,0,0,0,0,0,0,0,0,0,0
482534,1,1,0,0,0,0,0,0,0,17,0,0
482534,2,1,0,0,0,0,0,0,0,0,0,0
482535,1,1,9,9,9,9,9,9,9,9,9,9
482536,1,1,0,0,8,0,0,0,0,0,0,0
482536,2,1,0,0,0,0,0,0,0,0,0,0
482537,1,1,0,0,0,0,0,0,0,0,0,0
482537,2,1,1,1,1,1,1,1,1,1,1,1
482538,1,1,0,0,0,0,0,0,0,0,0,0
482539,1,1,0,0,0,14,0,0,16,0,0,25
482540,0,1,20,20,20,20,20,20,20,20,20,20
482540,1,1,14,0,0,0,7,0,0,0,13,21
482541,1,1,11,11,0,30,0,0,29,0,0,16
482542,1,1,0,18,0,11,0,10,0,14,16,20
482543,1,1,0,0,0,0,0,0,0,0,0,0
482543,2,1,14,0,0,17,0,0,0,10,0,17
482544,1,1,14,14,14,14,14,14,14,14,14,14
482545,0,1,5,5,5,5,5,5,5,5,5,5
482545,1,1,14,14,14,14,14,14,14,14,14,14
482546,1,1,0,13,16,0,0,0,0,0,0,0
482546,2,1,0,16,0,30,0,0,0,0,0,0
482547,1,1,0,0,0,0,0,0,0,0,0,0
482547,2,1,0,0,0,0,0,7,0,36,0,0
482548,1,1,18,18,18,18,18,18,18,18,18,18
482548,2,1,50,0,17,0,19,0,0,15,0,38
482548,3,1,24,10,0,5,0,17,0,0,0,15
482549,1,1,0,0,18,0,0,0,0,0,0,0
482549,2,1,16,0,0,17,3,21,0,0,0,0
482550,1,1,16,16,16,16,16,16,16,16,16,16
482551,1,1,15,15,15,15,15,15,15,15,15,15
482551,2,1,0,0,0,0,0,0,0,0,0,0
482552,1,1,17,12,13,0,0,0,18,31,31,0
482553,1,1,1,1,1,1,1,1,1,1,1,1
482553,2,1,0,0,0,0,0,0,0,0,0,0
482554,1,1,0,0,0,0,0,0,0,0,0,0
482555,1,1,0,0,0,0,0,0,0,0,0,0
482555,2,1,0,0,0,0,0,0,0,0,0,12
482556,1,1,0,0,0,0,0,0,0,0,0,0
482556,2,1,0,0,0,0,0,0,0,0,0,0
482557,0,1,15,15,15,15,15,15,15,15,15,15
482557,1,1,4,0,4,0,0,28,0,21,0,0
482557,2,1,0,0,0,15,0,22,0,0,17,0
482558,1,1,0,11,9,20,0,0,0,0,17,0
482558,2,1,17,0,0,25,0,19,0,0,0,0
482559,1,1,23,6,25,26,21,17,6,23,10,15
482559,2,1,7,0,9,12,14,0,13,12,0,0
482560,1,1,18,0,0,27,15,0,0,0,0,0
482561,1,1,0,0,0,0,0,18,33,0,0,0
482561,2,1,0,0,0,0,0,0,0,0,0,0
482561,3,1,0,0,0,0,0,0,0,0,0,0
482561,4,1,0,0,21,0,0,0,0,27,0,0
482561,5,1,0,0,0,0,0,0,0,0,0,0
482561,6,1,0,0,0,0,0,0,0,0,0,0
482561,7,1,0,0,0,24,0,0,0,0,0,0
482562,1,1,26,26,26,26,26,26,26,26,26,26
482563,1,1,11,11,11,11,11,11,11,11,11,11
482563,2,1,0,0,0,0,0,0,0,0,0,29
482564,1,1,0,0,0,0,0,0,0,0,0,0
482565,1,1,0,0,0,0,0,0,0,0,0,0
482565,2,1,0,0,17,0,0,0,0,33,24,0
482566,0,1,21,0,0,0,29,15,22,44,27,0
482566,1,1,0,8,7,0,0,54,0,15,0,17
482567,1,1,0,0,0,0,0,0,0,0,0,0
482567,2,1,0,0,0,0,0,0,0,0,0,0
482568,1,1,19,19,19,19,19,19,19,19,19,19
482569,1,1,0,5,0,0,0,0,0,0,0,0
482569,2,1,0,0,0,0,0,16,0,0,0,0
482570,1,1,7,0,0,19,8,22,28,0,0,12
482570,2,1,0,0,0,0,0,0,0,0,0,0
482571,0,1,0,0,0,0,0,0,0,0,0,0
482571,0,2,7,0,0,0,0,0,0,26,0,9
482571,1,1,0,0,0,0,0,0,0,0,0,0
482572,1,1,17,25,12,25,4,12,40,0,25,14
482573,1,1,2,2,2,2,2,2,2,2,2,2
482574,1,1,0,0,0,0,0,0,0,0,0,0
482574,2,1,0,0,0,0,0,0,0,0,0,0
482575,1,1,16,16,16,16,16,16,16,16,16,16
482576,1,1,15,15,15,15,15,15,15,15,15,15
482576,2,1,8,8,8,8,8,8,8,8,8,8
482577,0,1,11,11,11,11,11,11,11,11,11,11
482577,1,1,0,0,0,0,0,0,0,0,0,0
482577,2,1,0,0,0,0,0,8,18,0,17,11
482578,1,1,0,12,0,0,0,0,0,0,0,0
482578,2,1,0,0,0,0,0,0,0,0,0,0
482579,0,1,11,0,0,0,0,0,0,0,30,44
482579,1,1,0,21,0,0,0,0,0,0,23,26
482580,1,1,25,25,25,25,25,25,25,25,25,25
482580,2,1,0,0,0,0,0,0,0,10,27,12
482580,3,1,0,18,0,0,33,36,0,0,0,0
482581,1,1,0,0,19,14,0,0,0,0,0,0
482581,2,1,0,0,0,0,0,0,0,0,0,0
482582,1,1,0,0,0,0,0,0,0,0,0,0
482582,2,1,0,7,0,0,0,5,0,13,0,12
482583,1,1,0,0,0,0,0,0,0,0,23,0
482583,2,1,0,0,0,6,0,0,0,0,0,0
482584,1,1,27,0,0,14,24,26,0,0,0,0
482585,1,1,0,0,14,0,0,0,0,0,0,0
482585,2,1,21,33,0,0,0,0,0,0,0,0
482587,1,1,30,20,23,28,14,26,25,19,22,10
482588,1,1,0,0,0,0,0,0,0,0,0,0
482588,2,1,0,0,0,0,0,0,19,0,0,0
482589,1,1,22,0,0,0,0,0,28,12,0,0
482589,2,1,0,0,0,0,0,0,0,0,0,0
482590,1,1,0,0,0,0,0,0,0,0,0,0
482590,2,1,0,0,25,0,0,0,0,0,0,0
482591,1,1,20,20,20,20,20,20,20,20,20,20
482592,1,1,8,0,13,0,0,35,16,9,37,28
482592,2,1,0,0,0,0,0,0,0,0,0,0
482593,0,1,64,10,14,0,2,7,0,0,0,0
482593,1,1,0,0,0,0,0,0,0,0,0,0
482594,1,1,0,0,0,13,0,0,0,0,0,0
482594,2,1,0,0,0,0,17,17,0,0,13,10
482595,0,1,0,18,33,15,0,0,0,0,14,0
482595,0,2,0,11,0,0,27,24,0,0,0,35
482595,1,1,16,16,16,16,16,16,16,16,16,16
482596,0,1,23,23,23,23,23,23,23,23,23,23
482596,1,1,0,19,0,10,24,0,13,0,0,15
482597,1,1,0,0,0,0,0,0,33,0,0,0
482598,0,1,17,17,17,17,17,17,17,17,17,17
482598,1,1,0,2,16,24,6,7,0,6,0,4
482599,0,1,26,26,26,26,26,26,26,26,26,26
482599,1,1,0,0,0,0,0,0,0,0,0,0
482600,0,1,0,0,0,0,0,0,0,0,0,0
482600,1,1,0,0,7,0,0,0,0,0,11,0
482601,1,1,0,0,2,0,0,7,10,7,0,21
482601,2,1,0,0,0,0,0,0,0,0,0,0
482601,3,1,0,0,1,0,0,0,0,0,0,0
482602,1,1,0,0,0,22,0,0,0,0,29,0
482602,2,1,0,0,0,0,0,0,0,0,25,0
482603,1,1,0,18,34,20,14,0,0,21,0,0
482604,1,1,0,0,13,5,21,0,6,21,28,0
482605,0,1,0,29,0,11,0,22,12,37,0,26
482605,1,1,0,24,0,24,20,5,8,14,5,3
482606,1,1,0,0,0,0,0,0,0,0,0,0
482607,1,1,24,24,24,24,24,24,24,24,24,24
482607,2,1,0,0,0,0,0,0,0,0,0,0
482607,3,1,0,0,13,6,0,0,12,9,0,0
482608,1,1,0,0,0,0,0,0,0,0,0,0
482610,1,1,11,0,0,19,0,0,0,0,0,0
482610,2,1,0,0,0,0,0,0,19,0,0,0
482610,3,1,0,0,0,8,0,4,0,0,0,0
482610,4,1,0,0,0,0,0,0,0,16,0,0
482611,0,1,0,0,0,0,0,0,0,0,0,0
482611,1,1,0,0,0,0,0,0,0,27,0,0
482612,0,1,0,0,0,0,0,0,0,0,0,0
482612,1,1,0,0,0,0,0,0,7,0,6,0
482613,2,1,25,0,17,0,9,8,19,12,10,20
482614,1,1,10,21,0,0,20,0,0,0,0,5
482614,2,1,10,10,10,10,10,10,10,10,10,10
482615,0,1,0,19,16,42,20,35,25,14,0,0
482615,1,1,0,17,0,18,10,11,0,18,6,26
482616,1,1,0,0,0,0,0,0,0,0,0,0
482616,2,1,0,0,0,0,0,0,0,0,0,0
482617,1,1,0,0,0,0,0,0,0,0,0,0
482618,1,1,0,0,0,0,0,0,0,5,0,0
482618,2,1,0,0,0,0,0,0,0,0,0,0
482619,1,1,0,7,0,0,0,15,0,0,0,0
482620,1,1,4,0,10,13,0,0,18,12,16,9
482620,2,1,0,11,11,0,0,0,0,0,22,0
482621,1,1,0,0,0,30,0,0,14,0,0,22
482623,1,1,0,0,0,0,0,0,0,0,0,0
482623,2,1,8,0,23,0,0,26,0,18,17,0
482624,1,1,0,26,14,0,11,18,12,0,19,0
482625,1,1,0,0,0,0,0,28,18,0,0,0
482626,1,1,0,0,0,0,0,0,0,0,0,0
482626,2,1,0,0,0,0,0,0,0,0,0,9
482627,1,1,17,17,17,17,17,17,17,17,17,17
482628,0,1,0,0,0,0,0,0,0,0,0,0
482628,1,1,17,17,17,17,17,17,17,17,17,17
482628,3,1,0,10,0,0,0,0,0,0,0,0
482629,1,1,8,24,4,0,0,18,0,0,13,0
482629,2,1,0,0,0,20,0,0,0,0,0,0
482630,1,1,0,0,0,0,0,0,0,0,0,0
482630,2,1,0,16,9,0,0,0,0,0,0,22
482631,1,1,13,13,13,13,13,13,13,13,13,13
482632,1,1,0,0,0,0,0,0,0,0,0,0
482632,2,1,0,0,0,0,0,0,0,0,23,0
482632,3,1,0,0,0,0,0,0,16,0,0,9
482632,4,1,7,0,0,0,9,0,7,0,0,19
482632,5,1,0,0,0,0,0,0,0,27,0,0
482633,0,1,0,0,0,0,0,0,0,0,0,0
482633,1,1,0,0,0,0,0,0,7,0,0,0
482634,1,1,8,24,40,15,32,11,12,10,17,17
482635,0,1,5,5,5,5,5,5,5,5,5,5
482635,1,1,0,0,0,20,0,11,0,0,0,16
482636,1,1,0,0,0,0,0,0,0,0,0,0
482637,1,1,14,11,10,0,28,14,0,0,0,34
482638,1,1,0,0,0,6,0,9,0,0,0,19
482639,0,1,47,0,0,20,0,0,15,31,0,0
482639,1,1,17,19,0,17,0,17,26,0,0,0
482640,1,1,12,0,9,0,0,12,12,0,0,15
482641,1,1,0,0,0,0,0,0,5,8,0,12
482642,1,1,0,0,0,0,0,0,0,0,0,0
482642,2,1,0,0,0,0,0,0,0,0,0,0
482644,1,1,16,0,0,0,0,0,0,0,0,0
482645,1,1,0,10,0,0,0,19,0,14,0,0
482645,2,1,0,19,0,0,0,5,0,0,0,0
482646,1,1,0,0,0,0,0,0,0,3,20,0
482646,2,1,0,0,32,0,0,0,0,0,0,0
482647,1,1,0,0,0,0,0,0,0,0,0,0
482647,2,1,0,0,0,0,10,0,0,0,0,0
482648,1,1,0,0,0,0,0,0,0,0,0,0
482648,2,1,0,0,10,0,0,0,0,0,0,0
482648,3,1,4,0,0,0,3,0,0,0,0,0
482648,4,1,0,0,0,0,0,0,0,0,10,2
482648,5,1,0,25,0,0,0,25,0,0,0,0