ST_CASE,VEH_NO,PER_NO,P1,P2,P3,P4,P5,P6,P7,P8,P9,P10
483238,1,1,0,0,0,0,0,0,0,0,0,0
483238,2,1,0,0,0,0,0,0,0,0,0,0
483238,3,1,0,0,0,0,0,0,0,0,0,0
483238,4,1,0,0,0,0,0,18,0,7,0,0
483239,1,1,0,0,0,0,10,5,0,20,6,5
483239,2,1,0,0,13,0,0,14,0,0,0,0
483240,0,1,0,0,0,0,0,0,0,0,0,0
483240,1,1,15,6,14,0,22,10,0,0,0,12
483241,1,1,27,0,0,20,8,20,16,0,24,0
483241,2,1,8,5,0,5,0,0,0,13,0,0
483241,3,1,2,0,0,11,0,0,21,0,0,0
483241,4,1,0,0,0,0,0,14,0,2,0,0
483241,5,1,0,0,0,22,0,16,0,11,0,0
483242,0,1,0,0,0,0,0,0,0,37,0,0
483242,1,1,0,0,0,0,0,7,0,0,0,0
483243,1,1,0,0,0,0,17,0,0,0,0,0
483243,2,1,0,0,14,0,0,0,0,0,0,0
483244,1,1,0,0,0,8,0,0,17,0,0,0
483244,2,1,0,0,0,0,0,0,0,0,0,9
483246,1,1,8,8,8,8,8,8,8,8,8,8
483246,2,1,0,0,0,0,0,0,0,0,0,0
483247,1,1,0,0,30,0,23,36,23,0,0,0
483247,2,1,0,4,0,0,6,0,0,0,0,0
483248,1,1,23,23,23,23,23,23,23,23,23,23
483249,1,1,0,0,0,0,0,0,0,0,0,0
483250,1,1,6,16,5,26,28,0,29,27,27,30
483251,1,1,0,0,9,0,0,0,12,0,15,23
483252,1,1,0,0,26,11,11,5,0,0,0,0
483252,2,1,11,0,0,0,0,15,0,0,0,8
483253,0,1,0,0,0,10,0,0,21,0,20,30
483253,1,1,0,10,14,21,0,5,0,23,8,22
483254,1,1,0,0,0,0,8,0,0,0,0,0
483254,2,1,0,0,0,0,0,0,0,0,0,0
483255,1,1,16,17,14,24,0,25,24,4,0,0
483256,0,1,10,23,24,24,27,7,15,25,13,20
483256,1,1,14,7,15,3,18,0,0,0,0,0
483256,2,1,14,0,0,0,0,0,21,0,15,0
483256,3,1,10,1,30,16,0,6,4,0,0,0
483257,1,1,0,0,0,36,0,0,7,21,26,0
483257,2,1,0,7,0,0,0,16,0,0,0,18
483258,1,1,0,0,0,0,0,0,0,0,0,0
483259,1,1,9,0,0,24,21,22,0,35,15,4
483260,1,1,25,0,0,0,0,0,0,0,0,19
483261,0,1,0,0,0,0,0,0,0,0,0,0
483261,1,1,0,0,0,0,0,0,0,0,0,0
483262,1,1,0,0,0,0,0,0,0,0,0,0
483262,2,1,0,0,0,0,0,0,0,0,0,0
483263,1,1,0,0,14,0,19,19,25,0,0,13
483264,1,1,18,0,20,0,22,0,33,14,35,9
483265,1,1,0,0,0,0,0,0,0,32,0,0
483266,1,1,0,15,10,0,0,0,0,0,20,0
483266,2,1,0,0,0,0,0,0,0,0,0,18
483267,1,1,22,22,22,22,22,22,22,22,22,22
483268,1,1,11,11,11,11,11,11,11,11,11,11
483268,2,1,0,0,0,0,27,11,0,0,0,0
483269,1,1,0,0,15,11,0,15,16,0,0,0
483269,2,1,22,0,0,0,0,0,0,0,0,0
483270,0,1,0,0,0,0,0,0,0,0,28,0
483270,1,1,0,23,0,10,19,0,21,25,0,5
483271,0,1,16,0,0,0,0,6,0,23,0,0
483271,1,1,21,9,23,0,0,0,0,0,0,0
483272,1,1,0,0,0,0,0,0,0,0,0,0
483272,2,1,0,0,0,0,0,3,6,17,16,0
483273,1,1,0,0,0,0,0,0,0,0,0,0
483273,2,1,0,0,0,0,0,0,27,0,0,0
483274,0,1,0,0,0,16,0,27,0,0,0,38
483274,1,1,0,0,0,0,0,0,0,0,0,0
483275,1,1,13,0,0,0,0,0,0,0,0,0
483275,2,1,0,0,0,0,11,0,0,0,0,0
483276,1,1,0,0,0,0,0,0,0,0,0,29
483277,1,1,0,0,0,0,0,0,0,0,0,0
483277,2,1,0,0,0,0,0,0,0,0,0,0
483278,0,1,19,19,19,19,19,19,19,19,19,19
483278,1,1,0,24,7,6,0,0,16,0,0,0
483279,1,1,12,0,0,30,0,28,16,0,10,0
483280,1,1,0,0,0,0,0,0,0,0,0,0
483280,2,1,0,0,0,0,0,0,0,0,0,0
483281,1,1,0,8,0,0,20,0,0,0,0,0
483281,2,1,0,0,9,0,0,0,6,0,18,0
483282,1,1,11,11,11,11,11,11,11,11,11,11
483282,2,1,0,10,0,0,0,0,7,15,0,0
483283,0,1,23,23,23,23,23,23,23,23,23,23
483283,1,1,7,3,0,23,19,25,12,0,2,8
483284,1,1,20,16,9,17,18,0,21,15,12,5
483285,1,1,0,0,0,0,0,0,0,0,0,0
483287,1,1,0,6,0,0,0,33,0,0,0,0
483287,2,1,0,16,0,0,0,0,0,0,0,0
483287,3,1,0,0,0,0,0,0,0,0,0,0
483288,0,1,13,13,13,13,13,13,13,13,13,13
483288,0,2,22,22,22,22,22,22,22,22,22,22
483288,1,1,19,0,17,0,0,0,0,18,0,0
483289,1,1,0,0,0,0,0,0,0,0,0,0
483289,2,1,0,0,11,0,0,17,0,0,0,0
483289,3,1,0,0,0,17,0,0,0,0,0,0
483290,1,1,0,0,0,0,0,0,0,0,9,0
483290,2,1,0,0,0,0,0,0,27,0,0,0
483291,1,1,0,0,0,0,0,0,0,0,0,0
483292,1,1,18,0,0,0,0,0,9,0,5,0
483292,2,1,0,0,0,0,0,0,0,0,0,0
483293,1,1,0,0,0,13,13,27,0,20,12,0
483293,2,1,19,14,0,10,14,9,0,0,0,0
483294,1,1,26,9,11,12,12,0,8,10,20,13
483295,1,1,18,18,18,18,18,18,18,18,18,18
483296,1,1,0,0,0,0,0,0,0,0,0,0
483297,1,1,16,16,16,16,16,16,16,16,16,16
483297,2,1,0,0,0,0,0,0,0,0,0,0
483298,1,1,0,0,0,28,13,0,11,0,0,0
483299,1,1,12,0,0,0,0,8,0,0,0,0
483299,2,1,0,0,0,0,5,23,0,23,0,0
483300,1,1,23,23,23,23,23,23,23,23,23,23
483302,1,1,0,16,0,0,0,23,16,17,16,0
483303,0,1,0,0,24,18,0,0,25,0,0,0
483303,1,1,0,24,0,0,0,27,15,0,30,13
483304,1,1,0,0,0,0,0,0,0,0,0,0
483304,2,1,0,0,0,0,0,0,0,0,9,0
483304,3,1,24,0,0,0,10,29,0,0,0,0
483305,0,1,9,20,0,14,0,7,7,0,0,9
483305,1,1,32,12,36,13,0,0,9,15,0,0
483306,1,1,0,15,14,0,2,19,19,3,26,0
483307,1,1,18,9,0,17,0,30,12,34,34,9
483308,1,1,0,8,0,0,0,11,21,0,13,0
483309,0,1,0,0,0,25,0,0,0,11,0,40
483309,1,1,0,0,3,12,0,0,0,0,0,0
483310,1,1,0,0,0,0,0,8,0,0,0,21
483310,2,1,0,0,0,0,0,0,0,0,0,0
483311,1,1,0,0,0,0,0,0,0,0,0,0
483311,2,1,0,10,0,0,0,0,0,6,0,0
483312,1,1,0,0,0,0,0,0,0,0,0,0
483312,2,1,0,0,0,0,0,0,0,0,0,0
483313,1,1,0,0,9,0,41,0,0,0,0,24
483314,1,1,0,13,18,0,0,0,20,0,0,7
483315,1,1,17,24,0,0,21,10,22,18,22,23
483316,1,1,0,0,0,0,0,0,16,15,0,0
483316,2,1,23,0,7,0,0,0,9,0,6,25
483317,1,1,0,0,0,0,0,0,0,0,0,0
483317,2,1,0,12,45,11,0,0,0,0,11,0
483318,1,1,19,0,0,16,0,10,22,11,0,8
483319,1,1,18,12,0,0,0,22,0,0,15,0
483319,2,1,0,0,0,0,0,0,0,0,0,0
483320,0,1,0,0,32,0,0,0,0,0,0,0
483320,1,1,45,6,0,0,0,0,0,13,0,0
483321,1,1,0,0,0,0,0,29,13,0,0,0
483323,0,1,0,0,0,0,0,0,12,0,0,15
483323,1,1,0,0,12,0,0,0,0,15,14,0
483323,2,1,0,0,0,0,0,0,0,0,0,0
483324,1,1,0,0,0,0,0,0,0,3,0,0
483324,2,1,0,0,0,0,0,0,0,0,0,0
483325,1,1,9,0,14,0,0,22,15,14,15,28
483325,2,1,0,0,0,0,0,20,0,0,0,0
483326,0,1,0,0,18,0,0,0,0,0,0,0
483326,1,1,0,0,10,0,0,0,13,0,0,21
483327,1,1,0,17,15,21,0,0,0,0,0,35
483327,2,1,0,0,0,9,11,16,4,0,13,20
483328,1,1,0,8,0,0,0,0,0,0,0,15
483328,2,1,0,0,0,0,0,0,0,0,0,0
483329,1,1,6,14,0,8,11,0,13,21,29,23
483330,0,1,0,0,0,19,0,0,0,12,35,43
483330,0,2,25,38,0,0,0,9,22,20,0,3
483330,1,1,0,30,27,0,0,20,0,0,19,16
483331,1,1,0,0,0,0,0,0,0,0,0,0
483331,2,1,0,0,0,0,0,0,0,0,0,0
483332,1,1,0,27,19,0,0,0,0,21,25,21
483332,2,1,0,0,0,0,0,0,0,0,0,0
483333,1,1,0,15,11,0,25,0,0,13,31,22
483334,1,1,33,0,0,0,0,0,9,0,0,0
483334,2,1,0,13,0,0,14,0,19,0,17,0
483335,1,1,0,20,0,6,20,0,0,20,0,0
483336,1,1,0,0,0,0,0,0,0,0,0,0
483337,0,1,0,30,0,0,0,0,11,0,0,0
483337,1,1,0,0,0,0,9,0,0,0,0,0
483338,1,1,0,0,0,0,0,0,0,0,0,0
483338,2,1,0,0,0,0,0,0,0,0,0,0
483339,1,1,0,0,0,0,0,0,0,0,0,0
483339,2,1,0,0,0,0,0,0,14,0,0,0
483340,1,1,0,0,0,0,0,0,0,0,0,0
483340,2,1,16,0,0,16,0,25,0,0,0,0
483341,0,1,0,0,0,26,0,8,0,0,0,0
483341,1,1,0,29,0,0,0,0,0,0,0,0
483342,0,1,14,14,14,14,14,14,14,14,14,14
483342,1,1,9,15,29,21,18,16,15,17,20,12
483343,0,1,16,38,0,0,0,5,45,8,0,12
483343,1,1,34,7,0,0,20,0,0,16,0,0
483344,1,1,0,20,0,0,0,0,0,0,0,0
483344,2,1,0,0,0,0,0,0,0,0,0,0
483345,1,1,0,0,0,0,0,0,0,0,0,0
483346,0,1,0,0,0,0,0,0,0,0,0,0
483346,1,1,0,0,0,12,0,0,0,0,0,0
483347,0,1,0,0,0,0,39,0,17,0,0,0
483347,1,1,23,7,21,0,29,0,0,0,0,13
483348,0,1,13,0,0,0,19,0,0,24,11,23
483348,1,1,0,0,0,0,0,0,14,12,0,8
483349,0,1,0,0,0,0,0,0,0,0,0,0
483349,1,1,0,11,0,0,0,0,19,0,0,0
483350,1,1,29,29,29,29,29,29,29,29,29,29
483351,1,1,13,0,19,20,18,9,16,23,0,29
483352,1,1,12,6,8,14,11,27,0,0,0,23
483353,1,1,0,0,0,18,0,0,0,0,26,0
483353,2,1,0,0,0,0,0,0,0,0,0,0
483354,1,1,19,19,19,19,19,19,19,19,19,19
483354,2,1,5,5,5,5,5,5,5,5,5,5
483354,3,1,13,15,10,10,0,0,12,0,0,0
483354,4,1,0,0,29,15,14,0,0,11,0,0
483355,1,1,30,30,30,30,30,30,30,30,30,30
483355,2,1,0,0,0,0,0,0,0,0,0,0
483356,1,1,19,19,19,19,19,19,19,19,19,19
483356,2,1,0,0,0,0,0,0,0,0,0,8
483357,0,1,17,17,17,17,17,17,17,17,17,17
483357,1,1,6,6,6,6,6,6,6,6,6,6
483358,1,1,18,18,18,18,18,18,18,18,18,18
483359,1,1,0,0,0,0,0,0,0,0,0,0
483359,2,1,0,0,26,0,0,0,0,8,0,0
483360,1,1,26,12,0,23,30,15,13,21,0,17
483361,0,1,0,0,42,0,0,14,0,0,0,27
483361,1,1,0,0,0,0,0,0,25,0,0,0
483362,1,1,0,0,0,0,0,0,0,0,0,0
483362,2,1,0,0,0,0,0,0,24,0,0,17
483363,1,1,0,0,0,0,0,0,0,0,0,0
483364,1,1,0,28,9,21,21,31,0,28,0,13
483365,1,1,0,0,0,32,0,0,0,0,0,0
483365,2,1,0,0,0,0,0,0,0,0,0,0
483366,1,1,19,19,19,19,19,19,19,19,19,19
483366,2,1,0,0,0,0,0,0,0,0,0,0
483367,1,1,0,0,13,0,0,22,0,0,0,21
483367,2,1,0,0,0,12,0,0,0,0,0,0
483367,3,1,0,0,0,0,0,0,0,0,0,0
483368,1,1,0,0,33,0,0,0,0,0,0,0
483369,1,1,0,0,0,0,0,0,0,14,0,0
483369,2,1,0,0,0,0,0,0,0,0,0,0
483370,1,1,0,0,0,0,0,0,23,0,0,0
483371,1,1,6,13,30,8,0,0,0,0,30,41
483371,2,1,0,0,0,0,0,0,0,7,12,13
483372,1,1,0,0,0,13,0,0,0,0,0,0
483372,2,1,0,0,0,10,11,0,0,0,0,0
483372,3,1,6,30,0,0,0,0,0,0,0,0
483373,1,1,0,0,0,0,0,0,0,0,0,0
483373,2,1,0,0,0,0,0,0,6,0,4,0
483374,1,1,0,0,0,0,0,0,0,0,0,0
483375,1,1,15,0,12,20,0,0,21,0,0,0
483376,1,1,0,0,0,0,0,0,0,0,0,11
483376,2,1,0,0,0,18,22,0,0,0,0,0
483377,1,1,17,17,17,17,17,17,17,17,17,17
483378,0,1,0,16,9,0,28,0,7,0,16,0
483378,1,1,0,0,0,0,0,0,29,0,5,0
483379,1,1,0,0,0,0,0,0,0,0,0,0
483379,2,1,0,0,0,0,0,0,0,0,0,0
483380,1,1,0,0,0,0,0,0,0,0,0,0
483380,2,1,0,15,0,0,28,0,0,0,0,20
483381,0,1,0,0,0,35,28,0,28,6,0,25
483381,1,1,0,16,28,0,0,0,0,18,2,19
483382,1,1,0,0,0,14,0,0,20,21,14,0
483382,2,1,13,0,30,0,7,0,21,0,0,0
483382,3,1,0,24,0,0,0,0,0,0,0,19
483383,1,1,0,27,0,0,0,0,0,0,0,0
483383,2,1,0,0,0,0,0,0,0,0,2,0
483384,0,1,0,17,29,0,0,0,0,18,10,6
483384,1,1,0,0,0,0,0,10,0,0,0,17
483385,0,1,9,9,9,9,9,9,9,9,9,9
483385,1,1,0,0,25,0,21,6,0,0,0,6
483386,1,1,0,0,0,0,0,0,0,0,0,0
483387,1,1,0,0,0,0,0,0,11,0,0,0
483388,1,1,0,10,19,3,0,0,10,24,0,7
483388,2,1,0,13,13,19,25,0,20,0,0,0
483389,1,1,0,0,0,0,0,0,0,0,0,0
483390,1,1,0,0,0,41,0,0,16,0,0,0
483390,2,1,0,0,0,0,0,0,0,0,0,0
483392,1,1,0,16,0,0,0,0,0,0,19,0
483393,0,1,0,0,0,0,0,0,0,0,0,0
483393,1,1,0,0,0,0,0,0,0,0,0,0
483394,1,1,0,0,0,0,0,0,0,0,0,0
483394,2,1,0,0,0,13,0,0,9,0,0,0
483395,1,1,0,0,0,0,0,21,11,0,0,0
483395,2,1,0,25,0,0,0,0,14,0,0,0
483396,0,1,0,0,20,0,0,15,23,0,0,30
483396,1,1,0,0,21,13,0,16,0,0,0,0
483397,1,1,20,20,20,20,20,20,20,20,20,20
483398,1,1,0,0,0,0,0,26,0,0,0,0
483398,2,1,0,0,0,0,4,0,0,16,0,20
483398,3,1,6,0,0,30,0,0,0,0,0,0
483399,1,1,0,6,0,0,0,0,0,0,0,0
483399,2,1,0,0,0,12,0,0,0,0,0,0
483400,1,1,0,13,15,0,0,35,22,29,0,10
483401,1,1,0,0,0,0,12,0,0,0,0,0
483401,2,1,0,0,17,0,0,0,0,0,0,0
483402,1,1,16,16,16,16,16,16,16,16,16,16
483403,1,1,0,0,0,0,0,0,0,0,0,17
483404,1,1,0,0,0,0,0,0,19,0,0,0
483404,2,1,0,0,0,0,0,0,0,0,0,0
483405,1,1,0,0,0,0,0,0,0,0,0,0
483406,1,1,0,16,0,18,10,30,0,19,15,0
483407,1,1,0,17,0,0,17,0,0,0,0,18
483408,0,1,0,0,0,0,0,0,0,0,0,0
483408,1,1,0,0,0,0,16,0,0,12,0,0
483409,1,1,0,0,0,0,0,0,0,0,0,0
483411,1,1,20,0,0,0,0,13,0,18,31,16
483411,2,1,0,0,0,0,35,6,0,13,0,0
483412,1,1,0,0,0,0,0,0,0,0,14,10
483412,2,1,0,0,0,9,0,0,0,17,0,0
483412,4,1,0,0,14,20,32,0,12,15,0,0
483413,1,1,0,0,0,0,0,0,0,0,0,0
483413,2,1,0,0,0,0,0,0,0,0,0,0
483413,3,1,0,0,0,0,0,0,0,0,0,0
483414,1,1,11,11,11,11,11,11,11,11,11,11
483414,2,1,8,8,8,8,8,8,8,8,8,8
483415,1,1,0,5,12,0,0,0,16,0,18,0
483415,2,1,0,0,0,0,0,0,0,0,0,0
483416,1,1,0,0,0,0,0,0,0,0,0,0
483416,2,1,0,0,0,0,0,0,19,0,0,0
483417,0,1,0,0,0,0,0,0,0,0,0,0
483417,1,1,0,0,0,0,0,0,0,0,0,15
483418,0,1,0,0,0,0,0,0,0,0,0,0
483418,1,1,0,0,15,20,18,0,0,11,0,24
483419,1,1,3,3,3,3,3,3,3,3,3,3
483419,2,1,44,16,0,0,6,9,13,0,15,12
483420,1,1,0,0,0,0,0,0,0,0,0,0
483420,2,1,0,0,0,0,0,0,0,0,0,30
483420,3,1,22,0,15,18,0,0,0,0,0,0
483421,0,1,0,0,0,0,0,0,0,0,0,0
483421,1,1,25,16,29,0,0,0,0,0,13,0
483422,0,1,0,0,0,0,0,54,4,0,16,0
483422,1,1,25,0,0,36,0,0,12,4,12,0
483423,1,1,0,0,0,9,0,17,0,0,0,23
483423,2,1,0,0,0,0,0,0,0,0,0,7
483424,0,1,26,0,0,0,26,24,0,33,5,20
483424,1,1,0,18,37,22,0,5,0,0,0,16
483425,1,1,0,0,0,0,0,0,0,0,0,11
483426,1,1,10,0,0,0,0,0,0,0,0,0
483426,2,1,0,0,0,0,0,0,0,0,20,0
483427,0,1,0,0,0,17,46,0,38,16,0,20
483427,1,1,17,0,9,12,0,21,0,23,12,16
483428,1,1,29,29,29,29,29,29,29,29,29,29
483429,1,1,0,0,0,0,0,28,0,0,0,0
490001,1,1,0,0,0,0,0,0,0,0,0,0
490001,2,1,0,0,0,0,0,0,0,0,0,0
490002,1,1,0,0,0,0,0,0,0,0,0,0
490003,1,1,0,0,0,0,0,0,0,0,0,0
490003,2,1,10,0,0,0,0,0,0,0,0,0
490003,3,1,0,0,0,0,0,0,0,0,0,0
490004,1,1,0,0,0,0,0,0,0,0,0,0
490004,2,1,0,0,0,0,0,0,0,0,0,0
490005,0,1,0,0,21,0,0,0,0,0,0,11
490005,1,1,0,0,0,0,0,0,0,0,0,0
490006,1,1,0,0,0,0,0,0,0,0,0,0
490006,2,1,0,0,0,0,0,0,0,0,0,0
490007,1,1,0,0,0,0,0,0,0,0,0,0
490007,2,1,0,0,0,0,0,0,0,0,0,0
490008,1,1,0,0,0,0,0,0,0,0,0,0
490008,2,1,0,0,0,0,0,0,0,0,0,0
490009,1,1,0,0,0,0,0,0,0,0,0,0
490010,1,1,31,31,31,31,31,31,31,31,31,31
490011,1,1,0,0,0,0,0,0,0,0,0,0
490011,2,1,0,0,0,0,0,0,0,0,0,0
490011,3,1,0,0,0,0,0,0,0,0,0,0
490012,1,1,0,0,0,0,0,0,0,0,0,0
490012,2,1,0,0,0,0,0,0,0,0,0,0
490013,1,1,15,0,0,0,0,0,0,0,0,0
490014,0,1,0,0,0,0,0,0,0,0,0,0
490014,1,1,0,0,0,0,0,0,0,0,0,0
490015,0,1,0,0,0,0,0,0,0,0,0,0
490015,1,1,0,0,0,0,0,0,0,0,0,0
490016,1,1,0,0,0,0,0,0,0,0,0,0
490016,2,1,0,0,0,12,0,0,0,0,0,0
490017,1,1,0,0,0,0,0,0,0,0,0,0
490018,1,1,0,0,0,0,0,0,0,0,0,0
490018,2,1,0,0,0,0,0,0,7,0,0,0
490019,1,1,0,0,0,0,0,0,0,0,0,0
490019,2,1,0,0,0,0,0,0,0,0,0,0
490020,1,1,0,0,0,0,0,0,0,0,0,0
490021,0,1,0,0,0,0,0,0,0,0,0,0
490021,0,2,30,19,0,0,0,9,0,0,14,0
490021,1,1,0,0,0,0,0,0,0,0,0,0
490022,1,1,0,0,0,0,0,0,0,0,0,0
490022,2,1,0,0,16,0,0,0,0,0,0,0
490022,3,1,0,0,0,0,0,0,0,0,0,0
490022,4,1,0,0,0,0,0,0,0,0,0,0
490022,5,1,0,0,0,0,0,0,0,0,0,0
490023,1,1,0,0,0,0,0,0,0,0,0,0
490023,2,1,0,0,0,0,0,0,0,0,0,0
490023,3,1,0,0,11,0,11,0,18,9,0,0
490024,0,1,0,0,0,0,0,0,0,0,0,0
490024,1,1,0,0,0,0,0,0,0,0,0,0
490025,0,1,0,0,0,0,0,0,0,0,0,0
490025,1,1,0,0,0,0,0,0,0,0,0,0
490026,1,1,0,0,0,0,0,0,0,0,0,0
490026,2,1,0,0,0,0,0,0,0,0,0,0
490027,1,1,0,0,0,0,0,0,0,0,0,0
490027,2,1,0,0,0,0,0,0,0,0,0,0
490028,1,1,0,0,0,0,0,0,0,0,0,0
490028,2,1,9,0,0,0,0,0,2,0,0,0
490030,1,1,0,0,0,0,0,0,0,0,0,0
490030,2,1,0,0,0,0,0,0,0,0,0,0
490030,3,1,0,0,0,18,0,7,0,3,0,0
490031,1,1,0,0,0,0,0,0,0,0,0,0
490031,2,1,0,0,0,0,0,0,0,0,0,0
490032,0,1,0,0,0,0,0,0,0,0,0,0
490032,1,1,0,0,0,0,0,0,0,0,0,0
490033,0,1,0,0,0,0,0,0,0,0,0,0
490033,1,1,0,0,0,0,0,0,0,0,0,0
490034,1,1,0,0,0,0,0,0,0,0,0,0
490035,1,1,7,16,22,9,4,11,16,12,13,16
490036,1,1,0,0,0,0,0,0,0,0,0,0
490037,0,1,0,0,0,0,0,0,0,0,0,0
490037,1,1,0,0,0,0,0,0,0,0,0,0
490037,2,1,0,0,0,0,0,0,0,0,0,0
490038,1,1,13,0,0,0,0,0,0,0,0,0
490039,1,1,0,0,0,0,0,0,0,0,0,0
490039,2,1,0,0,0,0,0,0,0,7,0,0
490039,3,1,0,0,0,0,0,0,0,0,0,0
490039,4,1,0,0,0,0,0,0,0,0,0,0
490040,1,1,0,0,0,0,0,0,0,0,0,0
490041,0,1,0,14,14,15,8,24,0,0,15,0
490041,1,1,0,0,0,0,0,0,0,0,0,0
490042,1,1,34,34,34,34,34,34,34,34,34,34
490042,2,1,0,0,0,0,0,0,0,0,0,0
490043,0,1,0,0,0,0,0,0,0,0,0,0
490043,1,1,0,0,0,0,0,0,0,0,0,0
490044,1,1,20,0,0,0,0,0,0,0,0,0
490044,2,1,0,0,0,0,0,0,0,0,0,0
490045,1,1,0,0,0,0,0,0,0,0,0,0
490046,1,1,0,0,0,0,0,0,0,0,0,0
490046,2,1,0,0,0,0,0,0,0,0,0,0
490046,3,1,0,0,0,0,0,0,0,0,0,0
490047,1,1,27,27,27,27,27,27,27,27,27,27
490047,2,1,0,0,0,0,0,8,0,0,0,0
490047,3,1,0,13,0,8,0,0,20,0,17,0
490048,0,1,0,0,0,0,0,0,0,0,0,0
490048,1,1,0,0,0,0,0,0,0,0,0,0
490049,1,1,17,0,12,0,20,20,9,0,12,0
490050,1,1,0,0,0,0,0,0,0,0,0,0
490050,2,1,0,0,0,0,23,0,0,0,0,0
490052,0,1,2,2,2,2,2,2,2,2,2,2
490052,1,1,0,0,0,0,0,0,0,0,0,0
490053,1,1,0,0,0,0,0,0,0,0,0,0
490053,2,1,0,0,0,0,0,0,0,0,0,0
490054,1,1,27,27,27,27,27,27,27,27,27,27
490055,1,1,0,0,0,0,0,0,0,0,0,0
490055,2,1,0,0,0,0,0,0,0,0,0,0
490056,0,1,0,0,0,0,0,0,0,0,0,0
490056,1,1,0,0,0,0,0,0,0,0,0,0
490056,2,1,0,0,0,0,0,0,0,0,0,0
490057,1,1,0,0,0,0,0,0,0,0,0,0
490058,1,1,0,0,0,0,0,0,0,0,0,0
490059,1,1,0,23,0,0,33,9,0,0,0,0
490060,1,1,0,0,0,0,0,0,0,0,0,0
490060,2,1,0,0,0,0,0,0,0,0,0,0
490061,1,1,0,0,0,0,0,0,0,0,0,0
490062,0,1,14,14,14,14,14,14,14,14,14,14
490062,1,1,0,0,0,0,0,0,19,0,0,0
490063,1,1,0,18,0,16,26,8,13,36,14,0
490063,2,1,0,0,0,0,0,0,0,0,0,0
490064,1,1,0,0,0,0,0,0,0,0,0,0
490064,2,1,0,0,0,0,0,0,0,0,0,0
490065,1,1,0,0,0,0,0,0,0,0,0,0
490065,2,1,0,0,0,0,0,0,0,0,0,0
490066,1,1,0,0,0,0,0,0,0,0,0,0
490067,0,1,0,0,0,0,0,0,21,0,0,35
490067,0,2,0,0,0,0,0,0,0,0,0,0
490067,1,1,0,0,0,0,0,0,0,0,0,0
490067,2,1,0,0,0,0,0,0,0,0,0,0
490068,1,1,15,15,15,15,15,15,15,15,15,15
490069,1,1,0,0,0,0,0,0,0,0,0,0
490070,1,1,14,14,14,14,14,14,14,14,14,14
490071,0,1,0,0,0,0,0,0,0,0,0,0
490071,1,1,0,0,0,0,0,0,0,0,0,0
490073,1,1,0,0,0,0,0,0,0,0,0,0
490074,1,1,32,0,0,31,0,27,17,0,0,21
490074,2,1,0,12,19,11,0,22,0,18,10,5
490075,1,1,0,0,0,0,0,0,0,0,0,0
490075,2,1,0,0,0,0,17,0,7,0,0,0
490076,1,1,0,0,0,0,0,0,0,0,0,0
490077,0,1,4,0,0,29,36,0,15,30,0,0
490077,1,1,0,0,0,16,0,25,0,0,0,0
490078,1,1,17,0,0,0,0,0,0,0,0,0
490079,1,1,0,0,0,0,23,0,0,0,18,0
490079,2,1,0,0,0,0,0,0,0,0,0,0
490079,3,1,0,0,0,0,0,0,0,0,0,0
490079,4,1,0,0,0,0,0,0,0,0,0,0
490080,1,1,0,0,0,0,0,17,0,0,0,0
490080,2,1,0,19,0,0,0,0,0,9,0,18
490081,1,1,0,0,0,0,0,0,0,0,0,0
490081,2,1,0,0,0,0,0,0,0,0,0,0
490081,3,1,0,0,0,0,0,0,0,0,0,0
490082,1,1,0,0,0,0,0,0,0,0,0,0
490083,1,1,0,0,0,0,0,0,0,0,0,0
490083,2,1,0,0,0,0,0,0,0,0,0,0
490084,1,1,0,0,0,0,0,0,0,0,0,0
490084,2,1,0,10,0,0,0,0,24,0,0,0
490085,1,1,0,0,0,0,0,0,0,0,0,0
490086,1,1,0,0,0,0,0,0,0,0,0,0
490086,2,1,0,0,0,0,0,0,0,0,0,0
490087,1,1,11,11,11,11,11,11,11,11,11,11
490087,2,1,0,0,0,0,0,0,0,0,0,0
490087,3,1,0,0,0,0,0,0,0,0,0,0
490088,1,1,0,0,0,0,0,0,0,0,0,0
490088,2,1,0,0,0,0,0,0,0,0,0,0
490089,1,1,0,0,0,0,0,0,0,0,0,0
490089,2,1,0,0,0,0,3,0,0,0,0,0
490090,1,1,0,0,0,0,0,0,0,0,0,0
490090,2,1,0,0,0,0,0,0,0,0,0,0
490090,3,1,0,0,0,0,0,0,0,0,0,0
490091,1,1,0,0,0,0,0,0,0,0,0,0
490091,2,1,0,0,0,0,0,0,0,0,0,0
490092,0,1,0,0,0,0,0,0,0,0,0,0
490092,0,2,0,0,0,0,0,0,0,0,0,0
490092,0,3,0,0,0,0,0,0,0,0,0,0
490092,1,1,0,0,0,0,0,0,0,0,0,0
490093,1,1,0,0,0,0,0,0,0,0,0,27
490093,2,1,0,0,0,0,0,0,0,0,0,0
490094,0,1,0,0,0,0,0,0,0,0,0,0
490094,1,1,0,0,0,0,0,0,0,0,0,0
490095,0,1,0,31,22,0,0,0,0,0,0,0
490095,1,1,0,0,0,0,0,0,0,0,0,0
490096,1,1,15,15,15,15,15,15,15,15,15,15
490097,1,1,0,0,0,0,0,0,0,0,0,0