ST_CASE,VEH_NO,PER_NO,P1,P2,P3,P4,P5,P6,P7,P8,P9,P10
490098,1,1,0,0,0,0,0,0,0,0,0,0
490098,2,1,0,0,0,0,0,0,0,0,0,0
490099,1,1,0,0,0,0,0,0,0,0,0,0
490099,2,1,0,0,0,0,0,0,0,0,0,0
490100,1,1,12,12,12,12,12,12,12,12,12,12
490102,1,1,0,0,0,0,0,0,0,0,0,0
490103,1,1,13,13,13,13,13,13,13,13,13,13
490104,1,1,0,0,0,0,21,0,0,0,0,0
490104,2,1,0,0,0,0,0,0,0,0,0,0
490105,1,1,0,0,0,0,0,0,0,0,0,0
490105,2,1,0,0,0,0,0,0,0,0,0,0
490106,1,1,0,0,0,0,0,0,0,0,0,0
490106,2,1,0,0,0,0,0,0,0,0,0,0
490107,1,1,0,0,0,0,0,0,0,0,0,0
490108,0,1,0,0,0,0,0,0,0,0,0,0
490108,0,2,0,0,0,0,0,0,0,6,0,0
490108,0,3,0,0,0,0,0,0,0,0,0,0
490108,0,4,16,33,0,4,36,0,8,27,23,0
490108,0,5,0,0,0,47,0,0,0,0,16,37
490108,0,6,26,24,21,22,20,0,0,0,0,0
490108,0,7,0,16,0,16,17,11,0,0,0,0
490108,1,1,25,0,0,31,0,0,0,0,19,0
490109,1,1,0,0,0,0,0,0,0,0,0,0
490110,1,1,0,0,0,0,0,0,0,0,0,0
490111,1,1,0,0,0,0,0,0,0,0,0,0
490112,1,1,0,0,0,0,0,0,0,0,0,0
490112,2,1,0,0,0,0,0,0,0,0,0,0
490112,3,1,0,0,0,0,0,0,0,0,0,0
490113,1,1,0,0,0,0,0,0,0,0,0,0
490114,0,1,0,0,0,0,0,0,0,0,0,0
490114,1,1,0,0,0,0,0,0,0,0,0,0
490115,1,1,0,0,0,0,0,0,0,0,0,0
490115,2,1,0,0,0,0,0,0,0,0,0,0
490116,1,1,5,5,5,5,5,5,5,5,5,5
490116,2,1,0,0,0,0,0,0,0,0,0,0
490117,0,1,0,0,0,0,0,0,0,0,0,0
490117,1,1,0,0,0,0,0,0,0,0,0,0
490118,1,1,0,0,0,0,0,0,0,0,0,0
490118,2,1,0,0,0,0,0,0,0,0,0,0
490119,1,1,0,0,0,0,0,0,0,0,0,0
490119,2,1,0,0,0,0,0,0,19,0,0,0
490120,1,1,24,24,24,24,24,24,24,24,24,24
490120,2,1,0,0,0,0,0,0,0,0,0,0
490121,1,1,0,0,0,0,0,0,0,0,0,0
490122,1,1,0,0,0,0,0,0,0,0,0,0
490123,1,1,0,0,0,0,0,0,0,0,0,0
490124,1,1,0,0,0,0,0,0,0,0,0,0
490125,1,1,0,0,0,0,0,0,0,0,0,0
490125,2,1,0,0,0,0,0,0,0,0,0,0
490126,1,1,6,0,0,0,0,0,13,15,0,0
490126,2,1,13,13,13,13,13,13,13,13,13,13
490126,3,1,0,0,0,0,0,0,0,0,0,0
490127,1,1,0,0,0,0,0,0,0,0,0,0
490127,2,1,0,0,0,0,0,0,0,0,0,0
490127,3,1,0,0,0,0,0,0,0,0,0,0
490128,1,1,29,29,29,29,29,29,29,29,29,29
490129,1,1,0,0,0,0,0,0,0,0,0,0
490129,2,1,0,0,0,0,0,0,0,0,0,0
490129,3,1,0,0,0,0,0,0,0,0,0,0
490129,4,1,0,0,0,0,0,0,0,0,0,0
490129,5,1,0,0,0,0,0,0,0,0,0,0
490130,0,1,0,0,0,0,0,0,0,0,0,0
490130,1,1,0,0,0,0,0,0,0,0,0,0
490131,1,1,18,18,18,18,18,18,18,18,18,18
490131,2,1,0,0,0,0,0,0,0,0,0,0
490132,0,1,0,0,0,0,0,0,0,0,0,0
490132,1,1,0,0,0,0,0,0,0,0,0,0
490133,1,1,0,0,0,0,0,0,0,0,0,0
490133,2,1,0,0,0,0,0,0,0,0,0,0
490134,1,1,0,0,0,0,0,0,0,0,0,0
490134,2,1,0,0,0,0,0,0,0,0,0,0
490135,1,1,0,0,0,0,0,0,0,0,0,0
490135,2,1,0,16,10,0,0,11,0,10,0,0
490136,1,1,11,11,11,11,11,11,11,11,11,11
490137,1,1,0,0,0,0,0,0,0,0,0,0
490138,1,1,0,0,0,0,0,0,0,0,0,0
490139,1,1,13,9,0,35,0,17,17,0,0,24
490140,0,1,0,0,0,0,0,0,0,0,0,0
490140,1,1,0,0,0,0,0,0,0,0,0,0
490141,0,1,0,0,0,0,0,0,0,0,0,0
490141,1,1,0,0,0,0,0,0,0,0,0,0
490142,1,1,17,10,13,16,33,22,9,22,9,9
490143,1,1,0,0,0,0,0,0,0,0,0,0
490143,2,1,0,0,0,0,0,0,0,0,0,0
490143,3,1,0,0,0,5,0,0,0,0,0,0
490144,1,1,0,0,0,0,0,0,0,0,0,0
490144,2,1,35,35,35,35,35,35,35,35,35,35
490145,1,1,0,0,0,0,0,0,0,0,0,0
490146,1,1,9,9,9,9,9,9,9,9,9,9
490146,2,1,0,0,0,0,0,0,0,0,0,0
490147,1,1,0,0,0,0,0,0,0,0,0,0
490148,1,1,0,0,0,0,0,0,0,0,0,0
490150,1,1,0,0,0,0,0,0,0,0,0,0
490150,2,1,0,0,0,0,0,0,0,0,0,0
490151,1,1,0,0,0,0,0,0,0,0,0,0
490151,2,1,8,8,8,8,8,8,8,8,8,8
490152,1,1,0,0,0,0,0,0,0,0,0,0
490152,2,1,0,0,0,0,0,0,0,0,0,0
490152,3,1,0,0,0,0,0,0,0,0,0,0
490153,1,1,0,0,0,0,0,0,0,0,0,0
490154,1,1,8,0,0,0,0,0,23,0,0,0
490155,1,1,14,14,14,14,14,14,14,14,14,14
490155,2,1,0,0,0,0,0,0,0,0,0,0
490156,1,1,21,21,21,21,21,21,21,21,21,21
490156,2,1,0,0,0,0,0,0,0,0,0,0
490157,1,1,0,0,0,0,0,0,0,0,0,0
490157,2,1,0,0,0,0,0,0,0,0,0,0
490158,0,1,28,28,28,28,28,28,28,28,28,28
490158,1,1,19,0,6,3,19,18,21,0,0,4
490158,2,1,0,0,0,31,0,0,0,0,0,0
490158,3,1,0,12,0,0,12,5,0,0,11,11
490159,1,1,0,0,0,0,0,0,0,0,0,0
490159,2,1,0,0,0,0,0,0,0,0,0,0
490160,1,1,0,0,0,0,0,0,0,0,0,0
490161,1,1,0,0,0,0,0,0,0,0,0,0
490161,2,1,0,0,0,0,0,0,0,0,0,0
490162,1,1,0,0,0,0,0,0,0,0,0,0
490162,2,1,0,0,0,0,0,0,0,0,0,0
490163,0,1,0,0,0,0,0,0,0,0,0,0
490163,1,1,0,0,0,0,0,0,0,22,0,0
490164,1,1,0,0,0,0,0,0,0,0,0,0
490164,2,1,0,0,0,0,0,0,0,0,0,0
490165,1,1,21,21,21,21,21,21,21,21,21,21
490165,2,1,0,0,0,0,7,0,0,0,0,20
490166,1,1,0,0,0,0,0,0,0,0,0,0
490167,1,1,0,0,0,0,0,0,0,0,0,0
490169,1,1,0,0,0,0,0,0,0,0,0,0
490170,0,1,0,0,0,0,0,0,0,0,0,0
490170,1,1,0,0,0,0,0,6,0,19,0,0
490171,1,1,0,0,0,0,0,0,0,0,0,0
490171,2,1,0,0,0,0,0,0,0,0,0,0
490171,3,1,0,0,0,0,0,0,0,0,0,0
490173,1,1,2,2,2,2,2,2,2,2,2,2
490174,0,1,0,0,0,0,0,0,0,0,0,0
490174,1,1,0,0,0,0,0,0,0,0,0,0
490174,2,1,0,0,0,0,0,0,0,0,0,0
490175,1,1,0,0,0,0,0,0,0,0,0,0
490176,1,1,0,0,0,0,0,0,0,0,0,0
490177,1,1,0,0,0,0,0,0,0,0,0,0
490177,2,1,1,1,1,1,1,1,1,1,1,1
490178,0,1,0,0,0,0,0,0,0,0,0,0
490178,1,1,0,0,13,0,0,0,0,0,0,0
490179,1,1,0,0,0,0,0,0,0,0,0,0
490179,2,1,0,0,0,0,0,0,0,0,0,0
490179,3,1,0,0,0,0,0,0,0,0,0,0
490179,4,1,0,0,0,0,0,0,0,0,0,0
490179,5,1,0,0,0,0,0,0,0,0,0,0
490179,6,1,0,0,0,0,0,0,11,0,0,0
490179,7,1,0,0,0,0,0,0,0,0,0,0
490180,1,1,10,10,10,10,10,10,10,10,10,10
490180,2,1,0,0,0,0,0,0,0,0,0,0
490181,0,1,22,11,0,20,20,0,0,0,0,0
490181,1,1,0,0,0,0,0,0,0,0,20,0
490182,1,1,11,11,11,11,11,11,11,11,11,11
490183,1,1,0,0,0,0,0,0,0,0,0,0
490183,2,1,0,0,0,0,0,0,0,0,0,0
490184,1,1,0,0,0,0,0,0,0,0,0,0
490185,0,1,0,0,0,0,0,0,0,0,0,0
490185,1,1,0,0,0,0,0,0,0,0,0,0
490186,1,1,7,15,20,18,23,12,12,22,22,0
490187,1,1,0,0,0,0,0,0,0,0,0,0
490188,0,1,0,0,0,0,0,0,0,0,0,0
490188,1,1,0,0,0,0,0,0,0,0,0,0
490189,1,1,0,0,0,0,0,0,0,0,0,0
490190,1,1,0,0,0,0,0,0,0,0,0,0
490190,2,1,0,0,0,0,0,0,0,0,0,0
490191,1,1,0,0,0,0,0,0,0,0,0,0
490191,2,1,0,0,0,0,0,0,0,0,0,0
490192,1,1,0,0,0,0,0,0,0,0,0,0
490192,2,1,0,0,0,0,0,0,0,0,0,0
490193,1,1,0,0,0,0,0,0,0,0,0,0
490194,1,1,0,0,0,0,0,0,0,0,0,0
490194,2,1,0,0,0,0,0,0,0,0,0,0
490195,1,1,0,0,14,0,0,0,0,17,0,0
490196,0,1,0,0,0,0,0,0,7,0,0,0
490196,0,2,0,0,0,0,0,0,0,0,0,0
490196,1,1,0,0,0,0,27,0,0,0,0,0
490196,2,1,0,0,0,0,0,0,0,0,0,0
490197,1,1,0,0,30,0,0,0,0,14,6,0
490197,2,1,0,0,0,0,0,0,0,0,0,0
490198,0,1,24,24,24,24,24,24,24,24,24,24
490198,1,1,0,0,0,0,0,0,0,0,0,0
490200,0,1,0,0,0,0,0,0,0,0,0,0
490200,1,1,0,0,0,0,0,0,0,0,0,0
490201,1,1,16,16,16,16,16,16,16,16,16,16
490202,1,1,0,0,0,0,0,0,0,0,0,0
490203,0,1,37,37,37,37,37,37,37,37,37,37
490203,1,1,0,0,0,0,0,0,0,0,0,0
490203,2,1,0,0,14,0,5,10,0,0,9,0
490204,1,1,0,0,0,0,0,0,0,0,0,0
490204,2,1,0,0,0,0,0,0,0,0,0,0
490205,1,1,0,0,0,0,0,0,0,0,0,0
490205,2,1,0,0,0,0,0,0,0,0,0,0
490206,1,1,0,0,0,0,0,0,0,0,0,0
490207,1,1,0,11,12,0,0,0,0,0,0,22
490208,1,1,0,0,0,0,0,0,0,0,0,0
490209,1,1,0,0,0,0,0,0,0,0,0,0
490209,2,1,0,0,0,0,0,0,0,0,0,0
490210,1,1,0,0,0,0,0,0,0,0,0,0
490210,2,1,0,0,0,0,0,0,0,0,0,0
490210,3,1,0,0,0,0,0,0,0,0,0,11
490210,4,1,0,0,0,0,0,0,0,0,0,0
490210,5,1,0,0,0,0,0,0,0,0,0,0
490210,6,1,0,0,0,0,0,0,0,0,0,0
490211,1,1,0,0,0,0,4,0,20,0,0,0
490212,1,1,0,0,0,0,0,0,0,0,0,0
490213,1,1,0,0,0,0,0,9,0,0,0,0
490213,2,1,0,0,0,0,0,0,0,0,0,0
490214,1,1,22,22,22,22,22,22,22,22,22,22
490215,1,1,0,0,7,0,0,0,0,0,0,0
490216,1,1,21,21,21,21,21,21,21,21,21,21
490217,1,1,0,0,0,0,18,0,0,0,0,0
490218,1,1,0,0,0,0,0,0,0,0,0,0
490219,1,1,0,0,0,0,0,0,0,0,0,0
490219,2,1,0,0,0,0,0,0,0,0,0,0
490220,1,1,9,20,7,18,12,15,23,16,17,12
490221,1,1,0,0,0,0,0,0,0,0,0,18
490221,2,1,6,0,0,0,0,0,0,0,0,0
490222,0,1,0,0,0,0,0,0,0,0,0,0
490222,1,1,0,0,0,0,0,0,0,0,0,0
490223,1,1,0,0,0,0,0,0,0,0,0,0
490223,2,1,0,0,0,0,0,0,0,0,0,0
490224,0,1,0,0,0,0,0,0,0,0,0,0
490224,1,1,0,0,0,0,0,0,0,0,0,0
490225,1,1,0,0,0,0,0,0,0,0,0,0
490226,1,1,15,15,15,15,15,15,15,15,15,15
490226,2,1,0,0,0,0,0,23,0,0,0,0
490227,1,1,0,0,0,0,0,0,0,0,0,0
490227,2,1,0,0,0,0,0,0,0,0,0,0
490227,3,1,0,0,0,0,0,0,0,0,0,0
490228,0,1,0,0,0,0,0,0,0,0,0,0
490228,1,1,17,17,17,17,17,17,17,17,17,17
490229,1,1,31,31,31,31,31,31,31,31,31,31
490231,0,1,16,16,16,16,16,16,16,16,16,16
490231,1,1,11,13,6,26,7,0,15,0,18,7
490232,1,1,12,0,0,0,0,0,0,0,0,0
490232,2,1,0,0,0,0,0,0,0,0,0,0
490233,1,1,1,1,1,1,1,1,1,1,1,1
490234,0,1,0,0,0,0,0,0,0,0,0,0
490234,1,1,0,0,0,0,0,0,0,0,0,0
490235,1,1,0,0,0,0,0,0,0,0,0,0
490235,2,1,0,0,0,0,0,0,0,0,0,0
490236,1,1,18,11,18,24,15,13,9,8,14,30
490237,0,1,25,0,0,0,17,44,0,0,32,0
490237,0,2,21,0,20,11,0,13,12,0,0,0
490237,0,3,0,0,0,0,0,0,0,0,0,0
490237,1,1,0,0,0,0,0,0,0,0,0,0
490238,1,1,0,0,0,0,0,0,0,0,0,0
490239,0,1,0,0,0,0,0,0,0,0,0,0
490239,1,1,0,0,0,0,0,0,0,0,0,0
490239,2,1,0,0,0,0,0,0,0,0,0,0
490241,1,1,0,0,0,0,0,0,0,0,0,0
490242,0,1,0,0,0,0,0,0,0,0,0,0
490242,1,1,0,0,0,0,0,0,0,0,0,0
490243,0,1,0,0,0,0,0,0,0,0,0,0
490243,1,1,0,0,0,0,0,0,0,0,0,0
490244,1,1,0,0,0,0,0,0,0,0,0,0
490245,1,1,0,0,0,0,0,0,0,0,0,0
490245,2,1,0,0,0,0,0,0,0,0,0,0
490246,1,1,0,0,0,0,0,0,0,0,0,0
490246,2,1,0,0,0,0,0,0,0,0,0,0
490247,1,1,0,33,29,20,15,33,18,21,0,14
490248,1,1,0,17,0,11,0,15,23,0,13,0
490249,1,1,0,0,0,0,0,0,0,0,0,0
490249,2,1,0,0,0,0,0,0,0,0,0,0
490250,1,1,21,21,21,21,21,21,21,21,21,21
490251,1,1,0,0,0,0,0,0,0,0,0,0
490252,1,1,10,17,7,8,12,9,0,0,0,13
490253,1,1,0,0,0,0,0,0,0,0,0,0
490254,1,1,0,0,0,0,0,0,0,0,0,0
490255,1,1,0,0,0,0,0,0,0,0,0,0
490255,2,1,0,0,0,0,0,0,0,0,0,0
490256,1,1,0,0,17,0,0,0,0,0,0,0
490257,1,1,0,0,0,0,0,0,0,0,0,0
490257,2,1,2,2,2,2,2,2,2,2,2,2
500001,1,1,18,18,18,18,18,18,18,18,18,18
500001,2,1,13,0,0,0,0,0,0,0,0,0
500002,1,1,0,0,0,0,0,0,0,0,0,0
500003,1,1,0,0,0,0,0,0,0,0,0,0
500004,1,1,8,8,8,8,8,8,8,8,8,8
500005,1,1,0,0,0,0,0,0,0,0,0,0
500005,2,1,0,0,0,0,0,0,0,0,0,0
500006,1,1,0,0,0,0,0,0,0,0,0,0
500007,1,1,0,0,0,0,0,0,0,0,0,0
500007,2,1,0,0,0,0,0,0,0,0,0,0
500008,1,1,0,0,0,0,0,0,0,0,0,0
500008,2,1,0,0,0,0,0,0,0,0,0,0
500009,0,1,0,0,0,0,0,0,0,0,0,0
500009,1,1,0,0,0,0,0,0,0,0,0,0
500010,1,1,14,14,14,14,14,14,14,14,14,14
500011,1,1,0,0,0,0,0,0,0,0,0,0
500011,2,1,0,0,0,0,0,0,0,0,0,0
500012,1,1,0,0,0,0,0,0,0,0,0,0
500012,2,1,0,0,0,0,0,0,0,0,0,0
500013,1,1,8,8,8,8,8,8,8,8,8,8
500014,1,1,0,0,0,0,0,0,0,0,0,0
500014,2,1,7,0,0,17,0,0,0,22,0,0
500015,1,1,0,0,0,0,0,0,0,0,0,0
500016,1,1,0,0,0,0,0,0,0,0,0,0
500016,2,1,0,0,0,0,0,0,0,0,0,0
500017,1,1,17,17,17,17,17,17,17,17,17,17
500018,1,1,0,0,0,0,0,0,0,0,0,0
500019,1,1,0,0,0,0,0,0,0,0,0,0
500020,1,1,0,0,0,0,0,0,0,0,0,0
500020,2,1,0,0,0,0,0,0,0,0,0,0
500021,1,1,0,0,0,0,0,0,0,0,0,0
500021,2,1,0,0,0,0,0,0,0,0,0,0
500022,1,1,0,0,0,0,0,0,0,0,0,0
500023,0,1,0,0,0,0,0,0,0,0,0,0
500023,1,1,0,0,0,0,0,0,0,0,0,0
500024,1,1,9,9,9,9,9,9,9,9,9,9
500025,1,1,0,0,0,0,0,0,0,0,0,0
500025,2,1,0,0,0,0,0,0,0,0,0,0
500026,1,1,18,18,18,18,18,18,18,18,18,18
500026,2,1,0,0,0,0,0,0,0,0,0,0
500027,0,1,0,0,0,0,0,0,0,17,0,0
500027,1,1,0,0,0,0,0,0,0,0,0,0
500028,1,1,19,19,19,19,19,19,19,19,19,19
500029,1,1,17,17,17,17,17,17,17,17,17,17
500030,1,1,0,0,0,0,8,0,0,0,18,33
500031,1,1,6,6,6,6,6,6,6,6,6,6
500032,1,1,0,0,0,0,0,0,0,0,0,0
500033,1,1,0,0,0,0,0,0,0,0,0,0
500034,1,1,0,0,0,0,0,0,0,0,0,0
500034,2,1,0,0,0,0,0,0,0,0,0,0
500035,1,1,0,0,0,0,0,0,0,0,0,0
500035,2,1,0,0,0,0,0,0,0,0,0,0
500036,0,1,0,0,0,0,0,0,0,0,0,0
500036,1,1,0,0,12,0,0,0,0,0,0,0
500037,1,1,0,0,0,0,0,0,0,0,0,0
500037,2,1,0,0,0,0,0,0,0,0,0,0
500037,3,1,0,0,0,0,14,0,0,0,0,0
500038,1,1,0,0,0,0,0,0,0,0,0,0
500038,2,1,0,0,0,0,0,0,0,0,0,0
500038,3,1,0,0,0,0,0,0,0,0,0,0
500039,1,1,0,0,0,0,0,0,0,0,0,0
500040,1,1,20,20,20,20,20,20,20,20,20,20
500041,1,1,23,23,23,23,23,23,23,23,23,23
500042,1,1,0,0,0,0,0,0,0,26,0,0
500042,2,1,0,0,0,0,0,0,7,0,0,0
500042,3,1,0,0,0,0,7,0,6,0,0,0
500043,1,1,0,0,0,26,0,19,22,0,0,0
500044,0,1,0,0,0,37,0,0,0,0,0,15
500044,1,1,0,0,0,0,0,0,0,0,0,0
500045,1,1,23,23,23,23,23,23,23,23,23,23
500045,2,1,18,18,18,18,18,18,18,18,18,18
500046,1,1,4,4,4,4,4,4,4,4,4,4
500046,2,1,11,0,0,0,0,0,0,0,0,0
500047,1,1,17,17,17,17,17,17,17,17,17,17
500048,1,1,0,0,0,0,0,0,0,0,0,0
500048,2,1,0,0,0,0,0,0,0,0,0,0
500049,1,1,0,0,0,0,0,0,0,0,0,0
500050,0,1,0,0,0,0,0,0,0,0,0,0
500050,1,1,0,0,0,0,0,0,0,0,0,0
500051,1,1,0,0,0,0,0,0,0,0,0,0
500051,2,1,0,0,0,0,0,0,0,0,0,0
500052,1,1,0,0,0,0,0,0,0,0,0,0
500052,2,1,0,0,0,0,8,0,0,50,0,0
500052,3,1,0,0,0,0,19,0,0,0,0,0
500053,1,1,0,0,0,0,0,0,0,0,0,0
500053,2,1,0,0,0,12,0,11,0,0,0,0
500054,1,1,5,5,5,5,5,5,5,5,5,5
500054,2,1,0,0,0,0,0,0,0,0,0,0
500054,3,1,0,0,0,0,0,0,21,0,0,0
500055,1,1,0,0,0,0,0,0,0,0,0,0
500055,2,1,0,0,0,0,0,0,0,0,0,0
500056,1,1,19,19,19,19,19,19,19,19,19,19
500057,1,1,0,0,0,0,0,0,0,0,0,0
500058,1,1,0,0,0,0,0,0,0,0,0,0
500059,1,1,0,0,0,0,0,0,0,0,0,0
500060,0,1,0,0,0,0,0,0,0,0,0,0
500060,1,1,0,0,0,3,0,0,0,0,0,0
500061,0,1,15,15,15,15,15,15,15,15,15,15
500061,1,1,0,0,0,0,0,0,12,0,14,0
500062,1,1,0,0,0,0,0,0,0,0,0,0
500063,1,1,17,17,17,17,17,17,17,17,17,17
510001,1,1,25,17,25,12,6,7,14,10,18,0
510001,2,1,12,12,12,12,12,12,12,12,12,12
510002,1,1,0,0,0,0,0,0,0,0,0,0
510002,2,1,0,0,0,0,0,0,0,0,0,0
510003,1,1,0,0,0,0,0,0,29,0,0,0
510003,2,1,0,0,0,0,0,0,0,0,0,0
510004,1,1,0,0,0,0,0,0,0,0,0,0
510004,2,1,0,0,0,0,0,0,0,0,0,0
510005,1,1,16,20,12,10,22,13,22,15,23,13
510006,1,1,16,16,16,16,16,16,16,16,16,16
510007,1,1,0,3,20,0,0,0,0,0,0,0
510007,2,1,0,0,0,0,0,0,0,0,0,0
510008,0,1,0,0,0,0,0,0,0,0,0,0
510008,1,1,0,0,0,0,0,0,0,0,0,0
510009,1,1,0,0,0,0,0,0,0,0,0,0
510009,2,1,0,0,0,0,0,0,0,0,0,0
510010,1,1,13,14,5,14,24,20,3,10,8,15
510010,2,1,0,0,0,0,0,0,0,0,0,0
510011,1,1,0,0,0,0,0,0,0,0,0,0
510012,0,1,9,9,9,9,9,9,9,9,9,9
510012,1,1,0,0,0,0,0,0,0,0,0,0
510012,2,1,0,0,0,0,0,0,0,0,0,0
510013,0,1,0,0,0,0,0,0,0,0,0,0
510013,1,1,0,0,0,0,0,0,0,0,0,0
510014,0,1,15,8,21,21,27,33,18,0,22,19
510014,1,1,0,0,0,0,0,0,0,0,0,0
510015,1,1,0,0,0,0,0,0,0,0,0,0
510016,1,1,0,0,0,0,0,0,0,0,10,0
510016,2,1,0,0,0,0,0,0,0,0,0,0
510017,1,1,0,0,0,0,0,0,0,0,0,0
510018,1,1,0,0,0,0,0,0,0,0,0,0
510018,2,1,0,0,0,0,0,0,0,0,17,0
510019,1,1,0,0,0,0,0,0,0,0,0,0
510019,2,1,0,0,0,0,0,0,0,0,0,0
510020,1,1,0,0,0,0,0,0,0,0,0,0
510020,2,1,0,0,0,0,0,0,0,0,0,0
510021,0,1,21,21,21,21,21,21,21,21,21,21
510021,1,1,0,0,0,0,26,0,0,0,0,0
510022,1,1,17,19,16,19,10,11,14,15,10,14
510023,0,1,23,23,23,23,23,23,23,23,23,23
510023,1,1,0,0,0,0,0,0,0,0,0,0
510024,1,1,0,0,0,0,0,0,0,0,0,0
510025,0,1,0,0,0,0,0,0,0,0,0,0
510025,1,1,0,0,0,0,0,0,0,0,0,0
510026,1,1,15,0,21,7,12,0,27,0,21,0
510027,1,1,20,20,20,20,20,20,20,20,20,20
510028,1,1,0,0,0,0,0,0,7,0,0,0
510028,2,1,0,0,0,0,0,0,0,0,0,0
510029,1,1,0,0,0,0,0,0,0,0,0,0
510029,2,1,0,0,0,0,0,0,0,0,0,0
510030,1,1,0,0,0,0,0,0,0,0,0,0
510031,1,1,0,0,0,0,0,0,0,0,0,0
510031,2,1,0,0,0,0,0,0,0,0,0,0
510032,1,1,0,0,0,0,0,0,0,0,0,0
510032,2,1,0,0,0,0,0,0,0,0,0,0
510033,1,1,0,0,28,46,0,0,0,0,0,6
510034,1,1,0,0,0,0,0,0,0,0,0,0
510034,2,1,0,0,0,0,0,0,0,0,0,0
510035,1,1,0,0,0,0,0,0,0,0,0,0
510035,2,1,0,0,0,0,0,0,0,0,0,0
510036,1,1,0,0,0,0,0,0,0,0,0,0
510036,2,1,0,0,0,0,0,0,0,0,0,0
510037,1,1,0,0,0,0,0,0,0,0,0,0
510038,1,1,0,0,0,0,0,0,0,0,0,0
510038,2,1,0,0,0,0,0,0,0,0,0,0
510039,1,1,34,34,34,34,34,34,34,34,34,34
510040,1,1,15,15,15,15,15,15,15,15,15,15
510040,2,1,0,0,0,0,0,0,0,0,0,0
510041,1,1,0,0,0,0,0,0,0,0,0,0
510042,1,1,13,13,13,13,13,13,13,13,13,13
510043,0,1,11,11,11,11,11,11,11,11,11,11
510043,1,1,29,0,31,0,0,0,0,0,0,0
510044,1,1,12,12,12,12,12,12,12,12,12,12
510045,1,1,0,0,0,0,0,0,0,0,0,0
510045,2,1,0,6,0,0,0,25,0,0,0,0
510046,1,1,0,0,0,0,0,0,0,0,0,0
510046,2,1,0,0,0,0,0,0,0,0,2,0
510047,0,1,0,0,0,0,0,0,0,0,0,0
510047,1,1,0,0,0,0,0,0,0,0,0,0
510048,1,1,20,5,15,12,13,14,0,0,22,8
510048,2,1,0,0,0,0,0,27,0,15,0,0
510049,1,1,0,0,0,0,0,0,0,0,0,0
510049,2,1,0,0,0,0,0,0,0,0,0,0
510050,1,1,0,0,0,0,0,0,0,0,0,0
510051,1,1,24,24,24,24,24,24,24,24,24,24
510052,1,1,0,0,0,7,0,0,0,0,12,0
510053,1,1,4,4,4,4,4,4,4,4,4,4
510053,2,1,0,0,0,0,0,0,0,0,0,0
510053,3,1,0,0,0,0,0,0,0,0,0,0
510054,1,1,10,10,10,10,10,10,10,10,10,10
510054,2,1,0,0,0,0,0,0,0,0,0,0
510055,0,1,0,0,0,0,0,0,0,0,0,0
510055,1,1,0,0,0,0,0,0,0,0,0,0
510056,1,1,0,0,0,0,0,0,0,0,0,0
510057,1,1,0,0,0,0,0,0,0,0,0,0
510057,2,1,0,0,0,0,0,0,0,0,0,0
510058,1,1,29,29,29,29,29,29,29,29,29,29
510059,1,1,0,0,0,0,0,0,0,0,0,0
510059,2,1,0,0,0,0,0,0,0,0,0,0
510060,1,1,0,0,0,12,0,0,0,0,0,0
510060,2,1,0,0,0,0,0,0,0,0,0,0
510061,0,1,0,0,0,0,0,0,0,0,0,0
510061,0,2,0,0,0,0,0,0,0,0,0,0
510061,0,3,0,0,0,0,0,0,0,0,0,0
510061,1,1,0,0,0,6,0,0,19,0,0,0
510062,1,1,20,19,24,20,11,21,8,32,22,12
510063,1,1,0,0,0,0,0,0,0,0,0,0
510063,2,1,0,0,0,20,0,0,0,0,0,0
510063,3,1,0,0,0,0,0,0,0,0,0,0
510064,1,1,0,0,0,0,0,0,0,0,0,0
510065,1,1,22,9,16,20,20,26,35,8,22,0
510066,1,1,0,0,0,0,0,0,0,0,0,0
510066,2,1,0,0,0,0,0,0,0,0,0,0
510067,1,1,12,12,12,12,12,12,12,12,12,12
510068,1,1,28,28,28,28,28,28,28,28,28,28
510069,1,1,13,0,16,0,0,0,0,0,0,0
510070,0,1,0,0,0,0,0,0,0,0,0,0
510070,1,1,0,0,0,0,0,0,0,0,0,0
510071,1,1,0,0,0,0,0,0,0,0,0,0
510071,2,1,0,0,0,0,0,0,0,0,0,0
510072,1,1,0,0,0,0,0,0,0,0,0,0
510072,2,1,5,0,0,0,0,0,0,0,0,0
510073,1,1,0,0,0,0,0,0,0,0,0,0
510073,2,1,0,0,0,0,0,0,0,0,0,0
510074,1,1,0,0,0,0,0,0,0,0,0,0
510074,2,1,0,0,0,0,0,0,0,0,0,0
510075,1,1,0,0,0,0,0,0,0,0,0,0
510076,0,1,0,0,0,0,0,0,0,0,0,0
510076,0,2,0,0,0,0,0,0,0,0,0,0
510076,2,1,0,0,0,0,0,0,0,0,0,0
510077,1,1,0,0,0,0,0,0,0,0,0,0
510078,1,1,0,0,0,0,0,0,0,0,0,0
510078,2,1,0,0,0,0,0,0,0,0,0,0
510079,1,1,16,16,16,16,16,16,16,16,16,16
510079,2,1,0,0,0,0,0,0,0,0,0,0
510080,1,1,0,17,0,0,0,0,0,0,0,0
510081,1,1,0,0,0,0,0,0,0,26,0,0
510081,2,1,0,0,0,0,0,0,0,0,0,0
510082,1,1,28,28,28,28,28,28,28,28,28,28
510083,0,1,24,24,24,24,24,24,24,24,24,24
510083,1,1,0,0,0,0,0,0,0,0,0,0
510084,1,1,0,0,0,0,0,0,0,0,0,0
510084,2,1,0,0,0,0,0,0,0,0,0,0
510085,0,1,22,22,22,22,22,22,22,22,22,22