ST_CASE,VEH_NO,PER_NO,P1,P2,P3,P4,P5,P6,P7,P8,P9,P10
510085,1,1,22,22,22,22,22,22,22,22,22,22
510086,1,1,0,0,0,0,0,0,0,0,0,0
510086,2,1,0,0,0,0,0,0,0,19,0,0
510087,1,1,9,9,9,9,9,9,9,9,9,9
510088,1,1,0,0,0,0,0,0,0,0,0,0
510089,1,1,15,15,15,15,15,15,15,15,15,15
510090,1,1,0,0,0,0,0,0,0,0,0,0
510090,2,1,0,0,0,0,0,0,0,0,0,0
510091,1,1,0,0,0,0,0,0,0,0,0,0
510091,2,1,14,14,14,14,14,14,14,14,14,14
510091,3,1,0,0,0,0,0,0,0,0,0,0
510092,1,1,2,2,2,2,2,2,2,2,2,2
510093,1,1,0,0,0,0,0,0,0,0,0,0
510094,1,1,0,0,0,0,0,0,0,0,0,0
510094,2,1,0,0,0,0,0,0,0,0,0,0
510094,3,1,0,0,0,0,0,0,0,0,0,0
510095,1,1,13,13,13,13,13,13,13,13,13,13
510096,1,1,0,0,0,0,0,0,0,0,0,0
510096,2,1,0,0,0,0,21,0,0,0,0,0
510096,3,1,0,0,0,0,0,0,0,0,0,0
510097,0,1,0,0,0,0,0,0,0,0,0,0
510097,1,1,0,0,7,0,0,0,0,0,17,0
510098,1,1,0,0,0,0,0,0,0,0,0,0
510098,2,1,0,0,0,0,0,0,0,0,0,0
510099,0,1,0,0,0,0,0,0,0,0,0,0
510099,1,1,0,0,0,0,0,0,0,0,0,0
510099,2,1,0,0,15,0,0,0,29,0,0,0
510100,1,1,0,0,0,0,0,0,0,0,0,0
510100,2,1,0,0,0,0,0,0,0,0,0,0
510101,1,1,0,0,0,0,0,0,0,0,0,0
510102,1,1,0,0,0,0,0,0,0,0,0,0
510102,2,1,0,0,0,0,0,0,0,0,0,0
510103,1,1,4,11,11,26,16,8,7,7,0,4
510103,2,1,0,0,0,0,0,0,0,0,0,0
510104,1,1,13,13,13,13,13,13,13,13,13,13
510105,1,1,0,0,0,0,0,0,0,0,0,0
510105,2,1,0,0,0,0,0,24,0,0,15,0
510106,1,1,17,17,17,17,17,17,17,17,17,17
510107,1,1,0,0,0,0,18,0,0,0,0,0
510107,2,1,0,0,0,0,0,0,0,0,0,0
510107,3,1,0,0,0,0,0,0,0,0,0,0
510107,4,1,0,0,15,0,0,0,0,0,0,0
510108,1,1,0,0,0,0,0,0,0,0,0,0
510108,2,1,0,0,0,0,0,0,0,0,0,0
510108,3,1,0,12,0,0,0,0,12,0,0,0
510109,1,1,0,0,0,0,0,0,0,0,0,0
510110,0,1,0,0,0,0,0,0,0,0,0,0
510110,1,1,0,11,19,0,0,19,0,0,0,0
510111,1,1,11,11,11,11,11,11,11,11,11,11
510112,1,1,22,22,22,22,22,22,22,22,22,22
510113,0,1,29,29,29,29,29,29,29,29,29,29
510113,1,1,0,0,0,12,0,0,0,0,0,0
510114,1,1,0,0,0,0,0,0,0,0,0,0
510114,2,1,0,0,0,0,0,0,0,0,0,0
510115,1,1,21,21,21,21,21,21,21,21,21,21
510116,1,1,0,0,0,0,0,0,0,0,0,0
510117,1,1,0,0,0,0,0,0,0,0,0,0
510117,2,1,0,0,0,0,0,0,0,0,0,0
510118,1,1,0,0,23,0,0,0,0,0,0,0
510118,2,1,0,0,0,0,0,0,0,0,0,0
510118,3,1,0,0,0,0,0,0,0,0,0,0
510118,4,1,0,0,0,0,0,0,0,0,0,0
510119,1,1,0,0,0,0,0,0,0,0,0,0
510119,2,1,0,0,0,0,0,0,0,0,0,0
510120,0,1,0,0,0,0,0,0,0,0,0,0
510120,1,1,0,0,0,0,0,0,0,0,0,0
510121,1,1,0,0,0,0,0,0,0,0,0,0
510122,1,1,0,13,0,0,22,0,0,0,0,0
510123,0,1,0,0,0,0,0,0,0,0,0,0
510123,1,1,0,0,0,0,0,0,7,0,0,0
510124,1,1,26,26,26,26,26,26,26,26,26,26
510125,1,1,0,0,0,0,0,0,0,0,0,0
510125,2,1,0,0,0,11,0,0,0,0,0,0
510126,0,1,0,0,0,0,0,0,0,0,0,0
510126,1,1,0,0,0,0,0,0,0,0,0,0
510127,1,1,0,0,19,0,0,26,0,0,0,0
510127,2,1,0,0,0,0,0,0,0,0,0,0
510128,1,1,0,0,0,0,0,0,0,0,0,0
510128,2,1,0,0,0,0,0,0,0,0,0,0
510128,3,1,0,29,0,0,0,0,0,0,0,0
510129,1,1,18,18,18,18,18,18,18,18,18,18
510130,1,1,0,0,0,0,0,0,0,0,0,0
510130,2,1,0,3,0,0,0,0,0,0,0,0
510131,1,1,0,0,0,0,0,0,0,0,0,0
510131,2,1,0,0,0,0,0,0,0,0,0,0
510132,0,1,0,0,0,0,0,0,0,0,0,0
510132,0,2,0,0,0,0,0,0,0,0,0,0
510132,1,1,0,0,0,0,0,0,0,0,0,0
510133,1,1,14,14,14,14,14,14,14,14,14,14
510134,1,1,0,0,14,15,0,13,0,0,6,0
510134,2,1,19,19,19,19,19,19,19,19,19,19
510135,1,1,35,35,35,35,35,35,35,35,35,35
510136,1,1,14,14,14,14,14,14,14,14,14,14
510137,1,1,30,30,30,30,30,30,30,30,30,30
510138,1,1,0,0,0,0,0,0,0,0,0,0
510138,2,1,0,0,0,0,0,0,0,0,0,0
510139,1,1,0,0,0,0,0,0,0,0,0,0
510140,1,1,0,0,0,0,0,0,0,0,0,0
510141,1,1,24,24,24,24,24,24,24,24,24,24
510142,0,1,0,0,0,0,0,0,0,0,0,0
510142,1,1,0,0,0,0,0,0,0,0,0,0
510143,0,1,49,13,25,27,18,27,26,30,0,30
510143,1,1,0,27,0,0,0,0,0,0,0,0
510144,1,1,13,13,13,13,13,13,13,13,13,13
510145,1,1,0,0,0,0,0,0,0,0,0,0
510146,1,1,0,0,0,0,0,0,0,0,0,0
510147,1,1,0,0,0,0,0,0,0,0,0,0
510148,1,1,21,21,21,21,21,21,21,21,21,21
510148,2,1,7,6,10,20,9,15,47,24,6,17
510149,1,1,13,13,13,13,13,13,13,13,13,13
510149,2,1,0,0,0,0,0,0,0,0,0,0
510150,1,1,8,8,8,8,8,8,8,8,8,8
510151,1,1,0,0,0,0,0,0,0,0,0,0
510152,1,1,26,26,26,26,26,26,26,26,26,26
510153,1,1,0,0,0,0,0,0,0,0,0,0
510154,1,1,0,0,0,0,0,0,0,0,0,0
510155,1,1,0,0,0,0,0,0,0,0,0,0
510156,1,1,2,2,2,2,2,2,2,2,2,2
510156,2,1,0,13,0,0,0,0,0,0,0,0
510157,1,1,0,0,0,0,0,0,0,0,0,0
510158,1,1,20,20,20,20,20,20,20,20,20,20
510159,0,1,0,0,0,0,0,0,0,0,0,0
510159,1,1,0,0,0,0,0,0,0,0,0,0
510160,1,1,14,14,14,14,14,14,14,14,14,14
510161,1,1,0,0,0,0,0,0,0,0,0,0
510161,2,1,0,0,0,0,0,0,0,0,5,0
510162,1,1,41,41,41,41,41,41,41,41,41,41
510163,1,1,0,0,0,0,0,0,0,0,0,0
510163,2,1,0,0,0,0,0,0,0,0,0,0
510164,1,1,0,0,0,0,0,0,7,0,0,0
510165,1,1,0,0,0,0,0,0,0,0,0,0
510165,2,1,0,0,0,0,0,0,0,0,0,0
510166,1,1,0,0,0,0,0,0,0,0,0,0
510167,1,1,0,0,0,0,0,0,0,0,0,0
510167,2,1,0,0,0,0,0,0,0,0,0,0
510167,3,1,0,0,0,0,0,0,0,0,0,0
510168,1,1,0,0,0,0,0,0,0,0,0,0
510169,0,1,0,0,0,0,0,0,0,0,0,0
510169,1,1,0,0,0,0,0,0,0,0,0,0
510170,1,1,0,0,0,0,0,0,0,0,0,0
510171,1,1,0,0,0,0,0,0,0,0,0,0
510172,1,1,0,13,0,0,0,0,0,0,0,0
510172,2,1,0,0,0,0,0,0,0,0,0,0
510173,1,1,3,16,15,19,5,16,18,28,29,23
510174,1,1,10,10,10,10,10,10,10,10,10,10
510175,1,1,22,22,22,22,22,22,22,22,22,22
510175,2,1,0,0,19,0,0,0,0,0,0,0
510176,1,1,20,0,0,0,0,0,14,0,0,0
510177,1,1,0,0,0,0,0,0,0,0,0,0
510178,1,1,19,19,19,19,19,19,19,19,19,19
510179,1,1,0,6,0,0,0,3,0,0,15,0
510180,1,1,3,3,3,3,3,3,3,3,3,3
510181,0,1,0,0,0,0,0,0,0,0,0,0
510181,1,1,0,0,0,0,0,0,0,0,7,0
510182,1,1,0,0,0,0,0,0,0,0,0,0
510182,2,1,0,0,0,0,0,0,0,0,0,0
510183,1,1,0,0,0,0,0,0,13,0,0,14
510183,2,1,2,0,0,0,0,19,3,0,0,11
510184,1,1,0,0,0,0,0,0,0,0,0,0
510184,2,1,17,0,0,0,0,0,0,0,0,0
510185,1,1,0,0,0,0,0,0,0,0,0,0
510185,2,1,34,0,0,6,13,0,0,39,0,0
510186,1,1,0,0,0,0,0,0,0,0,0,0
510186,2,1,0,0,0,0,0,0,0,0,0,0
510187,1,1,0,0,0,0,0,0,0,0,0,0
510187,2,1,0,0,0,0,0,0,0,0,0,0
510188,1,1,30,30,30,30,30,30,30,30,30,30
510189,1,1,0,0,0,0,0,0,0,0,0,0
510190,1,1,0,0,0,0,0,0,0,0,0,0
510191,1,1,4,4,4,4,4,4,4,4,4,4
510192,1,1,0,0,0,0,0,0,0,0,0,0
510192,2,1,0,0,0,0,0,0,0,0,0,0
510192,3,1,0,0,0,0,0,0,0,0,0,0
510193,0,1,28,28,28,28,28,28,28,28,28,28
510193,1,1,0,0,0,0,0,0,0,0,0,0
510194,1,1,26,26,26,26,26,26,26,26,26,26
510195,1,1,0,0,0,0,0,0,0,0,0,0
510196,1,1,0,0,0,0,0,0,0,0,0,0
510196,2,1,0,0,0,0,0,0,0,0,0,0
510197,1,1,0,0,0,16,0,0,0,0,19,0
510198,1,1,21,21,21,21,21,21,21,21,21,21
510199,1,1,0,0,0,0,0,0,0,0,0,0
510199,2,1,0,0,0,0,0,0,0,0,0,0
510200,1,1,0,11,0,0,0,21,0,29,0,10
510200,2,1,0,0,0,0,0,0,0,9,0,0
510201,1,1,15,15,15,15,15,15,15,15,15,15
510202,1,1,0,0,0,0,0,0,0,0,0,0
510203,0,1,11,11,11,11,11,11,11,11,11,11
510203,1,1,0,0,0,0,0,0,0,0,0,0
510203,2,1,0,0,0,0,0,0,0,0,0,0
510204,1,1,0,0,0,0,0,0,0,0,0,0
510204,2,1,0,0,0,0,0,0,0,0,0,0
510205,1,1,0,0,0,0,0,0,0,0,0,0
510205,2,1,0,0,0,0,0,0,0,0,0,0
510206,1,1,0,0,0,0,0,0,0,0,0,0
510206,2,1,0,0,0,0,0,0,0,0,39,0
510207,0,1,16,16,16,16,16,16,16,16,16,16
510207,1,1,0,0,0,0,0,0,0,0,0,0
510208,1,1,0,0,0,8,0,0,0,0,0,0
510208,2,1,0,0,0,0,0,0,0,0,0,0
510209,1,1,25,25,25,25,25,25,25,25,25,25
510209,2,1,0,0,0,0,0,0,0,0,0,0
510209,3,1,0,0,0,0,0,0,0,0,0,0
510210,1,1,0,0,0,0,0,0,0,0,0,0
510211,1,1,0,0,0,0,0,0,0,0,0,0
510212,1,1,0,0,0,0,0,0,0,0,0,0
510212,2,1,0,0,0,0,0,0,0,0,0,0
510212,3,1,0,0,0,0,0,0,0,0,0,0
510212,4,1,0,0,0,0,0,0,0,0,0,0
510212,5,1,0,0,0,0,0,0,0,0,0,0
510213,1,1,0,0,0,0,0,0,0,0,4,0
510214,1,1,0,0,0,0,0,0,0,0,0,0
510214,2,1,0,0,0,0,0,0,0,0,0,0
510214,3,1,0,0,0,0,0,0,0,0,0,0
510214,4,1,0,0,0,0,0,0,0,0,0,0
510215,1,1,0,0,0,0,25,0,0,0,0,0
510215,2,1,0,0,0,0,0,0,0,0,13,0
510216,1,1,0,0,0,0,0,0,0,0,0,0
510217,1,1,0,0,0,0,0,0,0,0,0,0
510218,1,1,21,21,21,21,21,21,21,21,21,21
510219,1,1,0,0,0,0,0,0,0,0,0,0
510220,1,1,21,10,13,10,21,15,14,0,25,24
510221,1,1,0,0,0,0,0,0,0,0,0,0
510221,2,1,0,0,0,0,0,0,0,0,0,0
510222,1,1,0,0,0,0,0,0,0,0,0,0
510223,1,1,23,23,23,23,23,23,23,23,23,23
510224,0,1,14,14,14,14,14,14,14,14,14,14
510224,0,2,17,17,17,17,17,17,17,17,17,17
510224,1,1,0,0,24,0,0,0,22,0,0,0
510224,2,1,0,5,0,0,0,15,22,18,21,0
510225,1,1,0,0,0,0,0,0,0,0,0,0
510225,2,1,0,0,0,0,0,0,0,0,0,0
510226,1,1,0,0,0,0,0,0,0,0,0,0
510227,1,1,0,0,0,0,0,0,0,0,0,0
510228,1,1,13,0,19,0,0,0,0,0,0,0
510229,1,1,0,0,0,0,0,19,0,0,0,0
510230,1,1,0,0,0,0,0,0,0,0,0,0
510230,2,1,0,0,0,0,0,0,0,0,0,0
510231,1,1,0,0,0,0,0,0,0,0,0,0
510232,1,1,0,0,0,0,0,0,0,0,0,0
510232,2,1,0,0,0,0,0,0,0,0,0,0
510233,0,1,0,0,0,0,0,0,0,0,0,0
510233,1,1,0,0,0,0,0,0,27,0,0,0
510234,0,1,0,0,0,0,0,0,0,0,0,0
510234,1,1,0,0,18,0,0,0,0,0,0,0
510235,0,1,28,28,28,28,28,28,28,28,28,28
510235,1,1,0,0,0,0,0,0,0,0,0,0
510235,2,1,0,0,0,0,0,0,0,17,0,0
510236,1,1,16,20,9,11,18,12,19,28,17,29
510237,1,1,0,0,0,0,0,0,0,0,0,0
510237,2,1,0,0,0,26,0,16,0,14,0,0
510238,1,1,0,16,9,23,16,16,18,10,6,6
510238,2,1,8,0,0,0,0,0,0,0,0,0
510239,1,1,0,0,0,0,0,0,0,0,0,0
510239,2,1,0,0,0,0,0,0,0,0,0,0
510240,1,1,23,23,23,23,23,23,23,23,23,23
510240,2,1,0,0,0,0,0,0,0,0,0,0
510241,1,1,23,23,23,23,23,23,23,23,23,23
510242,1,1,12,12,12,12,12,12,12,12,12,12
510243,1,1,0,9,0,26,32,26,5,0,7,7
510243,2,1,5,5,5,5,5,5,5,5,5,5
510244,1,1,13,13,13,13,13,13,13,13,13,13
510245,1,1,27,27,27,27,27,27,27,27,27,27
510245,2,1,0,0,0,0,0,0,0,0,0,0
510246,1,1,0,0,0,0,0,0,0,6,0,0
510246,2,1,0,0,0,0,0,0,0,0,0,0
510247,1,1,0,0,0,0,0,0,0,0,0,0
510247,2,1,0,0,0,0,0,0,0,0,0,0
510248,1,1,7,7,7,7,7,7,7,7,7,7
510249,1,1,0,0,0,0,0,0,0,0,0,0
510249,2,1,0,0,0,0,0,0,0,0,0,0
510250,0,1,0,0,0,0,0,0,0,0,0,0
510250,1,1,30,11,22,20,24,22,13,21,27,17
510251,0,1,0,0,0,0,0,0,0,0,0,0
510251,1,1,0,0,0,0,0,0,0,0,0,0
510252,1,1,0,0,0,0,0,0,0,0,0,0
510252,2,1,0,0,0,0,0,0,0,0,0,0
510253,1,1,0,28,0,0,0,34,0,0,0,0
510254,1,1,0,0,0,0,0,0,0,0,0,0
510254,2,1,0,0,0,0,9,0,0,0,0,0
510255,1,1,0,0,0,0,0,0,0,0,0,0
510255,2,1,0,0,0,0,0,0,0,0,0,0
510255,3,1,0,0,0,0,0,0,0,0,0,0
510256,1,1,26,26,26,26,26,26,26,26,26,26
510257,1,1,0,0,0,0,0,0,0,0,0,0
510258,1,1,0,0,0,0,0,0,0,0,0,0
510258,2,1,0,0,9,0,0,0,0,0,0,0
510259,0,1,11,11,11,11,11,11,11,11,11,11
510259,1,1,0,0,13,11,0,20,0,0,0,34
510260,1,1,10,10,10,10,10,10,10,10,10,10
510260,2,1,0,0,0,0,0,0,0,0,0,0
510261,1,1,18,18,18,18,18,18,18,18,18,18
510262,1,1,0,0,0,0,0,0,0,0,0,0
510263,1,1,0,0,0,0,0,0,0,0,0,0
510263,2,1,0,0,0,0,0,0,0,0,0,0
510263,3,1,0,0,0,0,0,0,0,0,0,0
510264,1,1,0,24,24,0,21,21,0,26,41,0
510264,2,1,0,0,0,0,0,0,0,0,0,0
510265,1,1,0,0,0,0,0,0,0,0,0,0
510265,2,1,0,0,0,0,0,0,0,0,0,0
510266,0,1,37,37,37,37,37,37,37,37,37,37
510266,1,1,0,0,0,0,0,0,0,0,0,0
510266,2,1,0,0,0,0,0,0,0,0,0,0
510267,1,1,0,0,0,0,0,0,0,0,0,0
510268,1,1,0,0,0,0,0,0,0,0,0,0
510268,2,1,0,0,0,0,0,0,0,0,0,0
510269,1,1,11,11,11,11,11,11,11,11,11,11
510270,1,1,0,0,0,0,0,0,0,0,0,0
510271,1,1,0,0,0,0,0,0,0,0,0,0
510271,2,1,0,0,0,0,0,0,0,0,0,0
510272,1,1,0,0,0,0,0,0,0,0,0,0
510272,2,1,0,0,0,0,0,0,0,0,0,0
510273,1,1,15,15,15,15,15,15,15,15,15,15
510274,1,1,0,0,0,0,0,0,8,0,29,3
510275,1,1,0,0,0,0,0,0,0,0,0,0
510275,2,1,0,0,0,0,0,0,0,0,0,0
510276,1,1,0,0,0,0,0,0,0,0,0,0
510277,1,1,0,0,0,0,0,0,0,0,0,0
510278,1,1,10,0,0,0,0,0,0,0,0,0
510278,2,1,0,0,0,0,0,0,0,0,0,0
510279,1,1,4,4,4,4,4,4,4,4,4,4
510280,1,1,4,4,4,4,4,4,4,4,4,4
510281,1,1,0,0,0,0,0,0,14,0,0,13
510282,1,1,0,0,0,0,0,0,0,0,0,0
510282,2,1,0,0,0,0,0,0,0,0,0,0
510283,1,1,0,0,0,0,0,0,0,0,0,0
510283,2,1,0,0,0,0,0,0,0,0,0,0
510284,0,1,0,0,0,0,0,0,0,0,0,0
510284,1,1,0,0,0,0,0,0,0,0,0,0
510285,1,1,0,0,0,0,0,0,0,0,0,0
510286,1,1,23,0,11,25,0,9,25,20,0,9
510286,2,1,0,0,0,0,0,0,0,0,0,0
510287,1,1,0,0,0,0,0,0,0,0,0,0
510288,1,1,0,0,0,0,0,0,0,0,0,17
510289,1,1,0,0,0,0,0,0,0,0,0,0
510289,2,1,0,0,0,0,0,0,0,0,0,0
510290,1,1,0,0,0,0,0,0,0,11,0,0
510291,1,1,0,0,0,0,0,0,0,0,0,0
510292,1,1,15,15,15,15,15,15,15,15,15,15
510293,1,1,16,16,16,16,16,16,16,16,16,16
510294,1,1,0,0,0,0,0,0,0,0,0,0
510294,2,1,0,0,0,0,0,0,0,0,0,25
510295,1,1,0,0,0,0,0,0,0,0,0,0
510295,2,1,0,0,0,0,0,0,0,0,0,0
510296,0,1,15,15,15,15,15,15,15,15,15,15
510296,1,1,0,0,0,0,0,0,0,0,0,0
510297,1,1,0,0,0,0,0,0,0,0,7,0
510297,2,1,0,0,0,0,0,0,0,0,0,0
510298,1,1,0,0,0,0,0,0,0,0,0,0
510298,2,1,0,0,0,0,0,0,0,0,0,0
510299,1,1,22,22,22,22,22,22,22,22,22,22
510300,1,1,10,10,10,10,10,10,10,10,10,10
510300,2,1,0,0,15,0,16,0,0,0,0,0
510301,0,1,5,5,5,5,5,5,5,5,5,5
510301,1,1,0,0,0,0,0,0,0,0,0,0
510302,1,1,23,23,23,23,23,23,23,23,23,23
510303,1,1,0,0,0,0,0,0,0,0,0,0
510303,2,1,0,0,0,0,0,0,0,0,0,0
510303,3,1,0,0,0,0,0,0,0,0,0,0
510304,1,1,0,0,0,0,0,0,0,0,0,0
510304,2,1,0,0,0,0,0,0,0,0,0,0
510305,1,1,18,18,18,18,18,18,18,18,18,18
510306,0,1,31,31,31,31,31,31,31,31,31,31
510306,1,1,0,0,19,0,0,0,0,0,0,0
510307,1,1,0,0,0,0,0,0,0,0,0,0
510308,1,1,22,22,22,22,22,22,22,22,22,22
510309,1,1,0,0,0,0,0,0,0,0,0,0
510310,1,1,0,0,12,7,0,0,0,0,0,10
510310,2,1,0,0,0,0,0,0,0,0,12,0
510310,3,1,0,0,0,0,15,0,0,0,0,20
510311,1,1,23,23,23,23,23,23,23,23,23,23
510312,1,1,0,0,0,0,0,0,0,0,0,0
510312,2,1,0,0,0,0,0,0,0,0,0,0
510312,3,1,0,0,0,0,0,0,0,0,15,0
510312,4,1,0,0,0,0,0,0,0,0,0,0
510313,1,1,12,0,0,0,0,0,0,0,0,0
510313,2,1,0,0,0,0,0,0,0,0,0,0
510314,1,1,0,0,0,0,0,0,0,0,0,0
510315,1,1,22,22,22,22,22,22,22,22,22,22
510316,1,1,0,0,0,0,0,0,0,0,0,0
510316,2,1,0,0,0,0,0,0,0,0,0,0
510317,1,1,8,8,8,8,8,8,8,8,8,8
510317,2,1,0,0,0,0,0,40,0,0,0,0
510317,3,1,0,0,13,0,7,10,0,0,0,0
510317,4,1,0,0,0,0,0,0,0,0,0,0
510318,1,1,0,0,0,0,0,0,0,0,0,0
510319,0,1,0,0,0,0,0,0,0,0,0,0
510319,1,1,0,0,22,18,13,13,9,17,0,0
510320,0,1,0,0,0,0,0,0,0,0,0,0
510320,1,1,0,0,0,0,0,0,0,0,0,0
510321,0,1,0,0,0,0,0,0,0,0,0,0
510321,1,1,0,0,7,0,20,0,16,0,0,0
510322,1,1,0,0,0,0,0,0,0,0,0,0
510323,1,1,0,0,0,0,0,0,0,0,0,0
510324,1,1,0,0,0,0,0,0,0,0,0,0
510324,2,1,0,0,0,0,0,0,0,0,0,0
510325,1,1,0,0,0,0,0,0,0,14,0,14
510326,1,1,0,0,0,0,0,0,0,0,0,0
510327,1,1,14,14,14,14,14,14,14,14,14,14
510327,2,1,12,19,10,30,17,19,20,2,24,5
510328,0,1,0,0,0,22,0,0,0,0,0,0
510328,0,2,6,0,0,0,0,0,0,0,0,20
510328,1,1,0,0,0,0,0,0,0,0,0,0
510329,1,1,0,0,0,0,0,0,0,0,0,0
510329,2,1,0,0,0,0,0,0,0,0,0,0
510330,1,1,0,0,0,0,0,0,0,0,0,0
510330,2,1,0,0,0,0,0,0,0,0,0,0
510331,0,1,30,30,30,30,30,30,30,30,30,30
510331,1,1,0,0,0,0,0,0,0,0,0,0
510332,0,1,0,0,0,0,0,0,0,0,0,0
510332,1,1,0,0,0,0,0,0,0,0,0,0
510333,1,1,0,0,0,0,0,0,0,0,0,0
510334,1,1,12,12,12,12,12,12,12,12,12,12
510334,2,1,0,0,0,0,0,7,24,8,9,0
510335,1,1,0,0,0,0,0,0,0,0,0,0
510335,2,1,0,0,0,0,0,0,0,0,0,0
510336,1,1,0,0,0,0,0,0,0,0,0,0
510337,1,1,0,0,0,0,0,0,0,0,0,0
510338,1,1,34,0,0,0,0,0,0,0,0,0
510339,1,1,0,0,0,0,0,0,0,0,0,0
510340,1,1,0,0,0,0,0,0,0,27,0,0
510341,1,1,0,0,0,0,0,0,0,0,0,0
510342,1,1,0,0,0,0,0,0,0,0,0,0
510342,2,1,0,0,0,0,0,28,0,0,0,0
510342,3,1,0,0,0,0,0,0,0,0,0,0
510343,1,1,0,0,0,0,0,0,0,0,0,0
510344,0,1,31,31,31,31,31,31,31,31,31,31
510344,1,1,0,0,0,0,0,0,0,0,0,0
510345,1,1,0,0,0,0,0,0,0,0,0,0
510345,2,1,0,0,0,0,0,0,0,0,0,0
510346,1,1,0,0,0,0,0,0,0,0,0,0
510347,1,1,15,15,15,15,15,15,15,15,15,15
510348,0,1,30,30,30,30,30,30,30,30,30,30
510348,1,1,0,0,0,0,0,0,0,14,0,0
510349,0,1,0,0,0,0,0,0,0,0,0,0
510349,1,1,0,0,0,0,0,0,0,0,0,0
510350,1,1,19,19,19,19,19,19,19,19,19,19
510351,1,1,0,0,0,0,0,0,0,0,0,0
510352,1,1,0,0,0,0,0,0,0,0,0,0
510352,2,1,0,0,0,0,0,0,0,0,0,0
510353,1,1,0,0,0,0,0,0,0,0,0,0
510353,2,1,0,0,0,0,0,0,0,0,0,0
510354,1,1,0,0,0,0,0,0,0,0,0,0
510355,1,1,38,38,38,38,38,38,38,38,38,38
510356,1,1,0,0,0,0,0,0,0,0,0,0
510356,2,1,0,0,0,0,0,0,0,0,0,11
510357,1,1,0,0,0,0,0,0,0,0,0,0
510358,1,1,0,0,0,0,0,0,0,0,0,0
510358,2,1,0,0,0,0,0,0,0,0,0,0
510358,3,1,0,0,0,0,0,0,0,0,0,0
510359,1,1,0,0,0,0,0,0,0,0,0,0
510359,2,1,0,0,0,0,0,0,0,0,0,0
510359,3,1,0,0,0,0,17,24,0,0,0,28
510360,1,1,0,0,0,0,0,0,0,0,0,0
510360,2,1,0,0,0,4,0,0,0,0,0,0
510361,1,1,29,29,29,29,29,29,29,29,29,29
510362,1,1,0,0,7,0,0,0,11,10,37,0
510363,1,1,0,0,0,0,0,0,0,0,0,0
510364,1,1,0,28,0,7,0,0,0,9,0,0
510364,2,1,23,23,23,23,23,23,23,23,23,23
510365,1,1,0,11,40,0,36,0,25,0,0,0
510366,1,1,0,0,0,0,0,0,0,0,0,0
510367,1,1,0,0,0,0,0,0,0,0,0,0
510367,2,1,0,0,0,0,0,0,0,0,0,0
510368,1,1,0,0,0,0,0,0,0,0,0,0
510369,1,1,32,32,32,32,32,32,32,32,32,32
510370,1,1,0,0,0,0,0,0,0,0,13,0
510371,1,1,19,19,19,19,19,19,19,19,19,19
510372,1,1,2,2,2,2,2,2,2,2,2,2
510373,1,1,14,15,21,20,14,8,10,17,7,10
510373,2,1,2,2,2,2,2,2,2,2,2,2
510374,1,1,0,0,0,27,0,0,0,0,0,0
510374,2,1,0,0,0,0,0,0,0,0,0,0
510375,1,1,15,15,15,15,15,15,15,15,15,15
510376,1,1,0,0,0,0,0,0,0,0,0,0
510376,2,1,0,0,0,22,0,0,0,0,6,0
510377,0,1,22,22,22,22,22,22,22,22,22,22
510377,1,1,0,0,0,0,0,0,0,0,0,0
510378,1,1,0,0,0,0,0,0,0,0,0,0
510379,1,1,0,15,0,0,0,0,0,0,0,0
510379,2,1,0,0,0,0,0,0,0,0,0,0
510380,1,1,0,17,0,0,0,0,0,0,0,0
510380,2,1,0,0,0,0,0,0,0,0,0,0
510381,1,1,16,16,16,16,16,16,16,16,16,16
510382,1,1,0,0,0,0,0,0,0,0,0,0
510383,0,1,27,27,27,27,27,27,27,27,27,27
510383,1,1,0,20,8,44,13,7,0,34,10,13
510384,1,1,0,0,0,0,0,0,0,9,0,0
510385,1,1,0,0,0,0,0,0,0,0,0,0
510385,2,1,0,0,0,0,0,0,0,0,0,0
510386,0,1,32,32,32,32,32,32,32,32,32,32
510386,1,1,0,0,0,0,22,0,0,0,24,0
510387,1,1,25,25,25,25,25,25,25,25,25,25
510388,1,1,33,19,5,13,6,0,18,15,0,23
510389,1,1,21,21,21,21,21,21,21,21,21,21
510389,2,1,12,0,0,0,0,0,0,11,0,9
510390,1,1,0,0,0,0,0,0,0,0,0,0
510391,1,1,0,0,0,0,0,0,0,0,18,0
510391,2,1,0,0,0,0,0,0,0,0,0,0
510392,1,1,0,0,0,0,0,0,0,0,0,0
510392,2,1,0,0,0,0,0,0,0,0,0,0
510393,1,1,0,15,0,0,0,15,0,16,0,28
510393,2,1,0,0,0,0,0,0,0,0,0,0
510394,1,1,0,0,6,0,0,0,0,0,0,0
510395,1,1,0,0,0,0,0,0,0,0,0,0
510396,1,1,21,21,21,21,21,21,21,21,21,21
510396,2,1,0,0,0,0,0,0,0,0,0,0
510396,3,1,0,0,0,0,0,0,0,0,0,0
510397,0,1,0,0,0,0,0,0,0,0,0,0
510397,1,1,12,21,22,13,21,19,15,15,13,17
510398,1,1,0,0,0,0,0,0,0,0,0,0