ST_CASE,VEH_NO,PER_NO,P1,P2,P3,P4,P5,P6,P7,P8,P9,P10
510717,2,1,0,0,0,0,0,0,0,0,0,0
510717,3,1,0,0,0,0,0,0,17,13,0,0
510718,1,1,0,8,12,17,17,16,15,18,16,14
510719,1,1,21,21,21,21,21,21,21,21,21,21
510719,2,1,0,0,0,0,0,0,0,0,0,0
510720,1,1,0,0,0,0,0,0,0,0,0,0
510721,1,1,0,0,0,0,0,0,0,0,0,0
510721,2,1,0,12,0,0,0,0,0,0,0,0
510722,1,1,0,0,0,0,0,0,0,0,0,0
510723,1,1,0,0,0,0,0,0,0,0,0,0
510724,1,1,0,0,0,0,0,0,0,0,0,0
510725,1,1,0,0,12,0,0,0,0,0,11,0
510725,2,1,0,0,0,0,0,0,0,0,0,0
510726,1,1,0,0,0,0,0,0,0,0,0,0
510726,2,1,0,0,0,0,0,0,0,0,0,0
510726,3,1,0,0,0,0,0,0,0,0,0,0
510727,0,1,0,0,0,0,0,0,0,0,0,0
510727,1,1,0,0,0,0,0,0,0,0,0,0
510728,1,1,0,9,0,14,13,0,0,23,12,23
510729,1,1,0,0,0,0,0,0,0,0,0,0
510730,1,1,12,12,12,12,12,12,12,12,12,12
510731,1,1,12,12,12,12,12,12,12,12,12,12
510732,1,1,9,9,9,9,9,9,9,9,9,9
510732,2,1,0,0,0,0,0,0,2,0,0,0
510733,1,1,33,33,33,33,33,33,33,33,33,33
510734,1,1,0,0,0,0,0,0,0,0,0,0
510735,1,1,18,18,18,18,18,18,18,18,18,18
510736,0,1,0,0,0,0,0,0,0,0,0,0
510736,1,1,0,0,0,0,0,0,0,0,0,0
510737,1,1,0,0,0,0,0,0,0,0,0,0
510738,1,1,0,0,0,0,0,0,0,0,0,0
510739,1,1,0,0,0,0,0,0,0,0,0,0
510739,2,1,0,0,0,0,0,0,0,0,0,0
510740,1,1,0,26,15,0,14,17,10,13,9,29
510740,2,1,0,0,0,0,0,0,0,0,0,0
510741,1,1,0,0,0,0,0,0,0,0,0,0
510741,2,1,0,0,0,0,0,0,0,0,0,0
510742,1,1,0,0,0,0,0,0,0,15,0,0
510743,1,1,0,0,0,0,0,0,0,0,0,0
510744,1,1,17,17,17,17,17,17,17,17,17,17
510745,1,1,0,0,0,0,0,0,0,0,0,0
510745,2,1,0,0,0,0,0,0,0,0,0,0
510746,1,1,0,0,0,0,0,0,0,0,0,0
510747,0,1,8,8,8,8,8,8,8,8,8,8
510747,1,1,29,0,0,0,11,0,0,0,0,0
510747,2,1,0,0,0,0,0,0,0,0,0,19
510748,1,1,18,18,18,18,18,18,18,18,18,18
510749,1,1,20,20,20,20,20,20,20,20,20,20
510750,1,1,0,0,0,0,0,0,0,0,0,0
510751,1,1,18,18,18,18,18,18,18,18,18,18
510752,1,1,0,0,0,0,0,0,0,0,0,0
510753,0,1,0,0,0,0,0,0,0,0,0,0
510753,1,1,0,0,0,0,0,0,24,0,0,0
510754,1,1,0,0,0,0,0,0,0,0,0,0
510754,2,1,0,0,0,0,0,0,0,0,0,0
510754,3,1,0,0,0,0,0,0,0,0,0,0
510755,1,1,0,18,0,15,10,0,0,12,0,32
510756,1,1,0,0,0,0,0,0,0,0,0,0
510756,2,1,0,13,0,0,0,0,0,0,0,0
510757,1,1,21,21,21,21,21,21,21,21,21,21
510757,2,1,0,0,0,0,0,0,0,0,0,0
510758,0,1,0,0,0,0,0,0,0,0,0,0
510758,1,1,0,0,0,0,0,7,0,0,0,0
510759,0,1,0,0,0,16,0,14,0,0,0,0
510759,1,1,0,0,0,0,0,0,0,10,0,16
510760,0,1,0,0,0,0,0,0,0,15,0,0
510760,1,1,0,0,0,0,0,0,0,0,0,0
510761,1,1,0,0,0,0,0,0,0,0,22,0
510761,2,1,0,0,0,0,0,0,0,0,0,0
510762,1,1,0,0,0,0,0,0,0,0,0,0
510763,1,1,0,0,0,0,0,0,0,0,0,0
510763,2,1,0,0,0,0,0,0,0,0,0,0
510764,1,1,0,19,12,6,17,0,0,17,34,21
510765,1,1,0,18,0,14,16,18,0,11,0,12
510766,0,1,0,0,0,0,0,0,0,0,0,0
510766,1,1,20,0,13,21,15,0,22,0,13,10
510767,1,1,0,0,0,0,0,0,0,0,0,0
510768,1,1,19,19,19,19,19,19,19,19,19,19
510769,1,1,0,0,0,0,0,0,0,0,0,0
510769,2,1,0,0,0,0,0,0,0,0,0,0
510770,0,1,0,0,0,0,0,0,0,0,0,0
510770,0,2,0,0,0,0,0,0,0,0,0,0
510770,1,1,0,0,0,0,0,0,0,0,0,0
510771,1,1,14,21,34,19,23,15,0,0,12,17
510771,2,1,0,0,0,0,10,0,0,0,0,0
510772,1,1,0,0,0,0,0,0,0,0,0,0
510773,1,1,0,0,0,0,0,0,0,0,0,0
510773,2,1,0,0,0,17,0,0,0,0,0,0
510774,1,1,14,14,14,14,14,14,14,14,14,14
510774,2,1,0,0,8,0,0,0,0,0,0,0
510776,1,1,27,23,12,25,27,11,6,8,19,0
510777,0,1,0,0,0,0,0,0,0,0,0,0
510777,1,1,0,0,0,0,0,0,0,0,0,0
510778,1,1,0,0,0,0,0,0,0,0,0,0
510778,2,1,0,0,0,0,0,0,0,0,0,0
510778,3,1,10,0,0,0,0,0,0,0,0,0
510779,1,1,0,0,0,0,0,0,0,0,0,0
510779,2,1,0,5,16,0,0,7,0,0,0,0
510780,1,1,0,0,0,0,0,0,0,0,0,0
510780,2,1,0,0,0,0,0,0,0,0,0,0
510781,0,1,0,0,0,0,0,0,0,0,0,0
510781,1,1,0,0,0,0,0,0,0,0,20,0
510782,1,1,20,20,20,20,20,20,20,20,20,20
510782,2,1,0,0,0,0,0,0,0,0,0,0
510783,1,1,0,0,0,0,0,0,0,0,0,0
510783,2,1,0,0,0,0,0,0,0,0,0,0
510784,0,1,29,29,29,29,29,29,29,29,29,29
510784,1,1,0,0,0,0,0,0,0,0,0,0
510785,0,1,0,0,0,0,0,0,0,0,0,0
510785,1,1,0,0,0,0,0,0,0,0,0,0
510786,1,1,0,0,0,0,0,0,0,0,0,0
510786,2,1,0,0,0,0,0,0,0,0,0,0
510786,3,1,0,0,0,0,0,0,0,0,0,0
510787,1,1,0,0,0,0,0,4,0,0,0,0
510787,2,1,0,0,0,0,0,0,0,0,0,0
510788,0,1,0,0,0,0,0,0,0,0,0,0
510788,1,1,0,9,0,0,0,0,0,0,13,35
510789,0,1,0,0,0,0,0,0,0,0,0,0
510789,2,1,0,0,16,43,32,0,7,13,0,25
510790,0,1,29,29,29,29,29,29,29,29,29,29
510790,1,1,0,0,0,7,0,0,0,8,0,0
510791,0,1,0,0,0,0,0,0,0,0,0,0
510791,1,1,0,0,0,0,0,0,0,0,0,0
510792,0,1,22,22,22,22,22,22,22,22,22,22
510792,1,1,0,20,25,5,2,0,0,0,8,12
530001,1,1,5,5,5,5,5,5,5,5,5,5
530002,1,1,19,19,19,19,19,19,19,19,19,19
530004,0,1,0,0,0,0,0,0,0,0,0,0
530004,1,1,14,14,14,14,14,14,14,14,14,14
530005,0,1,0,0,0,0,0,0,0,0,0,0
530005,1,1,5,5,5,5,5,5,5,5,5,5
530006,0,1,0,0,0,0,0,0,0,0,0,0
530006,1,1,0,0,0,0,0,0,0,0,0,0
530006,2,1,0,0,0,0,0,0,0,0,0,0
530006,3,1,0,0,0,0,0,0,0,2,0,0
530007,0,1,0,0,0,0,0,0,0,0,0,0
530007,1,1,0,0,0,0,0,0,0,0,0,0
530008,1,1,0,0,0,0,0,0,0,0,0,0
530008,2,1,0,0,0,0,0,0,0,0,0,0
530008,3,1,0,0,0,0,0,0,0,0,0,0
530009,1,1,0,0,0,0,0,0,0,0,0,0
530009,2,1,0,0,0,0,0,0,0,0,0,0
530010,1,1,0,0,0,0,0,0,0,0,0,0
530010,2,1,0,0,0,0,0,0,0,0,0,0
530011,1,1,0,0,0,0,0,0,0,0,0,0
530012,1,1,21,21,21,21,21,21,21,21,21,21
530012,2,1,0,0,0,0,0,0,0,0,0,0
530013,1,1,0,0,0,0,0,0,0,0,0,0
530014,0,1,0,0,0,0,0,0,0,0,0,0
530014,1,1,0,0,0,0,0,9,0,0,0,0
530015,1,1,38,38,38,38,38,38,38,38,38,38
530016,1,1,11,11,11,11,11,11,11,11,11,11
530016,2,1,0,0,0,0,0,0,5,0,0,0
530017,0,1,0,0,0,0,0,0,0,0,0,0
530017,1,1,0,0,0,0,0,0,0,0,0,0
530018,1,1,0,0,0,0,0,0,0,0,0,0
530018,2,1,0,0,0,0,0,0,0,0,0,0
530018,3,1,0,0,0,0,13,0,0,0,0,0
530019,1,1,23,23,23,23,23,23,23,23,23,23
530019,2,1,0,0,0,0,0,0,0,0,0,0
530020,0,1,15,15,15,15,15,15,15,15,15,15
530020,1,1,0,0,0,0,0,0,0,0,0,0
530021,2,1,0,0,0,0,0,0,0,0,0,0
530022,1,1,0,0,0,0,0,0,0,0,0,0
530022,2,1,0,0,0,0,0,0,0,0,0,0
530022,3,1,0,0,0,0,0,0,0,0,0,0
530023,1,1,26,26,26,26,26,26,26,26,26,26
530024,1,1,25,25,25,25,25,25,25,25,25,25
530025,1,1,0,0,0,0,0,0,0,0,0,0
530025,2,1,21,0,0,0,0,0,0,0,0,0
530025,3,1,0,0,0,0,0,0,0,0,0,0
530026,1,1,18,18,18,18,18,18,18,18,18,18
530026,2,1,0,0,0,0,0,0,0,0,0,0
530026,3,1,0,0,0,0,24,0,0,0,0,0
530027,0,1,24,24,24,24,24,24,24,24,24,24
530027,1,1,16,0,25,0,0,0,4,0,0,5
530028,1,1,0,0,0,0,0,0,0,0,0,0
530028,2,1,0,0,0,0,0,0,0,0,0,0
530029,0,1,0,0,0,0,0,0,0,0,0,0
530029,1,1,0,0,24,0,0,0,0,0,0,0
530031,1,1,0,0,0,0,0,0,0,0,0,0
530031,2,1,0,0,0,0,0,0,0,0,0,0
530032,1,1,29,29,29,29,29,29,29,29,29,29
530033,1,1,8,8,8,8,8,8,8,8,8,8
530034,1,1,18,18,18,18,18,18,18,18,18,18
530034,2,1,0,0,0,0,0,0,0,0,0,0
530035,0,1,0,0,0,0,0,0,0,0,0,0
530035,0,2,0,11,17,0,0,16,0,0,0,0
530035,1,1,0,0,0,0,0,0,0,13,16,9
530036,1,1,13,13,13,13,13,13,13,13,13,13
530036,2,1,0,0,0,0,0,0,0,0,0,0
530037,0,1,0,0,0,0,0,0,0,0,0,0
530037,1,1,0,0,0,0,0,0,0,0,0,0
530038,1,1,0,13,0,15,17,9,0,0,3,22
530038,2,1,29,0,0,0,13,0,10,0,0,0
530039,0,1,0,0,0,0,0,0,0,0,0,0
530039,1,1,0,0,0,0,0,0,0,0,0,0
530040,1,1,0,0,0,0,0,0,0,0,0,0
530041,1,1,0,0,0,8,0,0,0,0,0,0
530041,2,1,0,0,0,0,0,0,0,0,0,0
530042,1,1,0,0,0,0,0,0,0,0,0,0
530042,2,1,0,0,0,0,0,0,0,0,0,0
530042,3,1,0,0,0,0,0,0,0,0,0,0
530043,1,1,0,0,0,0,0,0,0,0,0,0
530043,2,1,0,25,0,0,0,0,0,0,0,0
530044,1,1,0,0,0,0,0,0,0,0,0,0
530044,2,1,0,0,0,0,0,0,0,0,0,0
530045,1,1,0,0,0,0,0,0,0,0,0,0
530045,2,1,0,0,0,0,0,0,0,0,0,0
530046,1,1,26,26,26,26,26,26,26,26,26,26
530047,1,1,0,0,0,0,0,0,0,0,0,0
530047,2,1,0,0,0,0,0,0,0,0,0,0
530048,0,1,0,0,0,0,0,0,0,0,0,0
530048,1,1,0,7,0,23,0,0,0,0,0,0
530049,0,1,0,0,0,0,0,0,0,0,0,0
530049,1,1,0,0,0,0,0,0,0,0,0,0
530050,0,1,19,0,13,17,5,20,27,0,18,17
530050,1,1,26,21,21,22,34,11,19,2,12,0
530051,1,1,8,8,8,8,8,8,8,8,8,8
530052,2,1,0,0,0,0,0,0,0,0,0,0
530053,0,1,31,31,31,31,31,31,31,31,31,31
530053,1,1,0,0,0,0,0,0,0,0,0,0
530054,1,1,0,0,0,0,0,0,0,0,0,0
530055,1,1,0,0,0,0,0,0,0,0,0,0
530056,1,1,0,0,18,0,0,0,0,0,0,0
530056,2,1,0,0,0,0,0,0,0,0,7,0
530057,1,1,0,0,0,0,0,0,0,0,0,0
530057,2,1,0,0,0,0,0,0,0,0,0,0
530057,3,1,0,0,0,0,0,0,0,0,0,15
530058,1,1,0,0,0,0,0,0,0,0,0,0
530058,2,1,0,0,0,0,0,0,0,0,0,0
530059,0,1,0,0,35,0,27,21,0,0,0,0
530059,1,1,0,0,0,0,0,0,0,0,0,0
530060,1,1,0,0,0,0,0,0,0,0,0,0
530060,2,1,0,0,0,0,0,0,0,1,0,4
530061,0,1,0,0,0,15,0,0,44,0,19,28
530061,1,1,0,0,0,0,0,17,0,0,0,0
530062,1,1,2,2,2,2,2,2,2,2,2,2
530063,1,1,0,0,0,0,0,0,0,0,0,0
530063,2,1,0,0,0,0,0,0,0,0,0,0
530064,1,1,0,0,0,0,0,0,0,0,0,0
530064,2,1,0,0,0,0,0,0,0,0,0,0
530065,1,1,0,0,0,0,0,15,0,0,22,12
530066,1,1,16,0,0,0,0,0,0,0,0,0
530066,2,1,0,0,0,0,0,0,0,0,0,0
530067,0,1,19,19,19,19,19,19,19,19,19,19
530067,1,1,26,4,19,16,16,18,25,26,22,22
530068,1,1,15,15,15,15,15,15,15,15,15,15
530069,1,1,0,0,0,0,0,0,0,0,0,0
530070,0,1,0,0,0,0,0,0,0,0,0,0
530070,1,1,0,0,0,17,0,9,0,0,0,0
530071,1,1,23,23,23,23,23,23,23,23,23,23
530072,0,1,16,12,13,18,6,20,10,5,0,14
530072,1,1,0,0,0,0,0,0,0,0,0,0
530073,1,1,18,18,18,18,18,18,18,18,18,18
530074,1,1,22,22,22,22,22,22,22,22,22,22
530075,1,1,0,0,0,0,0,4,0,0,0,0
530075,2,1,9,9,9,9,9,9,9,9,9,9
530076,1,1,0,0,0,0,0,0,0,0,0,17
530076,2,1,0,0,0,0,0,0,0,0,0,0
530076,3,1,0,0,0,0,0,0,0,0,0,0
530077,1,1,16,16,16,16,16,16,16,16,16,16
530078,1,1,0,0,0,0,0,0,0,0,0,0
530079,1,1,0,0,0,0,0,0,0,0,0,0
530079,2,1,0,0,0,17,0,0,0,0,0,0
530080,1,1,0,0,0,0,0,0,0,0,0,0
530080,2,1,0,0,0,0,0,0,0,0,0,0
530080,3,1,0,0,0,0,0,20,0,0,0,0
530080,4,1,0,0,0,0,0,0,0,0,0,0
530081,1,1,16,16,16,16,16,16,16,16,16,16
530082,1,1,0,0,0,0,0,0,0,0,0,0
530083,1,1,16,16,16,16,16,16,16,16,16,16
530084,0,1,0,0,0,0,0,0,0,0,0,0
530084,1,1,0,0,0,0,0,0,0,0,0,0
530085,1,1,0,0,0,0,0,0,0,0,0,0
530085,2,1,0,0,0,0,0,0,0,0,0,0
530086,1,1,0,0,0,0,0,0,0,0,0,0
530086,2,1,0,0,0,0,0,0,0,0,0,0
530086,3,1,0,0,0,0,0,0,0,7,0,0
530087,1,1,10,10,10,10,10,10,10,10,10,10
530088,1,1,0,0,0,0,0,0,0,0,0,0
530088,2,1,0,0,0,0,0,0,0,0,0,0
530089,0,1,0,0,0,0,0,0,0,0,0,0
530089,1,1,0,0,0,0,0,0,0,0,0,0
530090,0,1,0,0,0,0,0,0,0,0,0,0
530090,1,1,0,0,0,0,0,0,0,0,0,0
530091,1,1,0,0,0,0,0,0,0,0,0,0
530091,2,1,0,0,0,0,0,0,0,0,0,0
530092,1,1,6,6,6,6,6,6,6,6,6,6
530092,2,1,0,0,0,0,0,0,0,0,0,0
530093,0,1,0,0,0,0,0,0,0,0,0,0
530093,1,1,0,0,0,0,0,0,0,0,0,0
530094,1,1,16,16,16,16,16,16,16,16,16,16
530095,1,1,0,0,0,0,0,11,0,0,0,0
530095,2,1,0,0,0,0,0,0,0,0,0,0
530096,1,1,0,0,0,0,0,23,0,0,0,0
530097,1,1,6,6,6,6,6,6,6,6,6,6
530097,2,1,0,0,0,0,0,0,0,25,0,0
530097,3,1,0,0,0,0,0,0,0,0,21,0
530098,0,1,0,0,0,0,0,0,0,0,0,0
530098,1,1,0,0,0,0,0,0,0,0,0,0
530099,1,1,18,18,18,18,18,18,18,18,18,18
530100,0,1,0,0,0,0,0,0,0,0,0,0
530100,1,1,0,0,0,0,0,0,0,0,0,0
530101,1,1,28,28,28,28,28,28,28,28,28,28
530102,1,1,0,0,0,0,0,0,0,0,0,0
530102,2,1,0,0,5,0,0,0,0,0,0,0
530103,1,1,0,0,0,0,0,0,0,0,0,0
530104,1,1,7,7,7,7,7,7,7,7,7,7
530105,0,1,0,0,0,0,0,0,0,0,0,0
530105,1,1,0,0,0,0,0,0,0,0,0,0
530106,1,1,15,15,15,15,15,15,15,15,15,15
530107,1,1,10,10,10,10,10,10,10,10,10,10
530107,2,1,0,0,9,0,0,0,0,0,0,0
530109,1,1,6,6,6,6,6,6,6,6,6,6
530110,0,1,0,0,0,0,0,0,0,0,0,0
530110,1,1,0,0,0,0,0,0,0,15,0,0
530111,1,1,0,0,0,0,0,0,0,0,0,0
530111,2,1,0,0,0,0,0,0,0,0,0,0
530111,3,1,0,0,0,0,0,0,0,0,0,0
530112,1,1,0,0,0,0,12,23,18,32,28,0
530113,0,1,46,46,46,46,46,46,46,46,46,46
530113,0,2,0,14,0,0,16,0,25,24,0,0
530113,1,1,0,0,14,0,0,0,0,0,0,0
530114,1,1,0,0,0,0,0,0,0,0,0,0
530115,1,1,0,0,0,0,0,0,0,0,0,0
530115,2,1,0,0,0,0,0,0,0,0,0,0
530115,3,1,0,0,0,0,0,0,0,0,0,0
530116,1,1,0,0,0,0,0,0,0,0,0,0
530116,2,1,0,0,0,0,0,0,0,0,0,4
530117,0,1,0,0,0,0,0,0,0,0,0,0
530117,1,1,0,0,0,0,0,0,0,0,0,0
530118,1,1,14,14,14,14,14,14,14,14,14,14
530119,0,1,21,21,21,21,21,21,21,21,21,21
530119,1,1,13,12,0,21,16,0,3,0,21,8
530120,1,1,0,0,0,0,0,0,0,0,0,0
530121,1,1,22,0,0,0,4,0,0,19,5,10
530121,2,1,0,0,0,0,0,0,0,0,0,0
530121,3,1,34,0,0,0,0,0,0,0,0,0
530122,1,1,0,0,0,0,0,0,0,0,0,0
530123,1,1,10,23,32,0,19,7,3,0,31,0
530124,0,1,15,15,15,15,15,15,15,15,15,15
530124,1,1,15,0,12,0,0,0,0,0,0,0
530125,1,1,0,0,0,0,0,0,0,0,0,0
530125,2,1,0,0,0,0,0,0,0,0,0,0
530126,0,1,0,0,0,0,0,0,0,0,0,0
530126,1,1,5,15,8,9,13,21,11,21,0,0
530127,1,1,0,0,0,0,0,0,0,0,0,0
530127,2,1,0,0,0,0,0,0,0,0,0,0
530128,1,1,0,0,0,0,0,0,0,0,0,13
530128,2,1,0,0,0,0,0,0,0,0,0,0
530129,1,1,0,0,0,0,0,5,0,0,0,36
530129,2,1,0,0,0,0,0,0,0,0,0,0
530129,3,1,0,0,0,0,0,0,0,0,0,0
530130,0,1,25,25,25,25,25,25,25,25,25,25
530130,1,1,0,0,0,0,0,0,0,0,0,0
530131,1,1,21,21,21,21,21,21,21,21,21,21
530132,1,1,18,18,18,18,18,18,18,18,18,18
530133,1,1,0,0,0,0,0,0,0,0,0,0
530133,2,1,0,0,0,3,0,0,0,0,0,0
530134,1,1,0,0,0,0,0,0,0,0,0,0
530134,2,1,0,0,0,0,0,0,0,0,0,0
530135,1,1,0,0,0,0,0,0,0,0,0,0
530135,2,1,0,0,0,0,0,0,0,0,0,0
530136,1,1,0,0,0,0,0,0,0,0,0,0
530137,0,1,17,17,17,17,17,17,17,17,17,17
530137,1,1,0,0,0,0,0,0,0,0,0,0
530138,1,1,0,0,0,0,0,0,0,0,0,0
530138,2,1,0,0,0,0,0,0,0,0,0,0
530139,1,1,25,25,25,25,25,25,25,25,25,25
530139,2,1,13,13,13,13,13,13,13,13,13,13
530141,1,1,0,0,0,0,0,0,0,0,0,0
530141,2,1,0,0,0,0,0,0,0,0,0,0
530141,3,1,0,0,0,0,0,0,0,0,0,0
530141,4,1,0,0,0,0,0,0,0,0,0,0
530142,1,1,26,26,26,26,26,26,26,26,26,26
530143,1,1,0,0,0,0,0,0,0,0,0,0
530143,2,1,0,0,0,0,0,0,0,0,0,0
530144,1,1,18,18,18,18,18,18,18,18,18,18
530145,1,1,18,18,18,18,18,18,18,18,18,18
530145,2,1,0,0,0,0,0,0,0,0,0,0
530147,1,1,3,3,3,3,3,3,3,3,3,3
530148,1,1,0,0,11,0,0,0,25,12,0,0
530149,0,1,30,30,30,30,30,30,30,30,30,30
530149,1,1,0,0,0,32,0,7,0,0,0,0
530150,1,1,16,16,16,16,16,16,16,16,16,16
530151,1,1,27,27,27,27,27,27,27,27,27,27
530152,1,1,2,2,2,2,2,2,2,2,2,2
530153,1,1,0,0,0,0,0,0,0,0,0,0
530153,2,1,0,0,0,0,0,0,0,0,0,0
530153,3,1,0,0,0,0,0,0,0,0,0,0
530154,1,1,0,0,0,0,0,0,0,0,0,0
530155,1,1,0,0,0,0,0,0,0,0,0,0
530155,2,1,0,0,0,0,0,0,0,0,0,0
530155,3,1,0,0,0,0,0,0,0,0,0,0
530155,4,1,0,0,0,0,0,0,0,0,0,0
530156,1,1,0,0,0,0,0,0,0,0,0,0
530157,1,1,0,26,0,29,0,43,0,0,0,0
530157,2,1,0,0,0,0,0,0,0,0,0,0
530157,3,1,0,0,0,0,0,0,0,0,0,0
530158,0,1,0,0,0,0,0,0,0,0,0,0
530158,1,1,0,0,0,0,0,0,0,0,0,0
530159,1,1,20,20,20,20,20,20,20,20,20,20
530160,1,1,8,8,8,8,8,8,8,8,8,8
530160,2,1,3,3,3,3,3,3,3,3,3,3
530160,3,1,0,0,0,0,0,0,0,0,0,0
530161,0,1,21,21,21,21,21,21,21,21,21,21
530161,1,1,0,0,0,0,0,0,0,0,0,0
530162,1,1,0,20,0,0,0,0,0,0,0,0
530162,2,1,0,0,0,0,0,0,0,0,0,0
530163,1,1,0,0,0,35,7,0,0,0,15,0
530163,2,1,0,0,0,0,0,0,0,0,0,0
530164,1,1,0,0,0,0,0,0,0,0,9,0
530164,2,1,0,0,0,0,0,0,0,0,0,0
530165,1,1,0,0,0,0,0,0,0,0,0,0
530166,1,1,0,0,0,0,0,0,0,0,0,0
530167,0,1,18,18,18,18,18,18,18,18,18,18
530167,1,1,0,0,0,0,0,0,0,0,0,0
530168,1,1,0,0,0,0,0,0,0,0,0,0
530169,1,1,0,0,25,0,0,0,0,33,0,19
530170,1,1,7,0,0,8,0,0,0,10,0,0
530170,2,1,0,0,0,0,0,14,0,0,0,0
530171,1,1,0,0,0,0,0,0,0,0,0,0
530171,2,1,0,0,0,0,0,0,0,0,0,0
530172,1,1,0,0,0,0,0,12,10,0,0,0
530172,2,1,0,0,0,0,0,0,0,0,0,0
530173,1,1,0,0,0,0,0,0,0,0,0,0
530175,1,1,0,0,0,0,0,0,0,0,0,0
530175,2,1,0,0,0,0,0,0,0,0,0,0
530176,1,1,0,11,25,0,23,0,0,0,0,0
530177,1,1,0,0,0,0,0,0,0,0,0,0
530178,1,1,0,0,0,0,41,0,0,0,0,0
530178,2,1,0,0,0,0,0,0,0,0,0,0
530179,1,1,24,24,24,24,24,24,24,24,24,24
530180,1,1,25,25,25,25,25,25,25,25,25,25
530180,2,1,0,0,0,0,0,0,0,0,0,0
530181,1,1,17,17,17,17,17,17,17,17,17,17
530182,1,1,12,12,12,12,12,12,12,12,12,12
530182,2,1,9,0,0,22,13,0,0,0,0,0
530183,1,1,0,0,0,0,0,0,0,0,0,0
530184,0,1,0,0,0,0,0,0,0,0,0,0
530184,1,1,0,0,31,23,7,5,16,0,0,16
530185,1,1,24,24,24,24,24,24,24,24,24,24
530186,1,1,19,42,0,0,0,23,0,0,0,0
530187,0,1,8,8,8,8,8,8,8,8,8,8
530187,1,1,19,25,30,0,11,16,0,0,0,23
530188,0,1,8,8,8,8,8,8,8,8,8,8
530188,1,1,0,0,0,0,0,0,0,0,0,0
530189,1,1,0,0,0,0,0,0,0,0,0,0
530190,1,1,5,0,0,0,22,18,0,0,0,9
530191,1,1,0,0,0,0,0,0,0,0,0,0
530192,1,1,0,0,0,0,0,0,0,0,0,0
530193,1,1,0,0,0,0,0,0,0,0,0,0
530194,1,1,0,0,14,28,36,0,21,0,0,0
530194,2,1,0,0,0,0,0,0,0,0,0,0
530195,0,1,0,0,0,0,0,0,0,0,0,0
530195,1,1,0,0,37,0,0,0,0,0,0,0
530196,1,1,0,0,0,0,0,0,0,0,0,0
530197,0,1,0,0,0,0,0,0,0,0,0,0
530197,1,1,0,0,0,0,0,0,0,0,0,0
530198,1,1,0,0,0,0,0,0,0,0,0,0
530198,2,1,0,0,0,0,0,0,0,0,0,0
530199,1,1,0,0,0,0,0,0,0,0,0,0
530200,1,1,0,0,0,0,0,0,0,0,0,0
530200,2,1,0,0,0,0,0,0,0,0,15,0
530201,1,1,24,24,24,24,24,24,24,24,24,24
530202,1,1,20,20,20,20,20,20,20,20,20,20
530202,2,1,0,0,0,0,0,0,0,0,0,0
530202,3,1,0,0,0,0,0,0,0,0,0,0
530203,1,1,3,3,3,3,3,3,3,3,3,3
530204,1,1,11,11,11,11,11,11,11,11,11,11
530205,1,1,14,24,15,0,22,7,14,13,16,19
530205,2,1,0,0,0,0,0,0,0,0,0,0
530206,1,1,0,0,0,0,0,0,0,0,0,0
530206,2,1,0,0,0,0,0,0,0,0,0,0
530206,3,1,0,0,13,0,0,0,0,0,0,0
530206,4,1,0,0,0,0,0,0,0,0,0,0
530206,5,1,0,0,0,0,0,15,0,0,0,0
530207,0,1,0,0,0,0,0,0,0,0,0,0
530207,1,1,13,20,11,3,7,11,13,31,14,14
530208,1,1,0,0,0,0,0,0,0,0,0,0
530209,1,1,0,3,0,0,11,23,0,0,12,9
530210,1,1,0,0,0,0,0,0,0,0,0,0
530211,1,1,0,0,0,0,0,0,0,0,0,0
530211,2,1,11,11,11,11,11,11,11,11,11,11
530212,1,1,0,0,0,0,0,0,0,0,0,0
530213,0,1,0,0,0,0,0,0,0,0,0,0
530213,1,1,0,0,0,0,0,0,0,0,0,0
530214,1,1,26,26,26,26,26,26,26,26,26,26
530214,2,1,0,0,0,0,0,0,0,0,0,0
530215,1,1,9,9,29,0,0,0,0,0,0,0
530216,1,1,0,0,0,0,0,0,0,0,0,0
530217,1,1,2,2,2,2,2,2,2,2,2,2
530218,1,1,0,0,0,0,0,0,0,0,0,0
530219,0,1,17,17,17,17,17,17,17,17,17,17
530219,1,1,0,0,0,0,0,0,0,0,0,0
530220,0,1,34,34,34,34,34,34,34,34,34,34
530220,1,1,0,0,0,0,0,0,0,0,4,0
530221,1,1,30,30,30,30,30,30,30,30,30,30
530222,1,1,0,0,0,0,0,0,0,0,0,6
530222,2,1,0,0,0,0,0,0,0,0,0,0
530223,1,1,0,0,0,0,0,0,0,0,0,0
530223,2,1,0,0,0,0,0,0,0,16,0,0
530224,1,1,0,0,13,0,22,0,0,0,0,0
530224,2,1,0,0,0,0,0,0,0,0,0,0
530224,3,1,0,0,0,10,0,0,0,0,0,0
530224,4,1,0,0,0,0,0,0,0,0,0,0
530224,5,1,0,0,0,0,0,0,0,0,0,0
530226,1,1,0,0,0,0,0,0,0,0,0,0
530227,1,1,18,17,35,5,8,13,0,5,13,19
530227,2,1,0,0,0,0,0,0,0,0,0,0