ST_CASE,VEH_NO,PER_NO,P1,P2,P3,P4,P5,P6,P7,P8,P9,P10
530228,1,1,5,5,5,5,5,5,5,5,5,5
530229,1,1,25,22,10,19,10,6,14,14,14,0
530230,1,1,20,20,20,20,20,20,20,20,20,20
530231,0,1,0,0,0,0,0,0,0,0,0,0
530231,1,1,0,0,0,0,0,0,0,0,8,0
530232,1,1,0,0,0,0,0,0,0,0,0,0
530232,2,1,0,0,0,0,0,0,0,0,0,0
530233,0,1,24,24,24,24,24,24,24,24,24,24
530233,1,1,0,0,0,0,0,0,0,0,0,0
530234,1,1,0,0,0,0,0,0,0,0,0,0
530234,2,1,0,0,0,0,0,0,0,0,0,0
530235,1,1,19,19,19,19,19,19,19,19,19,19
530236,1,1,0,0,0,0,0,0,0,0,0,0
530236,2,1,0,0,0,0,0,0,0,0,0,0
530237,1,1,0,0,0,0,0,0,0,0,0,0
530238,1,1,0,0,0,0,0,0,0,0,0,0
530238,2,1,0,0,0,0,0,0,0,0,0,0
530239,1,1,0,0,0,0,0,0,0,0,0,0
530240,1,1,18,18,18,18,18,18,18,18,18,18
530241,1,1,3,3,3,3,3,3,3,3,3,3
530242,1,1,0,0,0,0,0,0,0,0,0,0
530242,2,1,0,0,0,0,0,0,0,0,0,0
530244,1,1,28,28,28,28,28,28,28,28,28,28
530245,1,1,0,0,0,0,0,0,0,0,0,0
530246,1,1,0,0,0,0,0,0,0,0,0,0
530246,2,1,0,0,0,0,0,0,0,0,0,0
530246,3,1,0,0,0,0,0,0,0,0,30,0
530246,4,1,0,0,0,0,0,0,0,0,0,14
530247,1,1,30,22,21,22,24,15,18,10,13,24
530248,0,1,36,36,36,36,36,36,36,36,36,36
530248,1,1,19,0,0,0,0,0,0,0,0,0
530249,0,1,0,0,0,0,0,0,0,0,0,0
530249,1,1,0,0,0,0,0,0,0,0,0,0
530249,2,1,0,0,0,0,0,0,29,0,2,0
530250,1,1,0,0,0,0,0,0,0,0,0,0
530250,2,1,0,0,0,0,0,0,0,9,0,0
530250,3,1,0,9,0,0,0,0,0,0,0,7
530251,1,1,25,25,25,25,25,25,25,25,25,25
530251,2,1,0,0,0,0,0,0,0,0,0,0
530251,3,1,0,0,0,0,0,0,0,0,0,25
530252,1,1,0,0,0,0,0,0,0,0,0,0
530252,2,1,0,0,0,0,0,0,0,0,0,0
530253,1,1,0,0,0,0,0,0,0,0,0,0
530253,2,1,0,0,0,0,39,0,0,0,0,0
530254,0,1,0,0,0,0,0,0,0,0,0,0
530254,1,1,0,0,0,0,0,0,0,0,0,0
530255,1,1,0,0,0,0,0,0,0,0,0,0
530255,2,1,0,0,0,0,0,0,0,0,0,0
530256,1,1,10,8,0,11,21,6,21,11,0,0
530257,0,1,21,21,21,21,21,21,21,21,21,21
530257,1,1,16,10,18,16,14,16,10,19,9,9
530258,1,1,22,22,22,22,22,22,22,22,22,22
530258,2,1,0,0,0,0,0,0,0,0,0,0
530259,1,1,0,0,0,0,0,0,0,0,0,0
530259,2,1,0,0,0,0,0,0,0,0,0,0
530260,1,1,0,0,0,0,0,0,0,0,0,0
530261,1,1,5,5,5,5,5,5,5,5,5,5
530262,1,1,0,0,0,0,0,0,0,0,0,0
530262,2,1,0,0,0,0,0,0,0,0,0,0
530263,1,1,17,17,17,17,17,17,17,17,17,17
530264,1,1,34,34,34,34,34,34,34,34,34,34
530265,1,1,0,0,0,0,0,0,0,0,0,0
530266,1,1,34,34,34,34,34,34,34,34,34,34
530267,1,1,0,0,0,0,0,0,0,0,0,0
530267,2,1,0,0,0,0,0,0,0,0,0,0
530268,1,1,0,0,0,0,0,0,0,0,0,0
530268,2,1,0,0,0,0,0,0,0,0,0,0
530269,1,1,0,0,0,0,0,0,0,0,0,0
530270,1,1,0,0,0,0,0,0,0,0,0,0
530270,2,1,0,0,0,0,0,0,0,0,0,0
530271,1,1,13,13,13,13,13,13,13,13,13,13
530272,1,1,2,2,2,2,2,2,2,2,2,2
530273,1,1,0,0,16,0,19,29,21,15,0,10
530274,1,1,0,0,0,0,0,0,0,0,0,0
530275,1,1,0,0,0,0,0,0,0,0,0,0
530275,2,1,0,0,0,0,0,0,0,0,0,0
530275,3,1,0,0,0,0,0,0,0,0,0,0
530275,4,1,0,0,0,0,0,0,15,0,0,0
530276,0,1,0,0,0,0,0,0,0,0,0,0
530276,1,1,0,0,7,0,15,0,0,0,0,0
530277,1,1,0,0,0,0,0,0,0,0,0,0
530277,2,1,0,0,0,0,0,0,0,0,0,0
530278,1,1,0,0,0,0,0,0,0,0,0,0
530279,1,1,0,0,0,0,0,0,0,0,0,0
530280,1,1,8,0,0,0,0,10,0,0,0,0
530280,2,1,0,0,0,0,15,0,0,0,0,0
530281,1,1,0,0,0,0,0,0,0,0,0,0
530281,2,1,0,0,0,0,0,0,0,0,0,0
530282,0,1,0,0,0,0,0,0,0,0,0,0
530282,1,1,0,0,0,0,0,0,0,0,0,0
530283,0,1,0,0,0,0,0,0,0,0,0,0
530283,1,1,0,0,0,0,0,0,0,0,0,0
530284,1,1,22,22,22,22,22,22,22,22,22,22
530285,1,1,16,16,16,16,16,16,16,16,16,16
530286,1,1,21,21,21,21,21,21,21,21,21,21
530286,2,1,0,0,0,0,0,0,0,0,0,0
530287,0,1,0,26,25,0,0,0,39,16,0,0
530287,1,1,34,7,11,15,11,20,18,26,5,17
530288,0,1,4,4,4,4,4,4,4,4,4,4
530288,1,1,14,8,4,14,12,10,24,0,0,15
530289,1,1,0,0,0,0,0,0,0,0,0,0
530289,2,1,0,0,0,0,0,0,0,0,0,0
530291,1,1,15,15,15,15,15,15,15,15,15,15
530291,2,1,0,0,0,0,0,0,0,0,0,0
530292,1,1,0,0,0,0,0,0,0,0,0,0
530292,2,1,0,0,0,0,0,0,0,0,0,0
530292,3,1,0,0,0,0,0,0,0,0,0,0
530292,4,1,0,0,0,0,0,0,0,36,0,0
530293,1,1,0,0,0,0,0,0,0,0,0,0
530294,1,1,0,0,0,0,0,0,0,0,0,0
530295,1,1,0,0,0,0,0,0,0,0,0,0
530295,2,1,0,0,0,0,0,0,0,0,0,21
530296,1,1,0,0,0,0,17,0,0,0,0,0
530297,0,1,38,0,0,0,0,0,0,0,0,0
530297,1,1,0,0,0,0,0,0,0,0,12,21
530298,1,1,0,0,0,0,0,0,0,0,0,0
530298,2,1,0,0,0,0,0,0,0,0,0,0
530299,1,1,10,10,10,10,10,10,10,10,10,10
530299,2,1,0,0,0,0,0,0,0,0,0,0
530300,1,1,0,0,0,32,21,0,0,2,14,0
530300,2,1,0,0,0,0,0,0,0,0,0,0
530301,1,1,0,0,0,0,0,0,0,0,0,0
530301,2,1,0,0,0,0,0,0,0,0,0,0
530302,1,1,22,15,17,14,6,8,12,21,0,0
530303,0,1,0,0,0,0,0,0,0,0,0,0
530303,1,1,0,0,0,7,0,0,0,0,0,0
530304,1,1,0,0,0,0,0,0,0,0,0,0
530304,2,1,0,0,0,0,0,0,0,0,0,0
530305,1,1,0,0,0,0,0,0,0,0,0,0
530305,2,1,0,0,0,0,0,0,0,0,0,0
530306,0,1,0,0,0,12,0,0,24,0,11,0
530306,1,1,0,0,0,0,0,0,0,0,0,0
530307,1,1,0,0,0,0,0,0,0,0,0,0
530307,2,1,0,0,0,0,0,0,0,0,0,0
530307,3,1,0,0,0,0,0,32,0,0,0,0
530308,1,1,0,0,0,0,0,0,0,0,0,0
530308,2,1,0,0,0,0,0,0,0,0,0,0
530309,1,1,23,23,23,23,23,23,23,23,23,23
530309,2,1,0,0,0,0,0,0,0,0,0,0
530310,0,1,0,0,0,0,0,0,0,0,0,0
530310,1,1,0,0,0,0,0,0,0,0,0,0
530311,1,1,0,0,0,0,0,0,0,0,0,0
530311,2,1,0,0,0,0,0,0,0,0,0,0
530312,0,1,0,0,0,0,0,0,0,0,0,0
530312,1,1,0,0,0,0,6,0,0,0,0,0
530313,1,1,0,0,0,0,0,0,0,0,0,0
530313,2,1,0,0,0,0,0,0,0,0,0,0
530313,3,1,0,0,0,0,0,0,0,0,0,0
530314,1,1,0,0,0,0,0,0,0,0,0,0
530315,1,1,0,0,0,0,17,0,0,0,0,0
530316,1,1,0,0,0,0,0,0,0,0,0,0
530317,0,1,0,0,0,0,0,0,0,0,0,0
530317,0,2,0,0,0,0,0,0,0,0,0,0
530317,1,1,0,0,0,11,0,4,0,0,0,0
530318,0,1,0,0,0,0,0,0,0,0,0,0
530318,1,1,0,0,0,0,0,0,0,0,0,0
530319,1,1,14,14,14,14,14,14,14,14,14,14
530320,1,1,0,0,0,0,0,0,0,0,0,0
530320,2,1,0,0,0,0,0,0,0,0,0,0
530320,3,1,0,0,0,0,0,0,0,0,0,0
530321,1,1,0,27,13,28,19,0,20,19,9,16
530322,1,1,16,16,16,16,16,16,16,16,16,16
530323,1,1,0,0,0,0,0,0,0,0,0,0
530323,2,1,0,0,0,0,0,0,0,0,0,0
530323,3,1,0,0,0,0,0,0,7,0,0,0
530323,4,1,0,0,0,0,0,0,0,0,0,0
530325,1,1,0,0,0,0,0,0,0,0,0,0
530325,2,1,0,0,0,0,0,0,0,0,0,0
530325,3,1,0,0,0,0,0,0,0,0,0,0
530325,4,1,0,0,0,0,0,0,0,0,0,0
530326,1,1,16,16,16,16,16,16,16,16,16,16
530327,1,1,0,0,0,0,0,0,0,0,0,0
530328,1,1,0,0,0,0,0,0,0,0,0,0
530328,2,1,0,0,0,0,0,0,0,0,18,0
530328,3,1,0,0,0,0,0,0,0,0,0,0
530328,4,1,0,0,0,0,0,0,0,0,0,0
530328,5,1,0,0,0,0,0,0,0,9,0,0
530328,6,1,0,0,0,0,0,0,0,0,0,6
530328,7,1,0,0,0,0,0,0,0,0,0,0
530329,0,1,26,26,26,26,26,26,26,26,26,26
530329,1,1,0,0,15,0,0,0,0,0,0,0
530330,1,1,0,0,0,0,0,0,0,0,0,0
530331,1,1,26,26,26,26,26,26,26,26,26,26
530332,1,1,19,19,19,19,19,19,19,19,19,19
530333,1,1,22,22,22,22,22,22,22,22,22,22
530333,2,1,0,17,20,7,0,17,0,7,0,0
530334,1,1,12,12,12,12,12,12,12,12,12,12
530335,1,1,20,20,20,20,20,20,20,20,20,20
530336,1,1,0,0,0,0,0,0,0,0,0,0
530336,2,1,0,0,0,0,0,0,0,0,0,0
530336,3,1,0,0,0,0,0,0,0,0,0,0
530337,1,1,0,0,0,0,0,0,0,0,0,0
530337,2,1,0,0,0,0,0,0,0,0,0,0
530337,3,1,0,0,0,0,0,0,0,0,0,0
530338,1,1,9,9,9,9,9,9,9,9,9,9
530339,0,1,8,8,8,8,8,8,8,8,8,8
530339,1,1,0,0,0,0,14,0,0,0,0,0
530340,1,1,0,0,0,0,0,0,0,0,0,0
530340,2,1,0,0,0,0,0,0,0,0,0,0
530340,3,1,0,0,0,0,0,0,0,0,0,0
530340,4,1,0,0,0,0,7,0,0,0,0,0
530340,5,1,23,23,23,23,23,23,23,23,23,23
530340,6,1,0,0,0,0,0,0,0,0,0,0
530341,1,1,0,0,0,0,0,0,0,0,0,0
530341,2,1,0,0,0,0,0,0,0,0,0,0
530342,1,1,0,0,0,27,0,0,0,0,0,0
530343,1,1,0,0,0,0,0,0,0,0,0,0
530343,2,1,0,0,0,0,0,0,0,0,0,0
530344,1,1,12,12,12,12,12,12,12,12,12,12
530344,2,1,0,0,0,0,0,0,19,0,0,0
530345,0,1,26,26,26,26,26,26,26,26,26,26
530345,1,1,25,20,0,26,19,16,13,7,7,29
530346,1,1,17,17,17,17,17,17,17,17,17,17
530347,0,1,0,0,0,0,0,0,0,0,0,0
530347,0,2,0,0,0,0,0,10,0,0,0,0
530347,1,1,0,0,0,0,0,0,0,0,0,0
530348,0,1,0,0,0,0,0,0,0,0,0,0
530348,1,1,0,0,0,0,0,0,0,0,0,0
530349,0,1,0,0,0,0,0,0,0,0,0,0
530349,1,1,0,0,0,21,0,0,0,0,0,0
530349,2,1,0,0,0,0,0,0,0,0,0,0
530349,3,1,0,0,0,0,0,0,0,0,0,0
530350,1,1,19,19,19,19,19,19,19,19,19,19
530351,1,1,0,0,0,0,11,0,0,0,0,0
530352,1,1,4,4,4,4,4,4,4,4,4,4
530353,1,1,0,16,0,0,0,11,0,3,0,0
530354,0,1,19,20,25,33,20,0,0,0,11,0
530354,1,1,0,0,0,0,0,0,0,0,0,0
530355,1,1,0,0,0,0,0,0,0,0,0,0
530356,1,1,7,7,7,7,7,7,7,7,7,7
530357,1,1,12,12,12,12,12,12,12,12,12,12
530358,0,1,0,0,0,0,0,0,0,0,0,0
530358,1,1,0,0,0,0,0,14,0,0,0,0
530359,1,1,26,26,26,26,26,26,26,26,26,26
530359,2,1,0,0,0,0,0,0,0,0,0,0
530360,0,1,0,0,0,0,0,0,0,0,0,0
530360,1,1,0,0,0,0,8,0,0,0,0,0
530361,1,1,0,0,0,0,0,0,0,0,0,0
530361,2,1,0,0,0,0,0,0,0,0,0,0
530362,0,1,20,0,0,18,0,13,26,45,30,0
530362,1,1,15,16,9,11,0,15,8,13,20,0
530363,1,1,0,0,8,0,0,0,0,0,0,0
530363,2,1,0,0,0,0,0,0,0,0,0,0
530364,0,1,0,11,0,28,0,23,0,0,0,0
530364,1,1,4,12,11,33,16,0,16,0,0,0
530365,1,1,18,18,18,18,18,18,18,18,18,18
530365,2,1,13,13,13,13,13,13,13,13,13,13
530366,1,1,0,0,0,0,0,0,0,0,0,0
530367,1,1,0,0,0,0,0,0,0,0,0,0
530368,1,1,0,0,0,0,0,0,0,0,0,0
530369,1,1,18,18,18,18,18,18,18,18,18,18
530370,1,1,0,0,0,0,0,0,0,0,0,0
530371,1,1,23,23,23,23,23,23,23,23,23,23
530372,1,1,0,0,0,0,0,0,0,0,0,0
530372,2,1,0,0,0,0,0,0,0,0,0,0
530373,0,1,22,22,22,22,22,22,22,22,22,22
530373,1,1,0,0,0,0,0,0,0,0,0,0
530374,1,1,0,0,0,0,0,0,0,0,0,0
530375,1,1,6,6,6,6,6,6,6,6,6,6
530376,1,1,9,9,9,9,9,9,9,9,9,9
530376,2,1,0,0,0,0,0,0,0,0,0,0
530377,1,1,0,0,0,0,0,0,0,0,0,0
530377,2,1,0,0,0,0,0,0,0,0,0,0
530377,3,1,0,0,0,0,0,3,0,0,0,0
530378,1,1,0,0,0,0,0,0,0,0,0,0
530378,2,1,0,0,0,0,0,0,0,0,0,0
530378,3,1,0,0,0,0,0,0,0,0,0,0
530379,1,1,0,0,0,0,0,0,0,0,0,0
530379,2,1,0,0,0,0,0,0,0,0,0,0
530380,1,1,16,16,16,16,16,16,16,16,16,16
530381,0,1,0,0,0,0,0,0,0,0,0,0
530381,1,1,0,21,0,0,0,0,0,0,0,0
530382,1,1,0,0,0,0,0,0,0,0,0,0
530383,1,1,0,0,0,0,0,0,0,0,0,0
530383,2,1,0,0,0,0,0,0,0,0,0,0
530384,1,1,0,0,0,0,0,0,0,0,0,0
530384,2,1,0,0,0,0,0,0,0,0,0,0
530385,1,1,14,14,14,14,14,14,14,14,14,14
530385,2,1,0,0,0,0,0,0,0,0,0,0
530386,1,1,24,24,24,24,24,24,24,24,24,24
530386,2,1,0,0,0,0,0,0,0,0,3,0
530387,1,1,16,16,16,16,16,16,16,16,16,16
530388,2,1,0,0,0,0,0,0,0,0,0,0
530389,1,1,23,23,0,0,13,13,0,26,15,0
530389,2,1,0,0,0,0,0,0,0,0,0,0
530390,1,1,17,17,17,17,17,17,17,17,17,17
530391,1,1,0,0,0,0,0,0,0,0,0,0
530391,2,1,0,0,0,0,0,0,0,0,0,0
530392,1,1,0,0,0,0,0,0,0,0,0,0
530393,1,1,0,0,0,0,0,0,0,0,0,0
530394,0,1,10,10,10,10,10,10,10,10,10,10
530394,1,1,0,0,0,0,0,0,0,0,0,0
530395,1,1,0,0,0,0,0,0,0,0,0,0
530395,2,1,0,0,0,0,0,0,0,0,0,0
530396,1,1,18,18,18,18,18,18,18,18,18,18
530397,1,1,22,22,22,22,22,22,22,22,22,22
530398,1,1,0,0,0,0,0,0,0,0,0,0
530399,0,1,0,0,0,0,0,0,0,0,0,0
530399,1,1,0,0,0,0,0,0,0,0,0,0
530400,1,1,16,16,16,16,16,16,16,16,16,16
530400,2,1,0,0,0,0,0,0,0,10,0,0
530401,0,1,6,6,6,6,6,6,6,6,6,6
530401,1,1,0,0,0,0,0,0,0,6,0,10
530402,0,1,2,2,2,2,2,2,2,2,2,2
530402,1,1,0,0,0,0,0,0,0,0,0,0
530403,1,1,15,26,0,24,17,7,0,17,22,0
530404,1,1,0,0,0,0,0,0,0,0,0,0
530404,2,1,0,0,0,0,0,0,0,0,0,0
530404,3,1,0,0,0,0,0,0,0,0,0,0
530405,1,1,0,0,0,0,0,0,0,37,0,0
530406,1,1,11,11,11,11,11,11,11,11,11,11
530406,2,1,0,0,0,0,0,0,10,0,0,0
530407,1,1,0,0,0,17,0,0,0,0,0,0
530408,1,1,0,0,0,0,0,0,0,0,0,0
530408,2,1,0,0,0,0,0,0,0,0,0,0
530409,0,1,0,0,0,0,0,11,0,0,0,0
530409,1,1,0,19,0,0,0,0,0,0,0,0
530410,1,1,12,12,12,12,12,12,12,12,12,12
530411,1,1,0,0,0,0,0,26,0,0,0,0
530412,1,1,15,15,15,15,15,15,15,15,15,15
530412,2,1,0,0,0,0,0,16,0,0,0,0
530413,1,1,0,0,0,0,0,0,0,0,0,0
530413,2,1,0,0,0,0,0,0,0,0,0,0
530414,0,1,0,0,0,0,0,0,0,0,0,0
530414,1,1,0,0,0,0,0,0,0,0,0,0
530415,1,1,3,3,3,3,3,3,3,3,3,3
530416,1,1,26,0,15,0,74,13,23,10,0,2
530416,2,1,0,0,0,0,0,0,0,20,0,0
530417,0,1,0,0,0,0,0,0,0,0,0,0
530417,1,1,0,4,0,0,0,0,12,0,0,0
530418,1,1,8,8,8,8,8,8,8,8,8,8
530418,2,1,0,0,0,0,0,0,0,0,0,0
530419,1,1,0,0,0,0,0,0,0,0,0,0
530419,2,1,0,0,0,0,0,0,0,0,0,0
530420,0,1,0,0,0,0,9,13,0,0,0,0
530420,1,1,0,0,0,0,0,0,0,0,22,0
530421,1,1,0,0,0,0,0,0,0,12,11,0
530422,1,1,0,0,0,0,0,0,0,0,0,0
530423,1,1,0,0,0,0,0,0,0,0,0,0
530424,1,1,5,13,0,23,27,8,0,11,9,20
530424,2,1,0,0,0,0,0,0,0,0,0,0
530425,0,1,21,21,21,21,21,21,21,21,21,21
530425,1,1,0,0,0,0,0,0,0,0,0,0
530426,1,1,0,0,0,0,0,0,0,0,0,0
530426,2,1,0,0,0,0,0,0,0,0,0,0
530427,1,1,18,18,18,18,18,18,18,18,18,18
530428,1,1,0,0,0,0,0,0,0,0,0,0
530428,2,1,0,0,0,0,0,0,0,20,0,0
530429,1,1,0,0,0,0,0,0,0,0,0,0
530430,1,1,0,0,0,0,0,0,0,0,0,0
530430,2,1,0,0,0,0,0,0,0,0,0,0
530431,0,1,16,0,18,0,21,0,0,11,0,0
530431,1,1,0,0,0,0,0,0,0,0,0,0
530432,0,1,0,0,0,0,0,0,0,0,0,0
530432,1,1,4,22,0,0,0,0,0,0,0,18
530433,1,1,10,10,10,10,10,10,10,10,10,10
530434,0,1,0,0,0,0,0,0,0,0,0,0
530434,0,2,0,0,0,0,0,0,0,0,0,0
530434,0,3,0,0,0,0,0,0,0,0,0,0
530434,1,1,0,0,0,0,0,0,0,0,0,0
530435,1,1,24,24,24,24,24,24,24,24,24,24
530435,2,1,0,0,0,0,0,0,13,0,0,0
530436,1,1,0,0,0,0,0,0,0,0,0,0
530437,0,1,0,0,0,0,0,0,0,0,0,0
530437,1,1,0,0,0,0,0,0,0,0,0,0
530438,1,1,15,15,15,15,15,15,15,15,15,15
530438,2,1,0,0,0,0,0,0,0,0,0,0
530439,1,1,0,0,0,0,0,0,0,0,0,0
530439,2,1,0,0,0,0,0,0,0,0,0,0
530439,3,1,0,0,0,0,0,0,0,0,0,0
530440,1,1,17,17,17,17,17,17,17,17,17,17
530440,2,1,0,0,0,0,0,0,0,0,0,0
530441,0,1,0,0,0,0,0,0,0,0,0,0
530441,1,1,0,0,0,0,0,0,0,0,0,0
530442,1,1,12,12,12,12,12,12,12,12,12,12
530442,2,1,0,0,0,0,0,0,0,0,0,0
530443,0,1,11,11,11,11,11,11,11,11,11,11
530443,1,1,0,19,0,0,0,0,0,0,0,0
530443,2,1,0,0,0,0,0,0,0,0,0,0
530444,1,1,2,2,2,2,2,2,2,2,2,2
530445,1,1,0,0,0,0,0,0,0,0,0,0
530446,1,1,0,0,0,0,0,0,0,0,0,0
530447,1,1,13,13,13,13,13,13,13,13,13,13
530448,0,1,16,16,16,16,16,16,16,16,16,16
530448,1,1,0,0,3,15,0,4,0,0,0,15
530449,1,1,0,0,0,0,0,0,0,0,0,0
530449,2,1,0,0,0,0,0,0,0,0,0,0
530450,1,1,16,16,16,16,16,16,16,16,16,16
530451,0,1,4,4,4,4,4,4,4,4,4,4
530451,1,1,0,33,0,0,0,17,10,28,26,0
530452,1,1,0,0,0,0,0,0,0,0,0,0
530452,2,1,0,0,0,0,0,0,0,0,0,0
530452,3,1,0,0,0,16,0,0,0,0,0,0
530453,1,1,11,11,11,11,11,11,11,11,11,11
530454,1,1,27,27,27,27,27,27,27,27,27,27
530454,2,1,0,0,0,0,0,0,0,0,0,0
530455,1,1,0,0,0,0,0,0,0,0,0,0
530456,1,1,12,12,12,12,12,12,12,12,12,12
530456,2,1,0,0,0,0,0,0,0,0,0,0
530457,0,1,0,12,0,9,0,40,0,0,0,0
530457,1,1,16,0,0,2,12,0,7,17,7,17
530457,2,1,0,0,0,0,16,0,0,0,23,0
530458,1,1,10,0,0,0,0,0,0,0,0,0
530459,1,1,0,0,0,0,0,0,0,0,0,0
530460,1,1,0,0,0,0,0,0,0,0,0,0
530461,0,1,0,0,11,0,0,0,0,0,0,0
530461,1,1,0,0,0,0,0,0,0,0,0,0
530462,1,1,17,0,0,0,0,0,0,0,0,0
530462,2,1,0,0,25,0,24,0,0,0,14,0
530463,0,1,16,16,16,16,16,16,16,16,16,16
530463,1,1,28,20,0,21,16,0,0,0,5,4
530464,1,1,0,0,0,0,0,0,0,0,0,0
530464,2,1,0,0,0,0,24,0,0,0,0,0
530465,1,1,6,23,17,15,29,21,22,15,13,0
530465,2,1,0,0,0,0,0,0,0,0,0,0
530466,1,1,6,6,6,6,6,6,6,6,6,6
530467,1,1,0,0,0,0,0,0,0,0,0,0
530467,2,1,0,0,0,0,0,0,0,0,0,0
530467,3,1,0,0,0,0,0,0,0,0,0,0
530468,0,1,0,0,0,0,0,0,0,0,0,0
530468,1,1,6,16,13,3,18,15,0,0,6,42
530469,1,1,0,0,0,0,0,0,0,0,0,0
530469,2,1,0,0,0,0,0,0,0,0,0,0
530469,3,1,0,0,0,0,0,0,0,0,0,0
530470,0,1,0,0,0,0,0,0,0,0,0,0
530470,1,1,0,0,0,0,0,0,0,0,0,0
530471,0,1,0,0,0,0,0,0,0,0,0,0
530471,1,1,0,28,0,0,0,27,0,0,0,0
530472,1,1,0,0,0,0,0,0,0,0,0,0
530472,2,1,0,0,0,0,4,0,0,0,0,0
530473,0,1,11,11,11,11,11,11,11,11,11,11
530473,1,1,0,0,0,0,0,0,15,0,0,0
530474,1,1,24,24,24,24,24,24,24,24,24,24
530475,1,1,0,0,0,0,0,0,0,0,0,0
530475,2,1,0,0,0,0,0,0,0,0,0,0
530476,0,1,0,9,20,9,0,0,0,0,21,28
530476,1,1,0,0,0,0,0,0,0,0,0,0
530476,2,1,14,14,14,14,14,14,14,14,14,14
530476,5,1,0,0,0,0,4,0,0,0,0,0
530477,1,1,0,0,0,0,0,0,0,0,0,0
530477,2,1,0,0,0,0,0,0,0,0,0,0
530478,1,1,0,0,0,0,0,0,0,0,0,0
530479,1,1,0,0,0,0,0,0,0,0,0,0
530480,1,1,0,0,0,0,0,0,0,0,0,0
530481,0,1,0,0,0,0,0,27,0,0,17,23
530481,1,1,0,0,0,0,0,0,0,0,0,0
530482,0,1,0,0,0,0,0,0,0,0,0,0
530482,1,1,11,18,0,11,0,7,0,0,0,0
530483,1,1,0,0,0,0,0,0,0,0,0,0
530483,2,1,0,0,0,0,0,0,0,0,0,0
530483,3,1,0,0,0,0,0,0,0,0,0,16
530484,1,1,0,0,0,0,0,0,0,0,0,0
530484,2,1,0,0,0,0,0,0,0,0,15,0
530484,3,1,0,0,0,0,0,0,0,0,0,0
530485,1,1,9,9,9,9,9,9,9,9,9,9
530486,1,1,24,24,24,24,24,24,24,24,24,24
530486,2,1,0,0,0,0,0,0,0,0,18,0
530486,3,1,0,0,0,0,6,0,0,0,0,0
530487,0,1,0,0,0,0,0,0,0,0,0,0
530487,1,1,2,2,2,2,2,2,2,2,2,2
530488,0,1,0,0,0,15,0,33,0,17,0,0
530488,1,1,17,12,11,0,0,0,0,13,15,0
530489,1,1,0,0,0,0,0,0,0,0,0,0
530490,1,1,0,0,0,0,0,0,0,0,0,0
530491,1,1,0,0,0,0,0,0,0,0,0,0
530491,2,1,0,0,0,0,0,0,0,0,0,0
530492,1,1,0,0,0,0,0,0,0,0,0,0
530492,2,1,13,0,0,0,0,0,0,0,0,0
530493,1,1,0,0,0,0,0,0,0,0,0,0
530494,0,1,0,0,0,0,0,0,0,0,0,0
530494,1,1,0,0,0,0,0,0,0,0,0,0
530494,2,1,0,0,0,0,0,0,0,0,0,0
530495,0,1,43,43,43,43,43,43,43,43,43,43
530495,1,1,0,0,16,0,35,0,0,0,0,0
530496,1,1,19,19,19,19,19,19,19,19,19,19
530497,1,1,12,12,12,12,12,12,12,12,12,12
530498,0,1,32,25,30,13,11,12,11,16,19,14
530498,1,1,0,42,0,27,0,0,0,0,0,0
530499,0,1,0,0,0,0,0,0,0,0,0,0
530499,1,1,15,9,11,22,0,30,6,0,9,0
530500,1,1,0,0,0,0,0,0,0,0,0,0
530500,2,1,0,0,0,13,0,0,0,0,0,0
530501,0,1,26,26,26,26,26,26,26,26,26,26
530501,0,2,19,0,0,18,16,0,0,26,34,26
530501,1,1,0,0,0,0,0,0,0,0,0,0
530502,1,1,18,18,18,18,18,18,18,18,18,18
530502,2,1,0,0,0,0,0,0,0,0,0,0
530503,1,1,22,22,22,22,22,22,22,22,22,22
530503,2,1,0,0,0,0,0,28,0,0,0,0
530504,1,1,19,19,19,19,19,19,19,19,19,19
530505,1,1,0,0,0,0,0,0,0,0,0,0
530506,1,1,0,0,0,0,0,0,0,0,0,0
530506,2,1,0,0,0,0,0,0,0,0,0,0
530506,3,1,0,0,0,0,0,0,0,0,0,0
530507,0,1,0,0,0,0,0,0,0,0,0,0
530507,1,1,0,0,0,0,0,0,0,0,0,0
530508,1,1,0,0,0,0,0,0,0,0,0,0
530508,2,1,0,0,0,0,0,0,0,0,0,0
530509,1,1,0,0,0,0,0,0,0,0,0,0
530510,1,1,0,0,0,0,0,0,0,0,0,0
530510,2,1,0,0,0,0,0,0,0,0,0,0
530510,3,1,0,0,0,0,0,0,0,0,0,0
530511,1,1,0,0,0,0,0,0,0,0,0,0
530511,2,1,0,0,15,0,0,0,0,0,0,0
530512,1,1,21,21,21,21,21,21,21,21,21,21
530512,2,1,0,0,32,13,0,3,4,0,9,9
530513,1,1,13,13,13,13,13,13,13,13,13,13
530514,1,1,28,28,28,28,28,28,28,28,28,28
530515,1,1,0,0,0,0,0,0,0,0,0,0
530515,2,1,0,0,0,0,0,0,0,0,0,0
530515,3,1,0,0,0,0,0,0,0,0,0,0