ST_CASE,VEH_NO,PER_NO,P1,P2,P3,P4,P5,P6,P7,P8,P9,P10
60001,1,1,41,41,41,41,41,41,41,41,41,41
60002,1,1,0,0,0,0,0,0,0,0,0,0
60003,1,1,0,0,0,0,0,0,0,0,0,0
60003,2,1,0,0,0,0,0,0,0,0,0,0
60004,1,1,0,0,0,0,13,4,18,15,26,0
60005,1,1,0,0,0,0,0,0,0,0,0,0
60006,0,1,0,0,0,0,0,0,0,0,0,0
60006,1,1,0,7,14,18,0,0,0,6,11,0
60007,1,1,16,16,16,16,16,16,16,16,16,16
60007,2,1,0,0,0,0,0,0,0,0,0,0
60008,1,1,0,0,0,0,0,0,0,0,0,0
60009,1,1,0,0,0,0,0,0,0,0,0,0
60010,1,1,0,0,0,0,0,0,0,0,0,0
60010,2,1,0,0,0,0,0,0,0,0,0,0
60011,1,1,0,0,16,0,15,0,0,13,0,0
60012,1,1,0,0,0,0,0,0,0,0,0,0
60012,2,1,0,0,0,0,0,0,0,0,0,0
60013,1,1,20,7,19,0,0,0,7,0,4,15
60014,0,1,0,0,0,0,0,0,0,0,0,0
60014,1,1,0,0,0,0,0,0,0,0,0,0
60015,1,1,28,28,28,28,28,28,28,28,28,28
60016,1,1,14,0,26,39,0,0,23,12,29,0
60017,1,1,13,11,34,11,33,13,23,15,19,20
60018,0,1,0,0,0,0,0,0,0,0,0,0
60018,1,1,0,22,0,0,0,0,0,0,0,0
60018,2,1,0,0,0,0,0,17,0,0,0,0
60018,3,1,0,0,0,0,0,6,0,0,0,0
60018,4,1,0,13,0,0,0,0,37,0,0,0
60018,5,1,0,15,0,0,0,0,0,0,0,0
60018,6,1,0,0,31,0,0,0,0,0,0,0
60019,1,1,0,0,0,0,0,0,0,0,0,0
60020,1,1,6,16,20,22,29,13,0,21,0,17
60021,1,1,16,18,0,3,0,12,0,0,13,31
60022,1,1,22,0,14,0,8,0,0,0,10,0
60024,1,1,25,25,25,25,25,25,25,25,25,25
60025,1,1,0,0,0,0,0,0,0,0,0,0
60025,2,1,0,0,0,0,0,0,0,0,0,0
60026,1,1,0,0,0,0,0,0,15,0,0,0
60026,2,1,0,0,0,0,0,0,0,0,0,0
60027,0,1,0,10,0,18,0,9,0,0,0,0
60027,1,1,0,0,0,0,0,0,0,0,0,0
60028,0,1,0,0,0,0,0,0,0,0,0,0
60028,1,1,0,0,0,0,0,0,0,0,0,0
60029,1,1,0,0,0,0,0,0,5,0,0,0
60030,1,1,0,0,0,0,0,0,0,0,0,0
60031,1,1,0,0,0,0,0,0,0,0,0,0
60031,2,1,0,0,0,0,0,0,0,0,0,0
60031,3,1,0,0,16,0,0,0,0,0,0,0
60032,1,1,0,0,0,0,0,0,0,0,0,0
60032,2,1,0,0,0,0,0,0,0,0,0,0
60033,0,1,32,0,0,27,0,0,0,0,0,0
60033,1,1,0,0,0,0,0,0,0,0,0,0
60034,1,1,0,0,0,0,0,0,0,0,0,0
60036,0,1,19,0,0,0,0,0,23,0,32,0
60036,1,1,0,0,23,0,0,0,0,0,0,0
60037,1,1,0,0,0,0,0,0,0,0,0,0
60038,1,1,0,0,0,8,0,0,20,0,0,0
60039,1,1,0,0,0,0,0,0,0,0,0,0
60039,2,1,0,0,0,0,4,0,0,0,0,0
60040,1,1,0,0,23,0,0,0,0,0,15,0
60041,1,1,0,0,0,0,0,0,0,0,12,0
60041,2,1,0,0,0,0,0,15,0,0,10,5
60042,0,1,0,0,0,0,0,0,0,0,0,0
60042,1,1,0,0,0,0,0,0,0,0,0,0
60043,1,1,12,12,12,12,12,12,12,12,12,12
60044,1,1,0,13,0,21,0,19,6,24,23,0
60045,1,1,7,7,7,7,7,7,7,7,7,7
60045,2,1,0,0,0,0,0,0,0,0,0,0
60045,3,1,0,9,0,0,0,0,0,0,0,0
60046,0,1,0,26,13,12,0,12,0,0,0,0
60046,1,1,0,0,0,0,0,0,0,0,0,0
60047,1,1,0,0,0,0,0,0,0,0,0,0
60048,1,1,14,0,0,0,0,30,0,0,24,30
60049,0,1,0,0,0,14,0,0,0,0,22,0
60049,0,2,0,0,0,0,0,0,0,0,0,8
60049,0,3,0,0,0,0,0,0,0,0,0,0
60049,1,1,23,23,23,23,23,23,23,23,23,23
60050,1,1,0,0,0,0,14,0,0,0,0,0
60050,2,1,0,0,0,0,0,0,19,0,0,0
60051,0,1,0,0,0,0,0,0,0,0,0,0
60051,1,1,0,0,0,0,0,0,0,0,0,0
60052,0,1,0,0,0,0,0,0,0,0,0,0
60052,0,2,0,0,0,0,0,0,0,0,0,0
60052,1,1,0,0,0,0,0,0,0,0,0,0
60053,1,1,0,0,0,0,0,0,0,0,0,0
60053,2,1,0,0,0,0,0,0,0,0,0,0
60054,1,1,0,0,0,0,0,0,0,0,0,0
60054,2,1,0,0,0,0,0,0,0,0,0,0
60055,1,1,11,11,11,11,11,11,11,11,11,11
60055,2,1,0,0,0,0,0,0,0,0,0,0
60056,0,1,13,22,26,24,19,25,14,11,9,11
60056,1,1,18,22,16,32,0,4,24,0,8,19
60058,1,1,0,0,0,0,0,0,0,6,0,0
60059,1,1,0,0,0,0,0,0,0,0,0,0
60059,2,1,0,0,0,0,0,0,0,0,0,0
60060,1,1,0,0,0,0,0,0,0,0,0,0
60060,2,1,15,0,0,0,0,0,0,0,0,0
60060,3,1,0,0,0,0,0,0,0,0,0,0
60060,4,1,0,0,0,0,0,0,0,0,0,0
60061,1,1,0,0,0,0,0,0,0,0,0,0
60062,1,1,0,0,0,0,0,0,0,0,0,0
60062,2,1,0,0,0,0,0,0,0,0,0,0
60063,0,1,0,0,0,0,0,0,0,0,0,0
60063,1,1,0,0,0,0,0,0,0,0,0,0
60064,0,1,0,0,0,0,0,0,0,0,0,0
60064,1,1,12,15,8,15,0,7,0,14,0,19
60065,1,1,0,0,0,0,0,0,0,0,0,0
60065,2,1,0,0,0,0,0,0,0,0,0,0
60066,0,1,5,5,5,5,5,5,5,5,5,5
60066,1,1,0,0,0,0,0,0,0,0,0,0
60067,1,1,0,0,0,0,0,0,0,0,0,0
60067,2,1,0,0,0,0,0,0,0,0,0,0
60068,1,1,0,0,0,0,0,19,0,0,0,0
60068,2,1,0,0,0,0,0,0,0,0,0,0
60069,1,1,0,0,0,0,0,0,0,0,0,0
60069,2,1,0,0,0,0,0,0,0,0,16,0
60069,3,1,0,0,0,0,0,7,0,0,0,0
60070,1,1,0,0,0,0,0,0,0,0,0,0
60071,1,1,0,0,0,0,9,0,0,0,0,0
60072,1,1,17,13,0,17,23,13,11,12,18,8
60073,0,1,0,0,0,0,0,0,0,0,0,0
60073,1,1,0,0,0,0,0,19,0,0,0,0
60074,1,1,15,0,0,0,0,0,0,0,0,0
60074,2,1,0,0,0,0,0,0,0,16,0,0
60074,3,1,0,13,0,0,0,0,0,0,0,0
60074,4,1,15,0,0,0,0,0,0,0,0,0
60074,5,1,0,0,0,0,0,0,0,0,0,0
60075,1,1,0,0,26,9,15,14,0,0,0,0
60075,2,1,0,8,9,14,0,0,0,5,8,13
60076,1,1,0,0,0,0,0,0,18,0,0,26
60077,1,1,17,20,25,0,0,12,18,23,0,0
60078,1,1,0,0,0,0,0,37,0,0,17,0
60079,1,1,29,0,0,22,0,0,0,0,14,18
60079,2,1,0,0,0,0,0,0,0,0,0,8
60080,1,1,26,26,26,26,26,26,26,26,26,26
60081,1,1,0,0,0,0,0,0,0,0,0,0
60081,2,1,0,0,0,0,0,0,0,0,0,0
60082,1,1,0,0,0,0,0,0,6,28,0,0
60082,2,1,0,0,0,15,0,17,19,0,17,0
60082,3,1,0,0,0,0,0,0,0,0,18,0
60083,0,1,13,0,8,0,0,0,0,30,0,13
60083,1,1,0,0,0,0,0,0,0,14,0,0
60084,1,1,0,0,0,0,0,0,0,0,0,0
60085,0,1,0,0,0,0,0,0,0,0,0,0
60085,1,1,9,0,0,0,0,0,0,0,0,0
60086,0,1,0,0,0,0,0,0,0,0,0,0
60086,1,1,0,0,0,0,0,0,0,0,0,0
60087,1,1,14,14,14,14,14,14,14,14,14,14
60087,2,1,0,0,0,0,0,0,0,0,0,0
60087,3,1,0,0,0,0,0,0,0,0,0,0
60088,1,1,21,10,0,0,22,9,0,15,12,0
60089,1,1,28,12,14,18,21,14,5,16,9,16
60089,2,1,0,0,0,0,0,0,0,0,0,0
60090,1,1,0,0,0,0,0,0,0,0,0,0
60090,2,1,0,0,0,0,0,0,0,0,0,0
60091,1,1,25,25,25,25,25,25,25,25,25,25
60092,1,1,0,32,0,15,0,0,13,0,0,18
60094,2,1,0,0,0,0,0,0,0,0,0,0
60095,1,1,0,0,0,0,0,0,0,0,0,0
60096,0,1,0,0,0,0,0,0,0,0,0,0
60096,1,1,0,0,0,0,0,0,0,0,12,0
60097,1,1,0,0,0,0,0,0,0,0,0,0
60098,1,1,0,11,25,12,0,28,17,9,14,15
60098,2,1,0,0,0,0,0,0,0,0,0,0
60098,3,1,0,0,0,0,0,0,0,0,0,0
60099,1,1,14,0,17,15,28,20,26,8,4,50
60100,1,1,0,0,0,0,0,0,0,0,0,0
60100,2,1,0,0,0,0,0,0,0,0,0,0
60101,1,1,0,0,0,0,0,0,0,0,0,0
60101,2,1,0,0,0,0,0,0,0,0,0,0
60101,3,1,0,0,0,0,0,0,0,0,0,0
60102,0,1,5,5,5,5,5,5,5,5,5,5
60102,1,1,0,0,0,0,0,0,0,0,0,0
60103,1,1,22,22,22,22,22,22,22,22,22,22
60104,1,1,0,0,0,0,0,0,0,0,0,0
60105,0,1,0,11,19,0,0,0,8,0,15,28
60105,1,1,0,20,0,0,0,23,0,17,0,0
60106,1,1,0,0,0,0,0,0,0,0,0,0
60107,1,1,0,0,0,0,0,0,0,0,0,0
60108,0,1,0,0,0,0,0,0,0,0,0,0
60108,1,1,0,0,0,0,0,0,0,0,0,0
60109,1,1,0,0,0,14,0,0,0,0,0,0
60110,1,1,21,21,21,21,21,21,21,21,21,21
60111,1,1,0,0,0,0,0,0,13,0,0,0
60112,1,1,0,0,0,0,0,0,0,0,0,0
60113,1,1,0,0,0,0,0,0,0,0,0,0
60113,2,1,0,0,0,0,0,0,0,0,0,0
60114,1,1,25,21,13,15,11,9,15,29,13,35
60114,2,1,0,0,0,0,0,0,0,0,0,0
60115,1,1,10,0,11,20,13,0,18,15,16,12
60116,1,1,11,11,11,11,11,11,11,11,11,11
60117,1,1,0,0,0,0,0,0,0,0,0,0
60117,2,1,0,0,0,0,0,0,0,0,0,0
60117,3,1,0,0,0,0,0,0,0,0,0,0
60118,1,1,17,17,17,17,17,17,17,17,17,17
60119,1,1,0,0,0,0,0,0,0,0,0,0
60120,1,1,0,0,7,0,13,0,22,0,23,0
60121,1,1,10,10,10,10,10,10,10,10,10,10
60121,2,1,0,0,0,0,0,0,0,0,0,0
60121,3,1,0,0,0,0,0,0,0,0,0,0
60122,1,1,11,11,11,11,11,11,11,11,11,11
60123,1,1,0,0,0,0,0,0,0,0,0,0
60124,1,1,0,0,0,0,0,0,0,0,0,0
60125,1,1,0,0,0,0,0,0,0,0,0,0
60125,2,1,0,0,0,0,0,0,0,0,0,9
60126,1,1,0,0,0,0,0,0,0,0,0,0
60126,2,1,0,0,0,0,0,0,0,0,0,0
60127,1,1,0,0,0,0,0,0,0,0,15,0
60127,2,1,0,0,0,0,0,0,0,0,0,0
60128,0,1,32,0,19,28,27,0,0,32,25,0
60128,1,1,20,0,0,0,0,0,0,0,0,0
60129,1,1,7,32,6,16,12,12,23,28,15,10
60130,1,1,20,0,4,35,19,0,15,0,0,0
60131,1,1,0,0,0,0,18,0,0,0,0,0
60132,1,1,0,0,0,0,0,0,0,0,0,19
60132,2,1,0,0,0,0,0,0,0,0,6,0
60132,3,1,0,0,0,0,0,13,0,0,0,12
60132,4,1,0,0,0,18,0,0,0,0,0,0
60132,6,1,0,0,0,0,0,17,0,10,0,0
60133,0,1,0,0,0,0,0,0,0,0,0,0
60133,1,1,0,0,0,0,0,0,0,0,0,0
60134,1,1,0,0,0,0,0,0,0,0,0,0
60134,2,1,0,0,0,0,0,0,0,0,0,0
60135,1,1,0,0,0,0,37,29,0,20,0,8
60135,2,1,0,0,0,0,5,0,0,0,0,0
60136,0,1,17,17,17,17,17,17,17,17,17,17
60136,1,1,0,19,0,0,0,0,0,0,25,0
60137,1,1,0,0,0,0,0,0,0,0,0,0
60138,0,1,0,21,0,0,26,0,0,23,0,14
60138,1,1,0,0,0,0,0,0,0,0,0,0
60139,1,1,6,0,0,0,5,0,0,17,0,0
60140,1,1,0,0,0,0,0,0,0,0,0,0
60140,2,1,0,0,0,0,0,0,0,0,0,0
60141,1,1,0,0,0,0,0,0,0,0,0,0
60142,1,1,13,13,13,13,13,13,13,13,13,13
60143,1,1,0,0,15,0,0,0,0,11,0,19
60144,1,1,24,24,24,24,24,24,24,24,24,24
60145,1,1,0,0,0,0,0,0,0,0,0,0
60146,1,1,0,0,0,0,0,0,0,0,0,0
60147,1,1,0,0,0,0,0,0,0,0,0,0
60147,2,1,0,0,0,0,0,0,0,0,0,0
60148,1,1,0,0,0,0,0,0,0,0,0,0
60148,2,1,0,0,0,0,0,0,0,0,14,0
60149,0,1,0,0,0,0,0,0,0,0,0,0
60149,1,1,0,0,0,0,0,0,0,0,0,0
60150,1,1,19,24,0,16,0,21,7,18,19,6
60150,2,1,0,0,0,0,18,0,0,0,0,0
60151,1,1,0,0,0,0,19,0,0,0,10,0
60152,1,1,19,19,19,19,19,19,19,19,19,19
60152,2,1,0,0,0,0,0,0,0,0,0,0
60153,1,1,33,0,20,0,0,0,0,0,0,22
60154,1,1,14,14,14,14,14,14,14,14,14,14
60154,2,1,3,3,3,3,3,3,3,3,3,3
60155,1,1,0,0,0,0,0,0,0,0,0,0
60156,1,1,7,7,7,7,7,7,7,7,7,7
60157,0,1,27,13,20,8,16,13,19,34,30,24
60157,1,1,0,0,0,0,0,0,0,0,0,0
60158,0,1,0,0,0,0,0,0,0,0,0,0
60158,1,1,0,0,0,0,0,0,0,27,0,0
60159,0,1,0,0,0,0,0,0,0,0,0,0
60159,1,1,0,0,0,0,0,0,0,0,0,0
60159,2,1,0,0,0,22,0,28,0,0,0,0
60160,0,1,0,0,0,0,0,0,0,0,0,0
60160,1,1,0,0,0,0,0,23,0,0,0,0
60161,1,1,0,0,0,0,0,0,0,0,0,0
60161,2,1,0,0,0,0,0,0,0,0,0,0
60162,1,1,7,36,16,16,8,0,0,0,22,0
60163,1,1,0,0,0,0,0,0,0,0,0,0
60163,2,1,0,0,0,0,0,15,0,0,0,0
60164,1,1,9,9,9,9,9,9,9,9,9,9
60164,2,1,0,0,2,0,0,0,0,12,7,0
60165,1,1,0,0,0,0,0,0,0,0,0,0
60165,2,1,0,0,0,0,0,0,0,0,0,0
60165,3,1,0,0,0,0,0,0,0,0,0,0
60165,4,1,0,0,0,10,0,0,22,0,0,0
60166,0,1,7,7,7,7,7,7,7,7,7,7
60166,1,1,0,0,0,0,0,0,0,0,0,0
60166,2,1,0,0,0,0,0,0,0,0,0,0
60166,3,1,0,0,0,11,0,0,0,0,0,0
60166,4,1,0,0,0,0,0,0,0,0,0,0
60167,1,1,14,19,0,0,0,0,0,0,0,0
60168,1,1,29,33,14,14,22,10,22,12,9,17
60169,1,1,10,16,25,12,33,16,21,10,20,29
60169,2,1,5,5,5,5,5,5,5,5,5,5
60169,3,1,0,0,0,0,0,0,0,0,0,0
60170,0,1,0,0,0,0,0,0,0,0,0,0
60170,1,1,0,0,0,0,0,0,0,0,0,0
60171,0,1,0,0,0,0,0,0,0,0,0,0
60172,0,1,0,0,0,0,0,0,0,0,0,0
60172,1,1,0,0,0,0,0,0,0,0,0,0
60174,1,1,0,13,7,19,31,0,16,7,0,43
60175,1,1,0,0,0,0,0,0,0,0,0,0
60175,2,1,0,0,0,0,0,0,3,0,0,0
60176,0,1,0,0,0,0,0,0,0,0,0,0
60176,1,1,0,0,0,0,0,0,0,0,0,0
60177,1,1,0,0,0,0,0,0,0,0,0,0
60177,2,1,0,0,0,0,0,0,0,0,0,0
60177,3,1,0,0,0,0,0,0,0,0,0,0
60178,1,1,8,20,28,37,11,14,17,20,40,13
60179,0,1,0,0,0,0,0,0,0,0,0,0
60179,1,1,0,0,0,0,0,0,0,0,0,0
60180,0,1,0,0,0,0,0,0,0,0,0,0
60180,1,1,0,0,0,0,0,0,0,0,0,0
60181,0,1,31,0,0,0,0,0,0,0,0,0
60181,1,1,0,0,10,0,0,26,0,0,0,0
60182,1,1,0,0,0,0,0,0,0,0,0,0
60183,1,1,31,0,0,0,0,19,0,14,0,0
60184,1,1,0,0,0,3,0,0,0,0,0,0
60184,2,1,0,0,0,0,0,0,0,0,0,0
60185,0,1,0,0,0,0,0,0,0,0,0,0
60185,1,1,0,0,0,0,0,0,0,0,0,0
60186,0,1,0,0,0,0,0,0,0,0,0,0
60186,1,1,0,0,0,0,0,0,0,0,0,0
60187,1,1,0,0,0,0,0,0,0,0,0,0
60187,2,1,0,0,0,0,0,0,0,0,0,0
60188,1,1,0,0,0,0,0,0,0,0,0,0
60188,2,1,0,0,0,0,0,0,0,17,0,0
60188,3,1,0,0,0,0,0,0,0,0,0,0
60189,1,1,0,15,0,0,0,13,0,21,0,0
60189,2,1,0,0,0,0,0,0,0,0,0,2
60190,1,1,4,4,4,4,4,4,4,4,4,4
60191,0,1,25,0,0,0,14,0,29,0,0,30
60191,1,1,0,0,0,0,0,0,14,13,0,0
60191,2,1,0,0,0,0,0,23,0,22,0,0
60192,0,1,0,0,0,0,0,0,0,26,0,0
60192,1,1,0,0,0,0,0,0,0,0,0,0
60192,2,1,12,0,0,0,0,0,0,0,0,0
60193,1,1,8,15,11,22,38,7,23,9,14,15
60194,1,1,0,0,0,14,0,0,0,0,0,0
60195,1,1,0,0,16,0,0,0,0,0,0,0
60196,1,1,0,0,18,0,0,0,0,0,0,0
60196,2,1,0,0,0,0,0,0,0,0,5,0
60196,3,1,0,0,0,7,0,0,0,0,0,0
60197,1,1,0,0,14,0,0,10,0,0,23,9
60197,2,1,0,0,4,0,0,15,0,12,0,0
60198,0,1,0,0,0,0,0,0,0,0,0,0
60198,1,1,0,0,0,0,0,0,0,0,0,0
60199,1,1,0,0,0,0,0,0,0,0,0,0
60199,2,1,0,0,0,0,0,0,0,0,0,0
60199,3,1,0,0,0,0,0,0,0,0,0,0
60199,4,1,0,0,0,0,0,0,6,24,0,0
60199,5,1,0,0,0,0,0,0,0,0,0,0
60199,6,1,0,0,0,0,0,0,0,0,0,0
60200,0,1,0,0,19,21,0,20,0,0,27,13
60200,1,1,0,0,0,0,0,0,0,0,0,0
60201,1,1,24,24,24,24,24,24,24,24,24,24
60201,2,1,0,0,0,0,0,0,0,0,0,0
60202,1,1,0,9,14,8,0,0,0,0,0,0
60203,1,1,31,10,0,0,0,8,0,0,0,0
60204,1,1,0,0,0,0,0,0,0,0,0,0
60205,1,1,0,0,0,0,0,0,0,0,0,0
60205,2,1,0,0,0,22,0,0,0,0,0,0
60206,0,1,0,0,11,6,0,0,0,0,0,0
60206,1,1,0,15,0,0,0,0,0,22,0,37
60207,1,1,0,0,0,16,0,6,9,0,0,6
60208,1,1,0,0,12,0,0,0,0,0,0,47
60209,1,1,0,0,7,0,0,0,0,0,0,0
60210,0,1,0,21,15,0,0,0,3,0,0,0
60210,0,2,0,0,0,0,0,0,0,0,0,0
60210,1,1,0,0,0,0,0,0,0,0,0,0
60211,1,1,0,0,0,0,0,0,0,0,0,0
60211,2,1,0,0,0,0,0,0,0,23,0,0
60212,1,1,0,0,0,0,0,0,0,0,0,0
60212,2,1,0,0,0,0,0,25,0,0,0,23
60213,1,1,0,0,0,0,0,0,0,0,0,0
60213,2,1,0,0,0,0,0,0,0,0,0,0
60214,1,1,8,7,14,12,13,19,15,20,10,0
60215,1,1,0,0,0,0,0,0,0,0,0,0
60215,2,1,0,0,20,0,0,0,0,0,0,23
60216,1,1,8,8,8,8,8,8,8,8,8,8
60216,2,1,0,0,0,0,0,0,11,0,0,0
60217,1,1,0,0,0,16,0,0,0,0,0,0
60218,1,1,24,24,24,24,24,24,24,24,24,24
60219,1,1,15,0,0,0,0,0,0,0,0,0
60219,2,1,0,0,0,0,0,0,0,0,0,0
60220,1,1,0,4,0,0,0,0,0,0,0,0
60221,1,1,0,0,0,0,0,0,0,0,0,0
60222,1,1,0,0,13,0,0,0,0,0,0,0
60222,2,1,0,0,0,0,0,0,0,0,0,0
60223,1,1,0,0,0,0,0,0,0,0,0,0
60223,2,1,0,0,0,0,0,27,0,0,0,0
60224,1,1,0,0,0,0,0,0,0,0,0,0
60225,1,1,0,0,0,0,0,0,0,0,0,0
60226,0,1,24,24,24,24,24,24,24,24,24,24
60226,1,1,0,0,0,12,0,0,12,0,0,0
60227,0,1,0,0,0,0,0,0,0,0,0,0
60227,1,1,0,0,0,0,0,0,0,0,0,0
60228,1,1,0,0,0,0,0,0,0,0,0,0
60229,0,1,0,0,0,0,0,0,0,0,0,0
60229,1,1,0,0,0,0,0,0,0,0,0,0
60229,2,1,15,0,27,0,0,0,0,0,0,0
60230,1,1,0,0,0,0,0,0,0,0,0,0
60230,2,1,0,0,0,0,0,0,0,0,0,0
60231,1,1,0,0,0,0,0,0,0,0,0,0
60231,2,1,0,0,0,0,0,0,0,0,0,0
60232,1,1,0,0,0,0,0,0,0,0,0,0
60233,1,1,6,13,2,0,14,14,0,33,14,15
60234,0,1,0,0,0,0,0,0,0,0,0,0
60234,1,1,0,0,0,0,0,0,0,0,0,0
60235,1,1,0,0,0,0,0,0,0,0,0,0
60235,2,1,0,0,0,0,0,0,0,0,0,0
60236,1,1,8,24,20,0,0,46,18,14,22,21
60237,0,1,0,0,0,0,0,0,0,0,0,0
60237,1,1,0,0,0,0,0,0,0,0,0,0
60238,1,1,0,0,0,0,0,0,0,0,0,0
60238,2,1,0,0,0,0,0,0,6,0,0,0
60239,0,1,7,25,0,26,21,19,13,23,8,19
60239,1,1,0,0,0,0,0,0,26,0,23,0
60240,1,1,0,0,0,0,0,0,0,0,0,0
60241,1,1,36,36,36,36,36,36,36,36,36,36
60242,1,1,0,0,0,0,0,0,0,0,0,0
60244,1,1,0,0,0,0,0,0,0,0,0,0
60244,2,1,0,0,0,0,0,0,0,0,0,0
60245,1,1,0,0,0,0,0,9,0,0,0,0
60245,2,1,0,0,0,0,0,0,0,0,0,0
60246,1,1,0,0,0,0,0,0,0,0,0,0
60246,2,1,0,0,0,0,0,0,0,0,21,0
60247,1,1,12,0,0,10,0,32,0,24,7,0
60248,1,1,0,0,0,0,0,0,0,0,26,0
60248,2,1,0,0,0,0,0,0,0,0,0,0
60249,1,1,12,12,12,12,12,12,12,12,12,12
60250,1,1,0,0,0,0,0,0,0,0,0,0
60250,2,1,0,0,0,0,0,0,0,0,0,0
60250,3,1,0,0,0,0,0,0,0,0,0,0
60251,1,1,0,0,0,0,0,0,0,0,0,0
60252,1,1,0,0,0,0,0,0,0,0,0,0
60252,2,1,0,0,0,0,0,0,0,0,0,0
60253,1,1,0,15,0,0,0,0,0,0,0,0
60254,0,1,18,25,12,19,18,10,7,16,33,36
60254,1,1,22,13,32,13,0,15,12,0,29,23
60255,1,1,0,0,0,0,0,0,0,0,0,0
60255,2,1,0,0,0,28,0,0,0,0,0,0
60256,0,1,8,11,18,23,7,16,16,63,16,0
60256,1,1,23,14,22,0,0,8,0,0,1,20
60257,1,1,33,28,16,22,8,41,9,22,5,9
60258,1,1,18,18,18,18,18,18,18,18,18,18
60258,2,1,29,0,7,12,0,0,7,0,0,0
60259,1,1,0,0,0,0,0,0,0,0,0,0
60259,2,1,0,0,0,12,0,0,0,0,0,0
60260,1,1,1,1,1,1,1,1,1,1,1,1
60261,1,1,0,0,0,0,0,0,0,0,0,0
60262,1,1,0,0,0,0,0,0,0,0,0,0
60262,2,1,0,0,0,0,0,0,0,0,0,0
60263,1,1,16,0,12,9,16,16,4,14,18,0
60264,1,1,11,38,10,11,12,3,0,0,25,3
60265,1,1,0,0,0,0,0,0,0,0,0,0
60266,1,1,0,0,0,0,0,0,38,0,0,0
60266,2,1,0,0,0,0,0,0,0,0,0,0
60267,1,1,0,0,0,0,0,0,0,0,0,0
60267,2,1,0,0,0,0,0,0,0,0,0,0
60268,1,1,0,0,0,0,0,0,17,0,0,0
60269,0,1,0,0,0,0,0,0,0,0,0,0
60269,1,1,10,0,20,15,16,23,17,14,17,16
60270,0,1,17,17,17,17,17,17,17,17,17,17
60270,1,1,0,0,0,0,24,10,0,0,0,0
60271,1,1,0,0,0,0,0,0,0,0,0,0
60271,2,1,0,0,0,0,0,0,0,0,0,0
60271,3,1,0,0,0,0,0,0,0,0,0,0
60272,1,1,21,8,13,22,20,36,14,18,9,18
60273,1,1,0,0,0,0,0,0,0,0,0,0
60274,1,1,13,15,0,7,10,13,11,8,0,22
60274,2,1,17,2,15,0,12,3,0,9,2,6
60275,1,1,13,0,0,17,16,0,0,35,23,8
60275,2,1,16,16,16,16,16,16,16,16,16,16
60276,1,1,0,0,0,0,0,0,0,0,0,0
60276,2,1,0,0,0,0,0,0,0,0,0,0
60277,1,1,19,19,19,19,19,19,19,19,19,19
60278,1,1,0,0,0,0,0,0,0,0,0,0
60279,1,1,0,0,0,0,0,0,0,0,0,0
60279,2,1,0,0,0,0,0,0,0,0,0,0
60280,1,1,23,23,23,23,23,23,23,23,23,23
60281,1,1,0,0,0,0,0,0,0,0,0,0
60282,1,1,0,0,0,0,0,0,0,0,0,0
60282,2,1,0,0,0,0,0,0,0,0,0,0
60282,3,1,0,0,0,0,0,0,0,0,0,0
60282,4,1,0,0,0,0,0,0,0,0,0,0
60283,1,1,25,25,25,25,25,25,25,25,25,25
60284,1,1,0,0,0,0,0,0,0,0,0,0
60284,2,1,0,0,0,0,0,0,0,0,0,0
60285,1,1,0,0,0,0,0,0,0,11,0,0
60286,0,1,0,0,0,0,0,0,0,0,0,0
60286,1,1,30,20,0,12,0,0,0,0,0,0
60288,1,1,17,0,0,0,0,0,10,0,0,0
60289,1,1,8,8,8,8,8,8,8,8,8,8
60289,3,1,0,10,0,6,7,23,11,12,0,3
60289,4,1,0,0,26,11,0,0,20,0,0,0
60290,1,1,0,0,0,0,0,0,0,0,0,0
60290,2,1,0,0,0,0,0,0,0,0,0,0
60291,1,1,0,0,0,0,0,0,0,0,0,0
60291,2,1,16,11,0,0,0,0,0,0,0,0
60292,0,1,24,24,24,24,24,24,24,24,24,24
60292,1,1,0,0,0,0,15,0,0,0,0,0
60293,1,1,0,0,0,0,15,0,0,0,0,0
60293,2,1,0,0,16,0,0,11,0,0,0,0
60293,3,1,0,0,0,0,0,0,17,16,0,0
60294,0,1,0,0,0,0,0,0,0,0,0,0
60294,1,1,0,0,0,0,0,0,0,0,17,0
60295,1,1,0,0,0,0,0,0,0,0,0,0
60295,2,1,0,0,0,0,0,0,0,0,0,0
60296,1,1,0,0,14,0,0,0,7,0,5,0
60296,2,1,0,0,0,0,0,0,0,7,0,0
60297,1,1,0,0,0,0,0,0,0,0,0,0
60298,1,1,0,0,0,0,0,0,0,0,0,0
60299,1,1,0,0,0,0,0,0,0,0,0,0
60299,2,1,4,0,0,0,0,0,0,0,16,0
60299,3,1,0,0,0,0,0,0,0,0,0,0
60299,4,1,0,0,0,0,18,0,0,0,16,0
60300,1,1,0,0,0,0,0,0,0,0,0,0
60300,2,1,0,0,0,0,0,0,0,0,0,0
60301,0,1,42,13,29,0,0,26,0,0,0,0
60301,1,1,0,0,0,0,0,0,0,0,0,0
60302,1,1,0,0,0,0,0,0,0,0,0,0
60302,2,1,0,0,0,0,0,0,0,0,0,0
60303,0,1,16,16,16,16,16,16,16,16,16,16
60303,1,1,0,0,0,0,0,0,0,0,0,0