ST_CASE,VEH_NO,PER_NO,P1,P2,P3,P4,P5,P6,P7,P8,P9,P10
60304,1,1,43,0,0,20,0,28,20,10,33,5
60304,2,1,0,0,0,0,0,0,0,0,0,0
60305,0,1,0,0,0,0,0,0,0,0,0,0
60305,1,1,0,0,0,0,0,0,0,0,0,0
60306,1,1,0,0,0,0,0,0,0,0,0,0
60307,1,1,8,8,8,8,8,8,8,8,8,8
60307,2,1,0,0,0,0,0,0,0,0,0,0
60308,1,1,8,19,29,9,21,21,36,33,13,22
60309,1,1,22,20,0,0,0,17,0,0,3,0
60310,1,1,0,0,0,0,0,0,0,0,0,0
60310,2,1,0,0,0,0,0,0,0,5,0,0
60311,1,1,3,3,3,3,3,3,3,3,3,3
60311,2,1,12,6,39,17,21,11,11,0,0,0
60312,1,1,0,23,0,0,0,0,0,30,0,0
60313,1,1,0,0,6,0,17,0,0,18,0,14
60314,0,1,52,0,25,32,0,0,0,41,0,33
60314,1,1,0,0,0,0,0,0,0,0,0,0
60315,1,1,0,0,0,0,0,0,0,0,0,0
60315,2,1,0,0,0,0,0,0,0,0,0,0
60316,1,1,20,20,20,20,20,20,20,20,20,20
60317,1,1,0,0,0,0,0,0,0,0,0,0
60317,2,1,0,0,0,0,0,0,0,0,0,0
60318,1,1,0,0,0,0,0,0,0,0,0,0
60318,2,1,0,0,0,0,0,0,0,0,0,0
60319,1,1,0,0,0,0,0,0,0,0,3,0
60319,2,1,0,0,0,0,0,0,0,0,0,0
60320,1,1,10,10,10,10,10,10,10,10,10,10
60320,2,1,0,0,0,0,0,0,0,0,0,0
60320,3,1,0,0,21,0,0,17,0,0,0,30
60321,1,1,14,14,14,14,14,14,14,14,14,14
60321,2,1,0,0,0,0,0,0,0,0,0,0
60322,0,1,0,0,0,0,0,0,0,0,0,0
60322,1,1,0,13,17,25,28,32,0,13,15,25
60323,1,1,0,17,0,0,0,0,0,0,0,0
60323,2,1,0,0,0,0,0,0,0,0,0,0
60324,0,1,0,0,0,0,0,0,0,0,0,0
60324,1,1,0,0,0,0,22,0,0,0,17,0
60325,1,1,20,20,20,20,20,20,20,20,20,20
60325,2,1,0,0,0,0,0,0,0,0,0,0
60326,1,1,0,0,0,0,0,17,0,0,0,0
60326,2,1,0,0,0,0,0,0,0,0,0,0
60326,3,1,0,0,0,0,0,0,0,0,0,0
60327,1,1,0,0,0,0,0,0,0,0,0,0
60328,1,1,0,0,0,0,0,0,0,0,0,0
60328,2,1,0,0,0,0,0,0,0,0,0,0
60329,1,1,35,15,0,0,0,0,0,0,0,0
60330,0,1,0,0,7,0,0,0,0,0,7,0
60330,1,1,0,0,0,0,0,0,0,0,0,0
60330,2,1,0,0,0,0,0,0,0,0,0,0
60330,3,1,0,0,0,0,0,0,0,0,0,0
60330,4,1,0,0,0,0,0,0,0,0,0,0
60331,1,1,4,4,4,4,4,4,4,4,4,4
60332,1,1,0,0,0,0,0,0,0,0,0,0
60332,2,1,0,0,0,0,0,0,0,0,24,0
60332,3,1,0,0,0,0,0,0,0,0,0,0
60333,1,1,0,0,0,0,0,0,0,0,0,0
60334,0,1,20,21,22,3,28,15,17,0,15,25
60334,1,1,0,0,0,0,0,0,0,0,0,0
60334,2,1,0,0,0,0,0,0,0,0,0,0
60335,0,1,15,0,16,15,21,27,0,0,34,23
60335,1,1,0,0,0,0,0,0,0,0,0,0
60336,0,1,0,0,0,22,0,26,0,0,0,0
60336,1,1,0,0,0,0,0,0,22,0,0,0
60337,1,1,0,0,0,0,0,0,0,0,0,0
60337,2,1,0,0,0,0,0,0,0,0,0,0
60338,1,1,0,11,14,11,0,25,0,0,0,0
60338,2,1,0,15,0,0,0,0,0,0,15,0
60339,1,1,0,0,0,0,0,0,0,0,0,0
60339,2,1,0,0,0,0,0,0,0,0,0,0
60339,3,1,0,0,0,0,0,0,0,0,0,0
60339,4,1,0,0,0,0,0,0,0,0,0,0
60339,5,1,0,0,0,0,0,0,0,0,0,0
60341,1,1,0,0,0,8,0,0,0,0,0,0
60341,2,1,0,0,0,0,0,0,0,0,0,0
60342,1,1,13,0,16,0,0,0,0,0,9,23
60342,2,1,0,0,0,0,0,0,0,0,0,0
60343,1,1,0,0,0,0,0,0,0,0,0,0
60343,2,1,0,0,0,0,29,0,0,32,0,0
60344,1,1,0,0,29,0,0,0,0,0,4,4
60344,2,1,0,0,0,0,0,0,0,20,0,0
60345,0,1,0,0,0,0,0,0,0,0,0,0
60345,1,1,0,0,0,0,0,0,0,0,0,0
60346,1,1,21,21,21,21,21,21,21,21,21,21
60347,1,1,0,0,0,0,0,0,0,0,0,0
60347,2,1,0,29,0,14,0,0,9,0,0,20
60348,1,1,0,0,0,0,18,0,0,0,0,0
60348,2,1,0,0,0,0,0,0,0,0,0,0
60349,1,1,22,22,22,22,22,22,22,22,22,22
60350,0,1,0,0,0,0,0,0,0,0,0,0
60350,1,1,11,8,14,18,0,32,15,12,17,0
60351,1,1,13,13,13,13,13,13,13,13,13,13
60351,2,1,0,0,6,0,0,0,0,24,17,10
60352,1,1,0,0,10,26,0,14,20,0,0,18
60353,1,1,0,0,0,0,0,0,0,0,0,0
60353,2,1,0,0,0,0,0,0,0,0,0,0
60354,1,1,19,19,19,19,19,19,19,19,19,19
60355,1,1,0,0,0,0,0,0,0,0,0,0
60356,1,1,0,0,0,0,8,0,0,0,0,21
60357,0,1,0,0,0,0,0,0,0,0,0,0
60357,1,1,0,0,26,0,0,0,0,0,0,0
60358,1,1,0,0,0,0,0,0,0,0,0,0
60358,2,1,6,0,0,0,0,0,0,0,0,0
60359,1,1,0,0,0,0,0,0,0,0,0,0
60359,2,1,10,10,10,10,10,10,10,10,10,10
60360,1,1,0,25,0,10,0,0,12,0,0,0
60360,2,1,0,0,0,12,12,0,16,6,0,0
60361,1,1,12,12,12,12,12,12,12,12,12,12
60361,2,1,0,0,0,0,0,0,0,0,0,0
60362,0,1,0,0,0,0,0,0,0,0,0,0
60362,1,1,0,0,0,0,0,0,0,0,0,0
60363,1,1,0,0,0,0,0,0,0,0,0,0
60363,2,1,0,0,0,0,0,0,0,0,0,0
60364,1,1,0,0,0,0,0,0,0,0,0,0
60364,2,1,0,0,0,0,0,0,0,0,0,0
60364,3,1,0,0,0,0,0,0,0,0,0,5
60364,4,1,13,0,0,0,0,0,0,0,0,7
60365,1,1,0,0,0,0,0,9,0,0,0,0
60365,2,1,0,0,0,0,0,0,0,0,0,0
60366,0,1,0,0,35,0,18,5,13,22,0,0
60366,1,1,3,3,3,3,3,3,3,3,3,3
60367,0,1,18,27,12,7,30,9,18,20,26,17
60367,1,1,0,0,0,0,0,0,0,0,0,0
60368,1,1,0,15,0,0,0,0,0,0,0,0
60369,0,1,0,0,0,0,0,0,0,0,0,0
60369,1,1,0,0,0,0,0,0,0,0,0,0
60370,1,1,0,25,16,0,21,0,0,0,8,0
60371,1,1,18,0,0,15,6,19,0,0,32,0
60372,1,1,4,4,4,4,4,4,4,4,4,4
60372,2,1,0,0,0,0,2,0,0,7,0,0
60372,3,1,0,17,11,0,0,14,9,15,0,18
60372,4,1,0,0,0,0,0,0,0,0,16,0
60373,1,1,0,0,0,0,0,18,0,0,0,17
60373,2,1,0,0,0,0,0,0,0,0,0,0
60374,1,1,0,0,0,0,0,0,0,0,13,0
60374,2,1,0,0,0,0,0,0,0,0,0,0
60375,1,1,21,15,0,0,0,0,18,0,0,0
60375,2,1,0,0,0,0,0,0,0,0,0,0
60376,1,1,0,0,0,0,0,0,0,0,0,0
60376,2,1,0,0,0,0,0,0,0,0,0,0
60376,3,1,0,0,0,0,0,0,0,0,0,0
60377,0,1,0,0,0,0,0,0,0,0,0,0
60377,1,1,0,0,0,0,0,0,0,0,0,0
60378,1,1,0,0,0,0,0,0,0,0,0,13
60379,1,1,0,0,0,0,0,0,0,0,0,0
60379,2,1,0,0,0,0,0,0,0,0,0,0
60380,1,1,0,0,0,0,0,0,0,0,0,0
60380,2,1,17,17,17,17,17,17,17,17,17,17
60381,1,1,13,0,0,0,0,0,0,0,0,0
60381,2,1,0,0,0,0,0,0,0,0,0,0
60382,1,1,41,8,5,16,29,30,0,0,16,0
60382,2,1,0,0,0,7,0,0,14,0,24,24
60383,1,1,0,0,0,0,0,0,0,0,0,0
60384,0,1,0,0,0,0,0,0,0,0,0,0
60384,1,1,7,0,0,16,0,0,0,0,4,0
60385,0,1,26,26,26,26,26,26,26,26,26,26
60385,1,1,15,15,14,12,6,0,0,25,0,0
60386,0,1,3,3,3,3,3,3,3,3,3,3
60386,1,1,0,0,0,0,0,0,0,0,0,0
60387,1,1,0,0,0,0,0,0,0,0,0,0
60387,2,1,0,0,0,0,0,0,0,0,0,0
60388,1,1,0,0,0,0,0,0,0,0,0,0
60389,0,1,2,2,2,2,2,2,2,2,2,2
60389,1,1,0,0,0,0,0,0,0,0,0,0
60390,0,1,0,0,23,0,0,27,11,0,17,0
60390,1,1,0,0,0,0,0,0,0,0,0,6
60390,2,1,0,0,0,0,0,0,0,0,0,0
60391,0,1,0,0,0,0,0,0,0,0,0,0
60391,1,1,12,0,0,0,17,0,0,0,0,21
60392,1,1,11,11,11,11,11,11,11,11,11,11
60392,2,1,0,0,0,0,0,0,0,0,0,0
60393,0,1,0,0,0,9,0,0,0,0,0,0
60393,1,1,0,0,0,0,0,0,0,0,0,0
60394,1,1,0,0,0,0,0,0,0,0,0,0
60394,2,1,0,0,0,0,0,0,0,0,0,0
60395,1,1,0,0,0,0,0,0,0,0,0,0
60395,2,1,0,0,0,0,0,0,0,0,0,0
60396,1,1,0,0,0,0,0,0,0,0,0,0
60397,1,1,0,0,19,0,0,0,0,0,0,0
60397,2,1,0,0,0,0,0,0,0,0,0,0
60397,3,1,0,0,0,0,0,0,0,0,0,0
60397,4,1,19,0,0,0,0,0,0,0,0,0
60398,0,1,0,30,0,0,0,0,0,0,0,19
60398,1,1,0,0,0,0,0,0,0,0,0,0
60399,1,1,15,6,4,18,13,9,0,0,0,0
60399,2,1,0,0,21,0,0,0,17,0,0,25
60400,1,1,17,17,17,17,17,17,17,17,17,17
60400,2,1,31,31,31,31,31,31,31,31,31,31
60401,1,1,7,0,0,0,0,0,0,0,0,0
60401,2,1,0,0,0,14,0,0,3,0,11,0
60402,1,1,11,7,27,9,20,22,4,8,0,23
60403,1,1,20,20,20,20,20,20,20,20,20,20
60404,1,1,0,0,0,0,0,0,0,0,0,0
60404,2,1,0,0,0,0,0,0,0,0,0,0
60405,1,1,0,0,0,0,0,0,0,0,0,0
60405,2,1,0,0,0,0,0,0,0,0,0,0
60406,1,1,0,0,0,0,0,0,0,0,0,0
60407,1,1,0,0,0,0,0,0,0,0,0,0
60408,1,1,0,0,0,0,0,0,0,0,0,0
60408,2,1,0,0,0,27,27,0,0,10,0,0
60408,3,1,0,0,0,0,0,0,0,0,0,0
60409,1,1,23,31,0,4,0,17,0,0,19,0
60409,2,1,0,0,0,0,0,0,7,0,0,20
60410,1,1,8,8,8,8,8,8,8,8,8,8
60411,0,1,0,18,0,0,0,5,20,0,0,16
60411,1,1,0,0,0,0,0,0,0,0,0,0
60413,1,1,0,0,0,0,0,0,0,0,0,0
60413,2,1,2,2,2,2,2,2,2,2,2,2
60414,1,1,0,0,0,0,0,0,0,0,0,0
60414,2,1,0,0,0,0,0,0,0,0,29,0
60415,1,1,0,0,0,0,0,0,0,0,0,0
60415,2,1,0,0,0,0,0,0,0,0,0,0
60415,3,1,0,0,0,0,0,0,0,15,0,11
60418,1,1,0,0,0,0,10,22,0,0,0,0
60419,1,1,0,0,0,0,0,0,0,0,0,0
60420,1,1,0,0,0,0,0,0,0,0,0,0
60421,1,1,0,0,0,0,0,0,0,0,0,0
60421,2,1,24,5,12,0,0,0,0,10,0,0
60424,0,1,0,0,35,10,12,27,30,12,26,0
60424,1,1,0,28,0,28,12,0,24,0,25,24
60425,0,1,0,28,0,0,0,0,0,4,0,36
60425,1,1,0,0,0,0,0,0,6,0,0,17
60426,1,1,0,0,0,0,12,0,0,0,0,0
60427,1,1,0,0,0,0,0,0,0,0,0,0
60428,0,1,38,25,21,24,0,24,9,15,36,40
60428,1,1,27,0,0,0,0,0,0,30,0,0
60429,1,1,0,0,0,0,0,0,0,0,0,0
60429,2,1,0,29,0,0,0,0,0,0,0,0
60430,1,1,35,10,6,0,0,12,0,8,12,15
60430,2,1,0,0,0,0,0,0,0,0,0,0
60431,1,1,0,0,0,18,0,0,0,15,0,19
60432,1,1,0,0,0,0,17,0,0,0,0,0
60432,2,1,0,0,0,0,0,17,0,0,0,0
60432,3,1,0,0,0,0,0,0,0,0,0,0
60433,1,1,0,0,0,0,0,0,0,0,0,0
60433,2,1,0,0,0,0,0,0,0,0,0,0
60434,1,1,0,9,5,0,0,0,0,0,4,0
60435,1,1,0,0,0,0,0,9,0,0,0,0
60435,2,1,0,0,0,0,0,0,0,0,0,0
60435,3,1,0,0,0,0,0,0,0,0,0,0
60436,1,1,14,29,31,22,16,13,16,11,13,36
60437,0,1,0,0,0,0,0,0,0,0,0,0
60437,1,1,0,0,0,0,0,0,0,0,0,0
60438,1,1,11,23,5,31,31,17,12,24,15,39
60439,0,1,0,0,0,0,0,0,0,0,0,0
60439,1,1,0,9,0,0,0,0,0,0,0,0
60440,1,1,0,0,0,0,0,0,0,0,0,0
60440,2,1,0,0,0,0,0,0,0,0,0,0
60441,1,1,26,10,20,15,7,20,21,20,13,13
60442,1,1,4,4,4,4,4,4,4,4,4,4
60442,2,1,5,3,10,7,6,16,4,27,9,8
60443,1,1,12,18,15,0,0,0,8,0,25,0
60444,1,1,5,5,5,5,5,5,5,5,5,5
60445,1,1,10,26,12,29,18,0,20,16,13,6
60445,2,1,0,0,0,17,0,0,0,0,0,8
60446,1,1,0,0,0,0,0,0,0,0,0,0
60447,0,1,14,0,0,38,0,0,8,19,17,10
60447,1,1,19,19,19,19,19,19,19,19,19,19
60448,1,1,0,0,0,0,0,0,0,0,0,0
60448,2,1,0,0,0,0,0,0,0,0,0,0
60448,3,1,0,0,0,0,0,0,10,0,0,6
60449,1,1,14,7,24,24,11,16,13,24,8,8
60450,0,1,22,9,22,20,0,18,30,0,4,30
60450,1,1,9,0,0,0,0,0,0,0,0,0
60451,0,1,32,0,0,0,0,30,0,12,0,19
60451,1,1,0,0,0,0,0,0,0,0,0,0
60453,0,1,6,9,43,11,39,31,11,7,14,0
60453,0,2,25,30,18,35,13,10,18,29,39,20
60453,2,1,0,0,0,0,0,0,0,0,0,0
60454,1,1,10,10,10,10,10,10,10,10,10,10
60454,2,1,0,5,12,0,0,0,0,0,0,0
60456,1,1,12,16,41,23,10,16,43,24,16,16
60456,2,1,0,0,0,0,0,0,0,0,0,0
60457,1,1,11,0,0,0,0,0,0,0,0,0
60458,1,1,0,0,0,0,0,0,0,0,0,0
60459,1,1,0,0,0,0,0,0,0,0,0,0
60460,1,1,7,7,7,7,7,7,7,7,7,7
60461,1,1,0,0,0,0,0,0,0,0,0,0
60461,2,1,0,0,21,0,0,0,0,0,0,0
60462,1,1,14,14,14,14,14,14,14,14,14,14
60463,1,1,0,0,0,0,0,0,0,0,0,0
60464,0,1,14,14,14,14,14,14,14,14,14,14
60464,1,1,0,0,0,0,0,0,0,0,0,0
60465,1,1,0,0,0,0,0,0,0,0,0,0
60465,2,1,0,0,0,0,0,0,0,0,0,0
60465,3,1,0,0,0,0,0,0,0,0,18,3
60466,0,1,0,0,0,0,0,0,0,0,0,0
60466,1,1,29,28,30,17,0,20,9,16,29,0
60466,2,1,0,0,4,6,0,8,8,6,0,0
60467,1,1,0,0,0,0,0,0,0,0,0,0
60468,0,1,0,0,0,12,0,0,0,0,0,0
60468,0,2,0,0,0,0,0,0,0,0,0,14
60468,1,1,0,0,0,0,0,0,0,0,0,0
60469,1,1,24,24,24,24,24,24,24,24,24,24
60470,0,1,0,0,0,37,0,0,19,0,0,39
60470,1,1,0,20,0,0,0,0,0,0,0,0
60471,1,1,0,0,0,0,0,0,0,0,0,0
60472,0,1,16,16,16,16,16,16,16,16,16,16
60472,1,1,0,0,16,0,0,0,0,18,0,0
60473,1,1,17,20,17,16,24,17,21,9,0,21
60473,2,1,0,0,0,0,0,12,0,0,0,0
60474,1,1,16,8,11,14,25,23,29,19,11,12
60475,1,1,21,0,0,0,0,0,0,11,0,0
60475,2,1,0,0,0,0,0,0,0,0,0,0
60476,1,1,0,0,0,0,0,0,0,0,0,0
60476,2,1,0,0,0,0,0,0,0,0,0,0
60477,1,1,0,0,0,0,0,0,0,0,0,8
60477,2,1,0,0,0,0,0,0,0,0,0,0
60478,1,1,4,0,0,0,34,0,16,0,0,31
60478,2,1,0,0,0,0,0,0,0,0,0,0
60479,0,1,6,21,0,22,0,14,0,8,20,27
60479,1,1,14,21,17,14,0,5,16,16,11,20
60480,1,1,9,9,9,9,9,9,9,9,9,9
60480,2,1,0,0,0,0,0,0,0,0,0,0
60480,3,1,0,0,0,0,0,0,0,0,0,0
60481,1,1,8,8,8,8,8,8,8,8,8,8
60481,2,1,0,0,0,0,0,0,0,0,0,0
60482,1,1,0,0,0,0,0,0,0,0,0,0
60482,2,1,0,0,0,0,0,0,0,0,0,0
60483,1,1,0,0,0,0,0,0,0,0,0,0
60483,2,1,0,0,0,0,0,0,0,0,0,0
60484,0,1,0,0,0,0,0,0,0,0,0,0
60484,1,1,0,0,0,0,0,0,0,0,0,0
60485,0,1,15,25,47,29,0,13,0,5,20,16
60485,1,1,0,0,0,0,0,11,15,0,0,0
60486,0,1,0,0,0,0,12,0,0,0,0,0
60486,1,1,0,0,0,0,0,0,0,0,0,0
60487,0,1,0,31,25,25,22,34,30,0,17,16
60487,1,1,11,0,0,0,0,0,0,0,0,0
60488,1,1,19,25,7,3,0,12,9,21,9,12
60489,0,1,0,0,0,0,0,0,0,0,0,0
60489,1,1,0,0,0,0,0,0,0,0,0,0
60490,0,1,0,5,6,0,0,0,0,24,20,0
60490,1,1,24,24,24,24,24,24,24,24,24,24
60491,1,1,3,0,16,0,10,0,17,15,0,16
60492,0,1,0,0,0,0,0,0,0,15,0,20
60492,1,1,0,0,0,0,0,0,0,0,0,0
60493,0,1,0,0,0,0,0,0,0,0,0,0
60493,1,1,0,0,0,0,0,0,0,0,0,0
60494,1,1,7,0,0,5,0,0,0,0,0,9
60495,1,1,0,16,0,0,16,0,0,0,0,0
60496,1,1,12,0,13,9,0,23,0,22,11,0
60497,1,1,0,0,0,0,15,0,0,0,0,0
60498,1,1,0,0,0,0,0,0,0,0,0,0
60499,0,1,0,0,0,0,0,0,0,0,0,0
60499,1,1,22,15,26,17,14,12,5,12,30,8
60500,1,1,0,0,0,0,0,0,0,5,0,0
60500,2,1,0,0,0,0,0,0,0,0,0,0
60500,3,1,0,0,0,13,0,0,0,0,0,0
60501,1,1,0,0,0,0,0,0,0,0,0,0
60501,2,1,0,0,0,0,0,0,0,0,0,0
60502,1,1,7,1,27,17,27,9,16,29,4,7
60503,1,1,0,0,17,10,19,6,11,14,28,14
60504,1,1,0,0,0,0,0,0,0,0,0,0
60504,2,1,0,0,0,0,0,0,0,0,0,0
60505,1,1,0,0,0,0,0,0,0,0,20,20
60505,2,1,1,1,1,1,1,1,1,1,1,1
60506,0,1,0,0,0,0,0,0,0,0,0,0
60506,1,1,21,0,0,0,11,8,0,19,16,31
60507,1,1,0,0,0,0,0,0,0,0,0,0
60508,1,1,0,0,0,0,0,0,0,0,0,0
60509,1,1,16,19,35,22,24,0,0,21,13,11
60509,2,1,0,0,0,0,0,0,0,0,0,0
60510,1,1,0,0,0,0,0,19,0,11,0,0
60510,2,1,0,0,0,0,0,0,0,0,0,0
60511,1,1,16,16,16,16,16,16,16,16,16,16
60511,2,1,0,0,0,0,0,0,0,0,0,0
60512,1,1,0,0,0,25,0,0,0,20,0,27
60513,1,1,0,0,0,0,0,0,0,0,0,0
60513,2,1,14,0,0,0,0,0,0,0,0,0
60514,0,1,0,0,0,0,0,0,0,0,0,0
60514,1,1,20,12,15,17,0,0,18,0,10,0
60515,1,1,20,20,20,20,20,20,20,20,20,20
60515,2,1,20,0,16,7,21,13,0,0,21,15
60515,3,1,15,0,6,0,0,0,0,0,23,0
60516,1,1,0,0,0,0,0,0,0,0,0,0
60518,1,1,0,0,0,0,0,0,0,0,0,0
60519,0,1,29,29,29,29,29,29,29,29,29,29
60519,1,1,6,25,12,0,11,7,20,0,0,16
60520,1,1,0,0,0,0,0,0,0,0,0,0
60521,0,1,13,13,13,13,13,13,13,13,13,13
60521,1,1,0,0,0,0,0,0,0,0,0,0
60522,1,1,0,0,27,7,15,32,9,14,24,12
60523,0,1,17,17,17,17,17,17,17,17,17,17
60523,1,1,0,0,15,21,0,0,13,24,0,14
60524,1,1,0,0,0,0,0,0,0,0,0,15
60524,2,1,0,0,0,0,0,0,0,0,0,0
60525,1,1,0,0,0,0,0,0,0,0,0,0
60525,2,1,0,0,0,0,0,0,0,0,0,0
60526,0,1,29,20,25,23,0,27,0,15,29,18
60526,1,1,0,18,0,0,0,0,27,3,0,0
60527,1,1,0,0,0,0,0,0,0,0,0,0
60527,2,1,8,8,8,8,8,8,8,8,8,8
60528,1,1,7,18,0,12,13,23,17,14,15,8
60528,2,1,0,20,0,0,0,0,0,26,0,0
60529,1,1,0,0,0,0,0,0,0,0,0,0
60529,2,1,0,0,0,0,0,0,7,0,0,0
60530,0,1,0,0,0,0,0,0,0,0,0,0
60530,1,1,0,0,0,0,0,0,0,0,16,0
60531,1,1,22,9,0,25,8,12,6,13,6,8
60531,2,1,0,0,0,0,0,0,0,0,0,0
60532,1,1,11,11,11,11,11,11,11,11,11,11
60533,1,1,31,31,31,31,31,31,31,31,31,31
60533,2,1,16,0,0,0,0,0,0,0,0,0
60533,3,1,0,0,0,0,0,0,0,0,0,21
60534,1,1,0,36,0,0,0,27,0,8,0,0
60535,1,1,19,19,19,19,19,19,19,19,19,19
60536,1,1,0,0,0,0,0,0,0,0,0,0
60537,1,1,0,0,0,0,0,0,0,0,0,0
60538,1,1,13,25,0,0,23,0,0,0,0,18
60539,1,1,0,0,0,0,0,0,5,0,0,0
60539,2,1,0,10,0,0,12,4,20,10,0,0
60540,1,1,29,29,29,29,29,29,29,29,29,29
60540,2,1,0,0,0,0,0,0,0,0,0,6
60541,1,1,0,0,0,0,0,0,0,0,0,0
60541,2,1,0,0,0,0,0,0,0,0,0,0
60542,0,1,15,15,15,15,15,15,15,15,15,15
60542,1,1,0,0,0,0,0,0,0,0,0,0
60543,1,1,0,0,0,8,0,0,6,11,15,0
60543,2,1,0,0,0,0,0,0,0,23,0,0
60544,1,1,27,27,27,27,27,27,27,27,27,27
60544,2,1,0,0,0,0,0,0,0,0,0,0
60545,1,1,0,0,0,0,0,0,0,0,0,0
60545,2,1,0,0,0,0,0,0,0,0,0,0
60546,1,1,0,0,0,0,0,0,0,0,0,0
60546,2,1,0,0,0,0,0,0,15,0,0,0
60547,0,1,20,20,20,20,20,20,20,20,20,20
60547,1,1,0,0,0,0,0,0,0,0,0,0
60548,0,1,16,16,16,16,16,16,16,16,16,16
60548,1,1,13,24,15,0,0,10,0,0,0,0
60549,1,1,13,12,15,36,12,15,8,5,15,9
60550,1,1,0,0,0,0,0,0,0,0,0,0
60550,2,1,0,0,0,0,0,0,0,0,0,0
60550,3,1,0,0,10,5,0,0,0,0,0,0
60550,4,1,0,0,0,0,0,0,0,0,0,0
60550,5,1,0,17,0,0,0,0,0,15,0,0
60550,6,1,0,0,0,0,0,0,0,0,0,0
60550,7,1,0,0,0,0,0,0,0,0,0,0
60550,8,1,0,0,0,0,0,0,0,0,0,0
60551,1,1,0,36,0,0,0,0,4,0,0,0
60551,2,1,0,0,0,0,0,0,0,0,0,0
60552,1,1,2,0,0,0,0,0,8,0,0,0
60553,1,1,11,11,11,11,11,11,11,11,11,11
60554,1,1,0,0,0,0,0,0,0,0,0,0
60554,2,1,0,0,0,0,0,0,0,0,0,0
60555,0,1,26,20,6,20,0,0,0,0,23,0
60555,1,1,20,20,20,20,20,20,20,20,20,20
60556,0,1,28,26,26,0,6,26,18,29,0,13
60556,1,1,0,0,0,0,0,0,0,0,0,0
60557,0,1,0,0,0,0,0,0,0,0,0,0
60557,1,1,0,0,0,0,0,0,0,23,0,0
60558,1,1,0,0,0,0,0,0,0,0,0,0
60559,1,1,15,15,15,15,15,15,15,15,15,15
60560,0,1,0,0,0,7,5,0,0,27,4,0
60560,0,2,21,9,0,27,0,3,15,15,0,0
60560,0,3,0,0,0,22,0,0,0,10,20,0
60560,1,1,0,0,0,0,0,0,0,0,0,20
60561,1,1,0,0,22,0,23,16,0,22,20,12
60562,0,1,0,0,0,26,25,23,23,25,0,6
60562,2,1,0,0,0,0,0,0,0,0,0,0
60563,1,1,0,0,0,0,0,0,0,0,0,0
60564,1,1,0,0,15,0,0,0,0,0,0,16
60564,2,1,0,0,0,0,0,0,0,0,0,0
60565,1,1,7,17,9,23,21,14,3,29,8,14
60566,1,1,9,9,9,9,9,9,9,9,9,9
60566,2,1,0,0,0,0,0,0,0,0,0,0
60567,1,1,0,0,0,0,0,13,15,0,0,0
60568,1,1,0,0,0,0,0,0,24,0,0,7
60568,2,1,0,0,0,0,0,0,0,0,0,0
60569,1,1,0,0,0,0,0,28,0,0,0,0
60570,1,1,0,0,0,0,0,0,0,0,0,0
60570,2,1,0,0,0,0,0,0,0,0,0,0
60571,0,1,0,0,0,0,0,0,0,0,0,0
60571,1,1,0,0,0,0,0,0,0,0,0,0
60572,1,1,0,0,0,0,0,0,0,0,0,0
60573,1,1,21,21,21,21,21,21,21,21,21,21
60574,1,1,0,0,0,0,0,0,0,0,0,0
60574,2,1,0,0,0,0,0,0,0,0,0,0
60575,0,1,31,28,15,34,13,0,15,4,15,19
60575,1,1,0,0,0,0,0,0,0,0,0,0
60576,0,1,0,0,0,0,11,0,0,0,11,18
60576,1,1,0,0,0,12,0,0,0,0,0,0
60577,1,1,6,6,6,6,6,6,6,6,6,6
60577,2,1,0,27,0,0,0,0,0,5,0,0
60578,1,1,8,0,0,0,0,0,0,0,0,0
60578,2,1,0,0,0,0,0,0,0,0,0,0
60579,0,1,0,0,7,0,20,26,27,0,36,22
60579,1,1,0,0,0,0,0,0,0,4,0,0
60580,1,1,16,20,0,0,7,0,35,18,0,15
60581,1,1,17,18,0,28,11,25,0,0,24,15
60582,0,1,9,13,28,23,17,8,17,9,11,17
60582,1,1,0,9,0,0,0,32,0,0,0,0
60583,0,1,20,26,30,16,29,7,26,4,9,4
60583,1,1,0,0,0,16,0,0,0,0,0,0
60584,1,1,4,4,0,0,0,0,0,4,36,16
60584,2,1,0,33,0,0,0,0,0,0,0,0
60585,1,1,23,23,23,23,23,23,23,23,23,23
60585,2,1,0,0,0,0,0,0,0,0,0,0
60586,1,1,0,0,0,0,0,0,0,0,0,0
60586,2,1,0,0,0,0,0,0,0,0,2,0
60587,0,1,0,27,31,19,20,20,12,11,11,9
60587,1,1,0,35,23,0,18,18,0,16,8,7
60588,0,1,0,0,0,0,0,0,0,0,0,0
60588,1,1,0,0,0,0,0,0,0,0,0,0
60590,1,1,0,0,0,0,0,17,0,0,0,8
60591,1,1,0,0,0,0,0,0,0,0,0,0
60591,2,1,0,0,8,0,0,0,0,0,0,0
60592,1,1,26,26,26,26,26,26,26,26,26,26
60593,0,1,0,0,0,18,0,0,13,0,18,0
60593,1,1,0,0,0,0,0,0,0,0,0,0