ST_CASE,VEH_NO,PER_NO,P1,P2,P3,P4,P5,P6,P7,P8,P9,P10
60594,1,1,15,28,23,12,21,17,15,18,28,33
60595,1,1,0,0,0,0,0,0,0,0,0,0
60595,2,1,0,0,0,0,0,0,0,0,0,0
60596,1,1,22,13,13,21,15,0,0,12,0,0
60596,2,1,0,0,0,0,0,0,0,0,0,0
60596,3,1,21,0,0,0,0,0,0,0,0,0
60596,4,1,0,0,0,0,0,0,0,0,0,0
60597,0,1,0,0,0,0,0,0,0,0,0,0
60597,1,1,0,0,21,0,0,0,0,0,0,0
60598,1,1,0,0,0,0,0,0,0,0,0,0
60598,2,1,0,0,0,0,0,0,0,0,0,0
60599,0,1,18,18,18,18,18,18,18,18,18,18
60599,1,1,0,9,0,0,0,0,0,0,0,0
60599,2,1,0,0,6,0,0,0,0,0,0,0
60600,0,1,0,0,0,0,0,0,0,0,0,0
60600,1,1,0,0,0,0,0,0,0,0,0,0
60601,1,1,8,23,14,9,0,19,19,9,26,13
60601,2,1,0,0,0,0,0,0,0,0,0,12
60601,3,1,0,0,0,0,0,0,0,11,0,0
60602,1,1,0,19,0,0,0,0,0,0,0,0
60603,1,1,8,8,8,8,8,8,8,8,8,8
60603,2,1,0,0,0,0,0,0,0,0,0,0
60603,3,1,0,0,0,0,0,0,0,0,0,0
60604,0,1,0,24,0,15,0,12,33,0,0,9
60604,1,1,20,10,17,0,0,0,0,0,0,0
60605,1,1,15,15,15,15,15,15,15,15,15,15
60606,1,1,21,10,0,9,0,20,0,0,0,36
60607,1,1,0,0,0,0,0,0,0,0,0,0
60607,2,1,0,0,0,0,0,0,0,0,0,0
60607,3,1,0,0,0,0,0,0,0,0,0,0
60608,1,1,43,13,8,8,20,9,31,17,25,19
60608,2,1,0,0,0,0,0,18,0,0,0,0
60609,1,1,0,0,0,0,0,0,0,0,0,0
60609,2,1,0,0,0,0,0,0,0,0,0,0
60610,0,1,0,0,0,0,22,0,0,0,20,0
60610,1,1,0,0,0,0,0,0,0,0,0,0
60611,0,1,20,21,0,0,0,0,0,15,0,30
60611,1,1,0,0,0,0,0,0,0,0,0,0
60612,0,1,0,0,0,0,0,0,0,0,22,0
60612,1,1,0,0,0,0,0,0,0,0,0,0
60613,1,1,0,0,0,0,0,10,0,0,0,33
60613,2,1,0,0,0,0,0,0,0,0,0,0
60614,0,1,0,0,0,0,0,0,0,0,0,0
60615,1,1,0,0,0,0,0,0,0,0,0,0
60616,1,1,7,9,33,19,0,0,0,34,18,10
60617,1,1,0,0,26,0,17,0,18,0,0,0
60618,1,1,22,4,17,15,0,14,0,13,18,34
60619,1,1,17,17,17,17,17,17,17,17,17,17
60619,2,1,0,0,0,0,0,0,0,0,0,0
60620,1,1,0,0,0,0,0,0,0,0,0,0
60620,2,1,0,0,0,0,0,0,0,14,0,0
60621,1,1,0,0,0,0,0,0,0,0,0,0
60621,2,1,0,0,0,0,0,0,14,0,0,0
60622,1,1,0,19,18,14,0,0,17,0,0,8
60623,1,1,17,18,15,20,38,22,12,0,6,19
60624,1,1,0,0,0,0,0,0,0,0,0,20
60624,2,1,0,0,0,0,0,0,27,0,0,0
60625,1,1,0,0,0,0,0,0,0,0,0,0
60625,2,1,0,0,0,0,0,0,0,0,0,0
60626,1,1,0,0,0,0,0,0,0,0,0,0
60626,2,1,0,0,0,0,0,0,0,0,0,0
60627,1,1,0,0,0,0,0,0,0,0,0,0
60627,2,1,0,0,0,0,0,0,0,0,0,0
60628,1,1,0,0,0,0,0,0,0,0,10,0
60628,2,1,0,0,0,0,0,0,0,0,0,0
60630,1,1,14,0,0,0,0,0,23,0,0,0
60631,1,1,0,0,0,0,0,0,0,0,0,0
60632,1,1,18,18,18,18,18,18,18,18,18,18
60634,1,1,2,2,2,2,2,2,2,2,2,2
60634,2,1,0,0,0,0,0,0,0,0,0,0
60635,1,1,0,0,0,0,0,0,0,0,0,0
60635,2,1,0,0,0,0,0,0,0,0,0,0
60635,3,1,0,0,0,0,0,0,0,0,0,0
60635,4,1,0,0,0,0,0,0,0,0,0,0
60636,1,1,0,0,0,0,0,0,0,0,0,0
60637,0,1,0,0,0,0,0,0,0,0,0,0
60637,1,1,0,0,0,0,0,0,0,0,0,0
60638,1,1,9,9,9,9,9,9,9,9,9,9
60639,1,1,0,0,0,0,0,0,0,0,0,0
60640,0,1,0,22,0,0,0,10,45,11,0,0
60640,2,1,10,10,10,10,10,10,10,10,10,10
60641,1,1,0,0,0,0,0,0,0,0,0,0
60641,2,1,0,13,0,0,0,25,0,0,19,0
60642,1,1,24,24,24,24,24,24,24,24,24,24
60643,1,1,21,20,27,31,9,0,0,8,10,9
60644,1,1,0,0,27,0,0,0,0,13,0,16
60645,1,1,0,0,0,0,0,21,0,0,0,12
60646,1,1,7,7,7,7,7,7,7,7,7,7
60646,2,1,0,0,0,0,0,0,0,0,0,0
60647,1,1,14,14,14,14,14,14,14,14,14,14
60648,0,1,7,16,20,29,15,0,33,0,15,30
60648,1,1,0,0,0,0,0,35,0,0,0,0
60649,1,1,12,0,24,0,0,0,35,0,0,0
60650,1,1,0,0,0,0,15,0,0,13,0,0
60650,2,1,0,0,0,0,0,0,0,0,0,0
60651,0,1,8,5,12,13,5,8,15,0,0,33
60651,1,1,11,0,0,0,3,0,10,0,0,0
60652,0,1,21,0,0,34,10,15,21,25,33,0
60652,1,1,0,0,0,0,0,0,0,0,0,0
60652,2,1,0,0,0,0,17,0,0,0,0,0
60653,1,1,22,10,0,0,0,0,0,0,28,0
60654,1,1,0,0,0,0,0,0,0,11,0,0
60654,2,1,0,0,0,0,0,0,0,0,0,0
60655,1,1,0,0,23,0,0,0,0,0,0,0
60655,2,1,0,0,0,0,0,0,0,0,0,0
60656,1,1,21,26,23,0,8,0,0,0,0,0
60657,1,1,0,0,0,0,0,0,0,7,0,0
60658,0,1,0,0,0,0,17,0,0,0,0,0
60658,1,1,0,10,20,30,8,0,0,0,17,10
60659,1,1,0,0,0,0,0,0,0,0,0,0
60659,2,1,27,8,0,12,0,10,0,0,0,0
60659,3,1,0,0,0,0,0,0,0,0,0,0
60660,1,1,0,9,18,0,17,0,21,0,0,23
60661,0,1,32,24,7,31,38,16,25,12,18,34
60661,1,1,0,0,0,0,0,0,0,0,0,0
60662,1,1,0,0,0,0,0,21,0,0,0,16
60663,1,1,14,14,14,14,14,14,14,14,14,14
60663,2,1,0,0,0,0,0,0,0,0,0,0
60664,1,1,0,0,0,0,0,0,0,0,0,0
60664,2,1,12,0,10,7,0,0,0,14,0,0
60665,1,1,9,9,9,9,9,9,9,9,9,9
60666,0,1,0,13,18,0,22,0,12,10,0,0
60666,1,1,29,20,20,6,19,16,21,30,12,29
60667,1,1,21,21,20,18,5,17,22,11,14,12
60668,0,1,2,2,2,2,2,2,2,2,2,2
60668,1,1,11,0,19,8,24,0,0,0,19,0
60669,1,1,12,12,12,12,12,12,12,12,12,12
60669,2,1,0,0,0,8,0,0,14,0,0,0
60671,1,1,0,0,0,0,0,0,0,0,0,0
60672,1,1,24,24,24,24,24,24,24,24,24,24
60673,1,1,0,0,0,0,0,0,0,0,0,0
60673,2,1,5,0,0,7,0,2,0,12,0,0
60673,3,1,23,0,0,0,0,0,10,14,0,9
60674,1,1,0,0,0,10,0,0,0,0,0,0
60674,2,1,0,0,0,0,0,0,0,0,0,0
60675,1,1,3,0,0,0,0,0,0,0,0,0
60675,2,1,0,0,0,0,0,0,18,0,0,9
60676,1,1,0,0,0,0,0,0,0,0,0,0
60676,2,1,0,0,0,17,0,16,0,0,0,0
60677,1,1,0,0,12,0,0,0,0,0,0,0
60678,0,1,0,0,0,0,0,0,0,0,0,0
60678,1,1,0,0,0,0,0,0,0,0,13,0
60679,1,1,29,29,29,29,29,29,29,29,29,29
60679,2,1,0,0,0,0,0,0,0,0,0,0
60680,1,1,20,20,20,20,20,20,20,20,20,20
60680,2,1,0,0,0,0,0,0,0,0,0,0
60680,3,1,0,0,0,0,0,0,0,0,0,0
60681,0,1,0,0,0,0,0,0,0,0,0,0
60681,1,1,0,0,0,0,0,0,0,0,0,0
60682,1,1,11,4,6,10,21,18,0,0,0,29
60683,1,1,22,0,16,0,0,0,0,19,0,0
60684,1,1,0,0,0,0,0,0,0,0,0,0
60684,2,1,0,0,0,0,0,0,0,0,0,0
60685,1,1,0,0,0,0,0,0,0,0,0,0
60686,1,1,18,18,18,18,18,18,18,18,18,18
60686,2,1,0,0,0,0,0,0,0,0,0,0
60687,1,1,0,0,0,0,0,0,21,0,0,10
60688,1,1,7,15,28,27,33,21,23,11,5,15
60689,1,1,0,0,0,0,0,0,0,0,0,0
60690,1,1,31,31,31,31,31,31,31,31,31,31
60691,1,1,40,13,8,17,8,13,16,16,15,10
60692,1,1,0,15,24,22,0,23,28,0,0,15
60693,0,1,16,16,16,16,16,16,16,16,16,16
60693,1,1,0,16,0,0,0,0,0,22,0,22
60694,1,1,0,0,0,0,0,0,0,0,0,0
60694,2,1,0,0,0,0,0,0,0,0,0,0
60694,3,1,0,0,0,0,0,0,0,0,0,0
60695,1,1,9,9,9,9,9,9,9,9,9,9
60696,1,1,6,6,6,6,6,6,6,6,6,6
60696,2,1,0,0,0,0,0,0,0,0,0,0
60697,1,1,0,0,0,15,22,0,0,8,0,0
60698,1,1,0,0,0,0,0,0,0,0,0,0
60699,1,1,0,0,0,0,0,0,0,0,0,0
60699,2,1,0,0,0,0,0,0,0,0,0,0
60700,1,1,0,0,0,0,0,0,0,0,0,0
60701,1,1,0,0,0,0,0,0,0,0,0,0
60701,2,1,0,0,0,0,0,0,0,0,0,0
60702,0,1,0,0,0,0,0,0,0,0,0,0
60702,1,1,0,15,12,0,13,0,16,0,0,0
60703,0,1,0,0,0,0,0,0,0,0,0,0
60703,1,1,25,25,25,25,25,25,25,25,25,25
60704,0,1,0,0,0,0,0,0,0,0,0,0
60704,1,1,0,0,0,39,0,0,0,0,0,0
60706,1,1,9,9,9,9,9,9,9,9,9,9
60706,2,1,0,0,0,0,0,0,0,0,0,0
60706,3,1,0,0,0,0,0,0,0,0,0,0
60707,1,1,0,0,0,0,0,0,0,0,0,0
60707,2,1,0,0,0,0,0,0,0,0,0,0
60708,1,1,0,11,0,0,0,0,3,0,0,0
60709,1,1,0,0,0,0,0,0,0,0,0,0
60710,1,1,0,0,0,0,0,0,0,0,0,0
60710,2,1,0,0,0,19,0,0,0,0,0,0
60710,3,1,0,16,0,0,0,0,0,0,15,6
60711,1,1,28,18,7,23,17,6,0,0,8,9
60712,1,1,0,0,0,0,0,0,0,0,0,0
60712,2,1,0,0,0,0,0,0,0,0,0,0
60713,1,1,0,0,0,0,0,0,0,0,0,0
60713,2,1,0,0,0,0,0,0,0,0,0,0
60713,3,1,0,0,0,0,0,0,0,0,0,0
60713,4,1,0,0,2,12,0,0,0,12,0,0
60713,5,1,0,0,0,0,0,0,0,0,0,0
60714,0,1,0,0,0,0,0,0,0,0,0,0
60714,1,1,25,0,0,21,9,0,26,4,10,9
60715,1,1,20,15,12,0,14,0,22,0,0,24
60716,1,1,0,0,0,4,21,4,0,0,0,0
60716,2,1,0,0,0,20,11,0,0,0,0,21
60717,0,1,0,0,0,0,0,0,0,0,0,0
60717,1,1,0,0,0,0,0,0,0,0,0,0
60718,1,1,24,24,24,24,24,24,24,24,24,24
60719,1,1,0,0,0,0,0,0,0,0,0,0
60720,1,1,24,24,24,24,24,24,24,24,24,24
60721,1,1,24,24,24,24,24,24,24,24,24,24
60722,1,1,17,17,17,17,17,17,17,17,17,17
60723,0,1,0,0,0,0,0,0,0,0,0,0
60723,1,1,0,0,0,0,0,0,0,0,0,0
60724,1,1,26,0,0,0,0,0,0,0,0,0
60724,2,1,0,0,0,0,0,0,0,0,0,0
60725,1,1,0,0,0,0,0,0,0,0,0,0
60725,2,1,13,0,0,0,0,0,0,0,0,0
60725,3,1,0,0,0,0,0,0,0,0,0,0
60726,1,1,0,0,0,0,0,0,0,0,0,0
60727,1,1,31,31,31,31,31,31,31,31,31,31
60727,2,1,0,0,0,0,0,0,0,0,0,0
60728,0,1,0,0,0,0,0,0,0,0,0,0
60728,1,1,0,0,0,0,0,0,0,0,0,0
60730,1,1,4,4,4,4,4,4,4,4,4,4
60731,0,1,17,41,15,17,15,16,8,12,16,11
60731,0,2,4,15,22,22,20,10,11,22,0,28
60731,1,1,14,14,14,14,14,14,14,14,14,14
60732,1,1,9,16,15,20,9,6,31,29,13,9
60732,2,1,30,27,11,14,13,12,9,30,28,15
60732,3,1,17,0,0,0,0,4,0,0,6,0
60733,0,1,2,2,2,2,2,2,2,2,2,2
60733,0,2,29,0,0,0,0,0,0,0,0,0
60733,1,1,0,0,0,0,0,0,0,0,0,0
60734,1,1,17,0,0,0,0,11,0,0,0,0
60735,1,1,19,19,19,19,19,19,19,19,19,19
60736,1,1,23,0,0,0,0,0,0,23,0,0
60736,2,1,0,0,0,0,0,0,0,0,0,0
60736,3,1,0,0,0,0,0,0,0,0,0,0
60737,1,1,10,10,10,10,10,10,10,10,10,10
60737,2,1,0,0,0,20,0,0,0,0,18,0
60738,1,1,0,0,0,0,0,0,0,0,0,0
60739,1,1,0,0,0,0,0,0,0,0,21,0
60739,2,1,0,9,0,0,0,0,6,3,0,0
60740,1,1,0,0,0,0,0,0,0,0,0,10
60741,1,1,0,0,0,0,0,0,0,0,0,0
60741,2,1,0,0,0,0,0,0,0,0,0,0
60742,1,1,0,0,0,0,0,0,0,0,0,0
60742,2,1,0,0,0,0,0,0,0,0,0,0
60742,3,1,0,0,0,0,0,0,0,0,0,0
60743,0,1,0,0,0,0,0,0,0,0,0,0
60743,0,2,0,0,0,0,0,0,0,0,0,11
60743,1,1,14,14,14,14,14,14,14,14,14,14
60744,1,1,0,0,0,0,0,0,0,0,0,0
60745,1,1,22,10,16,16,12,23,32,29,31,8
60746,0,1,0,0,0,0,0,0,0,0,0,0
60746,1,1,0,0,0,0,0,0,0,0,0,0
60747,1,1,17,17,17,17,17,17,17,17,17,17
60748,0,1,18,27,52,17,25,65,16,0,18,0
60748,1,1,0,0,0,0,0,0,0,9,0,0
60749,1,1,0,0,0,0,0,0,0,0,0,0
60750,0,1,36,0,0,28,23,0,0,17,0,16
60750,1,1,0,0,0,0,0,0,0,0,0,0
60750,2,1,0,0,0,0,0,0,13,0,0,0
60751,1,1,24,24,24,24,24,24,24,24,24,24
60751,2,1,15,15,15,15,15,15,15,15,15,15
60752,1,1,0,0,0,0,0,0,0,0,0,6
60752,2,1,0,0,10,0,0,0,0,0,0,0
60753,1,1,28,28,28,28,28,28,28,28,28,28
60753,2,1,0,19,0,0,0,0,0,0,0,0
60753,3,1,0,0,0,0,0,0,0,0,0,0
60754,0,1,0,0,0,0,0,0,0,0,0,0
60754,1,1,0,33,8,16,15,16,0,20,0,8
60754,3,1,0,0,11,0,0,0,0,0,0,22
60754,4,1,23,32,13,0,0,21,21,6,18,12
60754,5,1,0,16,0,0,0,0,19,0,0,18
60755,1,1,0,0,0,0,0,0,0,0,0,0
60755,2,1,0,0,0,0,0,0,0,0,0,0
60755,3,1,0,0,0,0,0,0,0,0,0,0
60756,0,1,7,11,39,25,0,8,29,36,40,9
60756,1,1,14,0,0,0,0,0,0,0,26,0
60757,1,1,0,0,0,0,0,0,0,0,17,0
60757,2,1,0,0,0,0,0,0,0,0,0,0
60757,3,1,0,0,0,0,0,0,0,0,0,0
60758,1,1,13,13,13,13,13,13,13,13,13,13
60758,2,1,0,0,0,0,0,0,0,0,0,0
60759,1,1,32,32,32,32,32,32,32,32,32,32
60760,1,1,0,0,0,0,0,20,6,0,0,0
60760,2,1,0,0,0,0,0,0,0,0,0,0
60760,3,1,20,0,0,0,0,0,0,0,0,0
60761,1,1,0,0,0,0,0,0,0,0,0,0
60762,1,1,10,25,9,9,15,21,21,15,16,25
60763,0,1,0,0,0,0,0,0,0,0,0,0
60763,1,1,0,0,0,0,0,0,0,0,0,0
60764,1,1,0,0,0,0,0,0,0,0,0,0
60764,2,1,0,0,0,0,0,0,0,0,0,0
60765,1,1,0,14,16,24,11,12,14,17,8,18
60766,1,1,0,0,0,0,0,0,0,0,0,0
60767,1,1,0,0,0,0,0,0,0,0,0,0
60768,0,1,17,0,14,0,0,0,23,11,0,37
60768,1,1,7,0,29,16,12,10,8,15,0,11
60769,1,1,16,16,16,16,16,16,16,16,16,16
60769,2,1,0,0,0,0,0,17,0,0,0,0
60769,3,1,0,7,18,0,16,0,0,18,0,15
60770,1,1,5,5,5,5,5,5,5,5,5,5
60770,2,1,0,0,0,0,0,0,0,0,0,0
60771,1,1,0,0,0,0,0,0,0,0,0,0
60772,1,1,0,0,0,0,0,0,0,0,0,0
60772,2,1,0,0,10,0,0,0,0,0,0,0
60772,3,1,0,0,30,24,10,0,0,0,0,0
60772,4,1,0,0,0,0,0,0,0,12,0,14
60773,1,1,17,17,17,17,17,17,17,17,17,17
60774,1,1,32,32,32,32,32,32,32,32,32,32
60775,1,1,0,18,0,0,0,10,0,0,0,21
60775,2,1,0,0,0,0,0,6,9,0,0,0
60776,1,1,0,0,0,0,0,0,0,0,0,0
60776,2,1,0,0,0,0,0,0,0,0,0,0
60777,1,1,0,0,0,0,0,0,0,0,0,0
60778,1,1,0,0,0,0,0,0,0,0,0,0
60779,1,1,0,0,0,0,0,0,0,0,0,0
60780,1,1,11,15,7,0,0,9,4,28,19,18
60781,1,1,0,0,0,11,0,0,0,0,0,0
60781,2,1,0,0,10,6,0,0,0,7,0,0
60781,3,1,0,0,0,0,0,0,0,0,0,0
60782,1,1,10,38,5,15,24,10,26,13,8,21
60783,1,1,0,0,0,0,0,0,0,0,0,0
60783,2,1,0,0,0,0,0,0,0,0,0,0
60784,1,1,13,0,0,0,0,0,0,0,6,0
60785,1,1,0,0,0,0,0,0,0,0,0,0
60786,1,1,23,23,23,23,23,23,23,23,23,23
60786,2,1,0,0,0,0,0,0,0,0,0,0
60787,0,1,15,15,15,15,15,15,15,15,15,15
60787,1,1,0,0,0,0,0,0,0,0,0,0
60789,1,1,0,0,0,0,0,0,0,0,0,0
60789,2,1,0,0,0,0,0,0,0,0,0,0
60789,3,1,0,0,0,0,0,0,0,0,0,0
60790,1,1,17,9,24,16,0,0,12,13,15,0
60791,1,1,4,15,24,21,11,33,19,20,29,25
60791,2,1,0,0,0,0,0,0,15,0,0,0
60792,0,1,0,0,0,21,21,0,13,0,0,0
60792,1,1,0,0,0,0,0,0,0,0,0,0
60793,1,1,0,0,0,0,18,0,0,0,0,0
60793,2,1,0,0,0,0,19,0,0,0,0,0
60794,1,1,6,15,16,14,15,23,0,5,22,21
60795,1,1,33,33,33,33,33,33,33,33,33,33
60795,2,1,0,0,0,0,0,0,0,0,0,0
60796,1,1,0,36,0,0,0,7,0,20,15,0
60797,1,1,14,0,0,18,0,0,0,28,0,0
60798,1,1,32,32,32,32,32,32,32,32,32,32
60799,1,1,25,17,16,11,18,0,0,11,20,7
60800,1,1,0,0,0,0,0,0,0,0,0,0
60801,0,1,0,0,0,0,0,0,0,0,0,0
60801,1,1,0,0,0,0,0,0,0,0,0,0
60802,0,1,0,0,0,0,0,0,0,0,0,0
60802,1,1,30,12,12,0,0,12,0,28,0,18
60803,1,1,0,0,3,6,0,0,0,0,32,0
60804,0,1,17,17,17,17,17,17,17,17,17,17
60804,1,1,0,0,0,23,0,0,0,0,0,0
60805,1,1,0,0,0,0,0,0,0,0,0,0
60805,2,1,0,0,0,0,0,0,0,0,0,0
60806,1,1,15,15,15,15,15,15,15,15,15,15
60806,2,1,0,0,0,0,10,0,0,0,0,0
60807,1,1,0,0,0,0,0,0,0,0,0,0
60807,2,1,0,0,0,0,0,0,0,0,0,0
60808,0,1,0,0,0,19,0,0,0,0,0,22
60808,1,1,0,0,0,0,0,0,0,0,0,0
60808,2,1,0,0,0,0,0,0,0,0,0,0
60808,3,1,0,0,0,0,0,0,0,0,0,0
60808,4,1,0,0,0,0,0,0,0,0,0,0
60809,1,1,0,0,0,0,0,0,0,0,0,0
60809,2,1,0,0,0,0,0,0,0,0,0,0
60810,1,1,0,0,0,0,0,0,0,0,0,0
60811,1,1,0,0,0,8,0,0,0,0,0,0
60811,2,1,0,0,0,0,0,0,0,0,0,0
60811,3,1,0,0,0,0,16,0,0,0,0,0
60811,4,1,0,0,0,0,0,0,0,0,0,0
60812,1,1,0,0,0,0,0,0,0,0,0,0
60812,2,1,0,0,0,0,0,0,0,0,0,0
60812,3,1,0,0,0,0,0,0,0,0,0,0
60813,1,1,0,0,0,0,0,0,0,0,0,0
60813,2,1,16,0,0,0,0,0,0,0,0,0
60813,3,1,0,0,0,0,0,0,0,0,0,0
60814,1,1,0,0,0,0,0,0,0,0,0,0
60815,1,1,0,0,0,0,0,0,0,0,0,0
60815,2,1,0,0,0,0,0,0,29,0,0,20
60816,1,1,0,0,0,0,0,0,0,0,0,0
60816,2,1,0,0,0,0,0,0,0,0,0,0
60816,3,1,0,0,0,0,0,0,0,0,0,0
60816,4,1,0,0,0,0,0,0,0,0,0,0
60816,5,1,0,0,0,0,0,0,0,0,0,0
60817,1,1,0,0,0,17,0,0,0,0,0,0
60817,2,1,0,0,0,0,0,0,0,0,0,0
60818,1,1,22,22,22,22,22,22,22,22,22,22
60818,2,1,0,0,0,0,0,0,0,0,0,0
60819,1,1,15,15,15,15,15,15,15,15,15,15
60819,2,1,0,0,0,13,0,0,0,0,15,0
60820,1,1,0,0,14,0,20,0,0,0,23,0
60821,1,1,0,0,0,0,0,0,36,0,0,0
60822,1,1,7,7,7,7,7,7,7,7,7,7
60823,0,1,14,11,27,0,0,26,0,19,0,0
60823,1,1,0,0,10,0,41,0,0,0,19,0
60824,1,1,45,7,9,16,12,25,18,8,8,17
60824,2,1,0,0,0,0,0,0,0,0,0,13
60824,3,1,17,0,0,0,12,0,0,0,10,23
60825,1,1,0,0,0,0,0,0,0,0,0,0
60825,2,1,0,0,0,0,0,0,0,0,0,0
60826,1,1,0,28,25,0,0,19,0,15,0,0
60827,1,1,0,0,0,0,0,0,0,0,0,0
60828,1,1,0,0,0,0,0,0,0,0,0,0
60829,1,1,18,18,18,18,18,18,18,18,18,18
60829,2,1,0,0,0,6,0,0,0,0,0,0
60830,1,1,4,4,4,4,4,4,4,4,4,4
60831,1,1,0,0,0,0,0,0,0,0,0,0
60831,2,1,0,0,0,0,0,0,0,0,0,0
60832,1,1,0,0,0,0,0,0,12,0,0,0
60833,0,1,0,25,10,9,21,0,0,36,0,15
60833,1,1,6,3,13,9,9,30,0,0,6,22
60834,1,1,0,0,0,0,0,0,0,0,0,0
60834,2,1,0,0,0,0,0,0,0,0,0,0
60835,1,1,0,0,5,0,0,0,0,0,0,0
60835,2,1,0,0,0,0,0,0,0,0,0,0
60836,1,1,0,0,0,0,0,0,0,0,0,0
60836,2,1,0,0,0,0,0,0,0,0,0,0
60837,1,1,0,0,0,0,0,0,0,0,0,0
60837,2,1,0,0,0,0,0,0,0,0,0,19
60837,3,1,0,0,0,0,18,0,0,0,0,0
60838,0,1,19,10,25,17,16,0,7,0,22,0
60838,1,1,12,18,0,0,0,0,0,0,0,0
60839,1,1,18,18,18,18,18,18,18,18,18,18
60840,1,1,0,0,0,0,0,0,0,0,0,0
60841,1,1,0,0,0,0,0,0,0,0,0,0
60841,2,1,0,0,0,0,0,0,0,0,0,0
60841,3,1,0,0,0,0,0,0,0,0,0,0
60842,1,1,0,0,0,0,0,0,0,0,0,0
60842,2,1,0,0,0,0,0,0,5,0,0,0
60842,3,1,0,0,0,0,0,0,0,0,0,0
60843,1,1,0,0,0,0,0,0,0,0,0,0
60843,2,1,0,0,0,0,0,0,0,0,0,0
60843,3,1,0,0,0,0,0,0,0,0,0,0
60844,1,1,0,0,0,0,0,0,0,0,0,0
60844,2,1,0,0,0,0,0,0,0,0,0,0
60845,1,1,0,0,0,0,0,0,0,0,0,0
60845,2,1,0,0,0,0,0,0,0,0,0,0
60846,1,1,9,0,0,0,0,0,0,0,0,0
60846,2,1,0,0,0,0,17,0,0,0,3,0
60847,0,1,21,21,21,21,21,21,21,21,21,21
60847,1,1,0,0,0,0,0,0,0,0,0,0
60848,0,1,0,0,29,0,0,0,0,27,0,0
60848,1,1,0,0,0,0,0,0,0,0,0,0
60849,1,1,0,0,0,0,0,0,0,0,0,0
60849,3,1,0,0,0,0,0,0,0,0,0,0
60850,1,1,0,0,0,0,0,0,0,0,23,0
60850,2,1,0,0,0,0,0,0,0,0,0,0
60851,1,1,0,0,0,0,0,0,0,0,0,0
60851,2,1,0,0,0,0,0,0,0,0,0,0
60852,0,1,0,0,24,0,0,0,0,0,0,0
60852,1,1,0,0,0,0,0,0,0,0,0,0
60853,0,1,0,0,0,0,0,0,23,0,0,0
60853,1,1,0,0,0,0,0,0,0,0,0,0
60854,1,1,0,0,0,0,0,0,0,0,0,0
60854,2,1,0,0,0,0,0,0,0,0,0,0
60855,1,1,0,0,0,0,0,0,0,0,0,0
60855,2,1,7,0,22,0,0,0,0,22,0,8
60855,3,1,0,0,0,0,0,0,0,0,0,0
60856,1,1,15,9,11,14,19,9,20,16,27,26
60857,1,1,18,18,18,18,18,18,18,18,18,18
60858,1,1,17,39,12,3,0,16,0,13,18,5
60859,0,1,21,21,21,21,21,21,21,21,21,21
60859,1,1,0,0,0,0,0,0,0,0,0,0
60860,1,1,24,24,24,24,24,24,24,24,24,24
60860,2,1,0,0,0,0,0,0,0,0,0,0
60861,0,1,0,0,0,0,0,0,0,0,0,0
60861,1,1,0,17,0,0,0,0,0,0,0,0
60862,1,1,0,0,0,0,0,0,0,0,18,0
60862,2,1,0,0,0,0,0,0,0,0,0,0
60863,0,1,0,0,0,0,0,0,0,0,0,0
60863,1,1,12,17,0,8,31,28,7,17,6,0
60863,2,1,14,0,0,0,0,0,0,0,8,0
60864,0,1,0,0,0,0,0,0,0,0,0,0
60864,1,1,0,0,0,0,0,0,0,0,0,0
60865,0,1,0,0,0,0,0,13,0,0,0,0
60865,1,1,0,0,0,15,8,0,0,0,14,0
60866,0,1,0,0,0,0,0,0,0,0,0,0
60866,1,1,0,0,0,0,0,0,0,0,0,0
60867,1,1,0,0,0,0,0,0,0,0,0,0
60868,0,1,11,11,11,11,11,11,11,11,11,11
60868,1,1,0,0,0,0,0,0,0,0,0,0
60869,1,1,17,17,17,17,17,17,17,17,17,17
60869,2,1,0,0,0,0,0,0,0,0,0,0
60870,1,1,0,0,0,0,0,0,0,0,0,0
60870,2,1,0,0,0,0,4,0,0,0,0,0
60870,3,1,0,0,11,19,0,15,11,0,13,11
60871,1,1,0,0,0,0,0,0,0,0,0,0
60871,2,1,0,0,0,0,0,0,0,0,0,0
60871,3,1,0,0,0,0,0,0,0,0,0,0
60872,1,1,0,0,0,0,0,0,0,0,0,0
60872,2,1,0,0,0,0,0,0,0,0,0,0
60873,1,1,0,0,0,0,0,11,0,0,0,0
60874,1,1,0,0,0,0,0,0,0,0,0,0
60874,2,1,0,0,0,0,0,0,0,0,0,0
60875,1,1,30,15,12,20,15,11,13,6,22,11
60876,1,1,0,0,0,0,0,0,0,0,0,0
60876,2,1,0,7,0,0,0,0,0,0,0,0
60876,3,1,0,0,0,0,0,0,0,0,0,0
60877,1,1,0,0,0,0,0,0,0,0,3,0
60878,1,1,0,0,0,0,0,24,0,0,0,0
60879,0,1,6,6,6,6,6,6,6,6,6,6