ST_CASE,VEH_NO,PER_NO,P1,P2,P3,P4,P5,P6,P7,P8,P9,P10
60879,1,1,31,0,0,0,0,19,0,24,13,15
60880,0,1,7,7,7,7,7,7,7,7,7,7
60880,1,1,0,36,0,15,0,0,0,12,40,18
60881,1,1,11,23,22,27,26,0,13,19,20,7
60882,1,1,0,0,0,28,13,0,0,27,0,0
60883,1,1,0,21,0,9,0,0,0,0,0,0
60883,2,1,0,0,0,0,0,0,0,0,0,0
60884,1,1,34,34,34,34,34,34,34,34,34,34
60884,2,1,0,0,0,0,0,0,0,0,0,0
60885,1,1,13,8,15,8,8,22,19,22,22,19
60885,2,1,0,0,0,0,0,0,0,0,0,0
60886,1,1,0,0,0,0,0,0,0,0,0,0
60886,2,1,0,0,0,0,0,0,0,0,0,0
60887,1,1,21,23,18,23,0,0,0,27,0,0
60888,0,1,0,16,42,14,28,0,0,0,20,0
60888,1,1,17,16,15,17,6,18,19,9,0,15
60889,1,1,8,11,23,22,3,12,10,23,31,19
60890,1,1,0,0,0,0,0,0,0,0,0,0
60890,2,1,0,0,0,0,0,0,0,0,0,0
60891,0,1,3,3,3,3,3,3,3,3,3,3
60891,1,1,0,0,0,0,0,0,0,0,0,0
60892,1,1,20,0,9,33,15,26,20,8,28,7
60892,2,1,0,0,0,0,0,0,0,0,0,0
60893,1,1,22,22,22,22,22,22,22,22,22,22
60894,1,1,0,0,0,0,0,0,0,0,0,0
60894,2,1,22,0,0,0,20,0,0,0,0,0
60895,1,1,0,0,0,0,0,0,0,0,0,0
60895,2,1,0,0,0,0,0,0,0,0,0,0
60896,1,1,0,12,0,0,0,0,0,0,0,18
60896,2,1,0,20,0,0,13,0,0,0,0,0
60897,1,1,0,0,0,0,0,0,0,0,0,0
60897,2,1,0,2,0,0,8,0,0,0,5,0
60898,1,1,0,0,0,0,0,0,0,0,0,0
60898,2,1,28,0,0,0,0,0,0,0,0,0
60898,3,1,0,0,0,0,0,0,0,0,0,0
60900,1,1,28,0,0,0,0,0,0,0,0,0
60901,1,1,0,0,0,0,0,0,0,0,0,0
60901,2,1,0,0,22,12,0,0,0,0,0,0
60902,1,1,12,10,26,13,15,9,7,13,18,28
60903,1,1,0,0,0,0,0,0,0,0,0,0
60903,2,1,0,0,0,0,0,0,0,0,0,0
60904,1,1,0,23,0,0,0,0,0,0,4,13
60905,1,1,12,5,0,19,22,5,18,12,4,17
60906,1,1,0,0,0,0,0,0,0,0,0,0
60906,2,1,0,0,0,0,0,0,0,0,0,0
60907,1,1,0,0,0,0,0,0,0,0,0,0
60907,2,1,0,0,0,0,0,0,0,0,0,0
60908,1,1,0,10,11,0,0,0,10,0,0,2
60909,1,1,0,0,0,0,0,0,0,0,0,0
60909,2,1,0,0,0,0,0,0,0,0,0,0
60909,3,1,0,0,0,0,0,0,0,0,0,0
60910,1,1,0,0,0,0,15,0,17,0,0,29
60911,1,1,15,15,15,15,15,15,15,15,15,15
60912,1,1,0,18,0,0,0,0,0,0,0,0
60912,2,1,0,0,0,0,0,0,0,0,0,0
60913,1,1,0,0,0,5,18,0,14,0,7,21
60913,2,1,0,5,0,0,0,0,0,19,0,0
60914,1,1,0,0,0,0,0,0,0,0,0,0
60915,1,1,0,0,0,0,0,0,0,0,0,0
60916,1,1,0,0,0,7,10,12,0,0,0,13
60917,0,1,0,0,0,0,0,0,0,0,0,0
60917,2,1,0,0,0,0,0,0,0,0,46,20
60918,1,1,22,22,22,22,22,22,22,22,22,22
60919,1,1,0,0,0,0,0,0,0,0,0,0
60920,0,1,0,0,0,0,0,0,0,0,0,0
60920,1,1,0,0,0,0,0,0,0,16,0,0
60921,1,1,0,23,0,17,0,15,17,13,0,14
60922,0,1,0,16,0,0,0,0,0,0,20,0
60922,1,1,0,0,0,0,13,18,0,0,0,0
60923,0,1,33,33,33,33,33,33,33,33,33,33
60923,1,1,0,0,0,0,0,0,0,0,0,0
60924,1,1,13,0,0,15,29,25,11,15,0,0
60925,1,1,0,0,0,0,0,0,0,0,0,0
60926,1,1,15,22,6,12,8,16,30,0,13,12
60926,2,1,0,0,0,0,12,0,0,0,0,0
60927,1,1,0,0,0,0,0,0,0,0,0,0
60927,2,1,0,0,0,0,0,0,0,0,0,0
60928,0,1,14,19,32,29,6,29,0,21,0,0
60928,1,1,0,0,0,0,29,0,0,0,0,28
60928,2,1,0,0,0,0,16,0,0,0,0,0
60929,0,1,30,30,30,30,30,30,30,30,30,30
60929,1,1,0,0,16,0,21,0,0,0,0,20
60930,0,1,16,16,16,16,16,16,16,16,16,16
60930,1,1,0,0,0,20,0,25,0,0,0,0
60931,0,1,0,0,0,0,0,0,0,0,0,0
60931,1,1,0,0,0,0,0,0,0,0,0,0
60932,1,1,0,0,0,0,0,0,0,0,0,0
60933,1,1,0,0,0,10,0,0,0,0,0,0
60933,2,1,0,0,0,0,0,0,0,0,0,0
60934,1,1,28,28,28,28,28,28,28,28,28,28
60935,1,1,0,0,0,0,0,0,0,0,0,0
60935,2,1,0,0,0,4,0,0,0,0,0,0
60935,3,1,0,0,0,0,0,0,0,0,0,0
60935,4,1,0,0,0,0,0,0,0,0,0,0
60935,5,1,0,0,0,0,0,0,0,0,0,0
60935,6,1,0,0,0,0,0,0,0,0,0,0
60936,0,1,0,0,0,0,0,0,20,0,27,0
60936,1,1,4,0,40,9,6,0,7,23,0,0
60937,1,1,22,22,22,22,22,22,22,22,22,22
60937,2,1,0,0,0,0,0,0,0,0,0,0
60938,1,1,0,0,0,0,0,0,0,0,0,0
60938,2,1,0,0,0,0,0,0,0,0,0,0
60939,1,1,0,0,0,0,0,0,0,0,0,0
60940,1,1,0,0,0,0,0,0,0,0,0,0
60940,2,1,0,0,23,0,0,8,17,41,0,0
60941,1,1,0,0,0,0,0,0,0,0,0,0
60942,1,1,0,0,0,0,0,0,0,0,0,0
60942,2,1,0,0,0,0,0,0,0,0,0,0
60943,1,1,21,18,16,24,23,37,19,22,21,4
60944,0,1,7,7,7,7,7,7,7,7,7,7
60944,1,1,0,0,0,0,0,0,0,0,0,0
60945,0,1,0,14,0,0,0,0,0,0,0,32
60945,1,1,0,0,0,0,0,0,0,0,0,0
60946,1,1,19,0,0,0,0,0,0,0,0,0
60947,1,1,0,19,0,0,27,8,32,20,13,0
60948,1,1,0,0,7,0,15,0,16,0,9,27
60949,0,1,31,0,17,39,0,0,0,15,0,28
60949,1,1,0,0,0,0,0,0,0,0,0,0
60950,1,1,9,8,9,30,6,12,20,12,29,0
60951,0,1,13,13,13,13,13,13,13,13,13,13
60951,1,1,0,0,5,15,7,23,26,4,17,12
60952,0,1,19,0,16,0,0,0,14,0,9,0
60952,1,1,23,16,18,13,20,15,15,3,11,18
60953,0,1,0,0,0,0,0,0,0,0,0,0
60953,1,1,0,0,0,0,0,6,0,0,16,0
60954,1,1,24,16,28,7,8,9,18,7,25,13
60954,2,1,0,0,0,0,0,0,0,3,0,0
60955,1,1,0,0,0,0,0,0,0,0,0,0
60955,2,1,0,0,0,0,0,0,0,0,0,0
60956,1,1,0,0,0,0,0,0,0,0,0,0
60956,2,1,0,0,0,0,0,0,0,0,0,0
60957,1,1,29,0,0,0,0,0,19,0,0,0
60957,2,1,0,0,0,0,0,0,0,0,0,0
60958,1,1,22,22,22,22,22,22,22,22,22,22
60958,2,1,0,0,0,0,0,8,0,0,0,0
60959,0,1,21,21,21,21,21,21,21,21,21,21
60959,1,1,6,22,0,0,0,0,15,0,0,0
60960,1,1,0,0,0,0,0,0,0,0,0,0
60960,2,1,0,0,0,0,0,12,6,24,0,0
60961,1,1,0,0,0,0,0,0,9,0,0,0
60961,2,1,0,0,0,0,0,0,0,0,0,0
60961,3,1,0,0,0,0,0,0,0,0,0,0
60962,1,1,0,0,0,0,0,27,7,0,0,0
60963,1,1,29,29,29,29,29,29,29,29,29,29
60964,1,1,25,25,25,25,25,25,25,25,25,25
60965,1,1,7,7,7,7,0,20,9,0,0,12
60966,1,1,36,36,36,36,36,36,36,36,36,36
60967,1,1,0,0,0,0,0,0,0,0,0,0
60967,2,1,0,0,0,0,0,0,0,0,0,0
60968,0,1,0,0,0,0,0,0,0,0,0,0
60968,1,1,34,0,12,0,14,18,10,0,0,0
60969,0,1,9,20,0,29,12,0,5,0,6,8
60969,1,1,35,0,9,9,0,9,12,6,15,0
60970,1,1,0,0,0,0,0,0,0,0,20,0
60971,0,1,10,10,10,10,10,10,10,10,10,10
60971,1,1,0,0,0,0,0,0,0,0,0,0
60972,0,1,11,11,11,11,11,11,11,11,11,11
60972,1,1,0,0,0,0,0,0,0,0,0,0
60973,1,1,13,13,13,13,13,13,13,13,13,13
60974,1,1,0,0,0,0,0,0,0,0,0,0
60974,2,1,0,0,0,0,0,0,0,0,0,0
60974,3,1,0,0,0,0,0,0,0,0,17,0
60975,1,1,0,0,0,0,0,0,0,0,0,0
60975,2,1,0,0,0,0,0,0,0,0,0,0
60975,3,1,0,0,0,0,0,0,0,0,0,0
60976,1,1,20,17,18,29,23,32,9,16,15,16
60977,1,1,15,19,18,0,21,10,11,13,4,0
60978,0,1,13,0,0,23,16,0,0,0,0,0
60978,1,1,0,0,0,0,0,0,0,0,0,0
60979,1,1,0,0,0,0,0,0,0,0,0,0
60979,2,1,0,0,0,0,0,0,0,0,0,0
60980,1,1,20,22,12,26,20,19,28,0,19,8
60981,0,1,17,17,17,17,17,17,17,17,17,17
60981,1,1,0,0,0,0,0,0,0,0,0,0
60982,1,1,0,0,0,0,0,0,0,0,0,0
60983,1,1,12,15,0,21,0,0,0,0,0,0
60984,1,1,0,0,0,0,0,0,0,0,0,0
60984,2,1,0,0,0,0,0,0,0,0,0,0
60984,3,1,0,0,0,0,11,0,0,0,0,0
60985,1,1,16,19,17,31,2,0,17,25,17,22
60986,0,1,0,0,0,0,0,0,0,0,0,0
60986,1,1,0,0,0,0,0,13,0,0,0,0
60986,2,1,0,0,0,0,0,0,0,0,0,0
60986,3,1,0,0,0,0,0,0,0,0,0,0
60987,1,1,12,12,12,12,12,12,12,12,12,12
60987,2,1,0,0,17,0,0,0,0,0,0,0
60988,1,1,22,22,22,22,22,22,22,22,22,22
60989,1,1,0,0,0,0,0,0,0,0,0,0
60990,1,1,0,0,0,0,0,0,0,0,0,0
60990,2,1,22,0,0,0,0,0,0,13,0,0
60991,1,1,0,20,0,0,0,0,0,0,0,0
60992,1,1,6,6,6,6,6,6,6,6,6,6
60993,0,1,36,0,0,21,0,0,0,14,0,0
60993,1,1,0,12,12,22,0,0,0,0,0,0
60994,1,1,3,3,3,3,3,3,3,3,3,3
60995,0,1,0,17,0,0,0,0,0,0,0,0
60995,1,1,0,0,24,0,0,0,25,0,6,0
60996,1,1,0,0,0,0,0,0,0,0,0,0
60997,1,1,0,0,0,0,0,0,0,0,0,0
60998,1,1,0,0,0,0,0,0,0,0,0,0
60999,1,1,0,0,0,0,0,0,0,0,0,0
61000,1,1,0,0,0,0,0,0,0,0,0,0
61000,2,1,0,0,0,0,16,0,15,0,0,0
61001,1,1,0,0,0,0,0,0,0,0,0,0
61001,2,1,0,0,0,0,0,0,0,0,0,0
61002,1,1,19,13,0,20,30,17,26,0,12,0
61003,1,1,0,26,0,0,0,0,0,0,17,18
61004,0,1,0,0,0,0,0,0,0,0,0,0
61004,1,1,0,0,11,0,0,0,0,0,24,0
61005,1,1,26,26,26,26,26,26,26,26,26,26
61005,2,1,0,0,0,0,0,0,0,0,0,0
61006,1,1,0,0,0,3,0,0,0,0,0,0
61006,2,1,0,0,0,0,0,0,0,0,0,0
61007,1,1,0,0,0,0,0,26,0,0,0,0
61008,1,1,17,0,0,4,31,0,0,22,11,32
61009,0,1,0,0,25,29,0,0,0,12,24,0
61009,1,1,0,0,0,0,0,0,0,0,0,0
61010,0,1,35,0,22,38,0,10,16,27,0,0
61010,1,1,0,16,10,7,19,39,0,38,0,12
61011,0,1,0,0,0,0,0,0,0,0,0,0
61011,1,1,0,0,0,0,0,0,0,0,0,0
61012,1,1,11,11,11,11,11,11,11,11,11,11
61013,1,1,17,0,0,17,21,0,17,0,0,0
61014,1,1,3,3,3,3,3,3,3,3,3,3
61014,2,1,0,0,0,0,0,0,0,0,0,0
61014,3,1,0,0,0,0,0,0,0,0,0,0
61015,1,1,11,3,26,8,13,27,12,3,2,11
61016,0,1,0,0,0,0,0,0,0,0,0,0
61016,1,1,0,0,0,0,0,0,0,0,0,0
61017,1,1,0,0,0,0,0,0,0,0,0,0
61018,1,1,0,0,0,0,15,0,0,0,0,5
61018,2,1,0,0,0,0,0,0,0,0,0,0
61019,0,1,0,0,0,0,0,0,0,0,0,0
61019,1,1,0,0,0,0,0,0,0,0,0,0
61020,0,1,14,0,30,15,0,0,45,0,21,0
61020,1,1,0,0,27,0,21,0,0,14,0,0
61021,1,1,0,0,0,0,0,0,0,0,0,0
61021,2,1,26,12,6,13,9,11,6,18,20,16
61022,1,1,19,19,19,19,19,19,19,19,19,19
61022,2,1,0,0,0,0,0,0,0,0,0,0
61022,3,1,0,0,23,0,0,0,5,0,0,0
61023,0,1,0,28,0,6,0,0,0,20,0,0
61023,0,2,0,0,0,0,0,0,0,0,0,0
61023,1,1,25,0,5,16,0,0,0,5,6,0
61023,2,1,0,0,0,0,0,0,0,0,0,0
61024,0,1,0,0,20,0,14,37,0,11,0,0
61024,1,1,0,19,0,5,0,0,0,16,0,0
61025,0,1,27,27,27,27,27,27,27,27,27,27
61025,1,1,0,0,0,26,0,0,0,0,0,0
61026,1,1,0,0,0,0,0,0,0,0,0,0
61026,2,1,0,0,0,0,0,0,0,0,0,0
61027,0,1,0,0,0,0,0,0,0,0,0,0
61027,1,1,0,0,0,0,0,0,0,0,0,0
61028,0,1,21,0,16,0,0,0,0,19,0,0
61028,1,1,0,24,0,0,0,0,0,0,0,0
61029,0,1,25,0,0,0,0,0,19,15,0,36
61029,1,1,21,10,16,16,13,21,4,14,10,18
61030,1,1,26,9,32,34,34,0,27,9,16,15
61031,0,1,0,0,0,9,0,15,0,53,0,0
61031,1,1,9,0,24,0,34,9,0,0,0,8
61032,1,1,6,6,6,6,6,6,6,6,6,6
61033,0,1,0,0,0,0,0,3,15,16,35,0
61033,1,1,15,18,0,10,0,0,0,0,26,29
61034,0,1,25,22,0,0,0,0,0,0,0,0
61034,1,1,0,0,0,0,0,0,0,0,0,0
61035,1,1,0,0,0,0,0,0,0,0,0,0
61036,0,1,0,0,0,0,0,0,0,0,0,0
61036,1,1,0,0,0,0,0,0,0,0,0,0
61037,0,1,0,0,0,0,0,0,0,0,0,0
61037,1,1,0,0,0,0,0,0,0,0,0,0
61037,2,1,0,0,0,0,0,0,0,0,0,0
61038,1,1,9,9,9,9,9,9,9,9,9,9
61038,2,1,0,0,0,0,0,0,0,0,0,0
61038,3,1,0,0,0,0,0,14,0,9,0,0
61039,0,1,0,21,15,21,19,0,14,0,0,0
61039,1,1,0,0,0,0,0,0,0,0,0,0
61040,1,1,0,0,0,0,0,0,0,0,0,0
61041,1,1,0,0,28,0,0,11,0,0,0,0
61041,2,1,0,0,0,0,0,0,0,0,0,0
61042,1,1,10,10,10,10,10,10,10,10,10,10
61043,0,1,0,0,0,0,0,0,0,0,0,0
61043,1,1,0,0,0,0,0,0,9,0,25,0
61044,1,1,18,18,18,18,18,18,18,18,18,18
61045,1,1,4,4,4,4,4,4,4,4,4,4
61046,1,1,24,24,24,24,24,24,24,24,24,24
61047,1,1,0,9,0,0,0,0,0,0,0,0
61047,2,1,0,0,0,0,0,0,0,0,0,0
61048,1,1,0,0,0,0,0,0,0,0,0,0
61048,2,1,0,14,0,0,0,0,0,0,0,0
61048,3,1,0,0,0,7,0,0,0,0,0,0
61049,0,1,0,0,0,6,0,0,12,0,13,0
61049,1,1,30,0,0,25,22,0,0,0,0,0
61050,1,1,26,21,10,13,30,11,18,14,13,6
61051,0,1,13,0,6,0,0,0,0,24,15,0
61051,1,1,5,5,5,5,5,5,5,5,5,5
61052,0,1,0,14,0,38,0,27,0,18,11,0
61052,1,1,0,0,0,0,0,30,0,0,0,0
61053,1,1,0,0,0,14,0,0,0,0,0,0
61054,1,1,0,0,0,0,0,0,0,0,0,0
61054,2,1,0,0,17,0,9,0,0,0,0,0
61055,1,1,0,0,0,0,0,0,0,0,0,0
61055,2,1,0,0,0,0,0,0,0,0,0,0
61055,3,1,0,0,0,0,0,0,0,0,0,0
61056,1,1,0,10,0,16,0,0,19,0,0,0
61057,1,1,0,0,0,0,0,0,0,0,0,0
61057,2,1,0,0,0,0,0,0,0,0,0,0
61058,1,1,0,17,7,13,5,20,25,18,21,33
61058,2,1,0,0,0,0,0,0,0,0,0,0
61059,1,1,21,21,21,21,21,21,21,21,21,21
61059,2,1,0,0,0,0,0,0,0,0,0,0
61059,3,1,0,0,0,0,0,0,0,0,0,0
61059,4,1,0,0,0,0,21,14,0,0,0,0
61060,0,1,0,14,34,13,0,0,26,0,6,0
61060,1,1,0,0,0,0,0,0,0,0,0,0
61061,0,1,16,0,24,0,0,0,0,0,0,15
61061,1,1,29,7,0,16,0,25,12,0,28,0
61062,0,1,0,20,0,0,0,0,26,0,0,0
61062,1,1,0,0,0,0,0,0,0,0,0,0
61063,1,1,14,14,24,27,12,31,18,2,28,13
61063,2,1,0,6,0,0,23,0,0,17,0,0
61064,1,1,17,10,18,25,12,16,11,28,21,21
61064,2,1,3,0,0,18,0,0,0,25,0,0
61065,1,1,8,0,16,0,0,0,0,17,0,0
61066,1,1,0,0,0,0,25,14,0,12,0,0
61066,2,1,0,0,0,0,0,0,0,0,0,0
61067,1,1,0,7,0,0,0,0,21,0,0,0
61069,1,1,15,15,15,15,15,15,15,15,15,15
61069,2,1,9,16,23,16,7,5,7,22,12,23
61070,1,1,14,36,14,0,14,15,18,11,22,7
61070,2,1,0,0,0,0,0,0,0,0,0,0
61071,1,1,0,0,0,0,0,0,0,0,0,5
61071,2,1,0,25,0,0,0,0,0,0,0,0
61072,1,1,0,0,0,0,0,0,0,0,0,0
61072,2,1,0,0,0,0,0,0,0,0,0,0
61073,1,1,9,4,13,28,13,21,6,16,23,10
61073,2,1,0,0,0,0,0,0,0,0,0,0
61074,1,1,0,0,0,0,0,0,0,0,0,0
61074,2,1,0,0,0,0,0,7,0,0,0,0
61075,0,1,47,10,0,21,26,0,3,0,20,9
61075,1,1,0,0,0,0,0,0,0,25,0,0
61076,1,1,17,17,17,17,17,17,17,17,17,17
61077,1,1,0,0,0,0,0,0,0,0,0,0
61078,0,1,13,24,0,14,11,0,0,26,40,36
61078,1,1,0,0,0,0,0,8,0,0,0,0
61079,1,1,0,11,0,0,0,0,13,0,0,0
61080,1,1,0,0,0,0,0,0,0,0,0,17
61082,1,1,0,0,0,0,0,0,17,0,0,0
61082,2,1,0,0,0,0,0,0,0,0,0,0
61083,1,1,0,0,0,0,0,0,0,0,0,0
61083,2,1,0,0,7,0,0,0,0,0,0,0
61084,1,2,14,27,7,0,0,16,0,24,25,0
61085,1,1,0,0,0,0,0,0,0,0,0,0
61085,2,1,0,0,0,0,0,0,0,0,0,0
61085,3,1,0,0,0,0,0,0,0,0,0,0
61086,1,1,16,12,29,19,22,11,13,18,10,19
61087,0,1,0,0,0,0,0,0,0,0,0,0
61087,1,1,0,0,0,0,0,0,0,0,0,0
61088,0,1,0,0,0,0,0,0,0,0,0,0
61088,1,1,22,0,0,0,22,0,0,0,0,0
61089,1,1,0,0,0,0,0,0,0,0,0,0
61090,1,1,0,0,0,0,0,0,0,0,0,0
61091,1,1,12,12,12,12,12,12,12,12,12,12
61092,1,1,0,0,0,0,0,0,0,0,0,0
61092,2,1,0,0,0,0,0,0,0,0,0,0
61093,1,1,21,21,21,21,21,21,21,21,21,21
61094,1,1,0,0,0,0,0,0,0,0,21,0
61095,1,1,7,7,7,7,7,7,7,7,7,7
61095,2,1,8,3,0,0,0,0,0,0,0,0
61095,3,1,0,0,0,0,0,0,0,0,0,0
61096,1,1,0,0,0,0,0,10,0,0,0,0
61096,2,1,0,0,0,0,0,0,0,0,21,0
61096,3,1,0,0,0,0,0,0,0,6,0,0
61097,1,1,11,7,14,11,52,7,16,15,24,20
61098,0,1,14,0,0,0,0,19,0,0,0,0
61098,1,1,0,0,0,0,0,0,0,0,0,0
61099,0,1,0,0,0,0,0,0,0,0,0,0
61099,1,1,0,0,0,0,0,0,0,0,0,0
61100,0,1,23,0,0,38,0,40,0,0,0,0
61100,1,1,0,0,0,0,0,0,0,0,0,0
61101,0,1,0,0,0,0,0,0,0,0,0,0
61101,1,1,0,0,0,0,0,0,0,26,0,0
61102,0,1,0,0,0,8,21,0,21,17,0,16
61102,1,1,4,10,0,0,19,0,0,0,0,9
61103,1,1,12,0,0,0,0,19,0,0,0,0
61104,1,1,19,14,0,0,0,0,0,9,0,0
61104,2,1,0,0,7,0,0,0,0,0,0,0
61105,1,1,0,0,0,0,0,0,0,0,0,0
61106,1,1,0,0,0,0,6,0,0,0,17,0
61107,1,1,0,15,0,10,0,20,0,0,0,0
61107,2,1,0,0,0,0,0,0,0,0,0,0
61107,3,1,0,0,0,0,0,0,0,0,0,0
61108,1,1,5,5,5,5,5,5,5,5,5,5
61108,2,1,0,0,0,0,0,0,0,0,0,0
61109,0,1,0,0,0,0,0,0,11,0,0,0
61109,1,1,0,0,0,0,0,25,0,0,0,0
61110,1,1,0,0,0,0,0,0,0,0,0,0
61110,3,1,7,0,7,16,6,0,8,0,0,0
61111,1,1,0,0,0,0,0,0,0,0,0,0
61111,2,1,16,0,0,0,0,0,0,0,0,20
61112,1,1,27,0,0,21,0,0,8,0,0,0
61112,2,1,24,0,0,0,0,0,0,0,0,0
61112,3,1,0,0,0,0,0,0,0,0,0,0
61113,1,1,0,0,0,0,0,0,0,0,0,0
61113,2,1,0,0,0,0,0,0,0,0,0,0
61114,1,1,0,0,0,0,0,0,0,0,0,0
61114,2,1,0,0,0,0,0,0,0,0,0,0
61115,1,1,0,0,0,0,0,0,0,0,0,0
61115,2,1,0,0,0,0,0,0,0,0,0,7
61116,0,1,0,0,0,0,0,0,0,0,0,0
61116,1,1,0,0,0,0,0,0,0,0,0,0
61117,1,1,0,0,0,0,0,0,0,0,0,0
61118,1,1,20,9,19,0,6,9,7,10,0,5
61118,2,1,0,0,0,0,0,0,0,0,0,0
61119,1,1,0,0,0,4,0,0,0,0,0,0
61119,2,1,0,0,0,0,0,0,0,0,0,0
61120,1,1,0,0,0,0,0,0,0,0,0,0
61121,1,1,0,0,0,0,0,0,0,0,0,0
61121,2,1,0,0,0,0,0,0,0,0,0,0
61122,1,1,17,19,27,15,9,32,23,15,14,6
61122,2,1,0,0,0,0,0,0,0,0,0,0
61124,0,1,0,0,0,0,0,0,0,0,0,0
61124,1,1,0,0,0,21,0,6,0,0,11,0
61125,1,1,17,17,17,17,17,17,17,17,17,17
61125,2,1,0,0,0,0,0,0,0,0,0,0
61125,3,1,0,0,0,0,0,0,0,0,0,0
61125,4,1,0,0,0,0,0,0,0,0,0,0
61125,5,1,0,0,0,0,0,0,0,0,0,0
61126,1,1,0,35,0,0,0,0,9,0,11,13
61126,2,1,18,57,18,15,10,22,23,11,7,31
61127,1,1,0,0,16,20,0,0,0,0,0,0
61128,1,1,0,0,0,0,0,0,0,0,0,0
61128,2,1,0,0,0,0,0,0,0,0,0,0
61129,0,1,12,10,0,0,33,0,0,0,24,22
61129,1,1,0,0,0,0,0,0,0,0,0,12
61130,0,1,0,25,23,25,8,8,0,3,0,0
61130,1,1,0,0,0,0,0,0,0,13,0,0
61131,0,1,6,6,6,6,6,6,6,6,6,6
61131,1,1,0,0,0,0,0,0,0,0,0,0
61132,1,1,0,0,0,0,0,0,0,0,0,0
61132,2,1,0,0,0,0,0,0,0,0,0,0
61133,1,1,0,0,0,0,0,0,0,0,0,0
61133,2,1,0,0,0,0,0,0,0,0,0,0
61134,1,1,16,24,37,13,16,3,16,17,16,12
61135,1,1,0,0,0,0,0,0,0,0,0,0
61135,2,1,0,0,24,12,0,0,0,0,17,0
61136,1,1,0,0,0,0,0,0,0,0,0,0
61136,2,1,0,0,0,0,0,0,12,0,0,20
61137,1,1,0,0,0,0,0,0,0,0,0,0
61137,2,1,20,13,0,10,0,18,19,17,8,22
61138,1,1,0,0,0,15,0,0,0,0,0,0
61138,2,1,13,0,0,0,0,0,0,0,0,0
61139,1,1,8,0,0,16,8,21,0,13,12,0
61140,1,1,0,0,0,0,0,0,0,4,0,0
61141,1,1,0,0,0,0,0,0,0,0,0,0
61141,2,1,0,0,0,0,0,0,0,0,0,0
61142,1,1,18,18,18,18,18,18,18,18,18,18
61142,2,1,0,4,21,0,15,0,24,3,6,17
61143,1,1,0,21,0,22,0,12,20,0,14,0
61144,0,1,0,0,0,0,0,0,0,0,0,0
61144,1,1,13,13,13,13,13,13,13,13,13,13
61145,1,1,0,18,0,0,4,13,0,0,21,13
61145,2,1,0,0,0,0,0,0,0,0,0,0
61146,1,1,0,0,0,0,0,0,0,0,0,0
61146,2,1,0,0,0,0,0,0,0,0,0,0
61147,1,1,1,1,1,1,1,1,1,1,1,1
61148,1,1,0,0,0,0,0,0,0,0,0,0
61148,2,1,20,0,0,0,0,0,0,0,0,0
61148,3,1,0,0,0,0,0,0,0,0,11,0
61148,4,1,0,0,0,0,11,0,0,0,0,0
61149,1,1,35,35,35,35,35,35,35,35,35,35
61150,1,1,27,27,27,27,27,27,27,27,27,27
61151,0,1,0,0,0,0,0,0,0,0,0,0
61151,0,2,0,0,0,0,11,7,0,16,0,0
61151,1,1,0,0,21,0,0,0,19,0,7,0
61152,1,1,0,0,0,0,9,0,0,0,0,7
61153,0,1,22,22,22,22,22,22,22,22,22,22
61153,1,1,0,0,0,10,34,0,5,0,0,0
61154,0,1,0,0,0,0,0,0,0,0,0,0
61154,1,1,0,0,0,0,0,14,0,0,0,0
61155,1,1,0,0,0,10,0,0,0,0,0,0
61156,1,1,21,0,0,0,12,0,0,0,24,14
61156,2,1,0,0,0,0,0,0,0,0,0,0
61157,1,1,0,15,0,0,0,20,0,0,0,0
61158,1,1,11,10,6,17,9,8,11,8,11,13
61158,2,1,0,14,5,0,13,0,20,0,0,0
61159,1,1,18,18,18,18,18,18,18,18,18,18
61160,0,1,4,17,33,13,0,0,0,0,0,0
61160,1,1,10,0,0,13,16,0,0,0,0,0
61161,1,1,0,0,25,0,0,0,0,0,0,0
61161,2,1,0,0,0,0,0,0,0,0,0,0
61161,3,1,0,0,0,0,0,0,0,0,0,0
61161,4,1,0,0,0,0,0,0,0,0,0,0
61162,1,1,0,0,0,22,0,0,0,0,0,0
61162,2,1,18,0,0,0,0,0,0,0,0,0
61163,1,1,0,0,0,0,0,0,0,0,0,0
61164,1,1,0,0,0,0,8,9,0,14,0,33
61165,0,1,0,0,30,22,14,24,0,0,6,16
61165,1,1,0,0,0,0,0,0,0,0,0,0
61166,0,1,0,0,0,0,0,0,0,0,0,0
61166,1,1,0,0,0,0,0,0,0,0,0,0
61166,2,1,0,0,0,0,0,0,0,0,0,0
61167,1,1,0,0,0,0,0,0,0,0,0,0
61167,2,1,0,0,0,0,0,0,0,0,0,0
61168,1,1,0,0,0,0,0,0,0,0,0,0
61168,2,1,0,0,0,0,0,0,0,0,0,0
61168,3,1,0,0,0,0,0,0,0,0,0,0
61169,1,1,0,0,22,0,18,0,0,0,17,0
61170,1,1,12,13,0,21,20,6,20,9,11,7