ST_CASE,VEH_NO,PER_NO,P1,P2,P3,P4,P5,P6,P7,P8,P9,P10
61170,2,1,0,0,0,0,0,0,0,0,0,0
61171,1,1,0,0,0,0,0,0,0,0,0,0
61172,1,1,11,8,13,11,16,23,2,20,38,18
61172,2,1,0,0,0,0,44,0,0,0,0,0
61173,1,1,0,0,0,0,0,0,6,0,0,0
61174,1,1,17,8,13,0,22,17,39,29,0,0
61175,0,1,0,0,0,0,0,0,0,0,0,0
61175,1,1,0,0,17,0,0,0,0,0,0,0
61176,1,1,0,0,0,0,0,0,0,0,0,0
61176,2,1,0,0,0,0,0,0,0,0,0,0
61176,3,1,0,0,0,0,0,0,0,0,0,0
61176,4,1,0,0,0,0,0,0,0,0,0,0
61176,5,1,0,0,0,0,0,0,6,0,0,4
61177,1,1,0,0,25,0,23,0,0,0,0,20
61178,0,1,0,24,0,43,0,48,6,18,0,13
61178,1,1,0,0,0,0,0,0,0,0,0,0
61179,1,1,0,19,17,12,12,0,0,15,0,18
61179,2,1,0,0,0,0,0,0,0,0,0,0
61180,0,1,0,0,0,0,0,0,0,0,0,0
61180,1,1,0,0,0,0,0,0,0,0,0,0
61181,1,1,15,0,0,0,0,0,0,0,0,0
61181,2,1,0,0,0,0,0,0,0,0,0,0
61181,3,1,0,0,0,0,0,2,0,0,0,0
61182,1,1,19,19,19,19,19,19,19,19,19,19
61182,2,1,10,0,0,0,0,0,0,0,0,0
61182,3,1,0,0,0,13,0,0,0,0,0,0
61182,4,1,0,0,0,0,10,0,0,0,0,0
61182,5,1,0,0,0,0,0,0,0,0,0,0
61183,1,1,21,21,21,21,21,21,21,21,21,21
61183,2,1,0,0,0,0,0,0,15,0,0,0
61185,1,1,0,0,0,0,0,0,0,0,0,0
61186,1,1,24,24,24,24,24,24,24,24,24,24
61187,1,1,0,0,0,0,0,0,0,0,0,0
61187,2,1,0,0,0,0,0,0,0,0,0,0
61188,0,1,0,16,0,41,0,0,0,0,0,0
61188,1,1,0,0,0,0,0,8,0,0,0,0
61189,1,1,0,0,0,11,0,0,0,0,15,23
61190,1,1,0,0,0,0,0,0,0,0,0,0
61190,2,1,0,0,0,0,0,0,0,0,0,0
61191,1,1,0,0,0,0,0,0,0,0,0,0
61191,2,1,0,0,0,0,0,0,0,0,0,0
61193,1,1,0,0,0,0,0,0,0,0,0,0
61194,1,1,10,25,11,38,32,30,13,21,38,13
61195,1,1,0,0,0,0,0,0,0,0,0,0
61196,0,1,17,17,17,17,17,17,17,17,17,17
61196,1,1,28,4,0,16,23,23,0,10,3,20
61197,1,1,2,2,2,2,2,2,2,2,2,2
61197,2,1,0,0,0,0,0,0,0,0,0,0
61199,1,1,15,15,15,15,15,15,15,15,15,15
61200,1,1,25,25,25,25,25,25,25,25,25,25
61200,2,1,0,0,0,0,0,0,0,0,0,0
61201,1,1,19,19,19,19,19,19,19,19,19,19
61201,2,1,17,0,0,0,20,0,18,32,0,0
61201,3,1,0,5,0,0,0,0,0,0,31,0
61202,1,1,0,0,0,0,0,0,0,0,0,0
61203,1,1,2,0,0,13,0,19,0,0,0,0
61203,2,1,5,5,5,5,5,5,5,5,5,5
61203,3,1,0,0,0,0,0,0,0,0,0,0
61204,0,1,0,9,0,0,0,0,4,0,0,0
61204,1,1,0,0,0,0,0,0,0,0,0,0
61205,0,1,0,0,0,0,0,0,0,0,0,0
61205,1,1,0,0,0,0,0,0,0,6,0,0
61206,0,1,0,0,0,0,0,0,0,14,0,15
61206,1,1,0,0,0,0,0,0,0,0,0,0
61207,0,1,29,29,29,29,29,29,29,29,29,29
61207,1,1,0,0,12,0,0,0,0,0,16,21
61208,1,1,0,0,0,0,0,0,0,15,0,0
61208,2,1,2,2,2,2,2,2,2,2,2,2
61209,1,1,0,8,14,0,0,0,0,0,0,0
61209,2,1,6,22,0,0,0,12,0,11,0,0
61210,0,1,17,0,0,0,0,0,0,0,25,34
61210,1,1,0,0,0,0,0,0,0,0,0,0
61211,1,1,8,0,16,19,13,17,0,0,0,10
61212,1,1,0,0,0,19,0,0,0,0,12,0
61212,2,1,0,0,0,0,0,0,0,0,0,0
61213,1,1,0,0,0,0,0,0,0,0,0,0
61213,2,1,0,0,0,0,0,0,0,0,0,0
61214,1,1,0,0,0,0,0,0,0,0,0,0
61214,2,1,0,0,0,9,0,0,0,0,0,0
61215,1,1,0,0,0,0,0,0,0,0,0,0
61215,2,1,0,0,0,0,0,0,0,0,0,0
61216,1,1,0,0,0,0,0,0,0,0,0,0
61216,2,1,0,0,0,0,0,0,0,0,0,0
61216,3,1,0,0,0,0,0,0,0,0,0,0
61217,0,1,0,0,23,7,29,0,0,0,19,0
61217,1,1,24,0,35,9,9,16,5,12,0,0
61218,1,1,0,0,0,0,0,0,0,0,0,0
61219,1,1,0,0,0,0,0,0,0,0,0,0
61220,0,1,0,0,0,0,0,0,0,0,0,0
61220,1,1,0,0,0,0,0,0,0,0,0,0
61221,0,1,23,23,23,23,23,23,23,23,23,23
61221,1,1,0,0,0,0,0,0,0,0,0,0
61222,1,1,0,0,0,31,0,0,23,10,23,0
61223,0,1,18,0,0,31,7,19,32,24,0,12
61223,1,1,8,18,10,10,16,12,10,12,42,10
61224,1,1,14,14,14,14,14,14,14,14,14,14
61224,2,1,0,18,24,20,17,24,6,14,0,18
61224,3,1,0,0,9,0,10,0,0,0,0,0
61224,4,1,0,0,12,0,0,0,0,0,0,0
61225,1,1,0,0,0,0,0,0,0,0,0,0
61226,1,1,0,0,14,0,0,18,0,0,0,0
61227,1,1,0,0,0,0,0,0,0,0,0,0
61228,1,1,0,0,0,0,0,0,0,0,0,0
61228,2,1,0,0,24,0,0,12,0,0,18,4
61229,1,1,0,14,0,7,8,0,0,0,0,0
61230,0,1,0,0,0,15,0,0,0,0,0,0
61230,1,1,4,4,4,4,4,4,4,4,4,4
61231,1,1,18,0,0,10,16,0,0,0,0,0
61232,1,1,13,20,6,33,15,17,20,18,11,26
61233,1,1,3,3,3,3,3,3,3,3,3,3
61234,1,1,0,16,0,27,17,0,0,5,11,19
61235,1,1,0,0,0,0,0,0,0,0,0,0
61235,2,1,0,0,0,0,0,0,0,0,0,0
61236,1,1,15,15,15,15,15,15,15,15,15,15
61237,1,1,2,2,2,2,2,2,2,2,2,2
61237,2,1,0,0,0,0,0,0,0,0,0,0
61238,1,1,0,0,0,0,0,0,0,10,0,0
61238,2,1,0,0,0,0,23,0,0,0,0,0
61239,1,1,21,21,21,21,21,21,21,21,21,21
61239,2,1,0,0,0,0,0,0,0,0,0,0
61240,0,1,9,9,9,9,9,9,9,9,9,9
61240,1,1,0,0,0,0,0,0,0,0,0,0
61241,1,1,0,0,0,0,0,0,0,0,0,0
61241,2,1,0,0,0,0,0,0,0,0,0,0
61242,1,1,0,0,0,0,0,0,20,0,0,0
61242,2,1,0,0,0,0,0,0,0,0,0,0
61243,1,1,0,0,0,0,0,0,0,0,0,0
61243,2,1,0,0,0,0,0,0,0,0,0,0
61244,0,1,26,0,38,0,0,0,0,14,10,0
61244,1,1,15,15,15,15,15,15,15,15,15,15
61244,2,1,0,0,0,0,0,0,0,0,0,0
61245,0,1,0,0,0,0,0,0,0,0,0,0
61245,1,1,0,26,0,16,23,0,0,0,13,0
61246,1,1,6,0,0,0,0,0,0,0,0,0
61246,2,1,0,0,0,0,0,0,0,18,0,0
61246,3,1,17,0,0,23,0,0,0,0,0,0
61247,1,1,5,5,5,5,5,5,5,5,5,5
61247,2,1,0,0,0,0,0,0,0,0,0,0
61248,0,1,0,0,19,0,0,20,16,34,0,0
61248,1,1,8,8,8,8,8,8,8,8,8,8
61249,1,1,0,0,0,0,0,0,0,0,0,0
61249,2,1,0,0,0,0,0,0,0,0,0,0
61250,1,1,0,17,7,13,8,10,36,33,35,12
61250,2,1,0,0,0,0,0,0,0,0,0,0
61250,3,1,0,0,0,0,0,0,0,0,0,0
61251,1,1,0,0,0,0,0,0,0,0,0,0
61252,1,1,20,20,20,20,20,20,20,20,20,20
61253,1,1,0,0,0,0,0,0,0,0,0,0
61254,1,1,4,4,4,4,4,4,4,4,4,4
61254,2,1,0,0,0,46,0,0,0,0,0,0
61255,1,1,0,0,0,0,0,0,0,0,0,0
61256,1,1,0,0,0,0,0,0,0,0,0,0
61257,1,1,14,14,14,14,14,14,14,14,14,14
61257,2,1,0,0,9,0,0,0,0,0,0,0
61257,3,1,0,0,0,27,0,14,19,39,0,0
61258,1,1,0,0,0,0,0,0,0,0,0,0
61259,1,1,0,0,0,0,0,0,0,0,0,0
61259,2,1,5,0,0,0,0,17,0,15,15,13
61261,1,1,26,18,0,5,31,13,10,16,15,0
61262,0,1,22,22,22,22,22,22,22,22,22,22
61262,1,1,0,0,0,0,0,0,0,0,0,0
61263,1,1,8,8,8,8,8,8,8,8,8,8
61263,2,1,0,0,0,0,0,0,0,0,0,0
61264,1,1,26,6,18,8,19,21,5,23,19,7
61265,1,1,12,12,12,12,12,12,12,12,12,12
61266,1,1,0,0,0,0,0,0,0,0,0,0
61267,1,1,29,0,29,15,25,29,17,23,13,7
61268,1,1,6,6,6,6,6,6,6,6,6,6
61269,1,1,0,0,0,0,0,0,0,0,0,0
61270,0,1,0,0,0,0,0,0,0,0,0,0
61270,1,1,0,0,0,0,0,0,0,0,0,0
61271,1,1,0,0,0,0,0,0,0,0,0,0
61271,2,1,0,0,0,0,0,0,5,0,0,0
61272,1,1,0,0,0,0,0,0,0,0,0,0
61273,0,1,0,21,0,0,0,0,13,0,0,0
61273,1,1,0,0,0,0,0,0,0,0,0,0
61274,1,1,8,23,23,37,22,0,11,0,7,0
61274,2,1,0,0,0,0,0,0,0,0,0,0
61274,3,1,0,0,0,0,0,0,0,0,0,0
61275,0,1,0,0,0,0,0,0,0,0,0,0
61275,1,1,0,0,0,0,0,0,0,0,0,0
61276,1,1,0,0,27,11,0,0,0,0,0,0
61277,1,1,20,16,10,21,13,24,23,7,17,7
61277,2,1,0,0,0,0,0,0,0,0,0,0
61278,1,1,0,0,0,0,0,0,0,0,0,0
61279,0,1,0,0,0,36,0,0,0,0,0,0
61279,1,1,0,0,0,0,0,0,0,0,0,0
61280,1,1,0,0,0,0,0,0,0,0,0,15
61280,2,1,0,0,0,0,0,0,0,0,0,0
61281,0,1,0,0,0,0,0,0,0,0,36,0
61281,1,1,0,0,0,0,0,0,0,0,0,0
61282,1,1,0,0,14,0,0,0,0,0,11,0
61282,2,1,6,6,6,6,6,6,6,6,6,6
61283,0,1,0,0,0,0,0,0,0,0,0,0
61283,1,1,0,0,0,0,0,0,0,0,0,0
61284,1,1,0,0,0,0,0,0,0,0,0,0
61284,2,1,0,0,14,0,0,0,0,0,0,0
61285,0,1,0,0,0,0,0,0,0,0,0,0
61285,1,1,0,0,0,12,22,15,0,22,0,8
61286,1,1,0,0,0,0,0,0,0,0,0,0
61287,1,1,21,0,0,0,0,0,21,0,0,0
61288,1,1,13,13,13,13,13,13,13,13,13,13
61289,1,1,8,24,17,9,8,10,14,21,17,18
61290,1,1,0,0,0,0,0,0,0,0,0,0
61290,2,1,0,0,0,0,0,0,0,0,0,0
61290,3,1,0,0,0,0,0,0,0,0,0,0
61291,1,1,14,14,14,14,14,14,14,14,14,14
61292,1,1,0,20,10,0,0,9,0,0,0,0
61292,2,1,0,0,0,0,0,0,0,0,0,0
61292,3,1,0,0,0,0,0,0,0,0,0,0
61292,4,1,0,0,0,25,0,0,0,0,0,22
61293,1,1,27,27,27,27,27,27,27,27,27,27
61294,1,1,0,0,0,0,0,0,0,0,0,0
61294,2,1,0,0,15,0,0,0,0,0,0,0
61295,0,1,0,0,0,0,0,24,0,0,0,0
61295,1,1,0,0,0,0,0,0,0,0,0,0
61296,0,1,0,48,0,0,0,26,3,0,0,0
61296,1,1,8,17,7,4,16,10,15,21,0,0
61296,2,1,8,23,22,0,14,0,0,0,0,25
61297,1,1,0,0,9,5,13,9,12,0,9,16
61297,2,1,0,0,0,0,0,0,0,0,12,0
61298,1,1,0,0,0,0,0,0,0,0,0,0
61299,1,1,0,0,0,0,0,0,0,0,19,0
61299,2,1,0,0,0,0,0,0,0,0,0,0
61300,1,1,25,35,20,12,12,15,27,24,19,0
61301,1,1,0,0,0,0,0,0,0,0,0,0
61302,0,1,11,0,0,0,0,0,0,0,0,0
61302,1,1,0,0,0,0,0,0,10,0,0,0
61303,1,1,0,0,21,0,12,0,0,0,23,0
61303,2,1,0,0,0,0,0,0,0,0,0,0
61304,1,1,0,0,0,0,0,0,0,0,0,0
61304,2,1,0,0,0,0,0,0,0,0,0,0
61305,1,1,10,18,0,20,0,19,16,12,0,0
61306,1,1,0,0,0,0,0,0,0,0,0,8
61306,2,1,0,0,0,0,0,0,0,0,0,0
61307,1,1,0,0,0,0,0,0,0,0,0,0
61308,1,1,22,23,21,16,17,9,27,18,15,0
61308,2,1,0,0,0,0,0,0,0,0,0,0
61309,1,1,8,8,8,8,8,8,8,8,8,8
61310,1,1,0,20,0,0,0,0,0,0,0,10
61311,1,1,0,0,0,0,0,0,0,0,0,0
61312,1,1,21,21,21,21,21,21,21,21,21,21
61313,1,1,11,11,11,11,11,11,11,11,11,11
61314,1,1,0,0,0,0,0,0,0,0,0,0
61315,1,1,0,0,0,0,0,0,0,0,0,0
61315,2,1,0,0,0,0,0,0,0,0,0,0
61315,3,1,0,0,0,0,0,0,0,0,0,0
61316,1,1,0,0,0,0,23,0,0,26,0,0
61317,1,1,15,2,22,20,18,9,21,14,10,15
61318,1,1,0,0,40,0,0,0,0,0,0,0
61318,2,1,0,0,0,0,0,0,0,0,0,0
61318,3,1,0,0,0,0,0,0,0,0,0,0
61319,1,1,0,0,0,0,0,0,0,0,0,0
61319,2,1,0,0,0,0,0,0,0,0,0,0
61320,1,1,0,0,0,0,0,0,0,0,0,0
61320,2,1,0,0,0,0,0,0,0,0,0,0
61321,0,1,0,32,0,27,0,0,0,30,7,16
61321,1,1,11,11,11,11,11,11,11,11,11,11
61322,1,1,13,13,13,13,13,13,13,13,13,13
61323,0,1,24,24,24,24,24,24,24,24,24,24
61323,1,1,0,0,0,0,0,0,0,0,0,0
61324,0,1,0,0,0,0,0,0,0,0,0,0
61324,1,1,0,0,0,0,0,0,15,26,0,0
61324,2,1,0,0,0,0,0,0,0,0,12,0
61325,1,1,16,0,0,0,0,0,0,11,0,0
61325,2,1,0,0,0,0,0,0,0,0,0,0
61326,1,1,0,0,0,0,0,0,0,0,0,0
61326,2,1,0,0,0,0,0,0,0,0,0,0
61326,3,1,0,0,0,0,0,0,0,0,0,0
61327,1,1,0,0,0,14,13,10,0,18,5,21
61328,1,1,0,0,0,0,0,0,0,0,0,0
61328,2,1,0,0,0,0,10,0,0,0,0,0
61328,3,1,0,0,0,0,0,0,0,0,0,0
61328,4,1,0,0,13,0,14,0,0,0,0,0
61329,1,1,0,0,0,0,0,0,0,0,0,0
61329,2,1,0,0,0,0,0,0,0,0,0,0
61330,0,1,0,0,0,15,0,16,0,0,0,19
61330,1,1,0,20,0,4,17,17,0,0,15,0
61331,1,1,0,0,0,0,0,0,0,0,0,0
61331,2,1,0,0,14,0,0,0,0,0,0,0
61331,3,1,5,13,0,0,0,0,0,0,0,0
61331,4,1,0,0,0,0,0,0,0,0,0,0
61332,1,1,0,0,0,0,8,0,0,0,0,17
61333,1,1,0,0,0,0,0,0,0,0,0,0
61334,1,1,18,4,7,8,18,16,11,12,0,18
61335,0,1,0,10,0,26,29,23,19,0,0,0
61335,1,1,0,11,19,0,4,11,11,0,24,0
61335,2,1,21,23,0,0,15,32,0,0,4,0
61335,3,1,21,0,0,14,0,0,7,4,0,0
61336,1,1,0,0,27,0,0,0,0,0,0,0
61338,1,1,0,0,0,0,0,0,0,0,0,0
61338,2,1,0,0,0,0,0,0,0,0,0,0
61339,1,1,0,0,0,0,0,0,0,0,0,0
61339,2,1,0,0,0,0,0,0,0,0,0,0
61340,1,1,8,8,8,8,8,8,8,8,8,8
61340,2,1,0,0,0,0,0,0,0,0,0,0
61340,3,1,4,0,0,0,0,0,0,6,0,0
61341,1,1,0,0,0,0,0,0,0,33,0,0
61341,2,1,0,0,0,0,0,0,0,0,0,0
61342,1,1,19,19,19,19,19,19,19,19,19,19
61343,1,1,7,20,0,0,9,0,0,0,0,0
61343,2,1,0,0,0,0,0,0,0,0,0,0
61343,3,1,0,0,0,0,0,0,0,0,0,0
61344,0,1,21,0,0,0,0,0,0,36,0,5
61344,1,1,0,0,0,7,0,0,0,0,0,0
61345,0,1,0,0,0,0,0,0,0,0,0,0
61345,1,1,0,0,0,0,0,0,0,0,0,0
61346,1,1,19,19,19,19,19,19,19,19,19,19
61346,2,1,0,0,0,0,0,0,0,0,0,0
61347,1,1,0,14,0,0,0,0,0,0,0,0
61347,2,1,16,0,21,27,20,10,17,15,14,30
61348,1,1,0,0,0,0,0,0,0,0,0,0
61349,1,1,0,0,0,0,0,0,0,0,0,0
61349,2,1,19,0,0,0,0,0,0,0,0,10
61350,1,1,0,0,0,0,19,0,0,0,5,0
61350,2,1,0,0,0,0,0,0,0,0,0,0
61350,3,1,0,0,0,0,0,0,0,0,0,4
61351,1,1,24,0,7,0,0,0,0,0,0,0
61352,1,1,0,0,0,0,0,0,0,0,0,0
61352,2,1,0,0,0,0,0,0,0,0,0,0
61353,1,1,17,17,17,17,17,17,17,17,17,17
61354,1,1,0,0,0,0,0,0,0,0,0,0
61355,1,1,0,0,0,0,0,0,0,0,0,0
61355,2,1,0,0,0,0,0,0,0,0,0,0
61356,1,1,0,0,0,0,0,0,0,0,0,0
61356,2,1,12,17,5,11,8,0,10,0,8,11
61357,1,1,8,12,8,16,4,26,11,11,10,18
61357,2,1,0,0,0,0,0,0,0,0,0,0
61358,0,1,0,0,0,0,0,0,0,0,0,0
61358,1,1,0,0,0,0,0,0,0,0,0,0
61359,1,1,30,30,30,30,30,30,30,30,30,30
61361,1,1,0,0,0,0,0,0,0,0,0,0
61361,2,1,0,0,0,0,0,0,0,0,0,0
61362,1,1,15,12,13,33,24,26,8,36,12,9
61363,1,1,28,9,0,0,19,20,17,0,0,13
61364,1,1,0,0,0,0,0,0,0,0,0,0
61364,2,1,0,0,0,0,0,0,0,0,0,0
61365,1,1,0,0,0,0,0,0,0,0,0,0
61365,2,1,0,0,0,0,0,0,0,0,0,0
61366,1,1,10,11,9,12,6,14,21,21,14,10
61367,1,1,22,14,17,16,16,20,0,16,10,0
61368,1,1,0,0,0,0,0,0,0,0,0,0
61369,1,1,0,0,0,0,0,9,0,0,17,0
61370,1,1,26,26,26,26,26,26,26,26,26,26
61371,0,1,0,0,0,0,0,0,0,0,0,0
61371,1,1,0,0,0,0,0,0,0,0,0,0
61372,0,1,0,0,0,0,0,0,0,0,0,0
61372,0,2,0,0,0,0,0,27,0,0,0,0
61372,1,1,15,15,15,15,15,15,15,15,15,15
61373,1,1,0,0,0,0,9,0,0,0,0,0
61373,2,1,0,0,0,0,0,0,0,0,0,0
61374,0,1,0,0,0,0,0,0,0,0,0,0
61374,1,1,0,0,0,0,0,0,0,0,0,28
61374,2,1,0,15,0,19,0,0,2,10,25,0
61375,0,1,19,12,32,0,0,26,19,28,15,16
61375,1,1,0,0,0,0,0,0,0,0,0,0
61376,0,1,0,0,0,28,0,0,0,0,0,5
61376,1,1,0,0,0,0,0,0,0,0,0,0
61377,1,1,19,19,19,19,19,19,19,19,19,19
61377,2,1,0,0,0,0,0,31,0,0,0,0
61377,3,1,0,0,0,0,0,0,0,10,0,0
61378,0,1,42,0,30,0,31,0,0,35,0,31
61378,1,1,10,26,9,0,0,10,9,0,26,10
61379,1,1,0,0,0,0,0,0,0,0,0,0
61380,1,1,0,0,0,0,0,0,0,0,0,0
61380,2,1,0,0,0,0,0,0,0,0,0,0
61381,1,1,21,17,14,21,8,13,17,11,6,23
61382,1,1,29,8,0,0,15,6,0,9,24,38
61383,1,1,0,0,0,0,0,0,0,0,0,0
61383,2,1,0,0,11,0,0,0,0,0,0,0
61384,1,1,12,12,12,12,12,12,12,12,12,12
61384,2,1,0,18,15,0,0,41,27,19,0,32
61385,0,1,5,5,5,5,5,5,5,5,5,5
61385,1,1,0,0,0,0,0,0,0,0,0,0
61386,1,1,0,0,37,0,0,0,0,0,0,8
61387,1,1,0,13,33,0,14,10,23,0,16,10
61388,1,1,0,15,14,23,12,18,11,11,28,42
61389,0,1,12,0,0,0,0,30,26,19,32,0
61389,1,1,0,0,0,0,0,0,0,0,0,0
61390,1,1,0,0,0,0,0,0,0,0,0,0
61391,1,1,0,0,0,0,0,0,0,23,6,0
61391,2,1,0,0,0,0,0,0,0,0,0,0
61392,0,1,14,14,14,14,14,14,14,14,14,14
61392,1,1,0,0,0,0,24,0,0,0,0,0
61393,1,1,11,0,14,35,24,16,10,5,0,9
61394,1,1,0,17,19,6,0,0,0,0,18,13
61395,0,1,30,35,0,0,0,13,0,12,15,0
61395,1,1,0,16,0,0,0,0,0,0,0,0
61396,0,1,22,22,0,0,36,22,0,0,6,28
61396,1,1,9,10,0,0,24,18,0,0,0,17
61397,1,1,0,0,0,0,0,0,0,0,0,0
61397,2,1,0,0,0,0,0,0,0,0,0,17
61398,0,1,0,0,0,0,0,0,0,0,0,0
61398,1,1,0,0,0,0,0,0,0,0,0,8
61399,1,1,0,0,0,0,0,0,0,0,0,0
61399,2,1,0,0,0,0,0,0,0,0,0,0
61400,1,1,0,0,0,0,0,0,0,0,0,0
61401,1,1,17,17,17,17,17,17,17,17,17,17
61401,2,1,0,0,0,0,0,0,0,0,0,0
61402,1,1,0,0,0,0,0,0,0,0,0,0
61402,2,1,0,0,0,0,0,0,0,0,0,0
61403,1,1,0,0,0,0,0,0,0,0,0,0
61403,2,1,0,0,0,0,0,18,0,0,0,0
61404,0,1,0,0,0,0,0,0,0,0,0,0
61404,1,1,0,12,0,0,0,0,0,0,0,0
61405,0,1,0,0,0,0,0,0,0,0,0,0
61405,1,1,0,0,0,0,0,0,0,0,0,0
61406,0,1,0,0,18,15,0,0,0,0,0,14
61406,1,1,0,0,0,0,0,0,0,0,0,0
61407,1,1,60,60,60,60,60,60,60,60,60,60
61408,0,1,0,0,0,0,0,0,0,0,0,0
61408,1,1,0,0,0,0,0,0,0,0,0,0
61409,1,1,0,21,19,0,16,15,0,24,0,18
61409,2,1,0,0,0,0,0,0,0,0,12,0
61410,1,1,19,19,19,19,19,19,19,19,19,19
61411,1,1,17,17,17,17,17,17,17,17,17,17
61411,2,1,0,0,0,0,0,0,0,12,0,0
61411,3,1,0,0,0,0,0,0,0,0,0,0
61412,1,1,0,0,0,0,0,0,0,0,0,0
61412,2,1,0,0,0,0,0,9,0,0,0,0
61413,1,1,0,0,0,0,0,0,0,0,0,0
61414,1,1,0,0,0,0,0,0,0,0,0,0
61415,1,1,0,0,0,0,0,0,0,0,0,0
61416,1,1,0,0,0,0,0,0,0,0,0,0
61416,2,1,22,0,3,4,0,6,0,0,4,0
61417,0,1,0,0,0,0,0,0,0,0,0,0
61417,1,1,0,0,0,0,0,0,0,0,0,0
61418,1,1,4,21,18,15,11,19,16,0,23,21
61419,0,1,27,27,27,27,27,27,27,27,27,27
61419,1,1,12,17,0,0,0,0,0,0,0,25
61420,0,1,0,0,0,0,0,0,0,0,0,0
61420,2,1,0,0,0,0,0,0,0,7,0,0
61421,1,1,0,31,0,0,10,15,0,14,0,13
61422,1,1,0,0,0,0,0,0,0,0,0,0
61422,2,1,0,0,5,0,0,0,0,0,0,0
61423,1,1,24,24,24,24,24,24,24,24,24,24
61424,1,1,0,0,0,0,0,0,0,0,0,0
61425,0,1,0,0,0,0,0,0,0,0,0,0
61425,1,1,0,0,0,0,3,0,0,0,0,0
61425,2,1,0,0,0,0,0,28,0,0,0,0
61426,0,1,0,0,0,0,22,0,0,0,0,0
61426,1,1,9,28,16,21,0,13,0,0,22,0
61427,0,1,0,0,0,0,0,0,0,0,0,0
61427,1,1,0,0,0,0,0,0,0,0,0,0
61428,1,1,16,15,11,13,29,16,16,25,15,25
61429,1,1,48,28,11,18,5,13,14,14,21,13
61430,1,1,19,6,26,13,0,14,16,11,19,23
61430,2,1,8,0,0,22,11,0,0,2,32,0
61431,1,1,0,9,0,0,0,0,0,0,0,0
61431,2,1,16,0,0,20,0,11,0,0,0,0
61431,3,1,0,0,0,0,0,0,0,0,0,0
61432,0,1,19,19,19,19,19,19,19,19,19,19
61432,1,1,0,7,3,21,0,0,0,10,7,13
61433,0,1,0,39,27,8,0,27,26,0,30,0
61433,1,1,0,0,0,0,0,0,0,0,0,0
61434,0,1,0,47,0,22,0,19,12,25,24,0
61434,1,1,27,14,48,33,0,11,6,15,0,0
61434,2,1,0,0,0,0,0,0,0,0,0,0
61435,0,1,0,0,0,0,0,0,0,0,0,0
61435,1,1,0,0,0,0,0,0,0,0,0,0
61436,1,1,0,0,0,0,0,30,33,3,0,0
61437,1,1,0,0,0,0,0,0,0,0,0,0
61438,1,1,0,0,0,0,0,0,0,0,0,0
61438,2,1,0,0,0,0,0,0,0,0,0,0
61438,3,1,0,0,0,0,0,0,0,0,0,0
61439,0,1,3,3,3,3,3,3,3,3,3,3
61439,1,1,11,18,26,19,17,7,12,7,18,0
61440,0,1,23,0,8,0,23,11,22,0,0,0
61440,1,1,0,12,0,0,0,0,0,0,0,0
61441,0,1,0,0,0,0,0,0,0,0,0,0
61441,1,1,0,0,0,0,0,0,0,0,0,0
61442,1,1,0,0,0,0,0,0,0,0,0,0
61442,2,1,0,0,0,0,0,0,0,0,0,0
61443,1,1,0,0,0,0,0,0,0,0,0,0
61443,2,1,0,0,0,0,0,0,0,0,0,0
61444,1,1,0,0,0,0,0,0,0,0,0,0
61444,2,1,0,0,0,0,0,0,0,0,0,0
61445,0,1,0,0,0,0,25,12,12,0,13,0
61445,1,1,0,0,0,0,0,0,0,0,0,0
61446,0,1,0,0,0,0,0,0,0,0,0,0
61446,1,1,0,0,0,0,0,0,0,0,0,0
61447,1,1,15,15,15,15,15,15,15,15,15,15
61448,1,1,0,0,0,0,0,0,0,0,0,0
61448,2,1,0,0,0,0,0,10,0,0,0,0
61449,1,1,0,0,0,0,0,0,0,0,0,0
61449,2,1,0,0,0,0,0,0,0,0,0,0
61450,1,1,0,0,0,0,0,0,0,0,0,0
61450,2,1,0,0,0,0,0,0,0,0,0,0
61451,1,1,0,0,0,0,0,0,0,0,0,0
61452,1,1,0,0,0,0,0,0,0,0,0,9
61453,1,1,0,0,0,0,0,0,0,0,0,0
61453,2,1,0,0,0,0,0,0,0,0,0,0
61454,1,1,0,0,0,0,0,0,0,0,0,0
61454,2,1,0,0,0,0,0,0,0,0,0,0
61455,1,1,0,0,0,0,0,0,0,0,0,0
61456,1,1,0,0,0,0,0,0,6,0,0,0
61457,1,1,0,0,0,0,0,0,0,12,0,0
61457,2,1,0,0,0,0,0,0,0,0,0,0
61458,1,1,0,0,0,0,0,0,0,0,0,0
61459,1,1,0,0,28,0,0,0,0,0,0,0
61459,2,1,0,0,0,33,0,37,0,0,37,0
61460,1,1,18,18,18,18,18,18,18,18,18,18
61461,1,1,5,5,5,5,5,5,5,5,5,5
61461,2,1,0,0,0,21,0,0,0,0,0,0
61461,3,1,0,0,0,0,0,0,0,0,22,0
61462,1,1,0,20,0,0,0,0,0,0,0,18
61463,1,1,4,13,19,0,0,17,0,0,16,0
61463,2,1,0,0,0,0,0,0,0,0,0,14
61463,3,1,0,0,30,16,3,20,9,0,23,0