ST_CASE,VEH_NO,PER_NO,P1,P2,P3,P4,P5,P6,P7,P8,P9,P10
61464,1,1,13,13,13,13,13,13,13,13,13,13
61465,1,1,0,18,0,45,0,0,16,0,30,0
61466,1,1,16,8,24,9,10,11,27,22,24,30
61467,1,1,0,0,0,0,0,0,0,0,0,0
61467,2,1,0,0,0,0,0,0,0,0,0,0
61468,1,1,0,0,0,0,0,0,0,0,0,0
61468,2,1,0,0,0,0,0,0,0,0,0,0
61469,1,1,0,0,0,0,0,0,0,23,0,0
61469,2,1,0,0,0,0,0,0,0,0,0,0
61470,0,1,0,0,0,0,0,0,0,0,0,0
61470,1,1,0,0,0,0,0,0,0,0,0,0
61471,0,1,0,20,17,19,24,0,0,0,0,0
61471,1,1,0,0,0,0,0,21,0,0,0,0
61472,0,1,0,0,0,31,20,25,0,0,0,27
61472,1,1,0,0,0,0,0,0,0,0,0,0
61473,1,1,27,27,27,27,27,27,27,27,27,27
61474,0,1,0,0,0,0,0,0,0,0,0,0
61474,1,1,0,0,0,0,0,0,0,0,0,0
61475,0,1,0,0,12,0,9,0,38,0,10,15
61475,1,1,0,8,11,0,4,0,0,0,0,0
61476,0,1,9,28,0,21,5,9,18,0,8,9
61476,1,1,35,0,31,17,16,30,0,30,21,0
61477,1,1,5,5,5,5,5,5,5,5,5,5
61477,2,1,0,0,0,0,0,0,0,0,0,0
61478,1,1,0,0,0,0,0,0,0,0,0,0
61479,1,1,14,0,26,18,0,16,8,17,14,0
61480,0,1,0,8,0,27,0,28,13,0,0,10
61480,1,1,0,0,0,0,0,0,0,0,0,0
61481,0,1,0,0,0,0,0,0,0,0,0,0
61481,1,1,0,0,0,0,0,0,0,0,0,0
61482,1,1,0,0,0,0,0,0,0,22,0,0
61483,1,1,0,0,0,0,0,0,0,0,0,0
61483,2,1,0,0,0,0,0,0,0,0,0,0
61483,3,1,0,0,0,0,0,18,19,0,0,0
61484,0,1,0,0,0,0,0,0,0,0,0,0
61484,1,1,0,0,0,0,0,0,0,0,0,0
61485,1,1,30,0,0,0,0,0,0,0,11,0
61485,2,1,18,0,0,0,29,0,0,0,0,0
61486,1,1,0,18,0,0,0,0,0,0,0,0
61486,2,1,0,0,0,0,0,0,0,0,0,0
61487,1,1,24,24,24,24,24,24,24,24,24,24
61488,1,1,0,0,0,0,5,0,11,0,0,0
61488,2,1,0,0,0,0,0,0,0,0,0,0
61489,1,1,18,14,24,18,17,9,45,19,26,22
61490,1,1,0,0,0,0,0,0,0,0,0,10
61490,2,1,0,0,0,0,0,0,0,0,0,0
61490,3,1,0,0,0,0,0,0,0,0,0,0
61490,4,1,28,0,0,0,0,0,0,0,0,0
61490,5,1,0,0,0,0,0,0,0,0,0,0
61490,6,1,0,0,0,0,0,0,0,0,0,0
61491,1,1,18,2,11,8,10,25,5,17,20,19
61492,1,1,16,10,14,12,14,10,29,15,0,6
61492,2,1,0,0,0,0,0,0,0,0,0,0
61493,1,1,0,0,0,0,0,0,0,0,0,0
61493,2,1,0,0,0,0,0,0,0,0,0,0
61493,3,1,0,29,0,0,0,0,0,0,0,0
61494,1,1,18,16,16,14,18,0,10,7,9,19
61495,0,1,30,30,30,30,30,30,30,30,30,30
61495,1,1,0,0,0,0,0,0,0,0,0,0
61496,0,1,27,0,0,0,0,22,0,10,0,12
61496,1,1,0,0,0,0,0,0,0,0,0,0
61497,1,1,0,0,0,22,4,0,8,0,0,0
61497,2,1,0,0,0,14,0,0,0,0,0,0
61498,1,1,0,0,0,0,0,0,0,0,0,0
61499,1,1,24,24,24,24,24,24,24,24,24,24
61500,1,1,0,0,0,0,0,0,0,0,0,0
61501,0,1,34,18,25,26,16,8,50,24,23,24
61501,1,1,0,0,0,0,0,0,0,0,0,0
61502,1,1,0,0,0,0,0,0,0,0,0,0
61503,1,1,0,0,0,6,0,0,0,11,0,0
61504,1,1,0,0,0,0,0,0,0,0,0,0
61505,1,1,21,10,17,11,16,30,29,19,32,19
61506,1,1,9,0,0,0,0,2,20,0,15,0
61507,1,1,20,16,19,0,31,11,5,9,15,3
61507,2,1,0,0,0,0,0,0,0,0,0,0
61508,1,1,8,0,25,10,0,10,19,10,21,0
61509,1,1,0,0,0,0,3,0,0,0,0,0
61509,2,1,0,0,0,0,32,0,0,0,0,0
61510,1,1,23,0,0,0,20,0,18,0,0,0
61510,2,1,0,0,0,0,0,0,0,0,0,0
61511,1,1,0,0,0,0,0,0,0,0,0,0
61512,1,1,0,0,0,0,0,0,0,0,0,0
61513,0,1,0,16,26,13,10,0,21,18,28,26
61513,1,1,0,17,0,0,0,0,0,17,13,0
61514,1,1,19,19,19,19,19,19,19,19,19,19
61514,2,1,0,0,0,0,0,0,0,0,0,0
61515,1,1,0,0,0,0,0,0,0,0,0,0
61515,2,1,0,0,0,0,0,5,0,0,0,0
61516,1,1,13,13,13,13,13,13,13,13,13,13
61517,1,1,25,21,21,7,18,13,14,18,4,14
61518,1,1,0,0,0,0,0,0,0,0,0,0
61519,1,1,21,20,24,21,0,14,5,10,4,14
61520,1,1,0,0,0,0,0,0,0,0,0,16
61521,0,1,0,0,0,0,0,7,0,0,0,0
61521,1,1,16,0,0,0,0,0,0,0,0,0
61522,0,1,0,0,0,0,0,0,0,0,0,0
61522,1,1,14,14,14,14,14,14,14,14,14,14
61523,0,1,26,11,16,19,8,13,16,18,5,14
61523,1,1,0,0,0,0,0,0,0,0,0,0
61524,1,1,0,0,0,0,0,0,0,0,0,0
61525,0,1,0,0,0,0,0,0,0,0,0,0
61525,1,1,0,15,11,3,9,0,11,0,8,0
61526,1,1,0,9,14,16,19,31,10,0,4,11
61526,2,1,0,0,0,0,0,0,0,0,0,0
61527,1,1,0,0,0,0,0,0,0,0,0,0
61528,1,1,18,18,18,18,18,18,18,18,18,18
61528,2,1,0,0,0,0,0,0,0,19,0,0
61529,1,1,17,17,17,17,17,17,17,17,17,17
61529,2,1,0,0,0,0,0,0,0,0,35,0
61530,1,1,19,24,3,18,26,19,22,15,18,16
61531,1,1,19,19,19,19,19,19,19,19,19,19
61532,1,1,0,0,0,0,0,0,0,0,0,0
61533,1,1,0,0,0,11,0,0,0,0,0,0
61533,2,1,0,0,0,0,0,0,0,0,0,33
61534,1,1,0,0,0,12,0,7,0,0,0,0
61534,2,1,0,0,0,0,0,0,0,0,0,0
61535,1,1,0,0,0,0,0,0,0,0,0,0
61535,2,1,0,0,0,1,0,0,0,0,0,0
61536,0,1,34,34,34,34,34,34,34,34,34,34
61536,1,1,0,0,0,13,0,0,0,0,0,0
61536,2,1,0,0,0,1,0,18,0,0,0,27
61537,0,1,0,0,14,0,0,0,0,0,0,0
61537,1,1,0,0,0,0,0,0,0,0,0,0
61538,0,1,0,0,0,0,0,0,0,0,0,0
61538,0,2,15,0,0,50,0,0,22,0,0,0
61538,1,1,0,0,0,0,0,0,0,0,0,0
61539,1,1,13,0,0,0,0,0,8,0,21,0
61539,2,1,0,0,0,0,0,0,0,0,0,0
61540,1,1,18,18,18,18,18,18,18,18,18,18
61540,2,1,9,9,9,9,9,9,9,9,9,9
61541,1,1,10,10,10,10,10,10,10,10,10,10
61541,2,1,14,0,0,0,0,14,0,9,0,0
61542,1,1,0,0,0,0,0,0,0,0,0,0
61542,2,1,0,0,0,0,0,0,0,0,0,0
61543,1,1,0,0,0,0,0,0,0,0,0,0
61544,1,1,0,0,0,0,0,0,0,0,0,0
61545,1,1,0,0,0,0,0,0,0,0,0,0
61546,0,1,10,0,6,25,0,23,0,20,33,0
61546,1,1,23,8,19,13,14,14,8,12,12,14
61547,1,1,26,26,26,26,26,26,26,26,26,26
61548,1,1,20,0,0,0,0,0,0,0,0,0
61548,2,1,0,0,0,0,0,0,0,0,0,0
61549,1,1,0,0,0,0,0,0,0,0,0,0
61549,2,1,0,0,0,0,5,0,0,0,0,0
61549,3,1,0,0,0,0,0,0,0,0,0,0
61550,1,1,0,0,0,0,0,0,0,0,0,0
61552,1,1,9,9,9,9,9,9,9,9,9,9
61553,0,1,10,27,12,22,35,16,34,11,13,0
61553,1,1,0,0,0,0,0,0,0,0,0,0
61553,2,1,0,0,0,0,0,0,0,0,0,0
61554,1,1,21,8,24,19,22,0,5,15,4,16
61554,2,1,0,0,0,0,0,0,0,8,0,0
61555,1,1,0,7,0,0,0,0,0,0,0,0
61555,2,1,15,0,0,0,0,0,0,0,0,0
61556,1,1,0,0,0,0,0,0,0,0,0,0
61556,2,1,0,0,0,0,0,0,0,0,0,0
61556,3,1,0,0,0,0,0,0,0,0,0,0
61557,1,1,0,0,0,0,0,0,14,27,21,21
61558,0,1,0,11,0,16,0,0,23,0,15,0
61558,1,1,22,20,39,19,33,20,0,0,0,15
61559,1,1,0,0,0,0,0,0,0,0,0,0
61559,2,1,24,0,10,0,0,0,0,0,0,0
61560,1,1,8,8,8,8,8,8,8,8,8,8
61561,1,1,0,0,0,0,0,0,0,0,0,0
61561,2,1,0,0,0,0,0,0,0,0,0,0
61562,0,1,0,0,28,0,44,0,0,0,24,0
61562,1,1,17,0,0,0,11,0,0,0,0,0
61563,1,1,14,14,14,14,14,14,14,14,14,14
61564,1,1,26,30,8,14,0,23,16,0,16,18
61564,2,1,4,0,0,0,0,0,0,0,0,0
61565,1,1,0,21,14,28,9,0,0,14,5,0
61566,0,1,0,24,8,0,23,0,0,0,0,12
61566,0,2,0,15,0,0,0,18,29,24,0,0
61566,1,1,0,0,0,0,0,0,0,0,0,25
61567,1,1,0,0,0,7,0,4,0,0,4,0
61567,2,1,15,0,0,0,0,24,0,0,0,0
61568,0,1,0,9,29,0,0,25,8,4,30,0
61568,1,1,19,0,35,27,0,0,0,12,19,31
61569,1,1,0,0,0,0,0,0,0,0,0,0
61569,2,1,0,0,0,0,0,0,0,0,0,0
61570,0,1,0,0,0,0,25,39,0,16,40,0
61570,1,1,0,0,0,0,0,0,0,10,0,12
61570,2,1,0,0,0,23,0,13,0,0,0,13
61571,1,1,0,15,20,0,0,15,9,0,0,0
61572,1,1,0,0,0,0,10,0,0,0,0,0
61572,2,1,0,0,0,0,0,0,0,0,0,0
61573,1,1,0,0,0,0,0,0,0,0,0,0
61573,2,1,0,0,0,0,0,0,0,0,0,0
61574,1,1,0,0,0,0,0,0,0,0,0,0
61574,2,1,0,2,0,0,0,0,0,0,0,0
61574,3,1,0,0,17,0,0,0,12,0,0,10
61574,4,1,0,0,0,0,0,0,25,0,0,14
61575,0,1,0,0,0,0,0,0,0,0,0,0
61575,1,1,0,0,0,0,0,0,0,0,0,0
61576,0,1,0,0,0,0,0,0,0,0,0,0
61576,1,1,0,0,0,0,0,0,0,0,0,0
61577,0,1,0,0,0,0,0,0,0,0,0,0
61577,1,1,0,0,0,0,0,0,0,0,0,0
61578,0,1,0,0,0,0,0,0,0,0,0,0
61578,1,1,0,0,0,0,0,0,0,0,0,0
61579,0,1,23,0,29,10,0,0,9,0,17,22
61579,1,1,0,0,0,0,0,0,0,0,0,0
61580,0,1,0,0,0,0,29,0,0,0,0,0
61580,1,1,0,0,0,0,0,0,0,0,0,0
61581,1,1,0,0,0,0,0,0,0,0,0,0
61581,2,1,0,0,0,0,0,0,0,0,0,0
61582,0,1,0,0,0,0,0,0,36,25,13,8
61582,1,1,0,15,0,0,0,0,0,0,0,0
61583,1,1,0,0,0,0,0,0,0,0,0,0
61584,1,1,0,0,0,0,0,0,0,0,0,0
61584,2,1,0,0,0,0,0,0,0,0,0,0
61584,3,1,0,0,0,0,0,0,0,0,0,0
61585,1,1,5,5,5,5,5,5,5,5,5,5
61585,2,1,0,10,0,0,7,0,8,0,0,0
61586,1,1,0,0,0,0,0,0,0,0,0,0
61586,2,1,0,0,0,0,0,0,0,0,0,0
61586,3,1,0,0,0,0,0,0,0,0,0,0
61587,0,1,3,11,22,18,15,18,23,5,35,31
61587,1,1,0,0,0,0,0,0,0,0,0,0
61588,0,1,13,20,24,18,0,0,22,0,39,16
61588,1,1,0,0,0,0,0,0,0,0,0,0
61589,0,1,0,0,0,0,0,0,0,0,0,0
61589,1,1,18,23,17,20,22,0,14,8,38,0
61590,1,1,0,0,12,0,0,0,0,0,0,0
61590,2,1,0,0,0,0,0,0,0,0,0,0
61591,1,1,0,0,0,0,0,14,0,0,0,0
61591,2,1,0,0,0,0,0,0,0,0,0,0
61592,1,1,23,23,23,23,23,23,23,23,23,23
61593,1,1,0,0,0,0,0,0,0,0,0,0
61593,2,1,0,0,0,0,0,0,0,0,0,0
61593,3,1,0,0,0,0,0,0,0,0,0,0
61594,1,1,0,17,0,0,0,0,0,0,0,0
61594,2,1,0,0,0,15,0,0,0,0,0,0
61594,3,1,0,0,0,0,0,0,0,0,0,0
61595,1,1,0,0,0,0,0,0,0,0,0,0
61595,2,1,0,0,0,0,0,0,0,0,0,0
61596,0,1,0,0,0,20,0,25,0,0,0,0
61596,1,1,0,0,0,0,0,0,0,0,0,0
61597,1,1,16,0,14,7,3,16,28,19,0,15
61598,1,1,14,0,6,20,0,8,17,0,22,0
61599,1,1,7,13,16,17,13,14,43,14,3,6
61600,0,1,14,43,0,0,0,0,9,0,14,0
61600,1,1,32,0,0,7,0,0,9,0,7,0
61601,1,1,5,14,12,17,10,12,20,20,15,37
61602,0,1,8,0,0,0,0,19,0,0,0,0
61602,1,1,22,0,0,0,0,0,0,0,0,0
61602,2,1,0,0,0,0,0,0,0,0,0,0
61603,1,1,26,0,0,8,19,0,19,14,38,0
61604,1,1,0,0,0,0,26,0,10,15,0,19
61605,1,1,13,10,11,12,14,11,22,17,15,17
61606,0,1,0,0,0,0,0,0,32,16,0,0
61606,1,1,0,0,0,14,0,0,0,0,12,0
61607,1,1,4,17,16,20,0,30,12,13,19,18
61608,1,1,0,0,0,13,13,0,12,0,0,0
61608,2,1,0,0,0,0,0,0,0,0,0,0
61609,0,1,20,12,0,33,20,11,19,0,11,2
61609,0,2,0,0,0,0,19,0,0,0,0,0
61609,1,1,0,0,0,0,0,0,0,0,23,0
61610,0,1,0,0,0,0,0,0,0,0,0,0
61610,1,1,0,34,0,0,8,0,11,0,0,0
61610,2,1,0,0,0,0,0,0,0,0,0,0
61611,1,1,0,9,0,0,0,0,0,0,0,11
61611,2,1,0,0,0,11,26,0,0,0,0,0
61612,1,1,5,5,5,5,5,5,5,5,5,5
61612,2,1,10,10,10,10,10,10,10,10,10,10
61613,1,1,15,15,15,15,15,15,15,15,15,15
61613,2,1,0,9,0,20,0,15,19,0,0,0
61614,1,1,23,22,18,0,11,10,10,15,19,15
61615,0,1,14,0,5,0,0,0,0,0,0,0
61615,1,1,0,0,0,0,0,0,0,0,0,0
61616,1,1,0,0,0,0,0,0,0,0,0,0
61617,1,1,16,16,16,16,16,16,16,16,16,16
61617,2,1,0,0,0,0,0,0,0,0,0,0
61618,1,1,0,0,0,0,0,0,0,0,0,0
61619,0,1,20,7,26,16,31,19,17,12,27,0
61619,1,1,0,0,0,0,0,0,0,0,0,25
61620,1,1,0,0,0,0,0,0,0,0,0,0
61621,0,1,0,0,0,15,0,0,0,28,0,0
61621,1,1,0,0,0,0,0,0,0,0,0,0
61622,0,1,12,11,0,0,13,0,0,4,0,0
61622,1,1,0,0,12,0,0,0,36,10,0,0
61623,0,1,27,20,0,24,0,16,0,47,0,0
61624,0,1,21,21,20,15,13,20,18,10,26,29
61624,1,1,0,0,0,0,0,0,0,0,0,0
61625,1,1,0,0,0,23,0,0,0,0,22,0
61626,1,1,0,0,0,0,0,0,0,0,0,0
61626,2,1,0,0,0,0,0,0,0,8,0,0
61627,1,1,17,17,17,17,17,17,17,17,17,17
61628,1,1,24,0,13,26,0,0,11,7,3,0
61628,2,1,0,0,0,0,0,0,0,0,0,0
61629,1,1,26,16,18,21,20,18,24,10,11,19
61630,1,1,20,20,20,20,20,20,20,20,20,20
61631,0,1,0,0,0,0,0,0,0,0,0,0
61631,1,1,0,0,15,0,0,0,0,0,0,13
61632,1,1,0,0,0,0,0,0,0,0,0,0
61632,2,1,20,0,0,4,0,18,0,0,0,0
61633,1,1,3,3,3,3,3,3,3,3,3,3
61634,1,1,0,0,0,0,0,0,0,16,0,0
61634,2,1,0,0,0,0,0,0,0,0,0,0
61635,1,1,16,16,16,16,16,16,16,16,16,16
61636,1,1,9,14,0,14,0,0,0,0,0,0
61637,0,1,0,0,0,0,0,0,0,0,0,0
61637,1,1,0,0,0,0,0,0,0,0,0,0
61638,0,1,0,0,0,0,0,0,0,0,0,0
61638,1,1,0,0,0,0,0,0,0,0,0,0
61639,1,1,14,14,14,14,14,14,14,14,14,14
61641,1,1,0,0,0,0,0,0,0,0,0,0
61641,2,1,0,0,0,0,0,0,0,0,0,0
61641,3,1,0,0,0,0,0,0,0,0,0,0
61641,4,1,0,0,0,0,0,0,0,0,0,0
61642,0,1,21,21,21,21,21,21,21,21,21,21
61642,1,1,0,0,0,0,0,0,0,0,0,0
61643,1,1,15,15,15,15,15,15,15,15,15,15
61643,2,1,0,0,0,37,0,0,30,7,15,4
61643,3,1,0,0,12,0,0,15,0,0,0,0
61644,1,1,32,11,0,12,0,17,0,0,0,0
61645,0,1,0,0,0,0,0,0,0,0,0,0
61645,1,1,0,0,0,0,0,0,0,0,0,0
61645,2,1,0,0,0,0,0,0,0,0,0,0
61646,1,1,0,0,0,0,0,0,0,0,0,0
61646,2,1,0,0,0,0,0,0,0,0,0,0
61647,0,1,0,17,0,0,11,0,0,0,10,26
61647,1,1,0,0,0,0,0,0,13,0,24,0
61648,0,1,0,0,0,0,0,0,0,0,0,0
61648,1,1,0,0,0,0,0,0,0,0,0,0
61649,1,1,0,0,0,0,0,0,0,0,0,0
61649,2,1,0,0,0,6,0,0,0,0,0,0
61650,1,1,14,5,0,43,37,16,23,0,24,20
61651,0,1,0,0,0,47,0,0,0,9,0,0
61651,1,1,0,0,0,0,0,0,0,0,0,0
61652,0,1,0,0,0,0,0,0,0,0,0,0
61652,1,1,0,0,0,0,0,0,0,0,0,0
61653,1,1,0,0,0,0,0,0,0,0,0,0
61654,0,1,0,0,0,0,0,0,0,0,0,0
61654,1,1,0,0,0,0,0,0,0,0,0,0
61655,0,1,0,15,55,7,0,0,0,0,0,13
61655,1,1,0,0,0,0,0,0,0,0,0,0
61656,0,1,17,0,0,0,0,0,0,0,0,0
61656,1,1,0,0,0,0,0,0,0,0,0,0
61656,2,1,0,0,0,0,0,0,0,0,0,0
61657,1,1,0,0,0,0,0,0,0,0,0,0
61657,2,1,0,0,0,0,0,0,0,0,0,0
61658,1,1,0,0,0,0,0,0,0,0,0,0
61659,1,1,33,0,0,11,0,0,10,0,12,17
61660,0,1,0,0,0,0,0,0,0,0,0,0
61660,0,2,0,0,0,0,0,0,0,0,0,0
61660,1,1,0,0,0,0,0,0,0,0,0,0
61661,1,1,0,0,0,0,0,0,0,0,0,0
61661,2,1,0,0,0,0,0,0,0,0,0,0
61662,0,1,0,30,0,0,0,0,25,23,0,39
61662,1,1,0,0,0,0,0,0,0,0,0,0
61662,2,1,0,0,0,0,0,0,0,0,0,0
61662,3,1,0,0,0,0,0,0,0,0,0,0
61663,1,1,0,0,0,0,0,0,0,0,0,0
61663,2,1,0,0,0,0,0,0,0,0,0,0
61664,1,1,0,0,0,0,0,0,0,5,0,0
61664,2,1,0,0,0,0,0,0,0,0,0,0
61665,1,1,0,0,0,0,0,0,0,0,0,0
61665,2,1,0,12,0,0,0,0,0,0,0,0
61665,3,1,0,0,0,0,0,34,0,0,0,0
61666,0,1,0,0,0,0,0,0,0,0,0,0
61666,1,1,0,0,0,0,0,0,0,0,0,0
61667,0,1,0,0,0,0,0,0,0,0,0,0
61667,1,1,1,1,1,1,1,1,1,1,1,1
61668,1,1,15,0,0,0,10,0,0,0,22,0
61669,1,1,0,0,0,0,0,0,0,0,0,0
61669,2,1,0,0,0,0,0,0,0,0,0,0
61670,1,1,0,0,13,0,12,27,0,0,0,0
61671,1,1,4,0,9,0,0,13,23,31,11,0
61672,0,1,0,19,23,17,45,28,0,23,14,33
61672,1,1,21,11,41,17,0,0,12,14,0,20
61673,1,1,0,0,0,0,0,0,0,0,0,0
61673,2,1,0,0,0,0,0,0,0,0,0,0
61674,1,1,10,15,6,10,5,16,7,4,9,17
61674,2,1,21,0,0,0,18,0,0,0,0,0
61675,1,1,10,23,18,15,23,12,6,16,18,14
61675,2,1,0,8,0,26,0,21,0,0,7,0
61676,0,1,0,0,0,0,0,0,0,0,0,0
61676,1,1,0,0,0,0,0,0,0,0,0,0
61677,0,1,32,14,18,12,44,8,0,8,31,0
61677,1,1,0,0,0,0,0,0,0,0,0,0
61678,1,1,0,0,0,0,0,0,0,0,0,0
61678,2,1,0,0,0,0,0,0,17,0,0,0
61679,1,1,0,0,0,31,21,0,0,0,0,24
61679,2,1,0,0,0,0,0,0,0,0,0,0
61680,1,1,0,0,0,0,0,0,0,0,0,0
61681,1,1,1,0,0,0,0,0,0,0,0,0
61681,2,1,0,0,0,0,0,0,0,0,0,0
61681,3,1,0,0,0,0,0,0,0,0,0,0
61682,0,1,2,2,2,2,2,2,2,2,2,2
61682,1,1,12,12,12,12,12,12,12,12,12,12
61683,1,1,11,11,11,11,11,11,11,11,11,11
61683,2,1,7,7,7,7,7,7,7,7,7,7
61684,0,1,11,11,11,11,11,11,11,11,11,11
61684,1,1,22,13,27,29,32,28,9,13,22,24
61685,1,1,6,11,26,0,0,15,15,10,0,23
61685,2,1,14,0,0,0,18,0,0,0,0,0
61686,1,1,0,0,0,0,0,0,0,0,0,28
61686,2,1,0,0,0,0,0,0,0,0,0,0
61687,0,1,22,22,22,22,22,22,22,22,22,22
61687,2,1,10,10,10,10,10,10,10,10,10,10
61687,3,1,0,0,0,0,0,0,0,0,0,0
61688,0,1,12,15,31,21,9,15,26,18,26,24
61688,1,1,8,23,17,0,7,16,0,20,14,0
61689,1,1,0,0,0,0,0,0,0,0,0,0
61689,2,1,0,2,0,0,0,0,0,0,0,0
61690,1,1,0,0,0,0,0,0,0,0,0,0
61690,2,1,0,0,0,0,0,0,0,0,0,0
61691,0,1,0,8,0,0,0,0,0,0,0,0
61691,1,1,0,0,0,0,0,0,0,0,0,0
61692,0,1,0,0,0,0,0,0,0,0,0,0
61692,1,1,0,0,0,0,0,0,0,0,0,0
61693,1,1,0,0,0,0,0,0,0,0,0,0
61693,2,1,0,9,13,0,0,0,0,0,0,0
61693,3,1,0,0,0,0,0,0,0,31,0,0
61693,4,1,0,0,0,0,0,0,0,0,0,0
61694,0,1,0,27,14,0,0,0,0,0,0,0
61694,1,1,0,0,21,0,0,0,0,0,0,0
61695,1,1,0,0,0,8,30,0,0,0,0,0
61696,1,1,0,0,0,0,0,0,0,0,0,13
61697,1,1,27,0,0,0,0,0,17,0,0,0
61698,0,1,0,18,9,0,0,0,19,43,0,5
61698,1,1,14,0,0,0,0,0,0,17,0,0
61698,2,1,0,0,0,0,0,0,0,0,0,0
61698,3,1,0,16,35,19,0,21,17,0,0,0
61699,0,1,0,11,26,22,0,0,17,18,0,25
61699,1,1,0,0,0,0,0,0,0,0,0,0
61701,1,1,0,0,0,0,0,0,0,0,0,0
61701,2,1,0,0,0,0,0,0,0,0,0,0
61702,1,1,27,0,0,0,0,0,0,0,0,0
61703,1,1,0,0,0,0,24,0,0,0,6,0
61703,2,1,0,0,14,0,0,10,10,0,16,0
61704,1,1,0,0,8,34,12,22,15,11,0,0
61705,1,1,16,37,9,9,36,6,5,24,13,17
61705,2,1,19,0,0,0,0,0,0,0,0,0
61706,0,1,0,0,0,0,0,0,0,0,0,0
61706,1,1,0,11,26,0,19,0,20,0,9,0
61707,0,1,45,0,0,0,0,33,28,27,23,16
61707,1,1,22,22,22,22,22,22,22,22,22,22
61707,2,1,0,9,0,0,7,0,0,0,0,0
61708,0,1,36,36,36,36,36,36,36,36,36,36
61708,1,1,0,0,0,0,0,0,0,0,0,0
61709,1,1,0,0,0,0,0,0,15,0,0,0
61710,1,1,26,0,15,13,30,21,10,21,8,0
61711,0,1,26,26,26,26,26,26,26,26,26,26
61711,1,1,0,0,36,0,0,0,0,0,0,0
61712,0,1,0,0,0,0,0,0,7,0,0,12
61712,1,1,0,0,0,0,0,0,0,0,0,0
61713,1,1,0,0,0,24,0,13,0,0,16,0
61714,1,1,6,6,12,11,14,14,9,5,34,12
61714,2,1,0,0,7,0,30,0,0,0,0,0
61714,3,1,0,0,0,19,0,0,24,0,0,0
61715,1,1,25,18,8,11,12,8,23,9,10,26
61716,0,1,9,18,11,0,10,33,28,11,0,0
61716,1,1,0,0,0,0,0,10,29,0,26,0
61717,1,1,0,0,0,0,0,0,0,0,0,0
61717,2,1,0,0,0,0,0,0,0,0,0,0
61718,1,1,7,0,0,0,0,0,15,7,0,0
61719,1,1,0,0,0,0,0,0,0,0,0,0
61719,2,1,0,0,0,0,0,0,0,0,17,0
61719,3,1,0,0,0,0,13,0,0,14,0,0
61720,1,1,17,17,17,17,17,17,17,17,17,17
61721,1,1,0,0,0,0,0,0,0,0,17,0
61722,1,1,13,13,13,13,13,13,13,13,13,13
61722,2,1,0,0,0,0,23,0,0,0,0,0
61723,1,1,0,0,0,0,0,0,0,0,0,0
61723,2,1,0,0,0,0,0,0,0,0,0,0
61724,1,1,12,0,0,0,0,0,0,0,0,0
61725,1,1,0,0,0,0,0,0,0,0,0,0
61725,2,1,0,0,0,0,0,0,0,0,0,0
61726,1,1,0,0,0,0,0,0,0,0,0,0
61726,2,1,0,0,0,0,0,0,0,0,0,0
61727,1,1,0,0,0,0,0,0,0,0,0,0
61727,2,1,0,0,0,0,0,0,0,0,0,0
61728,1,1,21,14,20,25,22,27,19,13,9,22
61729,1,1,0,19,0,0,0,0,0,0,0,0
61729,2,1,0,0,17,0,0,0,0,0,0,0
61729,3,1,0,0,0,0,0,0,0,0,0,0
61730,1,1,0,0,0,0,0,0,0,0,0,0
61731,1,1,13,13,13,13,13,13,13,13,13,13
61732,1,1,0,0,0,0,0,0,0,0,0,0
61732,2,1,0,0,4,0,0,0,0,0,0,0
61733,1,1,12,3,0,0,0,23,0,0,0,17
61733,2,1,0,0,0,0,0,0,0,0,0,0
61734,0,1,0,0,0,0,0,0,0,0,0,0
61734,1,1,0,19,14,0,15,10,11,0,0,0
61735,1,1,0,0,0,0,0,0,0,0,0,0
61735,2,1,0,0,0,0,0,19,0,0,0,0
61736,1,1,0,17,0,0,0,0,0,0,0,0
61737,1,1,0,0,0,0,0,0,0,0,0,0
61738,1,1,0,0,0,0,0,0,0,0,0,0
61738,2,1,0,0,0,0,0,0,0,0,0,0
61739,1,1,0,0,0,0,0,0,0,0,0,0
61739,2,1,3,0,14,13,11,0,4,13,11,0
61740,1,1,0,0,4,0,0,5,0,16,27,0
61740,2,1,0,0,0,0,0,0,0,16,0,0
61741,1,1,0,0,0,0,0,0,0,0,0,0
61742,0,1,0,29,0,0,20,13,0,28,0,0
61742,1,1,0,25,0,0,0,0,0,0,0,0
61743,0,1,0,0,0,0,0,0,0,0,0,0
61743,1,1,0,0,0,0,0,0,0,0,0,0
61744,1,1,0,0,0,0,0,0,0,0,0,0
61744,2,1,0,0,0,0,0,0,0,0,0,0
61744,3,1,0,0,0,0,0,0,0,0,0,0
61745,1,1,10,0,0,0,0,3,0,0,0,27
61745,2,1,13,0,0,0,0,0,0,0,0,0
61746,1,1,0,25,14,12,0,17,19,35,10,14