ST_CASE,VEH_NO,PER_NO,P1,P2,P3,P4,P5,P6,P7,P8,P9,P10
61746,2,1,0,0,0,0,0,0,0,22,0,0
61746,3,1,9,0,14,18,0,13,12,0,19,6
61747,1,1,29,19,18,28,40,17,0,15,6,0
61748,1,1,22,22,22,22,22,22,22,22,22,22
61749,1,1,23,14,21,0,6,24,16,18,8,11
61750,1,1,0,0,0,0,0,0,0,0,0,0
61750,2,1,0,0,0,0,0,26,0,0,0,0
61750,3,1,0,0,0,0,0,0,0,0,0,0
61751,1,1,22,22,22,22,22,22,22,22,22,22
61753,1,1,14,9,24,34,12,21,38,10,13,17
61754,1,1,15,15,15,15,15,15,15,15,15,15
61755,1,1,15,0,25,0,39,32,28,10,22,0
61756,1,1,0,0,0,0,0,0,0,0,0,0
61756,2,1,0,0,0,0,0,0,0,0,0,0
61757,1,1,0,0,0,0,41,0,8,7,0,18
61757,2,1,0,0,0,0,0,0,0,0,0,0
61758,1,1,30,15,12,13,23,10,10,17,32,19
61759,1,1,16,16,16,16,16,16,16,16,16,16
61760,0,1,0,0,0,0,0,0,0,0,0,0
61760,1,1,0,0,0,0,0,0,0,0,2,0
61761,1,1,0,0,0,0,0,0,0,0,0,0
61761,2,1,0,21,0,0,0,0,0,0,0,0
61762,0,1,18,18,18,18,18,18,18,18,18,18
61762,1,1,0,22,17,19,27,0,16,0,0,21
61763,1,1,0,0,0,0,0,0,0,33,0,0
61763,2,1,0,0,0,0,0,0,0,0,0,0
61764,0,1,0,30,0,13,0,0,0,0,12,31
61764,0,2,0,0,0,0,0,0,17,0,0,0
61764,1,1,30,13,22,14,19,19,22,15,4,20
61765,1,1,0,0,0,0,0,0,0,0,0,0
61765,2,1,0,0,34,11,2,0,0,0,0,12
61766,1,1,0,0,23,0,16,14,0,20,0,0
61767,0,1,0,29,0,0,0,0,0,0,0,0
61767,1,1,24,24,24,24,24,24,24,24,24,24
61768,1,1,0,0,0,0,0,0,0,0,0,0
61768,2,1,0,0,0,0,0,0,0,0,0,0
61769,0,1,0,26,24,0,11,0,0,0,0,0
61769,1,1,0,0,0,0,0,0,0,0,0,0
61770,0,1,26,11,20,20,16,10,8,0,0,27
61770,1,1,0,11,0,0,0,0,0,0,0,13
61770,2,1,0,15,11,0,0,0,0,0,0,0
61771,1,1,0,0,0,0,0,0,0,0,0,0
61771,2,1,0,0,0,0,0,0,0,0,0,0
61771,3,1,0,0,0,0,0,0,0,0,0,11
61772,1,1,9,8,26,10,15,9,22,36,13,14
61773,1,1,0,0,0,0,0,0,0,0,0,0
61773,2,1,0,0,0,0,0,0,0,14,0,25
61774,1,1,2,2,2,2,2,2,2,2,2,2
61774,2,1,0,0,0,0,0,0,0,0,0,0
61775,0,1,0,0,0,0,0,0,0,0,0,0
61775,1,1,0,0,0,0,0,0,0,0,0,0
61775,2,1,0,0,0,0,0,0,0,0,0,0
61776,1,1,0,0,0,0,0,0,0,0,0,0
61776,2,1,0,0,0,0,0,0,0,18,0,0
61776,3,1,0,0,0,0,0,0,0,0,0,0
61777,1,1,20,20,20,20,20,20,20,20,20,20
61777,2,1,0,0,0,0,0,0,0,0,0,0
61778,0,1,0,24,0,30,17,0,0,0,28,24
61778,1,1,17,23,5,17,29,20,19,0,23,6
61778,2,1,34,23,0,4,0,0,8,0,18,15
61778,3,1,0,0,0,0,0,0,0,0,8,0
61779,1,1,1,10,13,19,9,6,15,25,14,4
61779,2,1,0,0,0,0,0,0,0,0,0,0
61780,1,1,15,4,13,9,30,22,8,17,20,13
61781,1,1,0,0,0,0,0,0,0,0,0,0
61782,1,1,0,0,0,0,0,0,0,0,0,22
61782,2,1,0,0,0,0,0,0,0,0,0,0
61783,1,1,22,35,26,0,0,0,0,0,0,23
61784,1,1,0,0,13,0,0,0,0,0,0,0
61784,2,1,0,0,0,0,0,0,0,0,0,0
61784,3,1,0,0,0,0,0,0,0,0,0,0
61785,1,1,8,29,25,18,0,18,23,14,0,36
61786,1,1,8,19,30,23,26,18,30,21,9,37
61787,1,1,0,0,0,24,0,15,0,0,0,0
61788,1,1,19,19,19,19,19,19,19,19,19,19
61788,2,1,0,0,0,0,0,0,0,0,0,0
61788,3,1,0,0,0,0,0,0,0,0,0,0
61789,1,1,0,0,0,0,0,0,0,0,0,0
61789,2,1,0,19,0,0,0,0,0,0,0,0
61790,1,1,15,15,15,15,15,15,15,15,15,15
61791,1,1,20,20,20,20,20,20,20,20,20,20
61792,1,1,0,0,0,0,0,0,0,0,0,0
61793,1,1,23,23,23,23,23,23,23,23,23,23
61794,1,1,26,21,0,0,17,0,0,0,0,0
61795,1,1,0,0,0,0,0,0,0,18,0,0
61796,1,1,0,0,0,0,0,0,0,0,0,0
61796,2,1,0,0,0,0,0,0,0,0,0,0
61796,3,1,0,0,0,0,0,0,0,0,0,0
61797,1,1,15,0,0,0,0,0,0,0,0,0
61797,2,1,0,0,0,0,19,28,0,0,0,0
61797,3,1,0,8,23,0,14,12,18,10,0,0
61798,1,1,0,7,0,0,0,0,0,0,0,0
61799,1,1,0,0,0,0,0,0,0,0,0,0
61799,2,1,0,0,0,0,0,0,0,0,0,0
61800,1,1,0,0,0,0,0,0,0,0,0,0
61800,2,1,19,19,19,19,19,19,19,19,19,19
61801,0,1,0,0,0,0,0,0,0,0,11,0
61801,1,1,12,12,12,12,12,12,12,12,12,12
61802,0,1,0,0,0,0,14,14,0,0,45,0
61802,1,1,0,0,0,0,0,0,0,0,0,0
61803,1,1,0,0,19,0,0,0,0,0,5,0
61803,2,1,0,0,0,0,0,0,0,0,0,0
61804,1,1,0,13,6,6,0,6,0,11,12,17
61804,2,1,0,0,0,0,0,33,0,0,0,0
61805,1,1,0,0,0,0,0,0,0,0,0,0
61806,1,1,0,0,0,0,0,0,0,0,0,0
61807,1,1,20,20,20,20,20,20,20,20,20,20
61807,2,1,0,0,0,0,0,0,0,0,0,0
61808,0,1,0,0,0,0,0,0,0,0,0,0
61808,1,1,0,0,0,0,0,0,14,0,0,0
61809,1,1,0,15,24,16,11,0,0,7,33,16
61810,1,1,0,0,0,0,0,0,0,0,0,0
61810,2,1,0,0,0,0,0,0,0,0,0,0
61811,0,1,0,0,0,0,0,0,0,0,0,0
61811,1,1,0,0,0,0,0,0,0,0,0,0
61813,1,1,4,12,22,33,16,4,17,10,13,36
61813,2,1,0,0,0,24,0,0,26,0,0,0
61814,0,1,0,0,0,0,0,0,0,0,0,0
61814,1,1,0,0,0,0,0,0,0,0,0,0
61815,1,1,0,0,0,0,19,0,20,17,0,0
61816,0,1,0,0,0,0,34,17,0,0,15,0
61816,1,1,0,0,0,0,0,0,0,0,0,0
61817,1,1,2,17,3,16,0,0,26,30,15,6
61817,2,1,0,0,0,0,0,0,0,0,0,0
61818,1,1,22,22,22,22,22,22,22,22,22,22
61819,1,1,0,0,0,0,0,22,0,32,0,0
61820,1,1,0,0,0,0,0,0,0,0,0,0
61820,2,1,15,0,0,0,0,7,0,0,15,0
61821,1,1,10,15,18,24,29,22,31,13,28,13
61821,2,1,0,0,0,0,0,0,0,0,0,0
61822,1,1,0,0,0,0,0,0,0,0,0,0
61822,2,1,12,32,26,0,25,0,0,19,0,9
61823,1,1,0,0,0,0,0,0,0,0,0,0
61823,2,1,0,0,0,0,0,0,0,0,0,0
61823,3,1,0,0,0,0,0,0,0,0,0,0
61824,1,1,0,0,0,0,0,0,0,0,0,0
61824,2,1,0,0,0,0,0,0,0,0,0,0
61825,0,1,0,0,0,0,0,0,28,12,28,10
61825,1,1,0,0,0,0,13,0,0,0,0,0
61826,1,1,0,0,21,19,0,0,0,0,0,0
61827,1,1,0,0,23,9,0,0,0,0,0,0
61828,1,1,32,32,32,32,32,32,32,32,32,32
61829,1,1,0,0,0,24,0,0,0,0,0,0
61830,1,1,0,0,0,26,7,27,0,12,0,0
61831,1,1,11,22,21,25,16,11,13,0,11,13
61832,1,1,0,0,0,0,0,0,0,0,0,0
61832,2,1,0,0,0,0,0,0,0,0,0,0
61833,1,1,6,6,6,6,6,6,6,6,6,6
61833,2,1,0,0,0,0,6,0,0,0,0,0
61834,1,1,0,0,0,0,0,0,0,0,0,0
61834,2,1,0,0,0,0,0,0,0,0,0,0
61835,1,1,0,19,0,0,0,0,0,0,0,0
61835,2,1,19,0,0,0,0,0,0,0,0,0
61836,1,1,0,0,0,0,0,0,0,0,0,0
61837,1,1,21,39,17,19,8,24,39,26,26,13
61838,0,1,0,16,6,46,0,26,12,6,21,0
61838,1,1,0,0,0,0,9,0,0,0,0,0
61839,1,1,0,0,14,10,0,0,34,0,0,0
61840,0,1,0,0,0,33,0,19,0,0,32,0
61840,1,1,0,0,0,0,0,0,0,0,0,0
61841,1,1,0,0,0,0,0,0,0,0,0,0
61842,1,1,0,0,28,0,0,0,0,0,0,0
61843,0,1,0,0,0,0,0,0,0,0,0,0
61843,1,1,0,0,0,15,0,0,0,0,0,0
61844,1,1,16,0,0,0,16,0,0,0,5,0
61845,0,1,0,0,0,0,0,25,0,0,0,0
61845,1,1,0,0,0,0,0,0,0,0,0,0
61846,1,1,0,0,0,0,0,0,0,0,0,0
61847,1,1,26,26,26,26,26,26,26,26,26,26
61848,1,1,0,23,0,0,0,0,0,0,14,0
61849,1,1,0,0,0,0,0,0,0,0,0,0
61849,2,1,0,10,0,0,0,0,0,0,0,0
61850,1,1,0,16,0,13,0,0,0,0,22,0
61851,1,1,17,0,0,21,8,15,0,8,29,0
61852,0,1,0,0,0,0,29,23,41,0,0,32
61852,1,1,29,16,11,6,19,16,15,7,30,25
61853,1,1,40,4,0,0,14,15,9,14,11,13
61854,0,1,26,21,22,26,0,0,24,25,10,0
61854,1,1,0,0,0,22,0,0,0,0,0,0
61855,0,1,0,43,0,13,25,0,0,0,0,0
61855,1,1,0,0,17,0,0,0,0,0,3,0
61856,1,1,0,0,0,0,0,0,0,0,0,0
61856,2,1,0,0,0,0,0,0,0,0,0,0
61857,1,1,0,0,0,0,0,0,0,0,0,0
61857,2,1,8,8,8,8,8,8,8,8,8,8
61858,1,1,0,10,0,0,0,0,0,0,0,0
61858,2,1,0,0,11,20,0,0,11,3,15,0
61859,0,1,0,0,0,0,0,0,0,0,0,0
61859,1,1,0,0,0,0,20,0,0,0,0,0
61860,1,1,0,0,0,0,0,0,0,0,0,0
61860,2,1,0,0,0,0,0,0,0,0,0,0
61860,3,1,0,0,0,0,0,0,0,0,0,0
61861,0,1,17,17,17,17,17,17,17,17,17,17
61861,1,1,0,0,12,0,8,0,22,11,0,17
61862,1,1,0,0,0,0,0,0,0,0,0,0
61862,2,1,0,0,0,0,0,0,0,0,0,0
61863,1,1,24,24,24,24,24,24,24,24,24,24
61864,1,1,23,23,23,23,23,23,23,23,23,23
61865,1,1,16,16,16,16,16,16,16,16,16,16
61866,1,1,0,0,0,0,0,0,0,0,0,0
61866,2,1,0,0,0,0,0,0,0,0,0,0
61867,1,1,0,0,0,0,0,0,0,0,0,0
61867,2,1,18,9,7,18,4,6,23,15,14,4
61868,1,1,0,0,0,0,0,0,0,0,0,0
61868,2,1,0,0,0,0,0,0,0,36,0,0
61868,3,1,0,0,0,0,0,0,0,31,0,0
61868,4,1,0,22,0,0,0,0,0,0,11,0
61869,1,1,0,0,0,0,0,0,0,0,0,0
61869,2,1,0,0,0,0,0,0,0,0,0,0
61870,1,1,0,15,35,39,13,10,14,25,17,14
61871,1,1,24,12,0,5,0,12,13,18,10,0
61872,1,1,0,0,0,0,0,0,0,0,0,0
61872,2,1,0,0,0,0,0,0,0,0,0,0
61873,1,1,1,1,1,1,1,1,1,1,1,1
61874,1,1,0,0,0,0,0,0,0,0,0,0
61874,2,1,0,24,0,0,0,0,0,22,0,0
61875,1,1,0,0,0,0,0,0,14,0,0,0
61875,2,1,0,0,0,0,0,0,0,0,0,0
61876,1,1,0,0,0,0,0,0,0,0,0,21
61877,1,1,0,0,0,16,0,0,0,0,0,0
61877,2,1,0,0,0,0,0,0,0,0,0,0
61878,1,1,0,0,0,0,0,0,0,0,0,0
61879,1,1,0,0,0,0,0,0,0,0,0,0
61880,1,1,17,0,0,0,0,0,13,0,0,0
61881,1,1,0,0,0,18,0,16,0,0,0,0
61881,2,1,0,0,0,0,0,0,0,0,0,0
61882,1,1,0,0,0,0,0,0,0,0,31,0
61882,2,1,0,0,0,0,0,0,0,0,0,0
61882,3,1,0,21,0,0,0,0,0,0,0,0
61883,1,1,0,8,18,0,0,11,0,0,16,6
61883,2,1,0,0,0,0,0,0,0,0,0,0
61884,1,1,0,0,0,0,0,0,0,0,0,0
61884,2,1,0,0,0,0,0,0,0,0,0,0
61884,3,1,0,0,0,0,0,0,0,0,0,0
61885,1,1,0,0,0,0,0,0,0,0,0,0
61885,2,1,0,5,0,0,0,0,0,0,0,0
61885,3,1,0,0,0,0,0,12,0,0,0,7
61886,0,1,0,0,0,0,0,0,0,0,0,0
61886,1,1,0,0,0,0,0,0,0,0,0,0
61887,1,1,2,0,0,11,0,11,0,17,0,0
61888,1,1,9,9,9,9,9,9,9,9,9,9
61889,1,1,14,14,14,14,14,14,14,14,14,14
61889,2,1,0,0,0,0,0,0,0,0,0,0
61890,1,1,0,0,0,0,0,0,0,0,0,0
61891,0,1,8,8,8,8,8,8,8,8,8,8
61891,1,1,0,0,0,0,0,0,0,0,0,0
61891,2,1,0,0,0,0,0,0,0,13,0,0
61891,3,1,0,0,0,0,0,0,0,0,0,0
61891,4,1,0,0,0,0,0,0,0,0,0,0
61891,5,1,0,0,0,13,0,0,0,0,0,0
61892,1,1,6,6,6,6,6,6,6,6,6,6
61892,2,1,0,0,0,0,23,0,0,0,0,0
61893,0,1,0,4,11,0,0,14,34,0,17,0
61893,1,1,17,8,21,10,8,36,12,0,0,28
61894,1,1,0,0,0,0,0,0,15,0,0,0
61895,1,1,0,0,0,0,0,0,0,0,0,0
61895,2,1,0,0,0,0,0,0,0,0,0,0
61896,1,1,29,29,29,29,29,29,29,29,29,29
61897,0,1,30,0,0,26,0,28,0,24,0,11
61897,1,1,0,0,0,9,0,0,0,0,0,0
61898,1,1,0,0,0,0,0,0,0,0,0,0
61898,2,1,0,0,0,0,0,0,0,0,0,0
61899,1,1,0,0,0,0,0,0,0,0,0,0
61900,1,1,25,25,25,25,25,25,25,25,25,25
61901,1,1,0,0,0,0,0,0,0,0,0,0
61902,1,1,0,0,0,0,0,0,0,0,0,0
61902,2,1,0,0,0,0,0,0,0,0,0,0
61903,1,1,11,11,11,11,11,11,11,11,11,11
61904,1,1,19,6,0,20,0,0,0,0,0,0
61904,2,1,0,0,0,0,0,0,0,0,0,0
61904,3,1,0,0,0,0,0,0,0,0,0,0
61904,4,1,0,0,0,0,0,0,0,0,0,0
61905,0,1,53,53,53,53,53,53,53,53,53,53
61905,1,1,0,0,0,0,0,25,0,11,0,0
61906,0,1,0,0,8,30,0,20,0,0,0,0
61906,1,1,0,0,0,0,0,0,0,0,27,24
61907,0,1,0,0,0,0,0,0,0,0,0,0
61907,0,2,24,0,0,0,0,0,0,0,0,0
61907,1,1,0,0,0,0,0,0,29,0,0,12
61908,1,1,8,8,8,8,8,8,8,8,8,8
61908,2,1,0,11,0,0,27,21,15,0,0,0
61909,0,1,0,0,0,0,0,0,0,0,0,0
61909,1,1,18,18,18,18,18,18,18,18,18,18
61910,0,1,20,0,0,0,0,0,0,0,0,0
61910,1,1,0,0,0,0,0,0,0,0,0,0
61911,0,1,0,0,0,0,0,0,0,0,0,0
61911,1,1,13,13,13,13,13,13,13,13,13,13
61912,0,1,15,15,15,15,15,15,15,15,15,15
61912,1,1,0,0,0,0,0,0,0,0,12,0
61913,1,1,0,0,0,0,0,0,0,0,0,0
61913,2,1,0,0,0,0,0,0,0,0,0,0
61913,3,1,0,0,0,0,0,0,0,0,0,0
61914,0,1,0,0,0,0,0,0,0,0,0,0
61914,1,1,0,0,11,0,0,7,0,0,0,0
61915,1,1,22,0,0,0,0,0,0,0,0,0
61916,0,1,31,0,7,0,0,0,0,0,0,0
61916,1,1,0,0,0,6,0,0,0,17,0,0
61917,1,1,0,0,0,20,0,0,0,0,0,0
61917,2,1,0,0,0,0,0,0,22,0,0,0
61917,3,1,0,0,0,0,0,0,0,0,0,0
61918,1,1,0,0,0,13,0,39,0,0,8,17
61919,1,1,0,0,0,0,0,0,0,0,0,0
61919,2,1,0,0,0,0,0,0,0,0,0,0
61919,3,1,0,0,0,0,0,0,0,0,0,0
61920,1,1,13,0,0,21,25,12,22,0,16,22
61921,1,1,22,22,22,22,22,22,22,22,22,22
61923,1,1,0,0,0,0,0,0,0,0,0,0
61923,3,1,0,0,27,0,0,0,0,0,0,0
61924,0,1,0,0,0,37,0,16,0,0,0,0
61924,1,1,0,0,0,0,0,0,0,10,0,0
61925,1,1,15,15,15,15,15,15,15,15,15,15
61926,1,1,19,0,0,0,0,0,16,0,0,0
61926,2,1,0,0,0,24,0,0,0,0,0,6
61926,3,1,0,12,14,29,8,29,16,13,5,0
61927,0,1,16,0,12,10,13,0,14,14,7,0
61927,1,1,0,0,0,0,18,0,0,0,0,0
61928,1,1,21,21,0,19,0,21,11,16,20,25
61928,2,1,0,0,4,0,21,0,0,0,0,0
61929,1,1,0,0,0,0,0,0,0,17,0,0
61929,2,1,0,0,0,0,0,0,0,0,10,0
61929,3,1,0,0,0,0,0,0,0,0,0,0
61929,4,1,0,0,0,0,0,0,0,0,0,0
61930,1,1,0,0,0,0,0,0,0,0,0,0
61930,2,1,0,0,0,0,0,0,0,0,0,0
61931,1,1,0,0,11,0,0,0,0,16,0,0
61931,2,1,0,0,0,0,0,0,0,0,0,0
61931,3,1,0,0,0,0,0,0,0,0,0,0
61932,0,1,0,0,0,0,0,0,0,0,0,0
61932,1,1,14,0,0,0,0,0,0,0,0,0
61933,1,1,0,0,0,0,0,0,0,0,0,0
61933,2,1,0,0,0,0,0,0,0,0,0,0
61934,1,1,0,0,0,0,0,0,0,0,0,0
61934,2,1,0,0,0,0,0,0,0,0,0,0
61935,1,1,0,0,0,0,0,0,0,0,0,0
61935,2,1,0,0,0,0,0,0,0,0,0,15
61935,3,1,0,0,0,0,0,0,0,0,0,0
61936,1,1,15,40,16,25,19,18,33,11,6,2
61937,1,1,0,0,0,0,0,0,0,0,0,0
61937,2,1,0,0,0,0,0,0,0,0,0,0
61938,1,1,0,0,0,0,0,0,0,0,0,0
61938,2,1,0,0,0,0,0,0,0,0,0,0
61939,1,1,15,12,19,0,3,37,24,0,13,20
61940,1,1,6,6,6,6,6,6,6,6,6,6
61940,2,1,0,0,0,0,0,0,0,0,0,0
61940,3,1,9,9,9,9,9,9,9,9,9,9
61941,0,1,0,0,0,0,0,0,0,0,0,0
61941,1,1,0,0,0,0,0,0,0,0,0,0
61942,0,1,24,0,18,0,25,0,0,9,0,0
61942,1,1,0,0,0,0,0,0,0,0,0,0
61943,1,1,5,5,5,5,5,5,5,5,5,5
61943,2,1,0,0,0,0,0,0,0,14,0,0
61944,0,1,0,0,24,0,0,14,0,42,42,15
61944,1,1,0,0,0,0,0,0,0,12,0,0
61945,0,1,0,0,0,0,0,0,0,0,0,0
61945,1,1,0,17,0,0,0,0,0,0,1,0
61946,1,1,17,13,29,11,12,28,0,17,0,21
61946,2,1,0,0,0,0,0,0,0,0,0,0
61947,1,1,0,0,0,0,0,0,0,0,0,0
61948,0,1,0,0,0,21,0,0,14,32,0,9
61948,1,1,0,0,0,0,0,0,0,0,0,31
61949,1,1,5,5,5,5,5,5,5,5,5,5
61949,2,1,0,0,0,0,25,0,0,0,0,0
61950,0,1,0,0,0,0,0,23,0,26,22,0
61950,0,2,0,0,28,0,0,0,0,0,0,0
61950,1,1,16,16,16,16,16,16,16,16,16,16
61951,1,1,0,0,0,0,0,0,0,0,0,0
61951,2,1,0,0,0,0,0,0,0,0,0,0
61952,1,1,0,16,29,0,4,17,17,10,0,12
61953,1,1,18,0,15,0,10,20,0,0,0,14
61954,1,1,14,35,5,13,6,12,20,35,29,17
61955,1,1,0,15,0,0,0,0,0,0,0,0
61955,2,1,0,0,0,0,0,0,0,0,0,0
61955,3,1,0,0,0,0,0,0,0,0,0,0
61956,1,1,6,25,15,19,12,28,30,13,34,16
61957,1,1,25,0,21,18,0,0,0,0,0,0
61957,2,1,0,0,5,35,0,0,0,0,0,17
61958,1,1,15,38,12,20,0,14,28,26,29,0
61959,0,1,0,19,0,26,0,0,0,0,0,46
61959,1,1,26,26,26,26,26,26,26,26,26,26
61960,0,1,0,40,0,0,0,0,0,24,16,0
61960,1,1,36,9,15,15,36,0,16,16,4,0
61961,1,1,0,0,0,0,0,0,0,0,0,11
61961,2,1,0,0,30,0,0,0,0,0,0,0
61962,0,1,0,0,0,0,0,0,35,0,0,0
61962,1,1,0,15,0,0,0,0,0,0,0,0
61962,2,1,0,0,0,0,0,0,0,0,0,0
61963,1,1,0,0,0,0,0,0,0,0,0,0
61963,2,1,0,12,0,0,0,0,0,0,13,0
61964,0,1,24,0,31,0,0,0,0,0,0,0
61964,1,1,0,0,0,0,0,0,0,0,13,0
61965,1,1,7,3,18,19,18,20,26,8,22,16
61966,1,1,12,12,12,12,12,12,12,12,12,12
61967,0,1,15,15,0,0,0,18,17,29,0,0
61967,1,1,0,0,0,0,0,0,0,0,8,0
61968,1,1,0,0,0,0,13,0,23,15,0,0
61968,2,1,0,0,0,0,0,0,0,0,0,0
61968,3,1,21,10,0,0,0,0,13,0,0,21
61969,1,1,7,14,11,14,17,13,6,0,19,23
61969,2,1,0,0,0,23,0,0,0,0,0,0
61970,1,1,0,0,0,0,0,0,0,0,0,0
61970,2,1,3,0,0,0,0,0,0,0,0,0
61970,3,1,0,0,0,0,0,0,0,0,0,0
61971,1,1,0,0,0,0,0,0,0,0,0,0
61972,1,1,20,14,17,9,17,13,28,39,17,18
61972,2,1,3,0,0,0,0,0,0,0,0,0
61973,0,1,0,0,0,0,0,0,0,0,0,0
61973,1,1,0,31,0,0,0,12,0,0,13,0
61974,0,1,0,0,18,0,0,0,0,0,0,0
61974,1,1,0,0,0,0,0,0,0,0,0,0
61975,1,1,9,9,9,9,9,9,9,9,9,9
61976,1,1,0,0,0,0,0,21,0,0,7,0
61977,1,1,13,13,13,13,13,13,13,13,13,13
61977,2,1,0,0,0,0,0,0,0,0,0,0
61978,0,1,24,24,24,24,24,24,24,24,24,24
61978,1,1,0,0,0,0,0,0,0,0,0,0
61979,1,1,10,10,10,10,10,10,10,10,10,10
61980,0,1,14,0,19,0,13,37,19,30,12,6
61980,1,1,0,0,0,0,0,0,0,0,0,0
61981,1,1,17,7,11,0,21,0,33,6,0,0
61981,2,1,0,0,0,0,18,0,0,0,0,0
61982,0,1,0,0,0,0,0,0,0,0,0,0
61982,1,1,0,0,0,0,0,0,0,0,0,0
61983,0,1,18,18,18,18,18,18,18,18,18,18
61983,1,1,0,0,0,10,0,0,11,0,0,0
61984,1,1,0,0,0,0,0,0,0,0,0,0
61985,1,1,0,0,2,17,19,0,0,13,0,0
61986,1,1,7,27,9,29,30,12,15,27,13,29
61986,2,1,0,0,0,0,0,0,0,0,0,0
61987,1,1,0,0,9,0,0,0,0,0,0,0
61987,2,1,0,0,0,0,0,0,0,0,0,0
61988,1,1,0,0,0,0,0,0,0,14,0,36
61989,1,1,0,0,0,0,0,0,0,0,0,0
61990,1,1,0,0,0,0,0,0,0,0,0,0
61990,2,1,0,0,0,0,0,0,0,0,0,0
61991,1,1,17,17,17,17,17,17,17,17,17,17
61991,2,1,0,0,0,0,0,0,0,0,0,0
61992,1,1,0,0,0,0,0,0,0,0,0,0
61992,2,1,0,0,0,0,0,0,0,0,0,0
61992,3,1,0,0,0,0,0,0,0,0,0,0
61993,0,1,0,0,14,20,0,0,0,12,0,0
61993,1,1,0,0,0,0,0,0,0,0,0,0
61994,1,1,27,21,9,13,19,17,9,22,13,0
61995,1,1,0,0,0,0,0,0,0,0,0,0
61995,2,1,0,0,0,0,0,0,0,0,0,0
61995,3,1,0,0,0,0,0,0,0,0,0,0
61996,1,1,0,0,0,31,0,0,0,0,31,0
61996,2,1,0,0,0,6,0,0,0,0,0,0
61996,3,1,0,0,44,3,0,0,0,0,0,0
61997,1,1,11,10,18,18,27,11,8,8,25,12
61997,2,1,0,4,12,0,12,16,7,13,10,8
61998,1,1,0,0,0,0,0,0,0,0,0,0
61998,2,1,0,0,0,0,0,0,0,0,0,0
61998,3,1,0,18,0,0,0,0,0,0,0,20
61999,1,1,0,0,0,0,0,0,0,0,0,0
62000,1,1,0,0,24,0,0,0,2,0,0,0
62001,1,1,0,0,0,0,0,0,0,0,0,0
62001,2,1,0,0,0,0,0,0,0,0,0,0
62002,0,1,0,48,0,0,0,0,0,0,31,0
62002,1,1,0,27,0,10,24,20,0,19,20,13
62003,0,1,0,0,5,0,0,13,16,23,19,0
62003,1,1,0,0,0,0,0,0,8,31,0,0
62004,1,1,0,0,0,0,23,0,0,0,10,0
62004,2,1,0,4,0,0,0,0,0,0,4,0
62004,3,1,0,0,0,0,0,0,0,0,0,0
62005,1,1,0,0,0,0,0,0,0,0,0,0
62006,1,1,0,20,0,0,0,0,0,0,19,9
62006,2,1,0,0,0,0,0,0,0,0,0,0
62007,0,1,0,0,0,6,0,0,0,0,0,0
62007,1,1,0,0,22,17,23,0,6,0,7,16
62007,2,1,0,13,23,0,0,0,0,0,9,0
62008,1,1,16,0,14,0,0,28,0,0,0,29
62009,1,1,0,0,0,0,0,17,13,0,0,0
62010,0,1,0,0,0,0,0,0,15,0,0,16
62010,1,1,12,12,12,12,12,12,12,12,12,12
62011,0,1,0,0,0,0,27,0,19,0,0,0
62011,0,2,0,0,0,0,0,0,0,0,0,0
62011,0,3,0,0,0,32,0,32,0,0,0,0
62011,1,1,24,24,24,24,24,24,24,24,24,24
62011,2,1,0,0,0,0,0,0,0,0,0,0
62011,3,1,0,0,0,0,0,0,0,4,0,0
62012,1,1,0,0,0,0,0,0,0,0,0,0
62012,2,1,0,0,0,0,0,0,0,0,0,0
62013,1,1,12,9,15,14,5,10,28,11,7,29
62014,1,1,10,10,10,10,10,10,10,10,10,10
62014,2,1,9,21,19,6,9,8,15,25,19,11
62015,1,1,0,0,6,0,0,0,0,0,0,0
62016,0,1,0,7,0,0,3,0,0,0,0,0
62016,1,1,0,0,0,13,0,0,0,0,0,0
62017,1,1,0,0,0,0,0,0,0,0,0,43
62017,2,1,0,0,0,11,0,0,6,0,0,0
62018,1,1,0,0,0,0,0,0,0,0,0,0
62018,2,1,0,0,0,0,0,0,0,0,0,0
62019,1,1,0,15,0,0,0,18,0,0,0,0
62019,2,1,0,0,8,0,17,0,0,0,0,0
62019,3,1,12,16,21,23,20,2,11,4,11,17
62019,4,1,0,0,0,0,0,0,0,0,0,0
62020,1,1,0,0,0,0,0,0,0,10,0,8
62021,1,1,9,9,9,9,9,9,9,9,9,9
62021,2,1,0,27,0,0,9,0,0,0,21,0
62022,1,1,0,0,0,0,0,0,0,0,19,0
62023,1,1,0,0,0,0,0,0,0,0,0,0
62023,2,1,0,0,0,0,0,0,0,0,0,0
62024,1,1,21,8,26,28,0,22,13,18,0,10
62024,2,1,0,0,0,0,0,0,0,0,0,0
62025,1,1,15,3,15,16,15,32,22,22,22,22
62026,1,1,0,4,0,0,21,0,0,0,0,0