ST_CASE,VEH_NO,PER_NO,P1,P2,P3,P4,P5,P6,P7,P8,P9,P10
62027,1,1,20,27,0,0,27,24,0,0,13,23
62029,1,1,0,0,0,0,0,0,0,0,0,0
62029,2,1,0,0,0,0,0,0,0,0,0,0
62030,1,1,4,4,4,4,4,4,4,4,4,4
62031,1,1,32,0,3,16,0,10,0,17,15,23
62032,1,1,0,0,11,0,0,0,0,0,0,0
62033,1,1,19,37,20,13,22,12,31,11,40,7
62034,0,1,0,0,18,0,17,20,0,0,0,0
62034,1,1,0,0,0,0,0,0,0,0,0,0
62035,1,1,27,27,27,27,27,27,27,27,27,27
62036,0,1,0,13,10,18,20,0,0,0,37,11
62036,1,1,0,0,0,0,0,0,0,0,19,0
62037,0,1,0,0,0,0,0,0,0,0,0,0
62037,1,1,19,0,0,0,0,0,0,5,0,0
62038,0,1,0,0,0,0,27,0,0,0,0,9
62038,1,1,0,6,11,8,0,20,0,0,0,40
62039,1,1,0,0,0,0,0,0,0,0,0,0
62039,2,1,10,0,0,0,0,0,0,0,0,0
62040,0,1,23,11,0,0,24,0,0,0,19,0
62040,1,1,0,0,0,0,0,0,4,0,0,0
62041,1,1,0,0,0,0,0,0,0,0,0,0
62042,1,1,26,26,26,26,26,26,26,26,26,26
62042,2,1,0,0,0,0,0,0,0,0,0,0
62043,1,1,23,18,7,0,0,0,20,0,7,0
62044,0,1,0,0,0,0,0,0,0,0,0,0
62044,1,1,0,0,0,0,0,0,0,0,0,0
62045,1,1,0,0,0,0,0,7,0,0,0,24
62045,2,1,0,0,0,0,0,0,0,19,0,0
62046,1,1,0,0,0,0,0,0,0,0,0,0
62047,0,1,0,0,0,0,0,0,0,0,0,0
62047,1,1,0,0,0,0,0,0,0,0,0,0
62048,1,1,0,0,0,0,0,0,0,0,0,0
62049,0,1,0,28,0,0,21,0,0,0,0,25
62049,1,1,0,0,0,0,0,0,0,0,0,0
62050,0,1,28,28,28,28,28,28,28,28,28,28
62050,1,1,0,0,0,0,0,0,0,0,0,0
62051,0,1,0,0,0,0,0,0,0,0,0,0
62051,1,1,0,0,0,0,0,0,0,0,0,0
62052,1,1,0,0,0,0,0,0,0,0,0,0
62052,2,1,0,0,0,0,0,0,0,0,0,0
62053,1,1,0,0,0,0,0,0,0,0,0,0
62053,2,1,0,0,0,0,0,0,0,0,0,0
62053,3,1,0,0,0,0,0,0,0,0,0,0
62054,1,1,2,0,25,31,13,13,22,30,14,8
62055,1,1,0,0,0,0,0,0,0,0,0,0
62055,2,1,0,0,0,0,0,0,0,0,0,0
62056,1,1,0,0,0,0,0,0,0,0,0,0
62057,0,1,0,0,18,23,0,0,20,0,0,0
62057,1,1,7,0,0,0,0,0,0,0,0,0
62058,1,1,16,16,16,16,16,16,16,16,16,16
62058,2,1,0,0,0,0,0,0,0,0,0,0
62059,0,1,11,5,0,30,48,18,27,0,26,38
62059,1,1,30,22,9,0,30,33,21,10,11,17
62060,0,1,0,0,0,0,0,0,0,0,0,0
62060,1,1,0,0,0,0,0,0,0,0,0,0
62061,0,1,36,0,0,0,18,18,0,23,6,0
62061,1,1,0,0,0,0,0,0,0,0,0,0
62062,1,1,24,31,23,14,26,17,0,16,48,7
62063,1,1,0,0,0,0,0,0,0,0,0,0
62064,1,1,7,7,7,7,7,7,7,7,7,7
62064,2,1,0,0,0,0,0,0,0,0,0,0
62065,0,1,22,22,22,22,22,22,22,22,22,22
62065,1,1,0,0,0,0,0,0,0,0,0,0
62065,2,1,23,30,10,16,11,14,11,0,8,7
62065,3,1,16,31,20,13,0,11,0,0,0,13
62066,1,1,0,30,12,19,23,29,0,33,32,25
62067,0,1,0,0,0,13,0,0,0,0,0,0
62067,1,1,0,0,0,0,0,0,0,0,0,0
62068,1,1,0,0,0,0,0,0,0,0,0,0
62069,1,1,24,24,24,24,24,24,24,24,24,24
62069,2,1,0,0,0,0,0,0,34,0,0,0
62070,1,1,0,0,12,34,10,37,14,0,0,0
62071,0,1,0,0,0,0,0,0,0,0,0,0
62071,1,1,0,0,0,0,0,0,0,0,0,0
62072,1,1,26,18,13,8,14,7,15,28,0,9
62073,1,1,21,21,21,21,21,21,21,21,21,21
62074,1,1,36,24,9,16,21,19,18,0,4,10
62074,2,1,0,0,0,0,0,0,0,0,0,0
62075,1,1,17,14,23,5,18,8,22,17,21,7
62076,1,1,27,18,22,19,24,10,11,9,15,24
62077,1,1,0,0,0,0,0,0,0,0,0,0
62077,2,1,0,0,0,0,0,0,0,0,11,0
62077,3,1,0,0,0,0,0,0,0,0,0,0
62077,4,1,0,0,0,0,0,0,0,0,0,0
62078,1,1,0,0,0,0,0,0,13,0,0,0
62078,2,1,0,0,0,0,0,0,0,0,0,0
62079,1,1,0,0,0,0,0,0,0,0,0,0
62079,2,1,0,0,0,0,0,0,0,0,0,0
62080,1,1,0,0,0,0,0,0,0,0,0,0
62081,1,1,0,0,0,0,0,0,0,0,0,0
62081,2,1,0,0,0,0,0,0,0,0,0,0
62082,0,1,0,0,0,0,0,13,32,0,0,0
62082,1,1,0,0,0,0,0,0,0,0,0,0
62083,1,1,0,0,0,0,0,0,0,0,0,0
62083,2,1,0,0,0,0,0,0,0,0,0,0
62084,1,1,7,7,7,7,7,7,7,7,7,7
62084,2,1,0,0,0,0,0,0,0,0,0,0
62085,0,1,0,0,0,0,0,0,0,0,0,0
62085,1,1,0,0,0,0,0,0,0,0,0,0
62086,0,1,0,0,0,0,0,0,0,0,0,0
62086,0,2,0,0,0,0,0,0,0,5,0,0
62086,1,1,9,9,9,9,9,9,9,9,9,9
62086,2,1,0,0,0,0,0,0,0,0,0,0
62086,3,1,12,0,0,0,0,0,0,0,0,0
62086,4,1,0,0,0,0,0,0,0,0,0,0
62087,1,1,14,14,14,14,14,14,14,14,14,14
62088,0,1,0,0,0,0,0,0,0,0,0,0
62088,1,1,0,0,0,0,0,0,0,0,0,0
62089,1,1,0,0,0,0,0,17,0,0,0,0
62089,2,1,0,0,0,0,0,0,0,0,0,0
62090,1,1,0,0,0,0,0,0,0,0,0,0
62091,0,1,0,0,0,0,0,0,0,0,0,0
62091,1,1,0,0,20,0,0,0,0,0,0,0
62092,0,1,0,0,0,0,0,0,0,0,0,0
62092,1,1,0,0,0,0,0,0,0,0,0,6
62093,1,1,12,12,12,12,12,12,12,12,12,12
62093,2,1,0,0,0,0,0,0,0,0,0,0
62094,1,1,0,0,13,0,0,0,17,19,0,0
62095,1,1,0,0,27,12,0,12,13,0,11,0
62095,2,1,0,0,0,0,0,0,0,15,0,0
62096,1,1,8,27,6,24,21,14,12,26,38,24
62097,1,1,7,0,0,0,0,0,0,0,0,0
62097,2,1,0,0,0,0,0,0,0,0,0,0
62098,0,1,0,22,0,0,16,18,0,0,17,0
62098,1,1,0,0,0,0,0,0,0,0,0,0
62099,1,1,15,15,15,15,15,15,15,15,15,15
62100,1,1,0,0,0,0,0,0,0,0,0,0
62100,2,1,0,0,0,0,0,0,0,0,0,0
62100,3,1,0,0,0,0,0,0,0,0,0,0
62100,4,1,0,0,0,0,0,19,0,0,0,0
62100,5,1,0,0,0,0,0,0,0,0,0,3
62101,0,1,0,0,8,11,35,0,14,15,0,0
62101,1,1,4,0,0,0,0,0,11,0,0,0
62102,1,1,0,0,0,0,0,0,0,0,0,0
62103,1,1,0,0,0,0,0,0,0,0,0,33
62104,1,1,0,0,0,0,0,0,0,0,0,0
62105,1,1,0,0,0,22,0,18,0,0,0,0
62106,1,1,0,0,0,0,0,0,0,0,0,0
62107,1,1,0,0,0,0,0,0,0,0,0,0
62107,2,1,0,0,0,0,0,0,0,9,0,0
62108,1,1,0,0,0,0,0,0,0,0,0,0
62108,2,1,0,0,5,0,0,0,17,5,0,0
62109,1,1,0,0,0,0,0,9,0,0,0,0
62110,1,1,0,0,0,17,0,21,0,4,0,13
62111,1,1,22,0,0,0,0,0,17,0,5,14
62112,0,1,0,29,16,0,0,7,32,0,32,0
62112,1,1,0,22,0,16,20,14,0,0,0,0
62113,1,1,0,0,0,0,0,0,0,0,0,0
62114,0,1,0,0,17,20,18,26,0,34,33,0
62114,1,1,0,0,0,0,0,24,0,0,23,4
62114,2,1,9,0,5,5,5,0,0,0,22,20
62115,0,1,15,19,32,0,0,17,0,0,25,12
62115,1,1,0,0,0,0,0,0,0,0,0,0
62116,1,1,4,0,0,20,5,0,0,0,0,0
62117,1,1,8,0,0,0,0,0,0,0,0,0
62117,2,1,0,0,0,0,0,0,0,0,0,0
62118,1,1,0,0,0,0,0,0,0,0,0,0
62118,2,1,0,0,16,0,0,0,0,0,0,0
62118,3,1,0,0,0,0,0,0,0,0,0,0
62118,4,1,0,0,0,0,0,0,0,0,0,0
62119,1,1,0,0,0,0,0,0,0,0,0,0
62119,2,2,0,0,0,0,0,0,0,0,0,0
62120,1,1,0,13,8,21,24,21,19,30,18,22
62121,1,1,0,0,0,0,0,0,0,0,0,0
62121,2,1,0,0,14,0,0,0,0,0,0,0
62121,3,1,0,0,0,0,0,0,0,0,0,0
62122,1,1,0,0,0,0,0,0,0,0,0,0
62122,2,1,0,0,0,0,0,0,0,13,0,0
62122,3,1,0,0,0,0,0,0,0,0,0,0
62123,1,1,0,0,0,0,0,0,0,0,0,0
62124,1,1,19,0,12,0,15,36,0,0,0,0
62125,1,1,0,0,0,0,0,0,0,0,0,0
62126,1,1,0,0,0,0,5,0,17,0,0,0
62127,0,1,0,11,26,23,0,15,7,36,0,28
62127,1,1,0,0,0,0,0,0,0,0,0,0
62127,2,1,6,11,17,7,11,18,13,25,13,18
62128,1,1,4,18,14,10,19,15,7,11,9,5
62129,1,1,0,0,13,0,12,32,0,10,7,0
62130,1,1,0,0,0,0,0,0,0,0,0,0
62130,2,1,0,0,0,0,0,0,0,0,0,0
62131,1,1,0,0,0,0,0,0,0,0,0,10
62132,0,1,0,0,0,0,0,0,0,0,0,0
62132,1,1,0,0,0,0,0,0,0,0,0,0
62133,0,1,14,9,0,0,13,36,16,17,40,0
62133,1,1,26,0,0,0,0,0,0,19,0,0
62134,0,1,0,0,0,0,0,0,0,0,0,0
62134,1,1,0,0,0,0,0,0,0,0,0,0
62135,1,1,0,0,0,0,0,0,0,0,0,0
62135,2,1,0,0,0,0,0,0,0,0,0,0
62136,1,1,29,21,12,26,11,25,0,11,27,25
62136,2,1,0,18,0,0,0,0,0,0,0,0
62136,3,1,0,0,0,0,0,0,0,0,0,0
62136,4,1,0,0,0,0,0,0,0,0,0,0
62137,0,1,6,0,0,27,29,15,0,7,29,0
62137,0,2,0,0,20,0,11,16,39,0,10,0
62137,1,1,0,0,0,0,0,0,0,0,0,0
62138,1,1,0,0,0,0,0,0,0,0,0,0
62138,2,1,0,0,0,0,0,0,0,0,0,0
62139,1,1,8,8,8,8,8,8,8,8,8,8
62140,1,1,4,25,16,0,0,0,15,0,0,0
62141,0,1,0,9,0,0,0,16,0,14,27,0
62141,0,2,0,20,0,0,0,12,22,0,0,0
62141,1,1,0,0,0,0,0,0,0,0,0,0
62142,1,1,16,16,16,16,16,16,16,16,16,16
62143,1,1,11,11,11,11,11,11,11,11,11,11
62143,2,1,8,8,8,8,8,8,8,8,8,8
62144,1,1,10,14,21,19,0,18,11,16,11,13
62144,2,1,0,0,0,0,0,0,0,0,0,0
62145,0,1,17,0,0,15,25,3,21,35,0,0
62145,1,1,0,0,0,18,0,0,0,0,0,0
62146,1,1,7,19,0,12,0,0,7,0,9,5
62146,2,1,19,0,0,0,0,0,0,0,0,0
62146,3,1,0,0,0,0,0,0,0,0,0,0
62146,4,1,0,0,3,0,0,0,0,0,0,0
62147,1,1,0,17,0,0,10,0,20,0,8,0
62148,1,1,0,0,0,0,0,0,0,13,0,0
62149,1,1,0,0,0,0,0,0,0,0,0,0
62150,0,1,13,0,0,0,0,29,27,0,0,0
62150,1,1,11,13,6,14,10,0,0,27,0,8
62151,0,1,20,0,0,0,0,0,0,0,0,0
62151,1,1,0,0,0,0,0,0,0,0,0,0
62152,0,1,0,0,0,0,0,0,0,0,0,0
62152,1,1,14,0,0,27,18,14,0,0,27,0
62153,0,1,0,0,25,0,26,0,24,3,0,19
62153,1,1,0,0,0,0,0,0,0,0,0,0
62154,1,1,13,0,0,0,0,0,13,14,3,14
62155,1,1,0,0,0,17,20,7,0,19,13,0
62155,2,1,0,0,0,0,0,0,0,12,0,0
62156,0,1,21,0,0,0,0,0,30,17,12,0
62156,1,1,0,0,0,0,0,0,0,0,0,0
62157,0,1,0,0,0,0,0,0,0,0,0,0
62157,1,1,0,0,0,0,0,0,0,0,0,0
62158,1,1,10,10,10,10,10,10,10,10,10,10
62159,0,1,23,23,23,23,23,23,23,23,23,23
62159,1,1,0,0,0,0,0,0,0,0,0,0
62160,1,1,0,0,0,0,0,0,0,0,0,0
62160,2,1,0,0,0,0,0,0,10,0,14,0
62161,1,1,0,0,0,0,0,0,0,0,0,0
62162,1,1,0,0,0,0,0,23,0,0,0,0
62162,2,1,0,0,0,0,0,12,4,6,0,15
62162,3,1,0,0,0,0,20,0,0,0,0,0
62163,1,1,0,0,0,0,0,0,0,0,0,17
62163,2,1,0,0,0,0,0,0,0,0,0,0
62164,1,1,0,0,0,0,33,24,0,0,0,0
62164,2,1,0,0,0,0,31,0,0,0,0,0
62165,1,1,0,0,0,0,0,0,0,0,0,0
62165,2,1,0,0,0,0,0,0,0,0,0,0
62165,3,1,7,0,0,0,0,0,0,0,0,0
62165,4,1,0,0,0,0,0,0,0,0,0,0
62166,1,1,0,0,0,0,0,17,0,34,0,0
62166,2,1,25,0,0,0,0,0,0,0,0,0
62166,3,1,0,0,0,0,0,0,0,0,0,0
62167,1,1,0,0,0,0,0,0,0,0,0,0
62167,2,1,0,0,0,0,0,0,0,0,0,0
62167,3,1,0,0,0,0,0,0,0,0,0,0
62168,1,1,0,0,0,0,0,0,0,0,0,0
62168,2,1,0,0,0,0,0,0,0,0,0,0
62168,3,1,0,0,0,0,0,0,0,0,0,0
62169,1,1,0,0,25,0,0,13,0,6,0,0
62170,1,1,16,16,16,16,16,16,16,16,16,16
62171,1,1,0,6,0,10,0,0,0,0,0,0
62171,2,1,0,0,0,0,0,0,0,0,0,0
62172,0,1,0,0,0,0,0,0,0,0,0,0
62172,1,1,0,0,0,0,0,0,0,0,0,0
62173,1,1,10,10,10,10,10,10,10,10,10,10
62173,2,1,33,0,0,0,10,0,30,18,0,0
62173,3,1,0,0,0,0,0,0,0,0,0,0
62174,1,1,0,0,0,0,0,0,0,0,0,0
62174,2,1,0,0,20,9,0,0,0,11,0,0
62175,1,1,0,0,0,0,0,0,0,0,0,0
62175,2,1,0,0,0,0,0,0,0,0,0,0
62176,1,1,13,0,0,24,0,0,0,0,0,6
62176,2,1,0,20,11,0,0,0,0,0,0,0
62177,1,1,17,29,31,8,13,6,8,13,26,10
62178,0,1,0,0,0,0,0,0,0,0,0,16
62178,1,1,0,0,0,0,0,0,0,0,0,0
62179,1,1,35,35,35,35,35,35,35,35,35,35
62179,2,1,0,0,0,0,0,0,0,0,0,0
62180,0,1,0,0,0,0,0,0,10,0,0,37
62180,1,1,0,0,0,0,0,27,0,0,0,0
62180,2,1,0,0,0,0,0,0,0,0,0,0
62181,1,1,0,17,17,0,0,18,12,20,7,0
62182,1,1,0,0,0,0,0,0,19,21,0,0
62182,2,1,0,0,0,0,0,0,0,0,0,0
62183,1,1,26,0,0,0,0,0,0,0,0,0
62183,2,1,0,0,0,0,0,0,4,0,0,0
62183,3,1,0,0,0,0,0,0,0,0,0,0
62183,4,1,0,0,0,0,0,0,0,0,0,0
62184,1,1,16,0,5,7,0,0,13,0,0,0
62185,1,1,0,0,0,0,0,0,0,0,0,0
62185,2,1,0,0,0,0,0,0,0,0,0,0
62186,1,1,17,16,0,0,22,0,5,0,11,18
62187,1,1,19,19,19,19,19,19,19,19,19,19
62188,1,1,13,20,19,6,13,17,36,20,6,0
62189,0,1,20,28,21,20,0,20,12,18,13,13
62189,1,1,0,0,0,0,0,0,0,11,0,0
62190,0,1,0,0,0,0,0,0,0,0,0,0
62190,0,2,0,0,0,0,0,0,0,0,0,0
62190,1,1,0,0,0,0,0,0,0,0,0,0
62191,1,1,6,6,6,6,6,6,6,6,6,6
62192,0,1,23,15,6,12,34,12,8,19,9,22
62192,1,1,0,0,0,0,6,0,0,0,0,0
62193,1,1,32,19,11,13,35,14,23,17,12,20
62194,1,1,0,3,0,0,24,0,0,0,0,0
62195,0,1,0,0,0,0,0,0,0,0,0,0
62195,1,1,0,0,0,0,0,0,0,0,0,0
62196,0,1,10,0,0,0,22,29,0,0,0,31
62196,1,1,0,24,0,0,0,0,0,14,0,0
62197,0,1,0,0,0,0,0,39,0,13,0,24
62197,1,1,0,0,0,0,0,0,0,0,0,0
62198,0,1,0,0,0,3,0,0,13,0,0,0
62199,1,1,0,0,0,0,0,0,0,0,0,0
62199,2,1,0,0,0,0,0,0,0,0,0,0
62200,1,1,13,8,22,13,15,24,22,6,19,19
62200,2,1,0,0,0,0,0,0,0,0,0,0
62201,1,1,0,0,0,26,0,0,0,20,0,0
62201,2,1,0,0,0,0,0,0,0,0,0,0
62202,1,1,0,0,0,0,0,0,0,0,0,0
62202,2,1,0,0,20,0,0,0,0,0,0,0
62203,0,1,0,0,0,0,0,0,0,15,0,0
62203,1,1,0,0,0,0,0,0,0,0,0,0
62204,0,1,0,0,0,0,0,0,0,0,0,0
62204,0,2,0,0,0,0,0,0,0,0,0,0
62204,1,1,0,0,18,0,16,0,0,0,0,0
62205,1,1,11,11,11,11,11,11,11,11,11,11
62205,2,1,0,15,0,0,0,0,0,0,0,10
62205,3,1,0,0,0,0,0,0,0,0,0,0
62206,0,1,0,0,13,0,0,0,0,25,23,24
62206,1,1,0,0,0,0,0,0,0,0,0,0
62207,1,1,19,0,5,24,12,0,9,9,12,17
62207,2,1,0,0,0,0,0,0,0,0,0,0
62207,3,1,0,0,0,0,0,0,0,13,0,0
62207,4,1,0,0,0,0,0,0,0,0,0,0
62207,5,1,0,0,0,0,0,0,0,0,0,0
62207,6,1,0,0,0,0,0,0,0,0,0,0
62207,7,1,0,0,0,0,0,0,0,0,0,0
62208,0,1,0,0,0,0,0,0,0,0,0,0
62208,1,1,0,32,0,0,0,0,0,0,0,0
62209,1,1,15,15,15,15,15,15,15,15,15,15
62210,0,1,0,0,0,0,0,0,0,0,0,0
62210,1,1,0,0,0,0,0,0,0,0,0,0
62211,0,1,0,29,0,24,21,0,0,0,13,0
62211,1,1,0,0,0,0,0,0,0,0,0,0
62212,1,1,0,16,0,0,0,0,0,0,0,0
62212,2,1,0,0,0,0,0,0,0,0,0,0
62213,0,1,0,0,0,0,0,0,12,0,0,0
62213,1,1,0,0,0,0,0,0,0,0,0,0
62214,1,1,0,0,0,0,0,0,0,0,0,0
62214,2,1,13,13,13,13,13,13,13,13,13,13
62215,1,1,0,0,0,0,0,0,0,0,26,0
62215,2,1,0,0,0,0,0,0,0,0,0,0
62215,3,1,0,0,0,0,0,0,0,0,0,0
62216,1,1,0,0,0,0,0,0,21,0,0,35
62216,2,1,0,0,0,0,0,0,0,0,0,0
62217,0,1,0,31,22,0,0,6,0,8,0,0
62217,1,1,0,0,0,0,0,0,0,0,0,0
62218,1,1,14,12,6,23,9,15,10,5,20,11
62219,1,1,0,0,0,0,0,0,0,0,0,0
62219,2,1,0,0,0,0,0,0,0,0,0,0
62220,1,1,19,19,19,19,19,19,19,19,19,19
62220,2,1,0,0,0,0,0,18,0,0,0,0
62221,0,1,26,4,20,17,0,0,0,17,18,14
62221,1,1,0,0,0,0,24,0,0,0,0,0
62222,1,1,14,14,14,14,14,14,14,14,14,14
62223,1,1,16,16,16,16,16,16,16,16,16,16
62223,2,1,0,0,0,0,0,0,0,0,0,0
62224,1,1,0,0,0,0,0,0,0,0,0,0
62224,2,1,0,0,0,0,0,4,0,0,0,0
62225,0,1,0,0,0,15,0,0,21,32,0,5
62225,1,1,6,6,6,6,6,6,6,6,6,6
62226,1,1,8,8,15,19,10,13,9,15,6,25
62226,2,1,0,0,0,0,0,0,0,0,0,0
62226,3,1,0,0,4,0,0,14,15,0,0,0
62227,0,1,14,14,14,14,14,14,14,14,14,14
62227,1,1,0,0,0,0,0,0,0,0,0,0
62228,0,1,0,0,0,0,0,37,33,13,0,0
62228,1,1,0,0,0,0,0,0,0,0,0,0
62229,1,1,18,7,11,0,17,0,0,0,0,10
62230,1,1,0,0,0,0,0,0,0,0,0,0
62230,2,1,0,0,0,0,0,0,0,0,0,0
62231,1,1,14,14,14,14,14,14,14,14,14,14
62231,2,1,0,0,0,18,0,0,0,0,0,0
62231,3,1,0,0,0,0,15,0,0,0,0,0
62231,4,1,25,0,0,0,0,0,0,0,14,0
62232,1,1,12,13,26,15,16,28,17,32,8,31
62232,2,1,0,0,0,0,0,0,0,0,0,0
62233,1,1,0,0,0,0,4,0,0,0,0,0
62233,2,1,0,0,0,0,0,0,0,0,0,0
62234,1,1,20,9,33,8,0,17,11,37,27,12
62235,1,1,0,20,0,27,22,16,9,24,9,0
62236,0,1,39,39,39,39,39,39,39,39,39,39
62236,1,1,0,0,0,0,0,0,0,0,0,0
62237,0,1,0,0,0,0,0,0,0,0,0,0
62237,1,1,0,0,0,15,0,0,0,0,0,0
62238,1,1,0,21,0,0,0,20,0,20,20,9
62239,1,1,0,0,0,32,0,7,15,0,0,0
62240,1,1,11,11,11,11,11,11,11,11,11,11
62241,0,1,0,15,22,0,38,0,0,11,9,0
62241,1,1,12,17,26,2,9,12,19,0,11,22
62242,0,1,0,0,0,0,0,0,0,0,0,0
62242,1,1,0,0,0,0,0,0,0,0,0,0
62243,0,1,24,19,0,19,0,0,14,0,0,6
62243,1,1,0,0,0,0,0,0,0,0,0,0
62244,0,1,0,0,0,0,0,0,10,0,0,0
62244,1,1,0,0,0,0,0,0,0,0,0,0
62245,0,1,0,0,0,0,0,0,0,0,0,0
62245,1,1,0,15,0,0,0,0,0,0,0,24
62246,0,1,0,0,0,0,32,0,0,6,0,0
62246,1,1,11,20,0,18,0,0,0,0,0,0
62247,0,1,0,0,0,0,0,0,0,0,0,0
62247,1,1,0,0,0,0,0,0,0,0,0,0
62248,1,1,13,12,13,14,11,20,11,24,15,13
62249,1,1,0,0,30,0,0,0,0,0,0,0
62249,2,1,0,0,0,0,0,0,0,0,0,11
62250,0,1,23,2,13,18,16,0,0,0,23,0
62250,1,1,0,0,0,0,0,0,0,0,0,0
62251,0,1,0,0,0,0,0,0,0,0,0,0
62251,1,1,0,0,0,0,0,0,0,0,0,0
62252,1,1,0,0,0,22,0,0,0,0,0,0
62253,1,1,8,8,8,8,8,8,8,8,8,8
62254,1,1,0,0,0,0,0,12,0,0,0,0
62254,2,1,10,13,0,0,0,0,23,0,0,0
62255,1,1,18,0,17,32,12,38,22,33,20,18
62255,2,1,0,0,0,0,0,0,0,0,0,0
62256,1,1,5,5,5,5,5,5,5,5,5,5
62257,1,1,0,0,0,0,0,0,0,0,0,0
62257,2,1,0,0,29,16,0,23,0,0,0,0
62258,0,1,0,0,0,0,0,0,0,0,0,0
62258,1,1,0,0,0,0,0,0,0,0,0,0
62258,2,1,0,0,13,0,0,0,0,0,0,0
62259,1,1,0,0,0,0,0,0,0,0,12,0
62260,1,1,33,0,0,0,0,0,0,0,0,19
62261,1,1,0,0,0,0,0,0,0,0,22,0
62261,2,1,0,15,0,0,0,0,14,0,0,0
62262,1,1,0,0,0,0,0,8,4,3,0,2
62263,1,1,0,0,0,22,0,0,0,0,0,0
62264,0,1,0,0,0,0,0,20,0,0,0,0
62264,1,1,12,0,0,0,12,0,0,0,0,9
62265,1,1,0,0,10,0,0,0,0,0,0,0
62265,2,1,0,0,0,0,0,0,0,0,0,0
62266,1,1,0,0,0,0,0,0,0,0,0,0
62267,1,1,0,0,0,0,0,0,0,0,0,0
62268,1,1,14,11,0,20,9,7,10,8,15,11
62268,2,1,10,0,0,0,0,0,0,0,0,0
62269,1,1,0,11,0,17,0,10,15,0,0,10
62270,1,1,22,23,0,21,24,22,8,0,5,4
62271,1,1,0,0,0,0,0,0,0,0,0,0
62271,2,1,14,0,0,0,0,0,0,0,0,0
62271,3,1,0,0,0,0,0,0,0,0,0,0
62271,4,1,10,0,0,0,0,0,0,0,0,0
62271,5,1,0,0,0,0,0,0,0,0,0,0
62271,6,1,0,0,0,0,0,0,0,0,0,0
62271,7,1,0,0,0,0,0,0,0,0,0,0
62272,0,1,8,8,8,8,8,8,8,8,8,8
62272,1,1,0,16,0,0,0,0,0,0,0,0
62273,0,1,0,31,19,28,14,0,17,0,0,0
62273,1,1,0,0,0,0,0,13,0,8,3,0
62274,1,1,8,5,0,0,0,17,0,0,0,0
62275,1,1,10,0,9,15,10,18,18,19,18,15
62275,2,1,0,0,0,0,0,0,0,0,0,0
62276,0,1,0,0,0,0,0,0,0,0,0,0
62276,1,1,0,0,0,0,0,0,0,0,0,0
62277,0,1,0,0,0,0,0,0,0,8,0,5
62277,1,1,0,0,0,0,0,0,0,0,0,0
62278,1,1,0,0,34,30,0,0,0,10,9,22
62278,2,1,5,0,0,0,0,0,0,0,0,0
62278,3,1,19,0,15,15,0,0,0,0,13,0
62279,0,1,4,0,0,0,33,0,3,23,0,0
62279,1,1,0,0,0,0,0,0,0,0,0,0
62280,1,1,0,0,0,0,0,0,0,0,0,0
62280,2,1,0,8,0,0,0,12,9,0,0,0
62281,1,1,20,0,4,0,0,0,0,0,0,0
62281,2,1,0,0,0,0,0,0,0,0,0,0
62281,3,1,0,0,0,0,0,0,0,0,0,0
62281,4,1,0,0,0,7,0,0,0,0,0,0
62281,5,1,0,0,0,0,0,0,9,0,0,0
62282,1,1,5,5,5,5,5,5,5,5,5,5
62282,2,1,0,0,0,0,0,0,0,0,0,0
62283,0,1,0,0,0,0,0,0,0,0,0,0
62283,2,1,7,5,27,14,16,22,48,18,6,9
62284,0,1,0,0,0,0,0,0,0,0,0,0
62284,1,1,0,0,0,0,0,0,0,0,0,0
62285,0,1,0,0,0,0,0,0,0,0,0,10
62285,1,1,0,0,0,0,0,0,0,0,0,0
62286,1,1,0,16,0,10,0,0,16,0,15,0
62287,1,1,23,23,23,23,23,23,23,23,23,23
62287,2,1,0,0,0,0,0,0,0,0,0,0
62288,1,1,0,0,0,0,0,0,0,0,0,0
62289,1,1,14,4,0,27,17,12,18,6,21,0
62291,1,1,19,19,19,19,19,19,19,19,19,19
62291,2,1,0,0,0,0,0,0,0,0,0,0
62291,3,1,0,0,0,0,0,0,0,0,0,0
62291,4,1,21,0,0,0,0,0,0,0,0,0
62292,1,1,21,21,21,21,21,21,21,21,21,21
62293,1,1,9,9,9,9,9,9,9,9,9,9
62294,1,1,0,0,0,0,0,0,0,0,0,0
62294,2,1,0,0,0,0,0,0,0,0,0,0
62295,1,1,4,4,4,4,4,4,4,4,4,4
62296,1,1,18,18,18,18,18,18,18,18,18,18
62296,2,1,0,0,0,0,0,0,0,0,0,0
62297,1,1,17,17,17,17,17,17,17,17,17,17
62297,2,1,0,0,0,0,0,0,0,0,0,0
62298,1,1,19,19,19,19,19,19,19,19,19,19
62298,2,1,0,0,0,0,0,0,0,0,0,0
62299,1,1,0,0,0,0,0,0,0,0,0,0
62299,2,1,0,0,0,9,0,0,0,0,12,0
62300,0,1,0,0,0,0,0,0,0,0,0,0
62300,1,1,0,0,0,0,0,0,0,0,0,0
62301,0,1,14,0,0,0,0,13,0,0,0,0
62301,1,1,0,2,20,11,4,24,17,15,22,15
62302,1,1,7,7,7,7,7,7,7,7,7,7