ST_CASE,VEH_NO,PER_NO,P1,P2,P3,P4,P5,P6,P7,P8,P9,P10
62303,1,1,9,0,20,2,11,30,18,19,12,15
62304,1,1,13,9,7,0,0,0,0,0,0,16
62304,2,1,0,0,0,0,0,0,0,0,0,17
62304,3,1,0,0,0,0,0,0,0,0,0,0
62304,4,1,0,0,0,0,0,0,0,0,0,0
62305,1,1,0,0,0,0,0,0,0,0,0,0
62306,0,1,0,0,0,0,0,0,0,35,0,0
62306,1,1,0,0,0,0,0,0,0,0,0,0
62307,0,1,11,10,14,30,9,20,13,14,5,12
62307,1,1,0,0,0,0,0,0,0,0,0,0
62308,0,1,18,13,0,12,0,23,22,24,28,28
62308,1,1,0,0,0,0,0,0,0,0,0,0
62309,1,1,0,0,0,0,0,0,0,0,5,0
62309,2,1,0,0,0,0,0,0,0,0,0,0
62310,1,1,0,0,0,4,0,0,0,0,0,0
62310,2,1,0,0,8,0,0,0,0,0,0,0
62311,0,1,0,0,0,0,0,0,0,0,0,0
62311,1,1,0,0,0,0,0,0,0,0,0,0
62311,2,1,7,0,1,0,19,13,0,0,14,0
62312,0,1,0,0,0,0,0,0,0,0,0,0
62312,1,1,0,0,0,0,0,0,0,0,0,0
62312,2,1,0,0,0,0,0,0,0,0,34,0
62312,3,1,0,0,0,0,0,0,0,0,0,0
62312,4,1,0,0,0,0,0,0,0,0,0,0
62312,5,1,0,0,0,0,0,0,0,0,0,0
62313,0,1,0,18,0,0,0,0,0,0,0,0
62313,1,1,0,0,0,0,0,0,26,0,0,0
62314,0,1,27,27,27,27,27,27,27,27,27,27
62314,1,1,37,0,0,2,0,8,17,23,0,0
62315,1,1,3,0,0,11,11,0,10,0,0,0
62316,1,1,7,7,7,7,7,7,7,7,7,7
62317,1,1,0,0,0,0,0,0,0,0,0,0
62317,2,1,0,0,0,0,0,0,0,0,0,0
62318,1,1,0,0,0,0,0,0,0,0,0,0
62318,2,1,0,0,0,0,0,0,0,0,0,0
62319,0,1,0,0,0,0,0,0,0,0,0,0
62319,1,1,0,0,0,0,0,0,0,0,0,0
62320,0,1,20,26,10,22,21,29,0,0,0,38
62320,1,1,17,17,17,17,17,17,17,17,17,17
62321,0,1,0,0,16,26,0,0,0,22,0,0
62321,0,2,0,0,0,0,0,0,0,0,0,0
62321,1,1,0,0,0,0,0,0,0,0,0,0
62322,1,1,38,26,22,20,14,6,31,0,20,16
62323,1,1,14,14,14,14,14,14,14,14,14,14
62324,1,1,27,18,32,12,25,21,22,25,22,16
62325,0,1,0,0,0,0,0,0,0,0,0,0
62325,0,2,0,0,0,0,0,0,0,0,0,0
62325,1,1,0,0,0,0,0,0,0,0,0,0
62326,0,1,15,30,0,22,30,18,16,13,23,0
62326,1,1,15,0,13,0,0,0,0,0,26,22
62326,2,1,0,0,0,34,0,0,0,29,0,0
62326,3,1,0,9,0,0,0,0,6,0,0,0
62327,1,1,0,0,25,0,0,0,0,0,0,0
62327,2,1,0,0,0,0,0,0,0,0,15,0
62328,0,1,0,0,0,0,0,0,0,0,0,0
62328,1,1,0,0,0,0,0,0,0,0,0,0
62329,1,1,0,0,0,0,0,0,0,0,0,0
62329,2,1,0,0,0,0,0,0,0,0,0,0
62330,1,1,0,0,0,0,0,0,0,0,0,0
62330,2,1,8,0,28,20,17,29,19,0,17,33
62330,3,1,0,16,11,15,32,29,13,0,32,0
62331,1,1,0,0,26,32,0,0,0,0,0,0
62331,2,1,0,0,0,0,0,0,0,0,0,0
62332,1,1,10,10,10,10,10,10,10,10,10,10
62333,1,1,0,0,0,0,0,0,0,0,0,0
62334,0,1,24,12,21,13,27,25,22,18,24,46
62334,1,1,0,0,0,0,0,0,0,0,0,0
62335,1,1,0,0,0,0,0,0,0,0,0,0
62335,2,1,0,0,0,0,0,0,0,0,0,0
62336,1,1,27,27,27,27,27,27,27,27,27,27
62337,1,1,0,0,0,0,0,0,0,0,0,0
62337,2,1,0,0,0,0,0,0,0,0,0,0
62338,0,1,0,0,0,0,0,0,0,0,0,0
62338,1,1,0,0,17,12,6,23,0,0,0,16
62339,0,1,0,0,0,0,0,0,0,0,0,0
62339,1,1,0,0,0,0,0,0,0,0,0,0
62340,1,1,0,0,0,0,0,0,0,0,0,0
62340,2,1,0,0,0,0,0,0,0,0,0,0
62341,0,1,0,0,0,0,0,0,0,12,0,0
62341,1,1,7,0,0,0,0,0,0,0,0,0
62342,1,1,0,11,16,15,29,22,5,4,18,16
62342,2,1,9,15,15,16,13,7,11,11,6,8
62342,3,1,13,0,35,5,0,0,0,0,15,26
62343,0,1,0,34,0,14,43,5,0,0,0,0
62343,1,1,20,4,0,34,6,14,0,8,8,1
62344,1,1,0,0,0,0,0,0,0,0,0,0
62344,2,1,0,0,0,0,0,0,0,0,0,0
62344,3,1,0,0,0,0,0,0,0,0,0,0
62345,1,1,0,0,16,0,0,4,19,0,0,30
62346,1,1,15,15,15,15,15,15,15,15,15,15
62347,0,1,0,0,0,0,0,0,28,0,0,25
62347,1,1,0,0,0,14,0,0,0,0,0,0
62348,1,1,1,0,26,22,5,17,18,12,5,7
62348,2,1,0,0,0,0,0,0,0,0,0,0
62350,0,1,0,0,0,0,0,0,0,0,0,0
62350,1,1,0,0,0,0,0,0,0,0,0,0
62350,2,1,0,17,0,0,0,0,0,0,0,0
62350,3,1,20,0,18,0,0,0,0,22,0,0
62351,1,1,0,0,0,0,0,0,0,0,0,0
62351,2,1,0,0,0,0,0,0,0,0,0,0
62352,0,1,0,0,25,0,24,29,0,0,20,12
62352,1,1,0,0,0,0,0,0,0,0,0,0
62353,1,1,0,0,0,0,0,0,0,0,0,0
62353,2,1,0,0,0,0,0,0,0,0,0,0
62353,3,1,0,0,0,0,0,0,0,0,0,0
62353,4,1,0,0,0,0,0,0,0,0,0,0
62354,1,1,0,0,0,0,0,0,0,0,0,0
62354,2,1,0,0,0,0,0,10,0,0,0,0
62354,3,1,0,0,0,0,0,0,0,0,0,0
62355,0,1,0,0,0,0,0,0,0,0,0,0
62355,1,1,0,0,0,0,0,0,0,0,0,0
62356,0,1,35,35,35,35,35,35,35,35,35,35
62356,1,1,12,11,14,0,0,0,0,0,0,0
62357,0,1,0,0,0,0,0,0,0,0,3,19
62357,1,1,0,0,0,0,0,0,0,0,0,0
62358,1,1,0,0,0,0,0,0,0,0,0,0
62358,2,1,0,0,0,0,0,0,0,0,0,0
62359,1,1,12,12,12,12,12,12,12,12,12,12
62360,1,1,4,4,4,4,4,4,4,4,4,4
62360,2,1,21,0,0,0,0,0,0,0,0,0
62361,1,1,0,0,0,0,0,0,0,0,0,0
62361,2,1,0,0,0,0,0,0,0,0,0,0
62362,1,1,0,0,0,0,11,0,0,0,0,0
62362,2,1,0,0,0,0,0,12,0,0,0,0
62362,3,1,0,0,0,0,0,0,0,0,0,0
62363,1,1,0,0,0,0,0,0,0,0,0,0
62364,1,1,0,0,0,0,0,0,0,0,0,0
62364,2,1,0,20,0,0,0,0,0,0,0,0
62365,1,1,0,0,0,0,0,0,0,0,0,0
62366,0,1,0,0,0,0,0,0,0,0,0,0
62366,1,1,0,0,0,0,0,0,0,0,0,0
62367,1,1,20,0,0,0,0,0,0,0,0,0
62367,2,1,0,0,0,0,0,0,0,0,0,0
62368,1,1,19,8,12,7,30,9,8,24,18,7
62369,1,1,0,0,0,0,0,0,0,0,0,0
62369,2,1,6,0,0,0,0,0,0,0,0,0
62370,1,1,33,0,0,0,0,0,0,0,0,0
62370,2,1,0,0,0,0,0,0,0,0,0,0
62371,1,1,0,0,0,15,0,0,0,0,0,0
62372,1,1,28,0,0,0,0,15,0,15,27,13
62373,1,1,0,0,5,0,0,15,0,3,0,15
62374,1,1,10,17,18,20,9,6,15,21,18,26
62374,3,1,0,0,0,0,0,0,0,0,0,0
62375,1,1,0,0,0,0,0,0,0,0,0,0
62375,2,1,0,0,0,0,0,0,0,0,0,0
62375,3,1,0,0,0,0,0,0,0,0,0,0
62376,1,1,17,36,7,26,32,24,26,28,15,15
62377,1,1,0,0,0,0,0,18,0,0,0,0
62378,1,1,20,20,20,20,20,20,20,20,20,20
62379,1,1,11,11,11,11,11,11,11,11,11,11
62379,2,1,11,11,11,11,11,11,11,11,11,11
62380,1,1,0,0,0,0,0,0,0,0,0,0
62380,2,1,0,0,0,0,0,0,0,0,0,0
62381,1,1,13,18,15,15,18,15,23,8,9,0
62381,2,1,0,0,0,0,0,0,0,0,0,0
62382,0,1,0,0,0,0,10,13,19,0,0,29
62382,1,1,0,0,0,0,0,0,0,0,0,0
62383,1,1,12,12,13,6,16,18,22,9,23,16
62384,0,1,17,17,17,17,17,17,17,17,17,17
62384,1,1,0,0,0,0,0,0,0,0,0,0
62384,2,1,0,0,0,0,0,0,0,40,0,0
62385,0,1,0,0,0,0,0,0,0,0,0,0
62385,1,1,0,0,0,0,8,0,0,0,0,0
62385,2,1,0,0,0,0,0,0,0,0,0,0
62386,1,1,5,5,5,5,5,5,5,5,5,5
62386,2,1,0,0,0,0,0,0,0,0,0,0
62387,0,1,0,0,0,0,0,0,0,0,0,0
62387,0,2,0,0,0,38,0,30,0,0,0,0
62387,1,1,0,0,0,0,0,0,0,0,0,0
62388,1,1,0,0,0,0,0,0,0,0,0,0
62389,1,1,13,0,0,0,7,0,0,0,0,0
62389,2,1,0,0,0,0,0,0,0,0,0,0
62389,3,1,0,0,0,0,0,0,0,37,0,15
62389,4,1,0,0,0,0,0,0,0,0,0,0
62390,0,1,25,0,30,0,0,10,0,0,16,0
62390,1,1,0,0,0,0,26,21,0,0,0,25
62391,1,1,15,0,0,0,0,0,0,0,0,0
62392,1,1,9,21,4,0,0,0,25,0,13,20
62393,1,1,0,0,0,0,0,0,0,0,0,0
62394,1,1,0,0,0,0,0,0,0,0,0,0
62395,1,1,11,17,0,0,0,14,0,0,10,0
62396,1,1,23,18,24,23,11,10,18,44,13,28
62397,1,1,0,0,0,0,0,0,0,0,0,0
62398,1,1,24,25,12,15,14,20,0,15,24,14
62399,1,1,0,0,0,0,0,0,0,0,0,0
62400,1,1,14,0,13,19,0,14,0,0,20,14
62401,1,1,18,24,0,20,27,25,11,35,4,13
62401,2,1,0,0,0,0,0,0,0,0,0,0
62402,1,1,0,0,0,0,0,0,0,24,0,0
62403,1,1,0,0,0,0,0,0,0,0,0,0
62404,0,1,0,0,4,27,0,0,0,0,0,7
62404,1,1,0,0,0,0,0,0,0,0,0,0
62404,2,1,0,0,0,13,37,3,0,0,23,28
62405,1,1,0,0,0,0,0,0,6,0,26,0
62406,0,1,0,0,0,0,0,0,0,0,0,0
62406,1,1,0,0,0,0,0,0,0,0,0,0
62407,1,1,0,0,0,0,0,0,0,0,0,0
62408,1,1,21,28,32,15,25,22,8,23,24,8
62408,2,1,0,0,0,0,0,0,20,11,0,0
62409,1,1,41,25,13,22,12,20,25,33,22,14
62410,1,1,10,3,0,27,16,9,0,23,17,38
62410,2,1,0,0,0,0,32,0,0,0,0,0
62411,1,1,19,19,19,19,19,19,19,19,19,19
62411,2,1,0,0,0,0,0,0,0,0,0,0
62412,0,1,26,26,26,26,26,26,26,26,26,26
62412,1,1,0,0,0,0,0,24,0,0,9,0
62413,1,1,0,0,0,0,0,0,0,0,0,0
62414,0,1,0,0,0,0,0,0,0,0,0,0
62414,1,1,0,0,0,0,0,0,0,0,0,0
62415,1,1,0,0,0,0,0,0,0,0,0,0
62415,2,1,3,0,6,9,0,15,0,15,15,0
62416,0,1,0,0,0,0,0,0,0,0,0,0
62416,1,1,0,0,0,0,0,0,0,0,24,0
62417,1,1,0,8,36,0,0,0,4,0,0,0
62417,2,1,0,24,12,7,0,0,0,14,0,0
62418,1,1,0,0,22,0,0,0,0,0,0,0
62418,2,1,0,0,0,0,0,0,0,0,0,0
62419,0,1,0,18,0,0,16,6,0,0,0,0
62419,1,1,0,0,0,16,0,13,0,0,0,0
62420,0,1,0,0,0,0,0,0,0,0,0,0
62420,1,1,0,0,12,0,0,0,30,0,0,0
62421,0,1,39,39,39,39,39,39,39,39,39,39
62421,1,1,0,0,0,0,0,0,0,0,0,0
62422,1,1,16,11,0,19,11,16,0,0,0,22
62423,1,1,0,0,0,0,0,12,0,0,15,0
62423,2,1,0,0,0,0,0,0,0,0,0,0
62423,3,1,0,0,8,0,0,0,0,0,0,0
62424,1,1,0,0,0,0,0,0,0,0,0,0
62425,0,1,5,19,0,0,0,0,12,0,0,0
62425,1,1,11,0,0,0,0,0,0,0,0,0
62427,1,1,0,0,0,0,0,0,0,0,0,0
62428,0,1,24,27,17,18,7,0,26,25,0,22
62428,1,1,4,0,10,0,0,0,0,0,0,0
62429,1,1,18,19,15,17,11,21,18,6,3,21
62430,0,1,0,0,0,0,0,0,0,0,0,0
62430,1,1,0,0,0,0,0,0,0,0,0,0
62431,0,1,20,20,20,20,20,20,20,20,20,20
62431,1,1,0,0,0,0,0,0,0,0,0,0
62432,0,1,0,11,0,0,2,0,0,38,0,10
62432,1,1,13,0,0,0,0,0,0,0,0,0
62433,1,1,18,18,18,18,18,18,18,18,18,18
62434,0,1,0,0,0,0,0,27,0,0,0,0
62434,1,1,0,0,0,0,0,0,0,0,0,0
62435,1,1,0,0,0,0,0,0,0,0,0,0
62436,0,1,0,0,0,7,0,0,11,0,0,30
62436,1,1,0,0,0,0,0,0,0,0,0,0
62437,0,1,29,17,0,0,6,41,0,0,16,0
62437,1,1,0,0,0,0,0,0,0,0,0,0
62438,1,1,0,0,0,0,0,0,0,0,0,0
62439,0,1,4,0,0,0,0,0,42,0,0,0
62439,1,1,0,0,0,0,0,0,0,0,0,0
62440,1,1,0,0,0,0,13,6,0,0,0,0
62440,2,1,0,20,0,0,16,6,16,0,0,0
62440,3,1,0,0,0,0,0,0,0,0,0,0
62441,1,1,0,0,0,0,0,0,0,0,0,0
62441,2,1,0,0,0,0,0,0,0,0,0,0
62442,1,1,0,0,0,0,0,0,0,0,0,0
62442,2,1,0,0,0,0,0,0,0,0,0,0
62442,3,1,0,0,0,0,0,0,0,0,0,0
62443,0,1,0,0,0,27,32,39,0,0,0,0
62443,1,1,24,0,0,28,0,0,0,0,0,0
62444,1,1,0,0,0,0,0,0,0,0,0,0
62444,2,1,0,0,0,0,0,0,0,0,0,0
62445,0,1,15,34,0,0,0,0,0,5,0,42
62445,1,1,0,0,0,0,0,0,0,0,0,0
62446,0,1,28,23,0,0,14,0,0,0,0,34
62446,1,1,0,29,0,23,0,31,0,15,14,16
62447,0,1,24,24,24,24,24,24,24,24,24,24
62447,1,1,0,0,0,0,10,0,0,0,12,0
62448,0,1,0,0,9,0,0,15,0,0,0,0
62448,1,1,0,0,0,0,0,0,0,0,0,0
62449,0,1,13,0,22,0,0,23,23,13,17,9
62449,1,1,0,0,0,0,0,0,0,9,0,0
62450,0,1,0,0,0,0,0,0,0,0,0,0
62451,1,1,0,0,0,0,0,0,0,0,0,0
62452,1,1,0,0,0,0,36,0,0,0,0,0
62452,2,1,0,0,0,0,0,0,0,11,0,0
62453,1,1,0,0,0,0,0,0,0,0,0,0
62454,0,1,0,29,0,44,0,0,0,0,18,0
62454,1,1,0,12,0,16,0,0,0,0,0,18
62455,0,1,14,0,0,0,0,0,0,0,0,0
62455,1,1,0,0,0,0,0,0,0,0,0,0
62456,1,1,1,0,0,0,0,23,19,0,0,14
62456,2,1,0,0,0,0,0,0,0,0,0,0
62457,0,1,0,0,0,0,0,0,0,0,0,0
62457,1,1,0,0,0,0,0,0,0,0,0,0
62458,1,1,10,0,5,23,0,0,27,7,0,0
62458,2,1,0,0,0,0,0,0,0,0,0,0
62459,1,1,9,9,9,9,9,9,9,9,9,9
62459,2,1,0,0,20,0,0,21,14,12,0,0
62460,1,1,21,21,21,21,21,21,21,21,21,21
62460,2,1,0,0,0,0,0,0,0,0,0,0
62460,3,1,0,0,0,0,0,15,13,0,0,10
62461,1,1,14,15,0,11,0,13,0,0,0,0
62462,0,1,0,0,0,0,0,0,0,0,0,0
62462,1,1,0,0,0,0,0,0,0,0,0,0
62463,1,1,16,16,16,16,16,16,16,16,16,16
62464,0,1,3,3,3,3,3,3,3,3,3,3
62464,1,1,0,0,0,0,0,0,0,0,0,0
62465,0,1,25,13,11,22,17,29,31,31,29,0
62465,1,1,0,0,0,0,30,0,0,0,0,0
62466,0,1,12,18,9,4,16,11,11,48,3,11
62466,1,1,0,0,0,0,0,0,0,0,0,0
62467,0,1,19,24,0,23,9,11,24,22,24,9
62467,1,1,0,0,0,0,0,0,0,0,0,0
62472,1,1,0,0,0,11,0,20,0,0,0,0
62472,2,1,0,0,0,0,0,0,0,0,0,0
62472,3,1,0,23,0,0,0,0,12,0,0,0
62473,1,1,0,0,0,0,0,0,0,0,0,0
62474,1,1,0,0,0,0,0,0,0,0,0,0
62474,2,1,0,0,0,0,0,0,0,0,0,0
62475,0,1,0,0,5,0,0,0,0,0,42,0
62475,1,1,0,0,0,0,0,0,0,0,0,0
62476,1,1,0,0,17,13,29,0,7,0,0,8
62476,2,1,0,0,0,0,0,0,0,0,0,0
62477,1,1,34,0,0,5,0,0,0,0,0,20
62477,2,1,0,0,17,0,0,0,0,0,0,0
62478,1,1,10,29,15,41,17,37,15,4,8,19
62479,0,1,0,22,0,0,0,0,0,0,0,0
62479,1,1,0,0,0,0,0,0,0,0,0,0
62479,2,1,0,0,0,0,0,0,0,0,0,0
62480,1,1,0,0,0,0,31,0,0,0,28,7
62480,2,1,0,0,0,0,0,0,11,0,0,0
62481,1,1,18,0,9,0,0,15,30,17,0,0
62482,1,1,25,0,9,31,43,24,30,0,21,0
62483,1,1,0,0,0,0,0,0,0,25,0,0
62483,2,1,0,0,0,0,0,0,0,0,9,0
62484,0,1,0,37,0,0,0,0,0,0,0,0
62484,0,2,0,0,28,0,26,0,0,0,0,0
62484,0,3,0,0,0,0,0,0,0,0,0,0
62484,1,1,0,0,0,0,0,0,0,0,0,0
62486,1,1,0,0,0,0,0,0,0,0,0,0
62486,2,1,9,9,9,9,9,9,9,9,9,9
62488,1,1,16,27,28,0,31,31,28,14,6,56
62489,1,1,21,15,17,4,11,8,20,15,6,26
62490,1,1,9,12,34,19,20,37,16,5,15,17
62491,0,1,0,0,0,0,24,0,0,0,19,30
62491,1,1,0,0,0,0,0,0,0,0,0,0
62492,1,1,0,0,0,0,0,0,0,0,0,0
62493,0,1,0,0,0,0,0,0,0,0,0,0
62493,1,1,0,0,0,16,0,0,0,0,0,0
62494,1,1,0,0,0,0,0,0,0,0,0,0
62494,2,1,0,0,0,0,0,0,0,0,0,0
62495,1,1,0,0,0,0,0,0,0,0,0,0
62495,2,1,0,0,0,0,0,0,0,0,0,0
62496,1,1,0,0,0,0,0,0,0,0,0,0
62496,2,1,0,0,0,0,0,0,0,0,0,0
62497,0,1,0,0,0,0,0,0,0,0,0,0
62497,1,1,0,0,0,0,0,13,0,0,0,0
62498,1,1,0,0,0,0,0,0,0,0,0,0
62498,2,1,0,0,0,0,0,0,0,0,0,0
62499,1,1,0,19,8,20,0,13,0,0,0,0
62500,1,1,0,0,0,0,0,0,0,0,0,0
62500,2,1,0,12,6,0,28,0,0,0,0,0
62500,3,1,0,0,0,0,0,0,0,0,0,0
62501,1,1,0,0,16,0,0,0,0,16,0,0
62502,1,1,0,0,0,0,0,0,0,0,0,0
62502,2,1,0,0,0,0,0,0,0,0,0,0
62502,3,1,24,0,0,0,0,0,0,0,0,0
62503,1,1,0,0,0,0,0,0,0,0,0,0
62503,2,1,8,16,0,0,0,20,0,13,12,0
62504,0,1,0,0,0,0,0,0,0,0,0,0
62504,1,1,0,0,0,0,0,0,0,0,0,0
62505,1,1,11,0,0,20,0,31,0,8,0,0
62506,1,1,0,0,0,0,0,0,0,0,0,0
62506,2,1,0,0,0,0,0,0,0,0,0,0
62506,3,1,0,0,0,0,0,0,0,0,0,0
62507,1,1,0,16,0,0,0,0,0,4,0,0
62508,0,1,0,0,17,23,10,18,0,0,0,0
62508,1,1,0,19,0,0,0,0,0,0,0,0
62509,1,1,19,19,19,19,19,19,19,19,19,19
62509,2,1,0,0,0,0,0,0,0,0,0,0
62509,3,1,0,0,0,26,0,0,0,0,0,0
62509,4,1,0,0,0,0,0,22,0,0,0,0
62510,0,1,0,0,0,0,0,0,0,0,0,0
62510,1,1,3,0,0,0,0,0,13,0,0,0
62511,1,1,4,4,4,4,4,4,4,4,4,4
62512,1,1,0,19,0,0,0,0,0,0,0,0
62513,1,1,0,0,0,0,30,29,13,0,0,25
62514,1,1,0,4,14,0,6,0,0,0,0,0
62515,0,1,0,0,0,0,0,0,0,0,0,0
62515,1,1,0,0,0,0,0,0,0,0,0,0
62516,0,1,0,0,16,0,16,0,23,16,0,0
62516,1,1,17,17,17,17,17,17,17,17,17,17
62517,0,1,0,0,0,0,0,0,0,0,0,0
62517,1,1,0,0,0,0,0,0,0,0,0,0
62518,0,1,0,0,0,0,0,0,0,0,0,0
62518,1,1,0,0,0,0,0,0,0,0,0,0
62519,1,1,0,0,0,0,0,0,0,0,0,0
62519,2,1,0,0,0,0,0,0,0,0,0,0
62520,0,1,18,18,18,18,18,18,18,18,18,18
62520,1,1,0,0,0,0,0,0,0,0,0,0
62521,1,1,0,21,17,0,0,0,0,4,8,9
62522,1,1,0,0,0,15,0,0,0,0,0,0
62523,1,1,14,14,14,14,14,14,14,14,14,14
62523,2,1,0,0,0,0,0,0,0,0,0,0
62524,0,1,0,0,0,34,17,4,42,0,0,0
62524,1,1,0,0,0,0,0,0,0,0,0,0
62525,1,1,1,1,1,1,1,1,1,1,1,1
62526,1,2,11,0,0,0,15,14,8,2,0,16
62527,1,1,0,0,0,0,0,0,0,0,0,0
62528,0,1,5,0,0,0,0,0,0,0,0,0
62528,1,1,0,0,0,0,0,0,0,0,0,0
62529,1,1,0,0,0,0,0,0,0,0,0,0
62529,2,1,0,0,0,0,0,0,0,0,0,0
62530,0,1,0,0,0,34,0,0,0,0,0,3
62530,1,1,12,12,12,12,12,12,12,12,12,12
62531,1,1,0,0,0,0,0,0,0,0,0,0
62531,2,1,0,0,0,0,0,0,0,0,0,0
62532,1,1,0,0,0,0,0,0,17,0,0,0
62532,2,1,0,0,0,0,0,0,0,0,0,0
62532,3,1,0,0,0,0,0,0,0,0,0,0
62533,0,1,0,29,0,0,28,0,22,13,27,14
62533,1,1,0,0,0,0,0,0,0,0,0,0
62534,0,1,0,0,0,0,0,0,0,0,0,0
62534,1,1,0,0,0,0,0,0,0,0,0,0
62535,0,1,26,22,0,24,5,12,13,0,0,0
62535,1,1,0,0,0,0,0,15,0,0,0,0
62536,1,1,22,22,22,22,22,22,22,22,22,22
62537,1,1,28,0,21,0,0,0,0,5,10,15
62537,2,1,0,0,0,20,0,0,34,0,0,0
62538,1,1,0,0,0,0,0,0,0,0,0,0
62538,2,1,13,13,13,13,13,13,13,13,13,13
62538,3,1,0,0,0,0,0,0,0,0,0,0
62539,0,1,0,0,0,0,0,0,0,0,0,0
62539,1,1,0,0,0,0,0,0,0,0,0,0
62540,1,1,0,0,0,0,0,0,28,0,0,0
62540,2,1,0,0,0,0,0,0,0,0,0,0
62541,0,1,10,15,24,8,8,31,14,9,26,0
62541,1,1,0,0,0,15,0,0,0,0,0,0
62542,1,1,0,0,0,0,0,0,0,0,0,0
62543,0,1,0,0,0,0,0,0,0,0,0,0
62543,1,1,0,0,0,0,0,0,0,0,0,0
62544,1,1,1,1,1,1,1,1,1,1,1,1
62544,2,1,0,0,0,0,0,0,0,0,0,0
62545,0,1,0,0,35,0,0,0,0,0,0,0
62545,1,1,0,0,0,0,0,0,0,0,0,0
62546,1,1,0,0,0,8,13,0,25,20,22,19
62547,0,1,10,0,0,0,0,13,0,0,0,0
62547,1,1,29,9,0,0,9,12,0,0,9,16
62548,1,1,0,0,0,0,0,0,0,0,0,0
62549,1,1,0,0,10,0,0,0,0,0,9,0
62549,2,1,8,0,13,0,0,13,0,0,0,0
62550,1,1,25,30,14,26,32,28,17,10,15,9
62551,1,1,14,14,14,14,14,14,14,14,14,14
62551,2,1,0,0,0,0,0,0,0,0,0,0
62552,1,1,9,16,24,18,14,0,20,15,18,16
62552,2,1,0,0,0,0,0,0,0,0,0,0
62553,0,1,7,0,0,0,0,0,0,0,0,0
62553,1,1,0,0,0,0,0,19,0,0,0,8
62554,1,1,17,2,0,0,0,0,0,0,0,15
62554,2,1,0,0,0,0,0,0,0,0,0,0
62555,1,1,9,9,9,9,9,9,9,9,9,9
62556,1,1,0,0,0,0,0,0,0,0,26,0
62556,2,1,0,0,0,0,0,0,0,0,0,0
62557,0,1,7,0,0,0,0,0,0,0,0,0
62557,1,1,0,0,0,0,43,0,0,0,0,0
62558,1,1,0,0,0,0,0,0,0,0,0,0
62558,2,1,0,0,0,0,0,0,0,0,0,0
62558,3,1,0,0,0,0,0,0,0,0,0,0
62559,1,1,6,0,0,0,0,0,0,0,0,0
62560,1,1,16,25,34,20,13,17,14,22,20,30
62561,0,1,0,0,0,0,0,0,0,0,0,0
62561,1,1,0,0,0,0,0,0,0,0,0,0
62562,1,1,0,19,0,0,0,0,0,0,0,0
62562,2,1,0,0,11,15,0,0,0,0,0,0
62563,1,1,0,0,0,0,0,0,0,0,0,0
62563,2,1,0,0,0,0,0,0,0,0,0,0
62564,1,1,0,0,0,0,0,0,0,0,0,0
62565,0,1,0,0,0,0,0,0,0,0,0,0
62565,1,1,0,0,0,0,26,0,16,0,15,0
62566,1,1,0,0,0,0,0,7,0,0,0,0
62567,0,1,0,0,0,0,0,23,14,0,0,0
62567,1,1,0,0,0,0,0,0,0,0,0,0
62568,1,1,0,0,0,0,0,0,0,0,0,0
62569,0,1,0,0,0,0,0,0,0,0,0,19
62569,1,1,0,0,0,0,0,0,0,0,0,0
62570,1,1,0,0,20,0,16,0,8,0,0,11
62571,1,1,0,0,0,0,0,0,0,0,0,0
62572,1,1,29,0,0,21,0,0,17,0,0,0
62573,1,1,0,0,0,0,0,0,0,0,0,0
62574,0,1,17,17,17,17,17,17,17,17,17,17
62574,1,1,0,0,0,0,0,0,0,0,0,0
62575,0,1,0,0,0,0,0,0,0,0,0,0
62575,1,1,0,0,0,0,0,0,0,0,0,0
62576,0,1,15,0,0,0,0,0,0,23,0,0
62576,1,1,0,0,0,0,0,0,0,0,0,0
62577,0,1,0,0,0,0,0,0,0,0,0,0
62577,1,1,0,0,0,0,0,0,0,0,0,0
62578,0,1,11,11,11,11,11,11,11,11,11,11
62578,1,1,7,7,7,7,7,7,7,7,7,7
62579,1,1,15,15,15,15,15,15,15,15,15,15
62579,2,1,0,0,25,16,0,18,0,13,0,0
62580,1,1,0,0,0,0,0,0,0,0,0,0
62580,2,1,0,0,0,0,0,0,0,0,0,0
62581,0,1,24,0,17,0,0,0,6,0,13,0
62581,1,1,0,0,0,0,0,0,0,0,0,0
62582,1,1,0,0,0,5,0,0,0,0,0,0
62582,2,1,0,0,0,0,0,0,0,0,0,0
62583,1,1,0,0,0,0,0,0,0,0,0,0
62583,2,1,3,4,13,33,0,0,22,0,0,0
62584,1,1,0,0,0,0,0,0,0,0,0,0
62584,2,1,0,0,0,0,0,0,0,0,0,0
62585,1,1,0,0,0,0,0,0,0,0,0,0
62586,0,1,0,0,0,0,0,0,0,0,0,0
62586,1,1,0,0,0,0,0,0,0,0,0,0
62587,1,1,0,0,0,0,0,0,0,0,0,0
62587,2,1,0,0,0,0,30,0,0,0,0,0
62588,0,1,0,0,0,0,0,0,0,0,0,0
62588,1,1,0,0,0,0,0,0,0,0,0,0
62589,0,1,0,0,0,0,0,0,0,0,0,0
62589,1,1,0,0,7,0,37,21,0,0,21,0