ST_CASE,VEH_NO,PER_NO,P1,P2,P3,P4,P5,P6,P7,P8,P9,P10
62590,0,1,1,1,1,1,1,1,1,1,1,1
62590,1,1,22,0,0,11,0,20,9,2,21,37
62592,0,1,17,0,0,0,0,0,0,0,0,10
62592,1,1,17,0,13,17,0,30,18,22,0,27
62593,0,1,0,31,24,22,12,6,4,7,7,26
62593,1,1,0,0,0,0,0,0,0,0,0,0
62594,0,1,25,25,25,25,25,25,25,25,25,25
62594,1,1,5,5,5,5,5,5,5,5,5,5
62595,0,1,0,19,0,11,0,0,0,0,18,14
62595,1,1,0,0,0,0,0,0,0,0,0,0
62596,1,1,0,0,0,0,27,0,38,0,0,0
62596,2,1,0,0,0,0,0,0,0,0,0,0
62597,0,1,0,0,0,0,0,0,21,0,0,0
62597,1,1,0,0,0,0,0,0,0,0,0,0
62598,0,1,11,24,15,0,0,30,0,0,26,0
62598,1,1,19,28,22,15,0,0,10,21,10,11
62599,0,1,0,0,0,0,0,0,27,0,13,0
62599,1,1,29,0,0,0,0,0,0,0,18,33
62600,0,1,16,16,16,16,16,16,16,16,16,16
62600,1,1,0,0,0,0,0,0,0,0,0,0
62600,2,1,0,0,0,0,0,0,0,0,0,0
62601,1,1,0,0,0,0,0,0,0,0,0,0
62601,2,1,36,21,0,23,22,0,18,14,0,0
62602,1,1,0,0,0,0,0,0,0,0,0,0
62602,2,1,8,0,0,0,23,12,6,0,17,0
62603,1,1,0,0,0,0,0,0,0,0,0,0
62604,1,1,21,14,18,37,12,7,43,19,13,27
62604,2,1,20,12,5,16,0,0,20,0,4,0
62605,1,1,0,0,0,17,35,0,6,0,22,0
62606,0,1,0,0,0,0,0,0,0,0,0,0
62606,1,1,0,0,0,0,0,0,0,0,0,0
62607,1,1,0,0,0,0,20,0,0,21,0,17
62607,2,1,0,0,0,0,0,0,0,0,28,0
62608,0,1,32,0,0,0,16,0,26,0,0,0
62608,1,1,14,0,17,17,13,0,14,0,0,0
62609,1,1,11,6,5,23,15,0,14,21,0,4
62609,2,1,0,0,0,0,0,0,0,0,0,0
62610,0,1,35,0,14,23,24,23,32,37,32,15
62610,1,1,0,0,0,18,0,0,0,0,21,17
62611,1,1,0,0,0,0,0,0,0,0,0,0
62611,2,1,10,7,5,6,15,10,6,13,21,17
62612,0,1,0,25,18,9,0,7,28,23,0,0
62612,1,1,0,0,0,12,0,0,0,0,0,16
62613,1,1,0,0,0,0,0,0,0,0,0,0
62613,2,1,0,0,0,12,22,0,0,23,0,0
62613,3,1,0,0,0,0,0,0,0,0,0,0
62614,0,1,0,0,0,24,0,0,0,0,0,0
62614,1,1,0,0,0,0,0,0,0,0,0,0
62614,2,1,0,0,0,0,0,0,0,0,0,0
62615,0,1,0,4,0,52,0,0,8,0,0,32
62615,1,1,0,0,0,0,0,0,0,0,0,0
62616,1,1,0,9,0,20,10,0,0,9,11,0
62616,2,1,0,21,0,37,0,0,10,0,28,10
62617,1,1,15,15,15,15,15,15,15,15,15,15
62617,2,1,0,0,0,0,18,0,0,0,0,17
62618,1,1,19,19,19,19,19,19,19,19,19,19
62618,2,1,0,0,0,0,0,0,0,0,0,0
62619,0,1,0,0,34,0,9,10,0,0,0,21
62619,1,1,0,0,0,0,0,0,0,0,0,0
62620,1,1,0,0,0,0,0,0,0,0,0,0
62620,2,1,0,0,0,0,0,0,0,0,0,0
62621,1,1,9,9,9,9,9,9,9,9,9,9
62622,0,1,13,12,0,0,18,0,0,0,0,16
62622,1,1,6,0,0,0,0,0,0,0,0,0
62623,0,1,0,24,45,0,16,0,0,0,12,0
62623,1,1,0,3,0,0,0,0,17,0,0,0
62624,0,1,0,0,0,0,0,0,0,0,0,0
62624,1,1,0,0,0,0,0,0,0,0,0,0
62625,0,1,0,0,0,28,0,0,0,0,0,0
62625,1,1,0,0,0,0,0,0,0,0,0,0
62626,0,1,0,0,21,0,20,0,0,0,15,0
62626,1,1,0,0,0,0,0,15,0,0,0,0
62627,0,1,0,8,27,0,26,17,25,0,0,20
62627,1,1,0,0,0,0,14,0,0,0,0,0
62628,0,1,0,0,0,0,0,0,0,0,0,0
62628,1,1,0,0,0,0,0,0,0,0,0,0
62629,1,1,13,0,0,0,0,15,0,20,0,0
62629,2,1,0,0,0,0,0,0,0,0,0,0
62630,0,1,0,0,6,0,0,0,43,25,0,17
62630,1,1,0,0,0,0,0,18,0,18,0,0
62631,0,1,0,0,0,0,0,0,0,0,0,0
62631,0,2,0,0,0,0,0,26,0,20,0,0
62631,0,3,0,0,0,6,0,0,0,0,0,25
62631,0,4,0,0,0,0,0,0,0,0,0,0
62631,0,5,26,0,0,36,0,0,0,0,0,0
62631,1,1,0,0,0,0,0,0,0,0,0,0
62632,1,1,29,21,13,15,20,22,15,21,7,21
62633,1,1,0,0,39,15,21,0,0,0,0,11
62633,2,1,0,0,0,0,0,0,0,0,0,0
62634,1,1,0,0,0,0,0,0,0,0,0,0
62634,2,1,0,0,0,0,0,0,19,0,0,0
62634,3,1,0,0,0,0,0,0,0,0,0,0
62634,4,1,0,0,0,0,0,0,0,0,0,0
62634,5,1,0,0,0,0,0,0,0,26,0,0
62634,6,1,0,0,0,0,0,0,0,0,0,0
62635,0,1,0,0,0,0,0,0,6,0,0,0
62635,1,1,0,0,0,0,0,0,0,0,0,0
62636,1,1,14,14,14,14,14,14,14,14,14,14
62637,0,1,0,0,0,0,0,0,0,0,0,0
62637,1,1,0,0,0,0,0,0,0,0,0,0
62638,1,1,8,9,14,6,10,6,9,0,11,19
62638,2,1,0,0,0,0,0,0,0,0,0,0
62638,3,1,0,0,0,0,0,0,0,0,0,0
62639,1,1,0,0,0,0,0,0,0,0,0,0
62639,2,1,0,0,0,0,0,0,0,0,0,0
62640,1,1,22,22,22,22,22,22,22,22,22,22
62641,0,1,24,24,24,24,24,24,24,24,24,24
62641,1,1,14,14,14,14,14,14,14,14,14,14
62642,1,1,4,4,4,4,4,4,4,4,4,4
62643,0,1,24,0,0,0,0,0,17,0,0,25
62643,1,1,0,0,0,0,0,15,0,0,0,0
62644,1,1,0,0,0,0,0,9,0,0,0,0
62644,2,1,0,0,0,0,0,0,0,0,0,24
62645,0,1,17,20,13,0,34,15,19,17,23,34
62645,1,1,19,9,0,0,10,0,16,0,25,6
62645,2,1,0,0,0,0,0,0,0,0,0,0
62646,0,1,30,0,0,0,0,14,0,0,0,0
62646,1,1,0,0,0,0,0,0,0,0,0,0
62647,1,1,32,0,0,0,0,32,0,23,26,0
62647,2,1,0,0,0,0,0,0,0,0,0,0
62648,0,1,0,0,0,0,0,0,0,0,0,0
62648,1,1,0,0,0,0,0,0,5,0,0,11
62649,0,1,0,0,0,0,0,0,0,0,0,0
62649,0,2,24,0,0,0,0,0,0,0,0,0
62649,1,1,0,0,0,0,0,0,0,0,0,0
62650,1,1,0,0,0,0,0,0,0,0,0,0
62650,2,1,15,6,9,4,0,0,0,0,0,0
62651,1,1,7,7,7,7,7,7,7,7,7,7
62651,2,1,0,0,0,15,0,0,19,0,6,0
62651,3,1,0,0,0,0,0,0,0,0,0,0
62652,1,1,0,22,0,0,0,0,0,0,0,0
62652,2,1,0,0,0,0,0,0,0,0,0,0
62652,3,1,0,0,0,0,0,0,0,0,0,0
62653,1,1,13,13,13,13,13,13,13,13,13,13
62653,2,1,0,0,0,0,0,0,0,0,0,0
62654,0,1,33,33,33,33,33,33,33,33,33,33
62654,1,1,0,0,0,0,0,0,0,0,0,0
62655,0,1,20,20,20,20,20,20,20,20,20,20
62655,1,1,29,0,0,0,0,0,0,0,0,0
62656,0,1,0,0,0,0,0,0,0,0,0,0
62656,1,1,0,0,0,8,0,0,0,0,3,0
62657,1,1,22,0,0,12,0,16,0,12,31,0
62658,0,1,0,16,11,27,11,14,14,5,13,18
62658,1,1,0,0,0,0,0,0,0,0,0,0
62659,0,1,0,0,0,0,0,0,0,0,0,0
62659,1,1,0,0,0,0,0,0,0,0,0,0
62659,2,1,0,0,12,0,0,0,0,0,0,0
62660,0,1,11,11,11,11,11,11,11,11,11,11
62660,1,1,0,0,0,0,0,0,0,0,0,0
62661,0,1,35,12,0,30,11,25,23,15,18,0
62661,1,1,0,0,0,0,0,0,0,0,27,0
62662,0,1,33,0,0,0,0,0,0,0,0,0
62662,1,1,0,0,0,0,0,0,0,0,0,0
62663,0,1,0,0,0,0,0,0,0,0,0,0
62663,1,1,0,20,0,0,0,0,3,0,0,0
62664,0,1,0,23,12,0,9,0,14,29,0,0
62664,1,1,0,0,19,0,20,0,0,6,0,0
62665,0,1,0,0,0,0,0,0,0,0,0,0
62665,1,1,0,0,0,0,0,0,0,0,0,0
62666,0,1,0,0,0,18,0,0,0,5,13,0
62666,1,1,0,0,0,0,0,0,0,0,0,0
62667,0,1,0,20,23,28,0,12,0,0,0,46
62667,0,2,0,0,23,0,0,0,0,0,0,5
62667,1,1,10,14,0,0,0,0,0,0,0,0
62668,1,1,0,0,0,0,0,0,0,3,28,0
62668,2,1,0,15,0,0,0,0,0,0,0,20
62669,0,1,22,0,0,0,17,16,14,23,0,20
62669,1,1,0,0,4,0,0,0,0,0,0,0
62670,1,1,0,0,0,0,0,0,0,0,0,0
62670,2,1,0,0,0,0,0,0,0,0,0,15
62671,0,1,20,20,20,20,20,20,20,20,20,20
62671,1,1,21,9,0,36,36,0,0,6,38,0
62672,0,1,0,0,0,0,0,36,0,0,0,0
62672,1,1,0,0,0,0,0,0,0,0,0,0
62673,1,1,25,8,24,0,23,6,12,6,10,17
62673,2,1,0,0,0,0,0,0,0,0,0,0
62674,0,1,0,0,0,0,0,0,0,0,0,0
62674,1,1,0,0,0,0,0,0,0,0,0,0
62675,0,1,0,0,0,0,0,0,0,27,0,0
62675,0,2,0,0,0,0,0,0,0,0,0,0
62675,1,1,13,15,14,11,14,13,12,13,12,14
62676,0,1,27,16,33,22,17,2,30,8,12,26
62676,1,1,2,2,2,2,2,2,2,2,2,2
62677,0,1,0,9,0,0,0,0,0,0,0,0
62677,1,1,0,0,0,0,25,0,21,0,0,0
62678,0,1,0,0,0,0,0,0,0,0,0,0
62678,1,1,0,0,0,0,0,0,0,0,40,0
62679,1,1,0,8,4,10,0,19,0,13,8,6
62679,2,1,0,0,23,0,0,15,0,20,17,0
62679,3,1,0,0,0,0,0,0,0,0,0,0
62680,1,1,12,9,47,10,10,13,28,9,0,23
62681,1,1,7,7,7,7,7,7,7,7,7,7
62682,1,1,0,4,0,0,0,0,0,0,0,0
62682,2,1,0,0,0,0,0,0,0,2,0,0
62683,1,1,0,34,0,0,0,0,0,0,14,10
62684,0,1,0,0,0,0,0,0,0,0,0,0
62684,1,1,0,0,0,0,0,0,0,0,0,0
62685,0,1,0,16,0,18,0,25,0,0,0,0
62685,1,1,12,26,25,3,12,12,24,0,19,10
62686,1,1,11,0,0,0,12,0,8,0,15,0
62687,1,1,0,6,0,0,0,0,12,14,0,24
62688,1,1,0,0,0,16,16,34,16,10,16,23
62689,0,1,0,0,0,0,0,0,0,0,0,0
62689,1,1,14,27,0,0,18,0,0,0,26,11
62690,1,1,0,0,0,0,0,0,0,0,0,0
62690,2,1,0,0,0,0,0,0,0,0,0,0
62691,1,1,0,0,0,0,0,0,0,0,0,0
62691,2,1,17,5,15,0,0,10,6,11,2,10
62692,0,1,0,25,0,0,0,0,43,14,0,32
62692,1,1,0,0,0,0,0,0,0,0,0,0
62693,0,1,13,10,0,0,0,26,32,0,0,0
62693,0,2,8,0,0,17,0,0,24,0,0,0
62693,1,1,0,0,0,0,0,0,0,0,0,0
62693,2,1,0,0,0,0,0,0,0,0,0,0
62694,1,1,13,0,0,0,0,0,0,23,0,0
62694,2,1,0,0,0,0,0,5,0,14,0,0
62695,0,1,18,0,0,30,0,0,14,0,13,0
62695,1,1,0,0,0,0,0,0,0,0,0,0
62696,0,1,0,0,0,0,0,8,0,0,0,0
62696,1,1,0,0,0,0,0,0,0,0,0,0
62697,0,1,0,0,8,8,0,48,0,22,0,24
62697,1,1,0,0,17,16,14,0,0,0,0,0
62698,0,1,0,0,0,0,0,0,31,0,0,21
62698,1,1,0,0,0,0,0,0,0,0,0,0
62699,0,1,0,0,0,24,26,0,57,15,12,0
62699,1,1,0,0,0,0,0,0,0,0,0,0
62700,0,1,16,21,49,0,0,24,17,0,27,36
62700,1,1,0,21,0,17,25,0,9,0,22,16
62701,0,1,0,0,0,14,0,0,0,11,0,0
62701,1,1,0,0,0,0,0,0,0,0,0,0
62702,0,1,0,0,0,0,0,0,0,29,0,0
62702,1,1,0,0,0,0,0,0,0,0,0,0
62703,1,1,0,0,0,0,0,0,0,0,0,0
62703,2,1,0,0,0,0,0,0,0,0,0,0
62704,0,1,24,9,19,20,4,7,7,24,21,30
62704,1,1,0,0,0,0,0,0,0,0,0,0
62705,0,1,18,0,0,0,0,0,34,0,0,0
62705,1,1,0,0,0,0,0,0,0,0,0,0
62706,0,1,0,0,0,0,0,0,0,0,0,0
62706,1,1,0,0,0,0,0,0,0,0,0,0
62707,1,1,0,0,0,0,0,0,0,0,0,0
62707,2,1,0,0,0,0,0,0,0,0,0,0
62708,0,1,0,20,0,28,7,17,0,0,18,0
62708,1,1,0,0,0,0,0,0,0,0,18,0
62709,1,1,0,0,0,0,0,0,21,0,0,0
62709,2,1,0,0,0,0,0,0,0,0,0,0
62710,0,1,0,0,0,29,0,25,6,0,18,20
62710,1,1,0,0,0,0,0,0,0,0,0,0
62711,1,1,0,0,0,0,0,0,0,0,0,0
62712,0,1,15,0,0,0,0,0,0,14,0,0
62712,1,1,0,0,0,0,0,0,0,0,0,0
62713,0,1,0,19,0,28,0,0,0,0,27,0
62713,1,1,16,0,0,7,32,11,0,21,3,0
62714,0,1,18,26,0,14,9,0,6,0,0,0
62714,1,1,19,0,0,0,0,0,0,0,0,0
62715,1,1,0,0,0,0,0,0,0,0,0,0
62715,2,1,0,0,0,0,0,0,3,0,0,0
62716,0,1,0,0,0,0,0,0,0,0,0,0
62716,1,1,0,0,0,0,0,0,0,0,0,0
62717,1,1,26,26,26,26,26,26,26,26,26,26
62718,1,1,0,0,0,0,0,0,0,0,0,0
62718,2,1,0,0,0,0,0,34,0,0,0,0
62719,1,1,0,0,0,29,0,0,0,0,23,33
62720,1,1,0,0,0,0,0,0,0,0,0,0
62720,2,1,0,0,14,18,2,0,0,0,0,12
62721,1,1,0,0,0,0,0,0,0,0,0,0
62721,2,1,0,0,0,0,0,0,0,0,0,0
62721,3,1,47,0,0,0,0,0,0,0,0,0
62722,1,1,17,17,17,17,17,17,17,17,17,17
62722,2,1,22,32,17,21,15,20,12,15,5,15
62722,3,1,0,0,2,3,0,0,9,0,25,0
62722,4,1,0,19,0,0,0,0,0,0,8,0
62722,5,1,0,0,17,14,0,0,15,0,0,0
62723,1,1,15,15,15,15,15,15,15,15,15,15
62723,2,1,0,0,0,0,0,13,0,0,0,0
62724,1,1,6,15,11,13,13,0,16,31,18,0
62725,1,1,8,8,8,8,8,8,8,8,8,8
62725,2,1,14,0,15,0,0,20,15,0,0,0
62726,0,1,0,0,0,0,0,0,0,0,0,0
62726,1,1,0,29,19,0,0,28,0,0,0,0
62727,0,1,0,0,0,0,0,0,0,0,0,0
62727,1,1,0,0,0,0,0,0,0,0,0,0
62728,0,1,8,16,0,14,22,0,7,19,0,0
62728,1,1,0,0,0,0,0,0,0,0,0,0
62729,0,1,0,0,0,26,13,0,0,0,0,35
62729,0,2,9,21,21,21,23,34,0,0,21,22
62729,0,3,0,0,0,35,0,0,0,0,0,8
62729,0,4,0,0,14,4,0,20,24,0,0,0
62729,0,5,23,29,0,0,0,49,4,0,24,0
62729,0,6,0,0,0,0,0,0,0,0,0,0
62729,1,1,5,5,5,5,5,5,5,5,5,5
62730,1,1,0,0,0,0,0,0,0,0,0,0
62730,2,1,0,0,0,0,0,0,0,0,0,0
62731,1,1,26,26,26,26,26,26,26,26,26,26
62731,2,1,13,0,19,0,0,0,10,0,0,0
62731,3,1,0,0,0,0,0,0,0,0,0,0
62732,1,1,16,16,16,16,16,16,16,16,16,16
62732,2,1,0,0,0,0,0,0,0,0,0,0
62733,1,1,13,13,13,13,13,13,13,13,13,13
62733,2,1,0,0,0,0,0,0,0,0,0,0
62734,0,1,0,24,0,12,0,0,0,0,16,0
62734,1,1,18,18,18,18,18,18,18,18,18,18
62735,0,1,0,0,0,0,0,0,0,0,0,0
62735,1,1,0,0,0,0,0,0,0,0,0,0
62736,0,1,0,0,0,0,0,7,0,0,17,0
62736,1,1,0,0,0,10,0,0,0,0,0,0
62737,1,1,8,17,22,23,21,4,21,18,3,22
62738,1,1,0,0,0,0,0,0,0,0,0,0
62738,2,1,0,0,0,0,0,0,0,0,0,0
62739,1,1,0,0,0,0,0,0,0,0,0,0
62740,1,1,0,0,0,0,0,0,0,0,0,0
62740,2,1,0,0,0,0,0,0,0,0,0,0
62741,1,1,13,13,13,13,13,13,13,13,13,13
62742,1,1,0,0,0,0,0,0,0,0,0,11
62743,0,1,0,0,0,23,11,0,0,0,0,0
62743,1,1,0,0,0,0,0,0,19,20,0,0
62743,2,1,0,0,0,0,0,0,0,0,0,0
62744,1,1,14,36,25,28,42,29,16,4,9,11
62745,1,1,12,21,7,25,24,7,4,11,11,27
62746,1,1,0,0,0,0,0,0,0,0,0,0
62746,2,1,0,0,0,0,0,0,0,0,0,0
62746,3,1,0,0,0,0,0,0,0,0,0,0
62747,1,1,27,0,16,19,9,17,15,9,15,15
62748,0,1,43,31,0,21,20,11,0,0,0,0
62748,1,1,12,18,10,12,21,12,13,8,23,28
62749,0,1,0,0,0,0,0,0,0,0,0,0
62749,1,1,0,0,0,0,0,0,0,0,0,0
62749,2,1,27,6,24,0,11,0,0,0,0,12
62749,3,1,12,11,12,2,8,24,0,0,0,0
62750,1,1,18,18,18,18,18,18,18,18,18,18
62750,2,1,8,0,0,0,0,0,17,0,0,0
62750,3,1,6,16,0,0,0,0,0,0,31,0
62751,1,1,0,0,0,0,0,0,0,0,0,0
62751,2,1,0,0,0,0,0,0,0,0,0,0
62752,1,1,0,0,0,0,0,0,0,0,0,0
62753,0,1,23,0,0,0,0,0,18,0,0,0
62753,1,1,0,0,0,0,0,0,0,0,0,0
62753,5,1,0,0,0,0,0,0,0,0,0,0
62754,0,1,41,54,0,0,0,0,5,26,0,20
62754,1,1,0,0,0,0,0,0,0,0,0,0
62755,1,1,0,0,0,26,0,0,11,0,0,0
62755,2,1,0,0,0,18,0,0,0,0,24,0
62756,1,1,0,0,0,0,0,0,0,0,0,0
62757,0,1,11,11,11,11,11,11,11,11,11,11
62757,1,1,0,0,0,0,0,0,0,0,0,0
62758,0,1,23,23,23,23,23,23,23,23,23,23
62758,1,1,0,0,0,0,0,0,0,0,0,0
62759,1,1,0,0,0,0,0,0,0,0,0,0
62759,2,1,0,0,0,0,0,0,0,0,0,0
62760,0,1,22,22,22,22,22,22,22,22,22,22
62760,1,1,4,12,28,10,29,5,25,0,24,0
62760,2,1,0,0,0,0,0,0,0,0,0,0
62761,1,1,0,0,0,0,0,0,0,0,0,0
62761,2,1,0,0,19,0,0,18,0,0,0,0
62762,1,1,0,19,23,3,0,0,0,14,0,10
62763,0,1,0,0,0,0,17,0,31,28,0,0
62763,1,1,14,0,0,6,0,21,0,0,0,0
62764,0,1,0,0,0,0,0,0,0,0,0,0
62764,1,1,16,0,0,0,28,0,0,0,10,0
62765,1,1,26,26,26,26,26,26,26,26,26,26
62766,0,1,0,0,0,0,0,0,0,0,0,0
62766,1,1,0,0,0,0,0,0,0,0,0,0
62767,0,1,0,33,10,28,10,4,25,47,20,8
62767,1,1,0,0,0,0,0,0,0,0,0,0
62767,2,1,0,0,0,0,0,0,0,0,0,28
62768,0,1,0,0,0,0,0,0,0,0,0,0
62768,1,1,0,0,0,0,0,0,0,0,0,0
62769,0,1,0,0,9,0,0,0,0,20,0,0
62769,1,1,0,0,0,0,0,0,0,0,0,0
62770,1,1,5,5,5,5,5,5,5,5,5,5
62771,0,1,0,0,0,0,0,0,0,0,0,0
62771,1,1,0,0,0,0,29,0,0,0,0,0
62772,1,1,0,0,0,0,0,0,0,0,0,0
62772,2,1,26,26,26,26,26,26,26,26,26,26
62772,3,1,0,0,0,0,0,0,0,0,0,0
62773,1,1,0,0,0,0,0,0,0,0,0,0
62773,2,1,0,0,0,0,0,0,0,9,0,0
62773,3,1,0,24,0,0,0,0,0,0,0,0
62774,1,1,0,0,0,0,0,0,0,0,0,0
62775,1,1,0,33,0,0,0,0,0,0,0,11
62776,1,1,0,0,0,0,0,0,0,0,0,0
62776,2,1,0,0,0,0,0,0,0,0,0,0
62776,3,1,0,0,0,0,0,0,0,0,0,0
62776,4,1,0,0,26,0,0,0,0,0,0,0
62776,5,1,0,0,0,0,0,0,0,0,0,0
62776,6,1,0,0,0,0,0,0,0,0,0,0
62776,7,1,0,0,0,0,0,0,0,0,0,0
62777,1,1,0,0,0,0,0,0,0,0,0,0
62777,2,1,0,0,0,0,0,0,0,0,0,0
62778,1,1,0,0,0,0,0,0,0,0,0,0
62778,2,1,0,0,0,0,0,0,0,0,0,0
62779,0,1,0,0,0,0,0,0,0,0,0,0
62779,1,1,0,0,0,0,0,0,0,0,0,0
62780,0,1,0,0,14,0,0,35,29,19,0,0
62780,1,1,0,0,0,0,0,0,0,0,0,0
62780,2,1,0,0,0,0,0,0,0,0,0,0
62781,0,1,6,0,25,0,6,22,7,0,43,29
62781,1,1,0,0,0,0,0,0,0,0,0,0
62782,1,1,0,0,0,0,0,0,0,0,0,0
62783,1,1,0,0,0,0,0,0,0,0,0,0
62783,2,1,1,1,1,1,1,1,1,1,1,1
62784,1,1,21,0,0,0,0,0,0,0,0,0
62784,2,1,0,0,0,0,0,0,0,0,0,0
62785,1,1,0,0,13,0,0,9,0,10,0,0
62785,2,1,0,0,0,0,0,0,0,0,0,0
62786,0,1,9,0,15,0,0,0,6,0,0,0
62786,1,1,0,0,0,0,0,0,0,0,0,0
62787,0,1,0,0,0,0,0,0,0,0,0,0
62787,0,2,0,0,0,0,0,0,0,0,0,0
62787,1,1,0,0,0,0,0,0,0,0,0,0
62788,0,1,0,0,0,0,12,0,0,0,0,0
62788,1,1,0,0,0,0,0,0,0,0,0,0
62789,1,1,11,18,0,19,6,18,24,37,11,24
62790,1,1,0,0,0,0,0,0,0,0,0,0
62790,2,1,0,0,0,0,0,0,0,0,0,0
62791,0,1,0,0,0,0,0,0,20,0,53,0
62791,1,1,0,0,0,0,0,0,0,0,0,0
62792,0,1,11,0,24,0,25,0,7,6,0,0
62792,1,1,33,33,33,33,33,33,33,33,33,33
62794,1,1,0,0,0,0,0,0,0,0,0,50
62794,2,1,0,20,0,0,0,0,14,0,0,0
62795,1,1,0,0,0,0,0,0,0,0,0,0
62795,2,1,0,0,0,0,0,0,0,0,0,0
62796,1,1,19,0,22,11,13,14,10,6,24,13
62796,2,1,21,0,0,11,11,0,0,18,16,19
62797,1,1,16,16,16,16,16,16,16,16,16,16
62797,2,1,0,9,7,0,0,0,0,0,3,0
62798,1,1,20,0,25,0,0,28,0,0,10,7
62799,0,1,0,0,0,0,0,0,0,17,0,0
62799,1,1,0,0,0,0,0,0,0,0,0,0
62800,1,1,0,0,0,0,0,0,0,0,0,0
62801,1,1,0,32,18,3,16,0,8,28,10,31
62802,0,1,0,0,0,0,0,9,0,32,0,0
62802,0,2,0,0,3,0,0,21,0,0,0,0
62802,1,1,0,0,0,0,0,0,0,0,0,0
62803,1,1,4,0,22,0,13,11,0,0,0,0
62803,2,1,0,0,0,0,0,0,0,0,0,0
62804,1,1,0,0,0,0,23,12,0,0,0,7
62804,2,1,0,0,0,0,0,0,0,0,0,0
62805,1,1,20,5,19,17,36,16,16,10,15,13
62805,2,1,0,0,0,0,0,9,0,0,0,0
62806,1,1,26,0,20,16,10,27,22,16,14,14
62807,1,1,19,17,25,14,0,15,25,7,27,11
62808,1,1,0,0,0,0,0,0,0,0,0,20
62810,1,1,13,13,13,13,13,13,13,13,13,13
62810,2,1,0,0,0,0,0,0,0,9,0,0
62811,0,1,0,18,0,0,0,0,0,28,32,0
62811,1,1,0,0,0,0,0,0,0,0,0,26
62812,0,1,0,0,0,30,21,0,0,31,0,0
62812,1,1,0,0,0,4,0,0,0,0,0,0
62813,0,1,0,0,12,0,0,20,38,0,0,0
62813,1,1,0,0,0,0,16,3,0,0,9,0
62814,1,1,0,0,0,0,21,0,0,22,0,0
62815,1,1,0,0,0,0,0,12,0,0,17,0
62816,1,1,11,0,0,0,0,0,0,12,17,0
62817,0,1,0,0,0,0,0,17,0,0,0,0
62817,1,1,0,0,0,0,0,0,0,0,0,0
62818,0,1,0,0,0,0,0,0,0,0,0,0
62818,1,1,0,0,0,0,0,0,0,0,0,0
62819,1,1,34,34,34,34,34,34,34,34,34,34
62820,1,1,0,0,0,0,0,0,0,0,0,15
62820,2,1,0,0,0,0,0,0,0,0,0,0
62821,1,1,0,0,0,0,0,0,0,15,0,0
62821,2,1,0,0,0,0,0,13,0,28,0,10
62821,3,1,0,0,0,0,0,0,0,0,0,0
62822,1,1,0,0,0,0,0,0,0,0,0,0
62823,0,1,19,0,3,0,6,0,0,0,24,0
62823,1,1,0,0,0,0,0,0,0,0,0,0
62824,1,1,0,0,0,0,0,0,0,0,0,0
62825,0,1,32,0,21,0,0,0,0,0,0,19
62825,1,1,0,0,0,0,0,0,13,0,0,0
62826,1,1,10,10,10,10,10,10,10,10,10,10
62827,0,1,19,0,0,0,0,0,25,0,0,0
62827,1,1,0,12,0,0,0,0,0,0,26,0
62828,1,1,0,0,0,0,0,0,0,0,0,0
62828,2,1,0,0,0,19,0,0,0,0,0,0
62828,3,1,2,0,0,0,0,0,0,0,0,0
62829,0,1,0,0,40,26,0,0,0,0,0,0
62829,1,1,0,7,0,0,0,0,0,11,0,0
62830,1,1,0,0,0,0,0,17,0,0,0,0
62831,1,1,0,0,0,0,22,0,0,0,0,0
62831,2,1,0,0,0,0,0,0,0,0,0,0
62831,3,1,0,0,0,0,0,0,0,0,0,0
62832,0,1,0,0,0,0,0,0,0,0,0,0
62832,1,1,0,0,0,0,0,24,0,0,0,0
62833,1,1,0,0,0,0,0,0,0,0,0,0
62833,2,1,0,0,0,0,0,0,0,0,0,0
62834,0,1,0,0,0,0,0,0,0,0,0,11
62834,0,2,21,28,0,0,0,0,0,0,6,0
62834,1,1,0,0,0,0,0,0,0,0,0,0
62835,1,1,0,0,0,0,0,0,0,0,0,0
62835,2,1,0,0,0,0,0,0,0,0,0,0
62836,1,1,0,0,0,0,0,0,0,0,0,24
62836,2,1,28,34,10,19,8,16,14,0,17,12
62836,3,1,0,0,0,0,0,0,0,0,0,0
62837,1,1,0,0,0,0,0,0,0,0,0,0
62837,2,1,0,0,0,0,0,0,0,0,0,0
62838,0,1,20,46,31,32,17,11,0,10,24,34
62838,1,1,0,0,0,0,0,0,0,0,0,0
62839,1,1,7,7,7,7,7,7,7,7,7,7
62840,1,1,0,0,0,0,0,0,0,10,0,0
62840,2,1,0,0,0,0,0,0,0,0,0,0
62841,0,1,0,0,0,0,0,0,0,0,0,0
62841,1,1,0,0,0,0,0,27,0,0,31,13
62842,0,1,0,0,0,0,0,0,0,0,0,0
62842,1,1,0,0,0,0,0,0,0,0,0,0
62843,0,1,0,0,0,0,0,0,0,0,0,0
62843,1,1,0,0,0,0,0,0,0,0,0,0
62844,0,1,31,0,0,0,0,0,0,0,0,0